동영상 제목,채널명,댓글 유형,작성자,댓글 내용,좋아요,작성일시,대댓글 수,댓글 ID,동영상 ID,작성자 채널 ID,수정일시,상위 댓글 ID,감성
인간 아이돌(엔시티) VS 버츄얼아이돌(플레이브)#엔시티#플레이브#엔시티127,케이팝 읽어주는 남녀,최상위 댓글,@suroogarlieara,얔ㅋㅋㅋㅋㅋㅋㅌㅋㅋㅋㅋ 던지는것도 웃기려고 하는거엿겠지만 저건 받아치는쪽이 잘 받아준겈ㅋㅋㅋㅋㅋㅋㅋㅋㅋ,19839,2025-04-28T16:51:31Z,34,UgyEnpeXdwIa5NSRi714AaABAg,qOB5sIujPH8,UC_wT1ZdL5eGssgiwf_cfnqA,2025-04-28T16:51:31Z,,중립
인간 아이돌(엔시티) VS 버츄얼아이돌(플레이브)#엔시티#플레이브#엔시티127,케이팝 읽어주는 남녀,대댓글,@dddongni,저 트윗쓴사람 플레이브팬아님 ㅠ 조롱할려고 쓴 글임,458,2025-04-29T10:53:51Z,0,UgyEnpeXdwIa5NSRi714AaABAg.AHTM32k7weKAHVHvITEHoU,qOB5sIujPH8,UCUiy_juTyQxcsDCUBUqwtNQ,2025-04-29T10:53:51Z,UgyEnpeXdwIa5NSRi714AaABAg,중립
인간 아이돌(엔시티) VS 버츄얼아이돌(플레이브)#엔시티#플레이브#엔시티127,케이팝 읽어주는 남녀,대댓글,@서현-l5d9m,​@dddongni 헐.. 솔직히 전 플레이브 응원해요 힘내세요. 다들 플레이브한테 욕많이 하시던데 팬분들 한테도😢,117,2025-04-29T11:35:24Z,0,UgyEnpeXdwIa5NSRi714AaABAg.AHTM32k7weKAHVMffXbAVP,qOB5sIujPH8,UCA8NjllW2H9PoUDa0b5NYuA,2025-04-29T11:35:39Z,UgyEnpeXdwIa5NSRi714AaABAg,긍정
인간 아이돌(엔시티) VS 버츄얼아이돌(플레이브)#엔시티#플레이브#엔시티127,케이팝 읽어주는 남녀,대댓글,@이쥬-j1b,@서현-l5d9m 플레이브팬들이 타팬덤들 후려쳐서 케이팝 팬덤들 공공의 적이 되어버림 업보여서 어쩔 수 없음,406,2025-04-29T13:41:15Z,0,UgyEnpeXdwIa5NSRi714AaABAg.AHTM32k7weKAHVa4Pzt_bL,qOB5sIujPH8,UCvXnUGHnZB61v1RGm_ox1zg,2025-04-29T13:41:15Z,UgyEnpeXdwIa5NSRi714AaABAg,중립
인간 아이돌(엔시티) VS 버츄얼아이돌(플레이브)#엔시티#플레이브#엔시티127,케이팝 읽어주는 남녀,대댓글,@조수현-f5x,아니 버츄얼 아이돌이 왜 플레이브라는 듣보잡임? 이세돌이나 스텔라이브가 근본인데 어디서 근본다 빠진 놈이 선넘네,14,2025-04-29T14:19:28Z,0,UgyEnpeXdwIa5NSRi714AaABAg.AHTM32k7weKAHVeSLSNGS1,qOB5sIujPH8,UCbcRkR8dH-tN_fdbgjjrSMw,2025-04-29T14:19:28Z,UgyEnpeXdwIa5NSRi714AaABAg,중립
인간 아이돌(엔시티) VS 버츄얼아이돌(플레이브)#엔시티#플레이브#엔시티127,케이팝 읽어주는 남녀,대댓글,@조수현-f5x,솔까 플레이브는 베낀거여서 알고리즘이 살려줬지,11,2025-04-29T14:20:39Z,0,UgyEnpeXdwIa5NSRi714AaABAg.AHTM32k7weKAHVe_xLC97x,qOB5sIujPH8,UCbcRkR8dH-tN_fdbgjjrSMw,2025-04-29T14:20:39Z,UgyEnpeXdwIa5NSRi714AaABAg,중립
인간 아이돌(엔시티) VS 버츄얼아이돌(플레이브)#엔시티#플레이브#엔시티127,케이팝 읽어주는 남녀,최상위 댓글,@LOl-kb3ty,자기들이 재밌자고 올린 것 같은데 그걸 진짜 받아줘서 기절함ㅋㅋㅋㅋㅋㅋㅋ,12601,2025-04-29T08:28:16Z,19,Ugwrlk6PiA1tNpZoDtZ4AaABAg,qOB5sIujPH8,UC8M3Z85Zx-FbaeAx9BhQacg,2025-04-29T08:28:16Z,,긍정
인간 아이돌(엔시티) VS 버츄얼아이돌(플레이브)#엔시티#플레이브#엔시티127,케이팝 읽어주는 남녀,대댓글,@oppaln,그냥 타팬의 조롱글임..ㅜㅜ,279,2025-04-29T13:17:11Z,0,Ugwrlk6PiA1tNpZoDtZ4AaABAg.AHV1G1TcmhTAHVYK5t3VRD,qOB5sIujPH8,UCkcP9UNEx1ve0g91rXH1q-A,2025-04-29T13:17:11Z,Ugwrlk6PiA1tNpZoDtZ4AaABAg,중립
인간 아이돌(엔시티) VS 버츄얼아이돌(플레이브)#엔시티#플레이브#엔시티127,케이팝 읽어주는 남녀,대댓글,@vovoq52,@LOl-kb3ty 재밌게 끝남 ㅋㅋㅋ,47,2025-04-29T13:41:20Z,0,Ugwrlk6PiA1tNpZoDtZ4AaABAg.AHV1G1TcmhTAHVa51piQc1,qOB5sIujPH8,UCFCTZFnhuihHcSiiJ3deurA,2025-04-29T13:41:20Z,Ugwrlk6PiA1tNpZoDtZ4AaABAg,긍정
인간 아이돌(엔시티) VS 버츄얼아이돌(플레이브)#엔시티#플레이브#엔시티127,케이팝 읽어주는 남녀,대댓글,@성이름-g3n,플레이브팬이 아니라 플레이브 조롱하려했던 정병어그로였던...,121,2025-05-02T09:01:09Z,0,Ugwrlk6PiA1tNpZoDtZ4AaABAg.AHV1G1TcmhTAHboPVQu4Al,qOB5sIujPH8,UCw45jn9Lt5cacvZe7JOaQ_w,2025-05-02T09:01:09Z,Ugwrlk6PiA1tNpZoDtZ4AaABAg,중립
인간 아이돌(엔시티) VS 버츄얼아이돌(플레이브)#엔시티#플레이브#엔시티127,케이팝 읽어주는 남녀,대댓글,@ummma3023,"인스타였음 이런 글 댓글로 있음 ㅋㅋㅋ
플레이브 사운드 모음 철컹!(차단기키는소리) 찍!(콘센트꼽는소리) 부우웅이잉~(컴퓨터 데이터찾는소리) 시발!(매니저가 실수로 데이 터 삭제하는소리) 위이잉~(VR키는 소리)와아아아~!!(씹덕들이 응원하는 소리) 펑!(공연중에 하민 오빠 VR 배터리 꺼진 소리) 철거덕 (차단기내리고 공연 끝나는소리)",31,2025-05-05T03:29:52Z,0,Ugwrlk6PiA1tNpZoDtZ4AaABAg.AHV1G1TcmhTAHiwsj8Jo79,qOB5sIujPH8,UCXO3AvyAYfbBNM_zlra3mKQ,2025-05-05T03:30:05Z,Ugwrlk6PiA1tNpZoDtZ4AaABAg,긍정
인간 아이돌(엔시티) VS 버츄얼아이돌(플레이브)#엔시티#플레이브#엔시티127,케이팝 읽어주는 남녀,대댓글,@Hanji-v9w,@oppaln 조롱 ㅈㄴ 재밌긴 함 ㅋㅋ 얼굴이랑 몸 보여주는게 아이돌인데 그걸 대체하고 뒤에서 노래만 부르는게 ㅋㅋㅋㅋ..심지어 뭐 멋있기라도 하면 뭐라 안하는데 버츄얼 개존나 부자연스러움 돈 좀 쓰던가 기술력을 키워오던가 ㅋㅋ,75,2025-05-08T01:54:39Z,0,Ugwrlk6PiA1tNpZoDtZ4AaABAg.AHV1G1TcmhTAHqVN2N_bXK,qOB5sIujPH8,UCt7XX1ubnQKx22GAP4YJVcQ,2025-05-08T01:54:39Z,Ugwrlk6PiA1tNpZoDtZ4AaABAg,긍정
인간 아이돌(엔시티) VS 버츄얼아이돌(플레이브)#엔시티#플레이브#엔시티127,케이팝 읽어주는 남녀,최상위 댓글,@user-pv4ke5ni7u,광야에 있는 어떤 오빠는 순간이동도도 하고 물도 다룬다야ㅋㅋㅋ 어떤 언냐는 로켓펀처임ㅋㅋㅋ,7015,2025-04-29T00:56:27Z,12,UgwOLTF3341Uo-lm7tZ4AaABAg,qOB5sIujPH8,UCOMUQyP1jRqi10mUy2Tzing,2025-04-29T00:56:27Z,,중립
인간 아이돌(엔시티) VS 버츄얼아이돌(플레이브)#엔시티#플레이브#엔시티127,케이팝 읽어주는 남녀,대댓글,@hdgksehdrms,누구는 해커라서 저기 있는 애들 싹다 없앨 수 있음,0,2025-04-29T03:40:40Z,0,UgwOLTF3341Uo-lm7tZ4AaABAg.AHUDYrAisd-AHUWLdlOqPl,qOB5sIujPH8,UCfGuMPdiWjaFjDWfFK3y6Qg,2025-04-29T03:40:40Z,UgwOLTF3341Uo-lm7tZ4AaABAg,중립
인간 아이돌(엔시티) VS 버츄얼아이돌(플레이브)#엔시티#플레이브#엔시티127,케이팝 읽어주는 남녀,대댓글,@김하늘-e7t,앗 엑소.....,114,2025-04-29T05:15:24Z,0,UgwOLTF3341Uo-lm7tZ4AaABAg.AHUDYrAisd-AHUgBT2f86n,qOB5sIujPH8,UCp6jMXM-GxvVRwweSyxpEBQ,2025-04-29T05:15:24Z,UgwOLTF3341Uo-lm7tZ4AaABAg,중립
인간 아이돌(엔시티) VS 버츄얼아이돌(플레이브)#엔시티#플레이브#엔시티127,케이팝 읽어주는 남녀,대댓글,@byrose_e,광야에는…맨자만빠진 이름하여 힘쎈돌이 슈퍼맨도 여럿 있음…,86,2025-04-30T06:53:35Z,0,UgwOLTF3341Uo-lm7tZ4AaABAg.AHUDYrAisd-AHXRDV1CvnL,qOB5sIujPH8,UCF300PSWQ6b9nEM35Kgzayg,2025-04-30T06:53:35Z,UgwOLTF3341Uo-lm7tZ4AaABAg,중립
인간 아이돌(엔시티) VS 버츄얼아이돌(플레이브)#엔시티#플레이브#엔시티127,케이팝 읽어주는 남녀,대댓글,@호호-u2q,@byrose_e스파이를 사랑해버린 그들,13,2025-04-30T10:38:11Z,0,UgwOLTF3341Uo-lm7tZ4AaABAg.AHUDYrAisd-AHXpvVjwXcv,qOB5sIujPH8,UCTJyLztvvS_nTzElztiW25Q,2025-04-30T10:38:11Z,UgwOLTF3341Uo-lm7tZ4AaABAg,긍정
인간 아이돌(엔시티) VS 버츄얼아이돌(플레이브)#엔시티#플레이브#엔시티127,케이팝 읽어주는 남녀,대댓글,@abcdefg08-e7y,???:카리나 로켓펀쳐~ 윈터 아머멘터~! 지젤 갓 제노글로시! 닝닝 이디해커~,14,2025-05-02T13:44:37Z,0,UgwOLTF3341Uo-lm7tZ4AaABAg.AHUDYrAisd-AHcJqhU0NbA,qOB5sIujPH8,UCNtRg059Cpza9W5T3IChAlQ,2025-05-02T13:45:23Z,UgwOLTF3341Uo-lm7tZ4AaABAg,중립
인간 아이돌(엔시티) VS 버츄얼아이돌(플레이브)#엔시티#플레이브#엔시티127,케이팝 읽어주는 남녀,최상위 댓글,@해리피터,"에스파는 하늘 날아다니는건 기본이고 발사도 함 ㅋㅋㅋㅋㅋㅋㅋㅋ
SM은 진심 하늘 날아다니는건 기본 ㅋㅋㅋㅋㅋㅋㅋㅋㅋㅋ",3246,2025-04-29T02:34:45Z,14,UgzVWXrDwSMjGSbwDLt4AaABAg,qOB5sIujPH8,UC3_7LHIEAy_f5H-r1HP_bXA,2025-04-29T02:35:28Z,,중립
인간 아이돌(엔시티) VS 버츄얼아이돌(플레이브)#엔시티#플레이브#엔시티127,케이팝 읽어주는 남녀,대댓글,@모든것이나로물든순간,와이어전문 여돌,30,2025-04-30T11:09:22Z,0,UgzVWXrDwSMjGSbwDLt4AaABAg.AHUOnlEP41GAHXtUoAmft1,qOB5sIujPH8,UClngRNl6J85FYcNy96sQCdg,2025-04-30T11:09:22Z,UgzVWXrDwSMjGSbwDLt4AaABAg,중립
인간 아이돌(엔시티) VS 버츄얼아이돌(플레이브)#엔시티#플레이브#엔시티127,케이팝 읽어주는 남녀,대댓글,@WVL8523-v8t,이거지,5,2025-05-01T07:55:05Z,0,UgzVWXrDwSMjGSbwDLt4AaABAg.AHUOnlEP41GAH_72iofozP,qOB5sIujPH8,UCZdSut6NG47J6Ll4bNQ72rg,2025-05-01T07:55:05Z,UgzVWXrDwSMjGSbwDLt4AaABAg,중립
인간 아이돌(엔시티) VS 버츄얼아이돌(플레이브)#엔시티#플레이브#엔시티127,케이팝 읽어주는 남녀,대댓글,@WVL8523-v8t,​@모든것이나로물든순간민정이가 최고다,13,2025-05-01T07:55:22Z,0,UgzVWXrDwSMjGSbwDLt4AaABAg.AHUOnlEP41GAH_74o5wRbG,qOB5sIujPH8,UCZdSut6NG47J6Ll4bNQ72rg,2025-05-01T07:55:22Z,UgzVWXrDwSMjGSbwDLt4AaABAg,긍정
인간 아이돌(엔시티) VS 버츄얼아이돌(플레이브)#엔시티#플레이브#엔시티127,케이팝 읽어주는 남녀,대댓글,@psw벌레,제가 잘 몰라서 그러는데 SM은 혹시 사이어인이 있나요?,7,2025-05-02T07:59:33Z,0,UgzVWXrDwSMjGSbwDLt4AaABAg.AHUOnlEP41GAHbhMMvsxzt,qOB5sIujPH8,UCPxICcUatrH1tIPeyAHai3w,2025-05-02T07:59:33Z,UgzVWXrDwSMjGSbwDLt4AaABAg,중립
인간 아이돌(엔시티) VS 버츄얼아이돌(플레이브)#엔시티#플레이브#엔시티127,케이팝 읽어주는 남녀,대댓글,@모든것이나로물든순간,@psw벌레 야채인간이요? 혹시 버츄얼 아이돌 말씀하시는 거면 나이비스는 있는데,5,2025-05-02T13:41:13Z,0,UgzVWXrDwSMjGSbwDLt4AaABAg.AHUOnlEP41GAHcJSkPdTfQ,qOB5sIujPH8,UClngRNl6J85FYcNy96sQCdg,2025-05-02T13:41:13Z,UgzVWXrDwSMjGSbwDLt4AaABAg,중립
인간 아이돌(엔시티) VS 버츄얼아이돌(플레이브)#엔시티#플레이브#엔시티127,케이팝 읽어주는 남녀,최상위 댓글,@비머v,뭘 좋아하든간에 그냥 자기가 좋아하는사람들 응원하고 서로 예의 지키면서 살면 됨,1755,2025-04-29T16:44:24Z,32,UgzXCD0claE783i50aB4AaABAg,qOB5sIujPH8,UCt8QBnXarkC_TUklMoSDJTA,2025-04-29T16:44:24Z,,긍정
인간 아이돌(엔시티) VS 버츄얼아이돌(플레이브)#엔시티#플레이브#엔시티127,케이팝 읽어주는 남녀,대댓글,@user-cq5xj6gx7g,ㅇㅈㅋㅋㅋ 만날수도없는 아이돌좋아하는거랑 자기얼굴도못까는 다리털숭숭아저씨 버츄얼아이돌좋아하는거나 만나지못하는건 매한가지ㅋㅋㅋ 차라리 진짜 예쁘고잘생긴사람를 우상화해좋아하는게나으니 아이돌이낫다vs외모지상주의 ㄴㄴ 매력만있으면 버츄얼로 성공할수있다라 둘다뭐 ㅇㅇ,33,2025-05-01T04:51:02Z,0,UgzXCD0claE783i50aB4AaABAg.AHVv1spMU_ZAHZmziyFu85,qOB5sIujPH8,UCu61evgvLWPrh7we1uVvZiw,2025-05-01T04:51:02Z,UgzXCD0claE783i50aB4AaABAg,긍정
인간 아이돌(엔시티) VS 버츄얼아이돌(플레이브)#엔시티#플레이브#엔시티127,케이팝 읽어주는 남녀,대댓글,@비머v,"@user-cq5xj6gx7g  다리털숭숭아저씨라니ㅋㅋㅋㅋㅋㅋ
그래도 이세돌은 여자 보장되어있긴해.
형이 만나서 알려주고, 서로 만났으니까 남자였으면 죤내 어색해졌겠짘ㅋㅋ",10,2025-05-01T04:56:11Z,0,UgzXCD0claE783i50aB4AaABAg.AHVv1spMU_ZAHZn_PkWuzd,qOB5sIujPH8,UCt8QBnXarkC_TUklMoSDJTA,2025-05-01T04:56:11Z,UgzXCD0claE783i50aB4AaABAg,중립
인간 아이돌(엔시티) VS 버츄얼아이돌(플레이브)#엔시티#플레이브#엔시티127,케이팝 읽어주는 남녀,대댓글,@bobu-e1d,실제아이돌은 돈내고 시간있으면 볼수있는데 뭔소리노ㅋㅋ 근데 쟤네는 뭐 만질수라도있음?,42,2025-05-03T06:19:34Z,0,UgzXCD0claE783i50aB4AaABAg.AHVv1spMU_ZAHe5hwjBjLJ,qOB5sIujPH8,UCzpEWPppabnZ_X70deTPCxA,2025-05-03T06:19:34Z,UgzXCD0claE783i50aB4AaABAg,중립
인간 아이돌(엔시티) VS 버츄얼아이돌(플레이브)#엔시티#플레이브#엔시티127,케이팝 읽어주는 남녀,대댓글,@gamsuhapnida-xm1fq,플레이브 좋아하는 놈중 정상못봄,63,2025-05-03T07:52:19Z,0,UgzXCD0claE783i50aB4AaABAg.AHVv1spMU_ZAHeGKDIZ-5X,qOB5sIujPH8,UCO1fQQ3fhJ35dmd08ps9CsA,2025-05-03T07:52:19Z,UgzXCD0claE783i50aB4AaABAg,긍정
인간 아이돌(엔시티) VS 버츄얼아이돌(플레이브)#엔시티#플레이브#엔시티127,케이팝 읽어주는 남녀,대댓글,@주니어카투스-O0O,우리 학교에 플레이브 좋아한다는 애들은 하나같이 생긴게 뭔가 결함이 있음ㅋㅋㅋㅋㅋㅋㅋㅋ,44,2025-05-03T10:22:17Z,0,UgzXCD0claE783i50aB4AaABAg.AHVv1spMU_ZAHeXUfAjJnI,qOB5sIujPH8,UCGFissIds0UckYu61tcU91g,2025-05-03T10:22:17Z,UgzXCD0claE783i50aB4AaABAg,긍정
인간 아이돌(엔시티) VS 버츄얼아이돌(플레이브)#엔시티#플레이브#엔시티127,케이팝 읽어주는 남녀,최상위 댓글,@yps-o7s,저 글 올린사람도 애초에 플레이브 조롱하려고 올린 타팬인데 플레이브랑 팬들만 또 저거가지고 나댄다고 욕먹는거 불쌍하누...,862,2025-05-03T11:34:55Z,0,UgykLjDy8NwpLDriNJl4AaABAg,qOB5sIujPH8,UCU8ldT7EtGORe7EugpQaUhg,2025-05-03T11:34:55Z,,중립
인간 아이돌(엔시티) VS 버츄얼아이돌(플레이브)#엔시티#플레이브#엔시티127,케이팝 읽어주는 남녀,최상위 댓글,@tanningkitty_Gyaru,조롱하려고 쓴 글을 타팬이 받아쳐서 플리도 웃고 시즈니도 웃고 모두가 웃고,266,2025-05-01T14:24:24Z,0,UgyFrhOpE3KkZRZ9F8F4AaABAg,qOB5sIujPH8,UCfdIV23UwDlsIRwSXzzv4nA,2025-05-01T14:24:24Z,,중립
인간 아이돌(엔시티) VS 버츄얼아이돌(플레이브)#엔시티#플레이브#엔시티127,케이팝 읽어주는 남녀,최상위 댓글,@jfgddheixhs,애기사쿠라 프사 쟤 플레이브팬아니고 타팬이었음ㅡㅡ 플레이브 돌려깐거였음,836,2025-04-29T23:17:10Z,8,UgyO2BCnigTK_-hVugR4AaABAg,qOB5sIujPH8,UCOtNpDKvjzP-WiJ-MB01dDg,2025-04-29T23:17:10Z,,중립
인간 아이돌(엔시티) VS 버츄얼아이돌(플레이브)#엔시티#플레이브#엔시티127,케이팝 읽어주는 남녀,대댓글,@hanmoonchur_tv,결말은 웃기잖아 한잔해 그렇게 꼬투리 잡다보면 오히려 팬덤 이미지만 더 망침,82,2025-05-03T12:59:01Z,0,UgyO2BCnigTK_-hVugR4AaABAg.AHWbzXmmr0nAHeoQayy-e5,qOB5sIujPH8,UCY0Ns-WTXdO0x-VOb6Cbm1w,2025-05-03T12:59:01Z,UgyO2BCnigTK_-hVugR4AaABAg,중립
인간 아이돌(엔시티) VS 버츄얼아이돌(플레이브)#엔시티#플레이브#엔시티127,케이팝 읽어주는 남녀,대댓글,@KimYeeun1234,재밌잖아 꼽주는거,30,2025-05-04T02:31:35Z,0,UgyO2BCnigTK_-hVugR4AaABAg.AHWbzXmmr0nAHgGPyEoOEj,qOB5sIujPH8,UCWCFlnGPzWEKlWAqyJBVmKA,2025-05-04T02:31:35Z,UgyO2BCnigTK_-hVugR4AaABAg,긍정
인간 아이돌(엔시티) VS 버츄얼아이돌(플레이브)#엔시티#플레이브#엔시티127,케이팝 읽어주는 남녀,대댓글,@이대로가면라이더-f7p,​@KimYeeun1234버튜버 보는 애들 꼽주는거 좀 재밌긴해,31,2025-05-29T03:32:40Z,0,UgyO2BCnigTK_-hVugR4AaABAg.AHWbzXmmr0nAIgkHGFQCng,qOB5sIujPH8,UCko8vNuzDgKVVisWs9tWIPg,2025-05-29T03:32:40Z,UgyO2BCnigTK_-hVugR4AaABAg,긍정
인간 아이돌(엔시티) VS 버츄얼아이돌(플레이브)#엔시티#플레이브#엔시티127,케이팝 읽어주는 남녀,대댓글,@오늘이하루-i1m,​@이대로가면라이더-f7p이건 조끔 나쁜것같다😢,7,2025-07-25T01:24:33Z,0,UgyO2BCnigTK_-hVugR4AaABAg.AHWbzXmmr0nAKzHvjyEBKk,qOB5sIujPH8,UCijvz34RDjmPy7HqKYRcJXQ,2025-07-25T01:24:33Z,UgyO2BCnigTK_-hVugR4AaABAg,중립
인간 아이돌(엔시티) VS 버츄얼아이돌(플레이브)#엔시티#플레이브#엔시티127,케이팝 읽어주는 남녀,대댓글,@hayuu15,"​@이대로가면라이더-f7p 내가 좋아하겠다는데 왜 굳이,,,? hater들은 그냥 가세요~(버츄얼 아이돌)",13,2025-08-06T13:09:09Z,0,UgyO2BCnigTK_-hVugR4AaABAg.AHWbzXmmr0nALUS5wchVMe,qOB5sIujPH8,UCvmchtO1CQ9ucu062FhCPjw,2025-08-06T13:09:09Z,UgyO2BCnigTK_-hVugR4AaABAg,중립
인간 아이돌(엔시티) VS 버츄얼아이돌(플레이브)#엔시티#플레이브#엔시티127,케이팝 읽어주는 남녀,최상위 댓글,@user-jp8ev1eh8n,아직도 잊혀지지 않는다. 두꺼비집 내리면 펜타킬,4663,2025-04-28T23:29:39Z,129,Ugyi4z5MUQFf-1P7Vb94AaABAg,qOB5sIujPH8,UChr6pLZWTHaQCTFmC9V80vQ,2025-04-28T23:29:39Z,,중립
인간 아이돌(엔시티) VS 버츄얼아이돌(플레이브)#엔시티#플레이브#엔시티127,케이팝 읽어주는 남녀,대댓글,@행복한인간-ik1kj,두꺼비집 내리면 아뵹키고 방송합니다😊,307,2025-04-29T00:57:13Z,0,Ugyi4z5MUQFf-1P7Vb94AaABAg.AHU3c9XAOvAAHUDdQwzkCQ,qOB5sIujPH8,UCxLVB1liutqRkd-DlGoMJNw,2025-04-29T00:57:13Z,Ugyi4z5MUQFf-1P7Vb94AaABAg,중립
인간 아이돌(엔시티) VS 버츄얼아이돌(플레이브)#엔시티#플레이브#엔시티127,케이팝 읽어주는 남녀,대댓글,@pxng,ㅋㅋㅋㅋ 얘 이정도면 팬 아님?,130,2025-04-29T01:18:25Z,0,Ugyi4z5MUQFf-1P7Vb94AaABAg.AHU3c9XAOvAAHUG3lEuQzw,qOB5sIujPH8,UCzv8GzOtUJESZKHWbdKotEg,2025-04-29T01:18:25Z,Ugyi4z5MUQFf-1P7Vb94AaABAg,중립
인간 아이돌(엔시티) VS 버츄얼아이돌(플레이브)#엔시티#플레이브#엔시티127,케이팝 읽어주는 남녀,대댓글,@오준도준,ㅋㅋㅋㅋㅋㅋㅋㅋ,5,2025-04-29T01:57:02Z,0,Ugyi4z5MUQFf-1P7Vb94AaABAg.AHU3c9XAOvAAHUKUcYGBPr,qOB5sIujPH8,UCw4vy4DHP3TyDqofFP6wEjw,2025-04-29T01:57:02Z,Ugyi4z5MUQFf-1P7Vb94AaABAg,중립
인간 아이돌(엔시티) VS 버츄얼아이돌(플레이브)#엔시티#플레이브#엔시티127,케이팝 읽어주는 남녀,대댓글,@응애-b2h,'전장을 지배하고있습니다',17,2025-04-29T05:08:10Z,0,Ugyi4z5MUQFf-1P7Vb94AaABAg.AHU3c9XAOvAAHUfMUXE6dD,qOB5sIujPH8,UCjnWr6iyGX9VxX6xuOP-vaw,2025-04-29T05:08:10Z,Ugyi4z5MUQFf-1P7Vb94AaABAg,중립
인간 아이돌(엔시티) VS 버츄얼아이돌(플레이브)#엔시티#플레이브#엔시티127,케이팝 읽어주는 남녀,대댓글,@Skk-z7l8i,딴돌은 뭐가 다름?ㅋㅋ다 폰으로 보면서ㅋㅋㅋ,169,2025-04-29T05:11:40Z,0,Ugyi4z5MUQFf-1P7Vb94AaABAg.AHU3c9XAOvAAHUfl5dmjN-,qOB5sIujPH8,UCqpoE1jumDMCL2-o1y1rA_A,2025-04-29T05:11:55Z,Ugyi4z5MUQFf-1P7Vb94AaABAg,중립
인간 아이돌(엔시티) VS 버츄얼아이돌(플레이브)#엔시티#플레이브#엔시티127,케이팝 읽어주는 남녀,최상위 댓글,@mark_lee.grasha,?? : 늬긔 오빠들만 가능한 게 아니여,236,2025-04-28T15:10:44Z,0,UgzECCHxX4UwBneThux4AaABAg,qOB5sIujPH8,UCSRmDcoZr_RJqq0pZvKV60A,2025-04-28T15:10:58Z,,중립
인간 아이돌(엔시티) VS 버츄얼아이돌(플레이브)#엔시티#플레이브#엔시티127,케이팝 읽어주는 남녀,최상위 댓글,@skylerg-g813c,너 광야에 사는 언니오빠들 모르는구나? 공중부양은 기본기 같은거야. 푸훗...,295,2025-04-28T22:18:10Z,0,UgyasBy3M8S7kyLZtcF4AaABAg,qOB5sIujPH8,UCPHiYxUXiNMuKSg7h0RnJmw,2025-04-28T22:18:10Z,,중립
인간 아이돌(엔시티) VS 버츄얼아이돌(플레이브)#엔시티#플레이브#엔시티127,케이팝 읽어주는 남녀,최상위 댓글,@875-y3y,누가봐도 팬 아니고 팬이더라도 팬덤 내에서 뚜들겨 맞을거같은데 첫번째는,206,2025-04-30T03:30:34Z,1,Ugw-dwzU7_H_7Om1E-x4AaABAg,qOB5sIujPH8,UCNkMRrbtjZrbQpbG_BD6WWg,2025-04-30T03:30:34Z,,중립
인간 아이돌(엔시티) VS 버츄얼아이돌(플레이브)#엔시티#플레이브#엔시티127,케이팝 읽어주는 남녀,대댓글,@77-u6r5d,결과적으로 다 웃고 넘어감.저거에 긁힐거면 애초에 버츄얼 아이돌 팔정도의 멘탈이 아니지않나...기본적으로 돌판에선 병먹금 태도가 기본이라 저정도는 다들 무시함,4,2025-07-07T07:57:03Z,0,Ugw-dwzU7_H_7Om1E-x4AaABAg.AHX3zYY6PjKAKGdXkfs8ZF,qOB5sIujPH8,UCrNiYyIxy0Xk5gbXdE1qKPA,2025-07-07T07:57:03Z,Ugw-dwzU7_H_7Om1E-x4AaABAg,중립
인간 아이돌(엔시티) VS 버츄얼아이돌(플레이브)#엔시티#플레이브#엔시티127,케이팝 읽어주는 남녀,최상위 댓글,@씻을때양치먼저하기,즐기는 놈들을 어떻게 이겨ㅋᩚㅋᩚㅋᩚㅋᩚㅋᩚㅋᩚㅋᩚㅋᩚㅋᩚㅋᩚㅋᩚㅋᩚㅋᩚㅋᩚㅋᩚㅋᩚ,66,2025-04-28T21:34:12Z,0,UgwacSv4Yoe4B_Vh91F4AaABAg,qOB5sIujPH8,UC4gSFJ0jVhI1dAuFR4nhQKg,2025-04-28T21:34:12Z,,중립
인간 아이돌(엔시티) VS 버츄얼아이돌(플레이브)#엔시티#플레이브#엔시티127,케이팝 읽어주는 남녀,최상위 댓글,@ashleyk0809,아닠ㅋㅋㅋㅋㅋ 왜 서로 오빠들 비행 실력 가지고 그래요 ㅋㅋㅋ 플레이브 팬이지만 엔시티분들도 멋지네여💚,467,2025-04-28T09:12:15Z,2,UgzsE-y6mIknDEWHLkl4AaABAg,qOB5sIujPH8,UCtul1jk5xgtCE9PlPxUy7AQ,2025-04-28T09:12:15Z,,긍정
인간 아이돌(엔시티) VS 버츄얼아이돌(플레이브)#엔시티#플레이브#엔시티127,케이팝 읽어주는 남녀,대댓글,@ueybsj,"​@식객민우여친 그런분들 보단 타팬, 타아이돌들 칭찬도 해주고 이해해주고 존경도 해주는 플리님들이 많아요!! 까내리는 분들은 진짜 소수구요.. 소수가 민폐짓을 하니 그게 일반화가 되는거같아요🥲",41,2025-04-29T09:09:02Z,0,UgzsE-y6mIknDEWHLkl4AaABAg.AHSXVIEDuY0AHV5vdteURu,qOB5sIujPH8,UCnwgXnb5Rjr81OB0bZCbPUw,2025-08-16T02:28:09Z,UgzsE-y6mIknDEWHLkl4AaABAg,중립
인간 아이돌(엔시티) VS 버츄얼아이돌(플레이브)#엔시티#플레이브#엔시티127,케이팝 읽어주는 남녀,대댓글,@lillyo0o1,​@식객민우여친플레이브 팬이 아니면서 이미지 망치려고 악의적으로 그런 댓글 다는 안티도 꽤 있더라구요... 다들 시간이 그리도 많은지😅 그런 댓글들은 무시하세요! 버츄얼 아이돌 팬 겸 실제 아이돌 팬 하는 사람들이 굉장히 많습니다. 플리들 모두 타 아이돌들을 존중하는 분위기구요,30,2025-04-30T06:24:58Z,0,UgzsE-y6mIknDEWHLkl4AaABAg.AHSXVIEDuY0AHXNwthm3e8,qOB5sIujPH8,UCAY2OWEn223P1O-dICJXOXw,2025-08-16T09:47:23Z,UgzsE-y6mIknDEWHLkl4AaABAg,중립
인간 아이돌(엔시티) VS 버츄얼아이돌(플레이브)#엔시티#플레이브#엔시티127,케이팝 읽어주는 남녀,최상위 댓글,@plli-u9c,"어느쪽을 좋아하든 서로 존중하며 덕질하자
본인만 좋으면 된거지 뭐👀",37,2025-05-09T02:40:33Z,0,Ugxn_NCGr9s03BhNpKN4AaABAg,qOB5sIujPH8,UC9F4Xm22fPwRx-XK7-cBlTA,2025-05-09T02:40:33Z,,긍정
인간 아이돌(엔시티) VS 버츄얼아이돌(플레이브)#엔시티#플레이브#엔시티127,케이팝 읽어주는 남녀,최상위 댓글,@user-fw1jp4dc6z,개웃기넼ㅋㅋㅋㅌㅋㅋㅋㅋㅋㅋㅋㅋㅋㅋㅋㅋㅋㅋㅋㅋㅋㅋㅋㅋㅋ머리 스타일도 비슷함ㅋㅋㅋㅋㅋㅋㅋㅋㅋㅋㅋㅋㅋㅋㅋㅋ,10,2025-06-01T15:38:28Z,0,UgydgYms8y3f3ii7xNV4AaABAg,qOB5sIujPH8,UCk7AcU7V-FqgQkR2gyfti_A,2025-06-01T15:38:28Z,,중립
인간 아이돌(엔시티) VS 버츄얼아이돌(플레이브)#엔시티#플레이브#엔시티127,케이팝 읽어주는 남녀,최상위 댓글,@dod5534,심지어 우리 NCT127 유타는 스엠에 공중부양으로 붙었는 걸..😢,152,2025-04-29T02:27:38Z,4,UgzWhhYQMVjzDYoGDgF4AaABAg,qOB5sIujPH8,UC_SdYREJfJ3stVHaZ5reLUw,2025-04-29T02:27:38Z,,중립
인간 아이돌(엔시티) VS 버츄얼아이돌(플레이브)#엔시티#플레이브#엔시티127,케이팝 읽어주는 남녀,대댓글,@아-g5c7r,"그니까여,,",0,2025-04-29T08:25:05Z,0,UgzWhhYQMVjzDYoGDgF4AaABAg.AHUNzhcK-jyAHV0tn-lLjm,qOB5sIujPH8,UCzDaxwIAgrj9cMf5NR-iWWA,2025-04-29T08:25:05Z,UgzWhhYQMVjzDYoGDgF4AaABAg,중립
인간 아이돌(엔시티) VS 버츄얼아이돌(플레이브)#엔시티#플레이브#엔시티127,케이팝 읽어주는 남녀,대댓글,@Guest-r3d,그러니까요...,2,2025-05-03T01:26:55Z,0,UgzWhhYQMVjzDYoGDgF4AaABAg.AHUNzhcK-jyAHd_DYToT5w,qOB5sIujPH8,UCvcav3NOLLGCZueNvOBkjVQ,2025-05-03T01:26:55Z,UgzWhhYQMVjzDYoGDgF4AaABAg,중립
인간 아이돌(엔시티) VS 버츄얼아이돌(플레이브)#엔시티#플레이브#엔시티127,케이팝 읽어주는 남녀,대댓글,@hakkuchumu,그게 무슨말이에요???,0,2025-05-04T10:27:25Z,0,UgzWhhYQMVjzDYoGDgF4AaABAg.AHUNzhcK-jyAHh6s3F7bnk,qOB5sIujPH8,UC496V0rdAc94zTPgSmKPyqA,2025-05-04T10:27:25Z,UgzWhhYQMVjzDYoGDgF4AaABAg,중립
인간 아이돌(엔시티) VS 버츄얼아이돌(플레이브)#엔시티#플레이브#엔시티127,케이팝 읽어주는 남녀,대댓글,@아-g5c7r,@hakkuchumu드립이에요 예전에 유타가 한,0,2025-05-04T10:29:55Z,0,UgzWhhYQMVjzDYoGDgF4AaABAg.AHUNzhcK-jyAHh79T26Yri,qOB5sIujPH8,UCzDaxwIAgrj9cMf5NR-iWWA,2025-05-04T10:29:55Z,UgzWhhYQMVjzDYoGDgF4AaABAg,중립
인간 아이돌(엔시티) VS 버츄얼아이돌(플레이브)#엔시티#플레이브#엔시티127,케이팝 읽어주는 남녀,최상위 댓글,@당유d,플레이브 올린애도 타팬인데 돌려깐거임,35,2025-05-02T05:27:42Z,0,UgxWlnTeca5L47jOKQ14AaABAg,qOB5sIujPH8,UCJNvn5k2Wn8UET4GN6w8ggQ,2025-05-02T05:27:42Z,,중립
인간 아이돌(엔시티) VS 버츄얼아이돌(플레이브)#엔시티#플레이브#엔시티127,케이팝 읽어주는 남녀,최상위 댓글,@Ririroa,"하지만 음악방송에선 ㄹㅇ 독보적이잖어..
없던 의자 생겼다 사라지고 갑자기 계단 올라가서 뚝 떨어지고 사람 나타났다 없어지구 옷이 1초만에 바뀌고",28,2025-04-30T04:58:20Z,0,Ugwql42b-txWjnjNBjl4AaABAg,qOB5sIujPH8,UCmGHqJ7jioAqbWhwXmhbROg,2025-04-30T04:58:20Z,,중립
인간 아이돌(엔시티) VS 버츄얼아이돌(플레이브)#엔시티#플레이브#엔시티127,케이팝 읽어주는 남녀,최상위 댓글,@피카츄돈까스-v3x,이런거 가지고 기싸움하지말라곸ㅋㅋㅋㅋ,84,2025-04-28T10:03:41Z,0,Ugy6wDLcOS7kq8YYR_h4AaABAg,qOB5sIujPH8,UCQA0fHLMVXeMKepmGK3fbrg,2025-04-28T10:03:41Z,,중립
인간 아이돌(엔시티) VS 버츄얼아이돌(플레이브)#엔시티#플레이브#엔시티127,케이팝 읽어주는 남녀,최상위 댓글,@Skk-z7l8i,ㅋㅋㅋㅋㅋㅋㅋ귀엽다,31,2025-04-28T15:53:13Z,0,UgxE_XhRntFzKSIc-vB4AaABAg,qOB5sIujPH8,UCqpoE1jumDMCL2-o1y1rA_A,2025-04-28T15:53:13Z,,중립
인간 아이돌(엔시티) VS 버츄얼아이돌(플레이브)#엔시티#플레이브#엔시티127,케이팝 읽어주는 남녀,최상위 댓글,@그렘스타,그냥 서로서로 무시하지말자..,27,2025-05-25T12:44:01Z,1,UgxmT8RW4PTdKit8RA14AaABAg,qOB5sIujPH8,UCavmQMvg2teF3KvIWPwU9zQ,2025-05-25T12:44:01Z,,중립
인간 아이돌(엔시티) VS 버츄얼아이돌(플레이브)#엔시티#플레이브#엔시티127,케이팝 읽어주는 남녀,대댓글,@Dkfdjske,개추...,4,2025-06-09T08:34:30Z,0,UgxmT8RW4PTdKit8RA14AaABAg.AIYRBzqPUXFAJ8bZdO5GUS,qOB5sIujPH8,UCVtLuAVGig6EENG9LtY0dFg,2025-06-09T08:34:30Z,UgxmT8RW4PTdKit8RA14AaABAg,중립
인간 아이돌(엔시티) VS 버츄얼아이돌(플레이브)#엔시티#플레이브#엔시티127,케이팝 읽어주는 남녀,최상위 댓글,@들깻잎순,걍 웃으면서 봐유 다 같이 뮤뱅이나 마마 나오고 하니까 ㅋㅋ,3,2025-07-24T23:27:01Z,0,UgybCuLd5AZnINMs3eR4AaABAg,qOB5sIujPH8,UCqAwcWjahluxEZzJd-yZj6Q,2025-07-24T23:27:01Z,,중립
인간 아이돌(엔시티) VS 버츄얼아이돌(플레이브)#엔시티#플레이브#엔시티127,케이팝 읽어주는 남녀,최상위 댓글,@hiiihiiiplaylist,근데 쟈니 머리는 도대체 왜저런거냐고… 2000년대냐고… 아니 3000년대 쯤에 유행하는 헤어인가??,49,2025-04-28T11:31:24Z,0,Ugy_JydPnWL6RYL3vjB4AaABAg,qOB5sIujPH8,UCghshANo7M9P3PRiMs5IADA,2025-04-28T11:31:46Z,,중립
인간 아이돌(엔시티) VS 버츄얼아이돌(플레이브)#엔시티#플레이브#엔시티127,케이팝 읽어주는 남녀,최상위 댓글,@뭐하자는거야_PLLI,개웃기네ㅋㅋㅋㅋㅋㅋㅋ 너무 잘받았는데,5,2025-04-29T08:16:24Z,0,Ugytsdv5gfaq6N4FIMB4AaABAg,qOB5sIujPH8,UCHLZ7gPZJ6sJYecZo0Zi8PQ,2025-04-29T08:16:24Z,,중립
인간 아이돌(엔시티) VS 버츄얼아이돌(플레이브)#엔시티#플레이브#엔시티127,케이팝 읽어주는 남녀,최상위 댓글,@산세기,인간 아이돌이든 버츄얼 아이돌이든 제일 문제는 팬인듯,9,2025-05-01T11:03:05Z,0,Ugy6mME2ynPydiRJsGx4AaABAg,qOB5sIujPH8,UCk8dDIAVkqmkdA_II0Y3AeQ,2025-05-01T11:03:05Z,,중립
인간 아이돌(엔시티) VS 버츄얼아이돌(플레이브)#엔시티#플레이브#엔시티127,케이팝 읽어주는 남녀,최상위 댓글,@HER-PIXELY,관야시민시험에 공주부양 있음 ;;,9,2025-04-28T23:05:48Z,0,UgzH5iHMKUJRSgC4OwJ4AaABAg,qOB5sIujPH8,UC-3UCGVPD5xJYK4sx90HbqA,2025-04-28T23:05:48Z,,중립
인간 아이돌(엔시티) VS 버츄얼아이돌(플레이브)#엔시티#플레이브#엔시티127,케이팝 읽어주는 남녀,최상위 댓글,@리을-r1l,심지어 엔시티는 무대에서도 난다....멈추지마..밤이 새도록.....,14,2025-05-01T08:53:40Z,1,UgybFRnBzcubLkYU7n54AaABAg,qOB5sIujPH8,UCZhmdKBZGeVV8N-ZDWey35Q,2025-05-01T08:53:40Z,,중립
인간 아이돌(엔시티) VS 버츄얼아이돌(플레이브)#엔시티#플레이브#엔시티127,케이팝 읽어주는 남녀,대댓글,@Blessmeachoo_2,소방차 해찬이와 윈윈이를 잊을수가 없음,3,2025-06-03T07:34:17Z,0,UgybFRnBzcubLkYU7n54AaABAg.AH_DkmSKVmbAIu2uJVjGvm,qOB5sIujPH8,UCtYyMo_MXbNGlUy7QRcTgng,2025-06-03T07:34:17Z,UgybFRnBzcubLkYU7n54AaABAg,중립
인간 아이돌(엔시티) VS 버츄얼아이돌(플레이브)#엔시티#플레이브#엔시티127,케이팝 읽어주는 남녀,최상위 댓글,@song6859,우리 했는뎈ㅋㅋㅋㅋㅋ 개웃김ㅋㅋㅋㅋ 우리 유타는 공중부양으로 입사했다고,3,2025-04-30T04:37:18Z,0,UgwV4gde-Py3iOf0bRx4AaABAg,qOB5sIujPH8,UCtvn3CL8x48CiyRTv8swKpw,2025-04-30T04:37:18Z,,중립
인간 아이돌(엔시티) VS 버츄얼아이돌(플레이브)#엔시티#플레이브#엔시티127,케이팝 읽어주는 남녀,최상위 댓글,@Kkj1112,ㅋㅋㅋㅋㅋㅋㅋ 개웃기네,9,2025-04-28T13:51:06Z,0,UgzYIaZkX73xuvKNn_x4AaABAg,qOB5sIujPH8,UCW0u-148YPGR901nHiMyfVA,2025-04-28T13:51:06Z,,중립
인간 아이돌(엔시티) VS 버츄얼아이돌(플레이브)#엔시티#플레이브#엔시티127,케이팝 읽어주는 남녀,최상위 댓글,@성이름-g3n,현재상황) 플레이브 조롱하고 돌려깐 정병어그로가 쓴게 여기서는 플레이브팬이 디스영상 올린게 되어서 기승전'플레이브가 일방적으로 쳐맞는중',13,2025-05-02T08:54:36Z,0,Ugz1l2e2n7mXLccf_rd4AaABAg,qOB5sIujPH8,UCw45jn9Lt5cacvZe7JOaQ_w,2025-05-02T08:54:49Z,,중립
인간 아이돌(엔시티) VS 버츄얼아이돌(플레이브)#엔시티#플레이브#엔시티127,케이팝 읽어주는 남녀,최상위 댓글,@GGyutaro126,현실 아이돌은 닥터안부르잖아 우리 닥터 부르는 하민이가 얼마나 귀여운데,2,2026-01-20T19:18:39Z,0,UgwGfWi7wOaGhJsgPHV4AaABAg,qOB5sIujPH8,UCvE1X3T5z2ZSR6AqTYnoUEg,2026-01-20T19:18:39Z,,중립
인간 아이돌(엔시티) VS 버츄얼아이돌(플레이브)#엔시티#플레이브#엔시티127,케이팝 읽어주는 남녀,최상위 댓글,@destiny-ys,야 우리 언니들을 좀봐..로켓 펀쳐 아머멘터 갓제너그러스 해커 다있어,8,2025-04-29T11:31:28Z,0,Ugz7tMaaG_vR24p8V4h4AaABAg,qOB5sIujPH8,UCy7FBWM2OnT_N0cXAy3VWlw,2025-04-29T11:31:28Z,,중립
인간 아이돌(엔시티) VS 버츄얼아이돌(플레이브)#엔시티#플레이브#엔시티127,케이팝 읽어주는 남녀,최상위 댓글,@jinjinzzang,인간아이돌<<이게 무슨말이여...아이돌은 원래 인간임......,4,2025-11-12T08:58:56Z,1,Ugy257YVPqCU-X-gGCp4AaABAg,qOB5sIujPH8,UCGvY1BbJTY9DPiJ51FLyqIQ,2025-11-12T08:58:56Z,,중립
인간 아이돌(엔시티) VS 버츄얼아이돌(플레이브)#엔시티#플레이브#엔시티127,케이팝 읽어주는 남녀,대댓글,@이원희-y2s,이게 정상,0,2026-01-16T14:13:51Z,0,Ugy257YVPqCU-X-gGCp4AaABAg.APQLN41YQsFAS2H4TeQimq,qOB5sIujPH8,UCD79JAExWj454L3Dbw-2edQ,2026-01-16T14:13:51Z,Ugy257YVPqCU-X-gGCp4AaABAg,중립
인간 아이돌(엔시티) VS 버츄얼아이돌(플레이브)#엔시티#플레이브#엔시티127,케이팝 읽어주는 남녀,최상위 댓글,@김준석-f8k,"그래ㅋㅋㅋ 인정하네마네 아득바득 거리지 말고 그냥 다같이 즐기자, 아이돌판이 커지니까 버츄얼이 나와도 취향인 사람이 있는거고 그렇게 버츄얼 기술 올라가면 현실돌 뮤비나 콘서트에 적용해서 쓸거 많다니까?",64,2025-04-30T07:12:23Z,12,Ugxx1Tuuv-NONXyeqeh4AaABAg,qOB5sIujPH8,UCM7Ox-KumwagMtXi2lW6wBg,2025-04-30T07:12:23Z,,중립
인간 아이돌(엔시티) VS 버츄얼아이돌(플레이브)#엔시티#플레이브#엔시티127,케이팝 읽어주는 남녀,대댓글,@Sio-v8e,근까 상관은 없는데 저런애들이 돌판까지 기어나와서 대결하고 그러니까 기존 팬덤들이 빡치는거임..,19,2025-05-03T02:54:40Z,0,Ugxx1Tuuv-NONXyeqeh4AaABAg.AHXTN9-CFbVAHdjG8od94b,qOB5sIujPH8,UCU8p_b0th7tQwbgaQJcBqQw,2025-05-03T02:54:40Z,Ugxx1Tuuv-NONXyeqeh4AaABAg,중립
인간 아이돌(엔시티) VS 버츄얼아이돌(플레이브)#엔시티#플레이브#엔시티127,케이팝 읽어주는 남녀,대댓글,@bobu-e1d,콘서트장에서 뭐쓰는데 실제오빠 보러가는거지 오빠 버츄얼버전 보러가는거 아닌데?,2,2025-05-03T06:20:09Z,0,Ugxx1Tuuv-NONXyeqeh4AaABAg.AHXTN9-CFbVAHe5mD_P_UD,qOB5sIujPH8,UCzpEWPppabnZ_X70deTPCxA,2025-05-03T06:20:09Z,Ugxx1Tuuv-NONXyeqeh4AaABAg,중립
인간 아이돌(엔시티) VS 버츄얼아이돌(플레이브)#엔시티#플레이브#엔시티127,케이팝 읽어주는 남녀,대댓글,@yps-o7s,@Sio-v8e 빡칠일이 아닌데 왜 빡치는지가 의문이다 낯선거에 대한 거부감?있을수 있지 그렇다고 무분별한 비난이 절대 정당화될수없는건데 뭔가 착각하는듯 기어나온다는 표현도 그렇고,38,2025-05-03T11:47:34Z,0,Ugxx1Tuuv-NONXyeqeh4AaABAg.AHXTN9-CFbVAHegFHKfZTA,qOB5sIujPH8,UCU8ldT7EtGORe7EugpQaUhg,2025-05-03T11:47:34Z,Ugxx1Tuuv-NONXyeqeh4AaABAg,중립
인간 아이돌(엔시티) VS 버츄얼아이돌(플레이브)#엔시티#플레이브#엔시티127,케이팝 읽어주는 남녀,대댓글,@yps-o7s,@bobu-e1d 버추얼기술이라는건 정말 다양한 기술분야의 집합임 그만큼 여러방면에 적용될 부분이 있을수 있지 단순히 버추얼뿐만 아니라. 생각을 1차원적으로밖에 못하시네요,21,2025-05-03T11:49:34Z,0,Ugxx1Tuuv-NONXyeqeh4AaABAg.AHXTN9-CFbVAHegTrmlMdy,qOB5sIujPH8,UCU8ldT7EtGORe7EugpQaUhg,2025-05-03T11:50:08Z,Ugxx1Tuuv-NONXyeqeh4AaABAg,중립
인간 아이돌(엔시티) VS 버츄얼아이돌(플레이브)#엔시티#플레이브#엔시티127,케이팝 읽어주는 남녀,대댓글,@레전드레전드레전드,@Sio-v8e 플레이브가 인기 없었으면 신경도 안썼을고면서 인기많아서 자기들 상 뺏겨서 빡치는 거 말곤 빡칠이유가 없는데ㅋㅋㅋ,32,2025-05-03T23:49:02Z,0,Ugxx1Tuuv-NONXyeqeh4AaABAg.AHXTN9-CFbVAHfyoUnF_n9,qOB5sIujPH8,UCAwhn26rxbw7gUHOBcIK1BA,2025-05-03T23:49:02Z,Ugxx1Tuuv-NONXyeqeh4AaABAg,중립
인간 아이돌(엔시티) VS 버츄얼아이돌(플레이브)#엔시티#플레이브#엔시티127,케이팝 읽어주는 남녀,최상위 댓글,@km.x_11,ㅋㅋㅋㅋㅋㅋㅋㅋ 아니 팬들 왤케 귀엽냐…,1,2025-04-29T23:02:16Z,0,UgzcUQQ4cDosH_LfIrF4AaABAg,qOB5sIujPH8,UCHVJ670RnyAlLuyI_AKEtoQ,2025-04-29T23:02:16Z,,중립
인간 아이돌(엔시티) VS 버츄얼아이돌(플레이브)#엔시티#플레이브#엔시티127,케이팝 읽어주는 남녀,최상위 댓글,@뻐꾹뻐꾹삐꾹,장난이어도 시비는 걸지말자요... 상대가 장난 안받아 줬으면 어쩔 뻔했나고..그냥 존재만해도 아무잘못 없어도 질타받고 애들은 인정받을라하는데 왜 다 될려던 밥에 모래를 뿌려...,71,2025-04-28T23:09:44Z,2,UgwwF0Sv7I9Bgigc0h94AaABAg,qOB5sIujPH8,UCJ1Hn3Eel-F1O1K14J6eN8Q,2025-04-28T23:09:44Z,,중립
인간 아이돌(엔시티) VS 버츄얼아이돌(플레이브)#엔시티#플레이브#엔시티127,케이팝 읽어주는 남녀,대댓글,@뻐꾹뻐꾹삐꾹,@꼼쭈리  🤦‍♀️🤦‍♀️,1,2025-04-29T23:09:49Z,0,UgwwF0Sv7I9Bgigc0h94AaABAg.AHU1LEA4hC2AHWb8ewzHtE,qOB5sIujPH8,UCJ1Hn3Eel-F1O1K14J6eN8Q,2025-04-29T23:09:49Z,UgwwF0Sv7I9Bgigc0h94AaABAg,중립
인간 아이돌(엔시티) VS 버츄얼아이돌(플레이브)#엔시티#플레이브#엔시티127,케이팝 읽어주는 남녀,대댓글,@성이름-g3n,플레이브팬이 아니라 플레이브 돌려까기 시전중인 어그로정병.....,26,2025-05-02T09:03:15Z,0,UgwwF0Sv7I9Bgigc0h94AaABAg.AHU1LEA4hC2AHboduYNI-v,qOB5sIujPH8,UCw45jn9Lt5cacvZe7JOaQ_w,2025-05-02T09:03:15Z,UgwwF0Sv7I9Bgigc0h94AaABAg,중립
인간 아이돌(엔시티) VS 버츄얼아이돌(플레이브)#엔시티#플레이브#엔시티127,케이팝 읽어주는 남녀,최상위 댓글,@호잇_hoit,"인스타가 진짜 심각한게 플레이브 관련 영상엔 다 조롱 댓글밖에 없어요.. 싫으면 안보면 되는데 왜 굳이 잘하고 있는 사람들 까는지도 모르겠고 요즘 그냥 억까, 물타기가 엄청 심한거 같은듯요…",3,2026-01-21T11:32:12Z,0,UgwcaYBN6WFX9cHkptV4AaABAg,qOB5sIujPH8,UCbDGgzZOhZNaHmH84cxJHkg,2026-01-21T11:32:12Z,,중립
인간 아이돌(엔시티) VS 버츄얼아이돌(플레이브)#엔시티#플레이브#엔시티127,케이팝 읽어주는 남녀,최상위 댓글,@YPT01-Psy,"머리 스타일노 비슷해서 더 웃김ㅋㅋㅋㅋㅋㅋㅋㅋㅋㅋㅋㅋ 결과가 재밌잖아, 한잔해~",0,2025-11-20T08:27:01Z,0,UgwfCL7sB11dw1UCnUB4AaABAg,qOB5sIujPH8,UCA4JMVdhEMifmwcDiEXn_8g,2025-11-20T08:27:01Z,,긍정
인간 아이돌(엔시티) VS 버츄얼아이돌(플레이브)#엔시티#플레이브#엔시티127,케이팝 읽어주는 남녀,최상위 댓글,@wmmmmm0,ㅋㅋㅋㅋㅋㅋㅋㅋㅋㅋㅋㅋㅋ 하 저 붉은 화면 보자마자 뭔지 알아서 웃음터짐,0,2025-07-31T22:45:56Z,0,UgxHKJhy_5fmSIqQ_MB4AaABAg,qOB5sIujPH8,UCAK_K58o8E3y-Uy8hnQUSyw,2025-07-31T22:45:56Z,,중립
인간 아이돌(엔시티) VS 버츄얼아이돌(플레이브)#엔시티#플레이브#엔시티127,케이팝 읽어주는 남녀,최상위 댓글,@janepark0123,저거인용으로 검타고날라다니는 중드짤이 진짜웃겻는뎈ㅋㅋ,0,2025-05-02T07:26:21Z,0,UgyezdzJHgNy6uHnxwx4AaABAg,qOB5sIujPH8,UColdCnK_3WEXFibz3uwwOvA,2025-05-02T07:26:21Z,,중립
인간 아이돌(엔시티) VS 버츄얼아이돌(플레이브)#엔시티#플레이브#엔시티127,케이팝 읽어주는 남녀,최상위 댓글,@gmi_Zzz,"왜 항상 플레이브는 이런 조롱거리 영상으로 올라오는거지..?속상하다 진짜,,",19,2025-05-03T10:47:23Z,1,Ugw6rL7b1qHYBCJZhZp4AaABAg,qOB5sIujPH8,UCqJIsjMAFWILtdUuZbUlg0Q,2025-05-03T10:47:23Z,,중립
인간 아이돌(엔시티) VS 버츄얼아이돌(플레이브)#엔시티#플레이브#엔시티127,케이팝 읽어주는 남녀,대댓글,@KGHJJ14,디도스 레츠고,0,2025-05-04T01:39:41Z,0,Ugw6rL7b1qHYBCJZhZp4AaABAg.AHe_MSCj5rcAHgATr8IYWG,qOB5sIujPH8,UCkJihPFpMn2nM982EDDwKGw,2025-05-04T01:39:41Z,Ugw6rL7b1qHYBCJZhZp4AaABAg,중립
인간 아이돌(엔시티) VS 버츄얼아이돌(플레이브)#엔시티#플레이브#엔시티127,케이팝 읽어주는 남녀,최상위 댓글,@재아김-p9z,안돼애! 플레이브가....졌다...ㅋㅋㅋ 진짜 겁나웃기넼ㅋㅋㅋ,2,2025-05-01T11:36:53Z,0,Ugz2PSExoMZauTc11Cp4AaABAg,qOB5sIujPH8,UCAPd1XZ2g5xdEyRGh-QbJZw,2025-05-01T11:36:53Z,,중립
인간 아이돌(엔시티) VS 버츄얼아이돌(플레이브)#엔시티#플레이브#엔시티127,케이팝 읽어주는 남녀,최상위 댓글,@Mynameisnu648,고도로 발전된 스엠돌은 Ai와 구분할 수 없다,9,2025-06-12T03:27:22Z,1,UgyHulAF_XVaQrbiJ6N4AaABAg,qOB5sIujPH8,UC2t5Wgq3OIzI-e11mpBKmQA,2025-06-12T03:27:22Z,,중립
인간 아이돌(엔시티) VS 버츄얼아이돌(플레이브)#엔시티#플레이브#엔시티127,케이팝 읽어주는 남녀,대댓글,@diekaine,맞음. 외모부터 AI 같은 애들도 있어서,0,2025-06-28T18:41:48Z,0,UgyHulAF_XVaQrbiJ6N4AaABAg.AJFmnk8w_CpAJvcADmTlQi,qOB5sIujPH8,UCXxGV_iwo16OPoomnQvRE0A,2025-06-28T18:41:48Z,UgyHulAF_XVaQrbiJ6N4AaABAg,중립
인간 아이돌(엔시티) VS 버츄얼아이돌(플레이브)#엔시티#플레이브#엔시티127,케이팝 읽어주는 남녀,최상위 댓글,@오뇨,어쩐지 노아 공중부양 보고 뭐가 떠오르는 것 같냐 싶었는데 저거였엌ㅋㅋㅋㅎㅋㅎ,0,2026-01-20T14:24:24Z,0,Ugwo6ll1gb4kRBzNRIx4AaABAg,qOB5sIujPH8,UCNKH24szS4A8c0H6pEw-iJQ,2026-01-20T14:24:24Z,,중립
인간 아이돌(엔시티) VS 버츄얼아이돌(플레이브)#엔시티#플레이브#엔시티127,케이팝 읽어주는 남녀,최상위 댓글,@쿠나-c8g,우째 이렇게 됐노... 플레이브 mv 댓글에 지나가다 노래 좋아서 들렀습니다 하면 어서오세요 어서오세요. 반겨줬었는데. 이젠 대형 그룹 팬들끼리 싸우네..😢  안타깝다,7,2025-05-17T08:13:09Z,0,UgzGPHJULwWV9ZFq5554AaABAg,qOB5sIujPH8,UCafPNzWRjIF0PA1f5DXWYVg,2025-05-17T08:13:09Z,,긍정
인간 아이돌(엔시티) VS 버츄얼아이돌(플레이브)#엔시티#플레이브#엔시티127,케이팝 읽어주는 남녀,최상위 댓글,@박해인-e8u,ㅋㅋㅋㅋㅋㅋㅋㅋㅋㅋㅋㅋㅋㅋㅋㅋㅋㅋㅋㅋㅋㅋㅋㅋ큐ㅠㅠㅠㅠㅠㅠㅠㅠㅠㅠ 아 이건 인정한다ㅋㅋㅋㅋㅋㅋ,1,2025-04-29T10:55:33Z,0,Ugy5CbY80iOMNxSTjah4AaABAg,qOB5sIujPH8,UCrAp1faUxSvFGrd0vCOcBhw,2025-04-29T10:55:33Z,,중립
인간 아이돌(엔시티) VS 버츄얼아이돌(플레이브)#엔시티#플레이브#엔시티127,케이팝 읽어주는 남녀,최상위 댓글,@Menso_m,제발 팬덤끼리 싸우지 말자..너무 보기 안좋음..,57,2025-04-28T19:50:13Z,5,UgzpJe7PsX7wWNbFRnh4AaABAg,qOB5sIujPH8,UCv8-jk66cJtQdND2Idqjx2Q,2025-04-28T19:50:13Z,,부정
인간 아이돌(엔시티) VS 버츄얼아이돌(플레이브)#엔시티#플레이브#엔시티127,케이팝 읽어주는 남녀,대댓글,@뭐하자는거야_PLLI,이건 싸운게 아니라 장난친거 가튼데,6,2025-04-29T08:17:20Z,0,UgzpJe7PsX7wWNbFRnh4AaABAg.AHTfVxFHaueAHV0-zFo6Wl,qOB5sIujPH8,UCHLZ7gPZJ6sJYecZo0Zi8PQ,2025-04-29T08:17:20Z,UgzpJe7PsX7wWNbFRnh4AaABAg,중립
인간 아이돌(엔시티) VS 버츄얼아이돌(플레이브)#엔시티#플레이브#엔시티127,케이팝 읽어주는 남녀,대댓글,@부엉이-owl,플레이스테이션 욕하지 말자 제발,0,2025-04-30T05:29:20Z,0,UgzpJe7PsX7wWNbFRnh4AaABAg.AHTfVxFHaueAHXH_Ma8kIn,qOB5sIujPH8,UCpMKNS6vudA-MkaXeB8vt_w,2025-04-30T05:29:20Z,UgzpJe7PsX7wWNbFRnh4AaABAg,중립
인간 아이돌(엔시티) VS 버츄얼아이돌(플레이브)#엔시티#플레이브#엔시티127,케이팝 읽어주는 남녀,대댓글,@역돌격실시,근데 서로 싸우면 아이돌만 불쌍하긴함 팬덤은 언제든지 탈덕할수있는데 아이돌은 돈벌이 줄어들수도 있으니까,0,2025-04-30T19:29:10Z,0,UgzpJe7PsX7wWNbFRnh4AaABAg.AHTfVxFHaueAHYmgUA3msd,qOB5sIujPH8,UC2-jEvcLtFpYxJmXDyi5JPg,2025-04-30T19:29:10Z,UgzpJe7PsX7wWNbFRnh4AaABAg,중립
인간 아이돌(엔시티) VS 버츄얼아이돌(플레이브)#엔시티#플레이브#엔시티127,케이팝 읽어주는 남녀,대댓글,@TenkoZero,갈드컵만큼 병신짓도 없음,0,2025-05-01T04:25:46Z,0,UgzpJe7PsX7wWNbFRnh4AaABAg.AHTfVxFHaueAHZk5j8oWci,qOB5sIujPH8,UCuMZGH_fHiMn9qqkJW5y3Rg,2025-05-01T04:25:46Z,UgzpJe7PsX7wWNbFRnh4AaABAg,중립
인간 아이돌(엔시티) VS 버츄얼아이돌(플레이브)#엔시티#플레이브#엔시티127,케이팝 읽어주는 남녀,대댓글,@lona0717,저거 애기사쿠라 프사 플브 돌려까는 거임 지능형 안티...ㅋㅋㅋ 결과적으로 플레이브만 쳐맞음 ㅋㅋㅋㅋ,0,2025-10-28T14:42:50Z,0,UgzpJe7PsX7wWNbFRnh4AaABAg.AHTfVxFHaueAOpKniPaMAH,qOB5sIujPH8,UCi1PVb8tStsa_ypA8fKDeLw,2025-10-28T14:42:50Z,UgzpJe7PsX7wWNbFRnh4AaABAg,중립
인간 아이돌(엔시티) VS 버츄얼아이돌(플레이브)#엔시티#플레이브#엔시티127,케이팝 읽어주는 남녀,최상위 댓글,@성이름-g3n,"팩트 체크하고 영상 만들지; 

이 영상으로 억울하게 욕먹는 사람 따로 있고, 돈 버는 사람 따로 있네;",26,2025-04-29T22:59:58Z,0,Ugxn4Fz8hDefk1yPn3J4AaABAg,qOB5sIujPH8,UCw45jn9Lt5cacvZe7JOaQ_w,2025-04-29T23:01:26Z,,중립
인간 아이돌(엔시티) VS 버츄얼아이돌(플레이브)#엔시티#플레이브#엔시티127,케이팝 읽어주는 남녀,최상위 댓글,@nioninioni0809,인간아이돌< 이라는 말이 그냥 너무 웃김,2,2025-05-02T09:02:46Z,0,UgzoUdPc6lAHVYeBVat4AaABAg,qOB5sIujPH8,UCPBy1O8eDGcDTs2HpglEqCw,2025-05-02T09:02:46Z,,중립
인간 아이돌(엔시티) VS 버츄얼아이돌(플레이브)#엔시티#플레이브#엔시티127,케이팝 읽어주는 남녀,최상위 댓글,@user-ing347,ㅋㅋㅋㅋㅋㅋㅋㅋㅋㅋ 뛰는 놈 위에 나는 놈이라더니ㅋㅋㅋㅋㅋㅋ,0,2025-05-01T04:07:10Z,0,UgwGmYd7TNUOOtBYF954AaABAg,qOB5sIujPH8,UCYr1dd6MSlOy7uEjSOvNS_w,2025-05-01T04:07:10Z,,중립
인간 아이돌(엔시티) VS 버츄얼아이돌(플레이브)#엔시티#플레이브#엔시티127,케이팝 읽어주는 남녀,최상위 댓글,@iwant_peach,유타는 공중부양으로 스엠입사했습니다.,5,2025-04-30T20:07:59Z,0,UgwZNEZJwTgIfbYPuZZ4AaABAg,qOB5sIujPH8,UCwsDsC5a8lD6_WcYf6zP-uw,2025-04-30T20:07:59Z,,중립
인간 아이돌(엔시티) VS 버츄얼아이돌(플레이브)#엔시티#플레이브#엔시티127,케이팝 읽어주는 남녀,최상위 댓글,@Spo_oq2,웃기긴한데 조마조마하다...,2,2025-04-29T02:38:06Z,0,UgzboWXmClbcwTxKQMl4AaABAg,qOB5sIujPH8,UCKoJpfbTkj3--4-An-4tSfg,2025-04-29T02:38:06Z,,중립
인간 아이돌(엔시티) VS 버츄얼아이돌(플레이브)#엔시티#플레이브#엔시티127,케이팝 읽어주는 남녀,최상위 댓글,@lizlizs2,내 최애팀 2팀이네 ㅋㅋㅋ 그저 웃길뿐 ㅋㅋ,1,2025-07-14T13:47:04Z,0,UgwGBsNfIxCVcwknwp14AaABAg,qOB5sIujPH8,UCMT8duIHC9BDtG27uDmxz1g,2025-07-14T13:47:04Z,,중립
인간 아이돌(엔시티) VS 버츄얼아이돌(플레이브)#엔시티#플레이브#엔시티127,케이팝 읽어주는 남녀,최상위 댓글,@이니히,근데 버튜버는 되게 편하겠다... 실제 아이돌과 달리 사생활 논란도 안 터질 거 아님,19,2025-05-24T01:20:38Z,1,Ugws_oSW8lLef8J8hdt4AaABAg,qOB5sIujPH8,UCON_ixdWWeDEP0isEnMG8LA,2025-05-24T01:20:38Z,,중립
인간 아이돌(엔시티) VS 버츄얼아이돌(플레이브)#엔시티#플레이브#엔시티127,케이팝 읽어주는 남녀,대댓글,@빵애에요,@김잡곡밥퍼먹기  이미 퍼지지 않았나 팬들은 어차피 진짜 그 사람을 좋아하는 게 아니고 만들어진 가공의 캐릭터를 좋아하는 거기 때문에 얼굴 공개되든 말든 큰 타격은 없는 것 같음ㅋㅋㅋㅋ 처음부터 실제 얼굴보고 좋아한 것도 아니고 아직까지 덕질하는 사람들은 진짜 얼굴 알고도 그냥 덕질하는 멘탈 갑인 사람들밖에 없는 듯,1,2025-07-12T09:34:30Z,0,Ugws_oSW8lLef8J8hdt4AaABAg.AIUdBoZGXyFAKTgewUJjfh,qOB5sIujPH8,UCTBl79kfc-BneM8oVyQqjTA,2025-07-12T09:34:30Z,Ugws_oSW8lLef8J8hdt4AaABAg,긍정
인간 아이돌(엔시티) VS 버츄얼아이돌(플레이브)#엔시티#플레이브#엔시티127,케이팝 읽어주는 남녀,최상위 댓글,@기염뽀작-x5d,앜ㅋㅋㅋㅋㅋㅋㅋㅋㅋㅋㅋㅋㅋㅋㅋㅋㅋㅋㅋㅋㅋㅋㅋㅋㅋㅎㅋㅎㅋㅎㅋㅎㅋㅎㅋㅎㅋㅎㅎㅎ 아니 먼데 버츄얼 이러다가 내집까지 오겠닼ㅋㅋㅋㅋㅋㅋㅋㅋㅋㅋㅋㅋㅋㅋㅋㅋㅋㅋㅋㅋㅋㅋㅋㅋㅋㅋㅋㅋㅋ,0,2025-04-30T12:33:22Z,0,UgxoqsWfEzNSkf9ZCSd4AaABAg,qOB5sIujPH8,UCzIhYVUH5hW14Ic2pTxImjg,2025-04-30T12:33:22Z,,중립
인간 아이돌(엔시티) VS 버츄얼아이돌(플레이브)#엔시티#플레이브#엔시티127,케이팝 읽어주는 남녀,최상위 댓글,@jdidhdheiwihdheieh,저건 ㅈㄴ 유쾌한거 같은데 ㅋㅋㅋㅋㅋ 느그 오빠들 공중부양 못하제!!!!,18,2025-04-29T02:19:17Z,0,UgyFIrE9t8iyoM7m7ch4AaABAg,qOB5sIujPH8,UCcWsj8_40-iqeHCpZk4gUPg,2025-04-29T02:19:17Z,,중립
인간 아이돌(엔시티) VS 버츄얼아이돌(플레이브)#엔시티#플레이브#엔시티127,케이팝 읽어주는 남녀,최상위 댓글,@AandMfhhIY,sm 애들은 막 초능력쓰는 애들이잖어 ㅋㅋㅋㅋ,5,2025-04-29T03:25:11Z,0,UgzY-U8ZEYIX3gvElw54AaABAg,qOB5sIujPH8,UCmOYU21zepXcYHeq7xc-pzQ,2025-04-29T03:25:11Z,,중립
인간 아이돌(엔시티) VS 버츄얼아이돌(플레이브)#엔시티#플레이브#엔시티127,케이팝 읽어주는 남녀,최상위 댓글,@eungaa_77,ㅋㅋㅋㅋㅋㅋㅋㅋㅋㅋㅋㅋㅋㅋㅋㅋㅋ아 개웃기네ㅋㅋㅋㅋ,1,2025-08-02T12:01:21Z,0,UgxhNshpvbs-ziUGPLN4AaABAg,qOB5sIujPH8,UCV0v3W5YJc-Bmz2DJFkp7xQ,2025-08-02T12:01:21Z,,중립
인간 아이돌(엔시티) VS 버츄얼아이돌(플레이브)#엔시티#플레이브#엔시티127,케이팝 읽어주는 남녀,최상위 댓글,@mando_0411,야야 울 언닌 봉잡고 웃으면서 회오리 만들어. 날아? 우린 돌아. 확 마,3,2025-04-29T11:07:37Z,0,UgxlzcjTBJT0pS7bZot4AaABAg,qOB5sIujPH8,UC-6CKmLGgfkWKj7bMqt8_cQ,2025-04-29T11:07:37Z,,중립
인간 아이돌(엔시티) VS 버츄얼아이돌(플레이브)#엔시티#플레이브#엔시티127,케이팝 읽어주는 남녀,최상위 댓글,@Junoisdragon,누가 인스타에 목매달았냐는 댓글 달았었던거같은뎈ㅋㅋㅋㅋ,0,2025-06-25T01:23:03Z,0,UgyWvdfS92cmFlNMi6R4AaABAg,qOB5sIujPH8,UCP3lQ7-VxmRk9FvGnUfxCRw,2025-06-25T01:23:03Z,,중립
인간 아이돌(엔시티) VS 버츄얼아이돌(플레이브)#엔시티#플레이브#엔시티127,케이팝 읽어주는 남녀,최상위 댓글,@정우는달달해,미쳣냐고 ㅋㅋㅋㅋㅋㅋㅋㅋㅋㅋㅋㅋㅋㅋㅋㅋ,0,2025-09-09T11:44:00Z,0,UgzO3gsNo4fe9BxxFv14AaABAg,qOB5sIujPH8,UCoeDiNxfJiZBblW8rk5WhlA,2025-09-09T11:44:00Z,,중립
인간 아이돌(엔시티) VS 버츄얼아이돌(플레이브)#엔시티#플레이브#엔시티127,케이팝 읽어주는 남녀,최상위 댓글,@펭기니-x2x,앜ㅋㅋㅋㅋㅋ 엔시티 이런건 좀 지라고ㅋㅋㅋㅋ,4,2025-07-05T17:30:01Z,0,Ugxw5k3fuOAl1d1gmQZ4AaABAg,qOB5sIujPH8,UCW0YDY651XHhaalirdJvJ6A,2025-07-05T17:30:01Z,,중립
인간 아이돌(엔시티) VS 버츄얼아이돌(플레이브)#엔시티#플레이브#엔시티127,케이팝 읽어주는 남녀,최상위 댓글,@chJfantz,심지어 스타일도 비슷한 애들끼리 날아다니네 ㅋㅋㅋ,0,2025-08-31T14:50:37Z,0,UgxV89ddCyktghiYTm14AaABAg,qOB5sIujPH8,UC-47IWQhckS51l1m01nndeg,2025-08-31T14:50:37Z,,중립
인간 아이돌(엔시티) VS 버츄얼아이돌(플레이브)#엔시티#플레이브#엔시티127,케이팝 읽어주는 남녀,최상위 댓글,@사온13,받아치는 거 개쩐다. 저거 어케 했지? 나도 편집해보고 싶다,0,2026-01-20T12:29:32Z,0,UgwrfM90EK6xqnPb2b94AaABAg,qOB5sIujPH8,UCpo4xwHTxUfP1ng_x2v9s9Q,2026-01-20T12:29:32Z,,중립
인간 아이돌(엔시티) VS 버츄얼아이돌(플레이브)#엔시티#플레이브#엔시티127,케이팝 읽어주는 남녀,최상위 댓글,@Itsbluv,하… 공중부양 보자마자 유타 나올줄 알았다… ㅋㅋㅋㅋㅋㅋㅋ,1,2025-05-02T14:10:08Z,0,Ugzpk3F2IWrLyF0FI-p4AaABAg,qOB5sIujPH8,UCKChIA11SnHU7BOyKZzOaKA,2025-05-02T14:10:08Z,,중립
인간 아이돌(엔시티) VS 버츄얼아이돌(플레이브)#엔시티#플레이브#엔시티127,케이팝 읽어주는 남녀,최상위 댓글,@Ddon_9,저 놀란 표정 겁나 웃기닼ㅋㅋ,0,2025-11-17T10:35:29Z,0,Ugy9oCnEy9cmPOBA-8J4AaABAg,qOB5sIujPH8,UCVzJXwFtbGCRsRkS4vLmw3Q,2025-11-17T10:35:29Z,,중립
인간 아이돌(엔시티) VS 버츄얼아이돌(플레이브)#엔시티#플레이브#엔시티127,케이팝 읽어주는 남녀,최상위 댓글,@플Fl도,아닠ㅋㅋㅋㅋㅋ플레이브도 개지리는데 그걸 또 받아주넼ㅋㅋㅋㅋㅋ,0,2025-05-02T14:39:09Z,0,UgxKmHPY_lvVJ12FQdx4AaABAg,qOB5sIujPH8,UCvTrPRNuJ3wFa67DATsnpUA,2025-05-02T14:39:09Z,,중립
인간 아이돌(엔시티) VS 버츄얼아이돌(플레이브)#엔시티#플레이브#엔시티127,케이팝 읽어주는 남녀,최상위 댓글,@hhhhdoejk8129,지능형 안티 아니냐고 ㅋㅋㅋㅋ,2,2025-04-30T08:12:22Z,0,Ugy7eQJIXk9DC9ZjgRF4AaABAg,qOB5sIujPH8,UC4jUJUktE5R4mmAerZ9DYMw,2025-04-30T08:12:22Z,,중립
인간 아이돌(엔시티) VS 버츄얼아이돌(플레이브)#엔시티#플레이브#엔시티127,케이팝 읽어주는 남녀,최상위 댓글,@요롬코롬일상,아니 근데 쥰내 웃기넼ㅋㅋ 갑자기 하늘을 쳐 날아ㅡㅋㅋㅋ,0,2025-05-13T07:38:44Z,0,UgznTqVwbSX4oTOQxDt4AaABAg,qOB5sIujPH8,UCCJHNKgUFyMquxxGPgtW3Ig,2025-05-13T07:38:44Z,,중립
인간 아이돌(엔시티) VS 버츄얼아이돌(플레이브)#엔시티#플레이브#엔시티127,케이팝 읽어주는 남녀,최상위 댓글,@이히힝-g8k,르세라핌은 순간이동도하고 눈에서 레이저도 나간다고ㅋㅋㅋㅋㅋ,0,2025-05-06T08:30:09Z,0,Ugx9KUeovR2w-UN_GPh4AaABAg,qOB5sIujPH8,UCDSbc_jlnjgZ5aJux9pjJDg,2025-05-06T08:30:09Z,,중립
인간 아이돌(엔시티) VS 버츄얼아이돌(플레이브)#엔시티#플레이브#엔시티127,케이팝 읽어주는 남녀,최상위 댓글,@lxxmiho142-u8x,둘 다 웃곀ㅋㅋㅋㅋㅋㅋㅋㅋㅋㅋㅋ,0,2025-09-20T11:45:13Z,0,UgzrJ5J1NcK_IdWHYEF4AaABAg,qOB5sIujPH8,UC8PPi6RKPUbscc-wcrDwf-w,2025-09-20T11:45:13Z,,중립
인간 아이돌(엔시티) VS 버츄얼아이돌(플레이브)#엔시티#플레이브#엔시티127,케이팝 읽어주는 남녀,최상위 댓글,@지윤이-i8d,둘다 존나웃기네 ㅋㅎㅋㅎ,0,2025-11-22T14:01:30Z,0,Ugyph3AlSpPg8HAPfIV4AaABAg,qOB5sIujPH8,UCXy3AM0jgTWnTqeeRCRKvLg,2025-11-22T14:01:30Z,,중립
인간 아이돌(엔시티) VS 버츄얼아이돌(플레이브)#엔시티#플레이브#엔시티127,케이팝 읽어주는 남녀,최상위 댓글,@룰루-i3b,저거 올린 사람 팬도 아니라던데😂,47,2025-04-29T09:29:24Z,2,Ugyr9ZzJ2jrKyO_KSmt4AaABAg,qOB5sIujPH8,UCa30Sr4AvLdDxvNlK3iCHiw,2025-04-29T09:29:24Z,,중립
인간 아이돌(엔시티) VS 버츄얼아이돌(플레이브)#엔시티#플레이브#엔시티127,케이팝 읽어주는 남녀,대댓글,@룰루-i3b,오히려 저 게시물 플레이브 까려는 게시물인듯🤣,5,2025-04-29T09:30:06Z,0,Ugyr9ZzJ2jrKyO_KSmt4AaABAg.AHV8FlJg1amAHV8KzBGzVD,qOB5sIujPH8,UCa30Sr4AvLdDxvNlK3iCHiw,2025-04-29T09:30:06Z,Ugyr9ZzJ2jrKyO_KSmt4AaABAg,중립
인간 아이돌(엔시티) VS 버츄얼아이돌(플레이브)#엔시티#플레이브#엔시티127,케이팝 읽어주는 남녀,대댓글,@룰루-i3b,"그리고 요즘 저런 거 못하는 아이돌이 어딨어
특수능력은 다 갖고있지",0,2025-04-29T09:30:53Z,0,Ugyr9ZzJ2jrKyO_KSmt4AaABAg.AHV8FlJg1amAHV8Qh-61LV,qOB5sIujPH8,UCa30Sr4AvLdDxvNlK3iCHiw,2025-04-29T09:30:53Z,Ugyr9ZzJ2jrKyO_KSmt4AaABAg,중립
인간 아이돌(엔시티) VS 버츄얼아이돌(플레이브)#엔시티#플레이브#엔시티127,케이팝 읽어주는 남녀,최상위 댓글,@1121주지민,아무리 버츄얼이더라고 무한확장은 안겪어봤잖아…?,5,2025-06-22T09:40:29Z,1,UgzvD_wJbWPE5CFVjON4AaABAg,qOB5sIujPH8,UC2ngXWFbYK56nhQ-BAT2hyg,2025-06-22T09:40:29Z,,중립
인간 아이돌(엔시티) VS 버츄얼아이돌(플레이브)#엔시티#플레이브#엔시티127,케이팝 읽어주는 남녀,대댓글,@diekaine,ㅋㅋㅋㅋㅋㅋ ㅅㅂ 웃다가 생각해보니 웃을 때가 아니지만 이제 무한확장 끝났으니 뭐 ㅋㅋㅋㅋ,0,2025-06-28T18:43:27Z,0,UgzvD_wJbWPE5CFVjON4AaABAg.AJfCSEZuHaRAJvcMGvh_dl,qOB5sIujPH8,UCXxGV_iwo16OPoomnQvRE0A,2025-06-28T18:43:27Z,UgzvD_wJbWPE5CFVjON4AaABAg,중립
인간 아이돌(엔시티) VS 버츄얼아이돌(플레이브)#엔시티#플레이브#엔시티127,케이팝 읽어주는 남녀,최상위 댓글,@yo-f8m,아니 엔시티 127 미쳤ㅇㅓㅜㅜㅋㅋㄱㄲㄱㅋㅋㅋ,0,2025-08-13T10:27:31Z,0,Ugy0IAlhmUUZ6s1rPYx4AaABAg,qOB5sIujPH8,UC0R15O5MOSLCm5_1v4t_ToQ,2025-08-13T10:27:50Z,,중립
인간 아이돌(엔시티) VS 버츄얼아이돌(플레이브)#엔시티#플레이브#엔시티127,케이팝 읽어주는 남녀,최상위 댓글,@HariPeople1819,존나 팬덤 둘다 귀여워죽겠네ㅋㅋ,0,2025-04-30T01:32:14Z,0,UgzBIMAqUAzCW29MYSR4AaABAg,qOB5sIujPH8,UCt0dw0ioo_cf-EOAqNcMDog,2025-04-30T01:32:14Z,,중립
인간 아이돌(엔시티) VS 버츄얼아이돌(플레이브)#엔시티#플레이브#엔시티127,케이팝 읽어주는 남녀,최상위 댓글,@scsong7777,저거 예준이 생일에 올린것도 개웃김 ㅋㄱㅋㄱㅋ,0,2025-08-08T06:50:42Z,0,UgyhhnzPKJK-voKmoY54AaABAg,qOB5sIujPH8,UCy8OfM1p58wOHip9qlbq_ew,2025-08-08T06:50:42Z,,중립
인간 아이돌(엔시티) VS 버츄얼아이돌(플레이브)#엔시티#플레이브#엔시티127,케이팝 읽어주는 남녀,최상위 댓글,@조수연-w1l,ㅋㅋㅋㅋ시즈니이자 플리는 웃고갑니닼ㅋㅋㅋㅋㅋㅋ,0,2025-04-30T13:49:59Z,0,UgzDmTqxpxVCMUBEOzt4AaABAg,qOB5sIujPH8,UChg8qisO3F95Ojm-50pkHNw,2025-04-30T13:49:59Z,,중립
인간 아이돌(엔시티) VS 버츄얼아이돌(플레이브)#엔시티#플레이브#엔시티127,케이팝 읽어주는 남녀,최상위 댓글,@VIichan_RANE,ㅈㄴ 웃기넼ㅋㅋㅋㅋㅋㅋㅋㅋㅋㅋㅋㅋ 진짜 즐기는 놈들ㅋㅋㅋㅋ,0,2025-05-07T22:18:01Z,0,UgwOa1i5LP0zjY4o4sB4AaABAg,qOB5sIujPH8,UCwH9f0nhcalCRR4ewTdWhUA,2025-05-07T22:18:01Z,,중립
인간 아이돌(엔시티) VS 버츄얼아이돌(플레이브)#엔시티#플레이브#엔시티127,케이팝 읽어주는 남녀,최상위 댓글,@neon-n20n,"""나 완전히 새 됐어""",2,2025-04-30T13:05:14Z,0,UgwUJm_DJnxrs2sC78l4AaABAg,qOB5sIujPH8,UC2v0XnE5JhJeVtz6s1TgK4w,2025-04-30T13:05:14Z,,중립
인간 아이돌(엔시티) VS 버츄얼아이돌(플레이브)#엔시티#플레이브#엔시티127,케이팝 읽어주는 남녀,최상위 댓글,@suri9087,와 개웃기다 ㅋㅋㅋㅋㅋㅋㅋㅋ,0,2025-04-29T05:53:05Z,0,Ugx9Qhau9L30uqiyxsl4AaABAg,qOB5sIujPH8,UCu8OAuQdyx0MJIzeP6ABDOQ,2025-04-29T05:53:05Z,,중립
인간 아이돌(엔시티) VS 버츄얼아이돌(플레이브)#엔시티#플레이브#엔시티127,케이팝 읽어주는 남녀,최상위 댓글,@Green_with_Bubbletea,???:손은 잡을 수 있냐?,2,2025-04-29T11:05:28Z,0,UgyhPucNnLUFCXQQ2BR4AaABAg,qOB5sIujPH8,UC8GwRrl8FC-zTvnxnqHFdMg,2025-04-29T11:05:28Z,,중립
인간 아이돌(엔시티) VS 버츄얼아이돌(플레이브)#엔시티#플레이브#엔시티127,케이팝 읽어주는 남녀,최상위 댓글,@bear-415,ㅋㅋㅋㅋㅋㅋ아 개 웃곀ㅋㅋㅋㅋㅋㅋ,0,2025-05-01T14:43:17Z,0,Ugwz23J76xQcy8Cj7Zx4AaABAg,qOB5sIujPH8,UC_IIMU6xMtghquTQeotZRtQ,2025-05-01T14:43:17Z,,중립
인간 아이돌(엔시티) VS 버츄얼아이돌(플레이브)#엔시티#플레이브#엔시티127,케이팝 읽어주는 남녀,최상위 댓글,@rigen47,이런 걸로 싸우는 건 또 첨봤네 ㅋㅋㅋㅋㅋㅋㅋ,0,2025-04-30T08:30:04Z,0,UgyFKvMBpLYgOITFy354AaABAg,qOB5sIujPH8,UCduGaxqaq7NuZrYe9jc4sPQ,2025-04-30T08:30:34Z,,중립
인간 아이돌(엔시티) VS 버츄얼아이돌(플레이브)#엔시티#플레이브#엔시티127,케이팝 읽어주는 남녀,최상위 댓글,@발로란트공식,누가 얘네는 월에 만원만 내면 해외여행 공짜라고 한거 아직도 웃김 ㅠㅠㅌㅋㅋㅌㅋ,1,2025-04-30T07:02:26Z,0,UgyQQiwK8yT5JR3GTYB4AaABAg,qOB5sIujPH8,UCfNE9GlxiocQelC_uQQ-mVw,2025-04-30T07:02:26Z,,중립
인간 아이돌(엔시티) VS 버츄얼아이돌(플레이브)#엔시티#플레이브#엔시티127,케이팝 읽어주는 남녀,최상위 댓글,@보라보라해-v5n4p,넘 웃기다 ㅋ♥️,0,2025-10-14T17:27:04Z,0,UgyiBYiQzszct2cI0B14AaABAg,qOB5sIujPH8,UCXzylS2xZ9vaaADyEDpnERA,2025-10-14T17:27:04Z,,중립
인간 아이돌(엔시티) VS 버츄얼아이돌(플레이브)#엔시티#플레이브#엔시티127,케이팝 읽어주는 남녀,최상위 댓글,@나는지미,"""너네 자랑하고 싶은거 있음 얼마든지 해""",0,2025-05-06T11:12:15Z,0,UgxFQbYjhE1V6Gz_Moh4AaABAg,qOB5sIujPH8,UCDAibE6YHVu6En2crE4DmRw,2025-05-06T11:12:15Z,,중립
인간 아이돌(엔시티) VS 버츄얼아이돌(플레이브)#엔시티#플레이브#엔시티127,케이팝 읽어주는 남녀,최상위 댓글,@Suhyeok_1,가사도 즐기는 놈들 ㅇㅈㄹ하니까 걍 개웃기네 ㅋㅋㅋㅋㅋㅋㅋㅋㅋㅋㅋㅋㅋ,0,2025-05-23T17:58:21Z,0,UgxF6tJg4dVXaF8AdKh4AaABAg,qOB5sIujPH8,UCD9MHYJE8MTDPZCX6q_giGw,2025-05-23T17:58:21Z,,중립
인간 아이돌(엔시티) VS 버츄얼아이돌(플레이브)#엔시티#플레이브#엔시티127,케이팝 읽어주는 남녀,최상위 댓글,@ANZE91,ㅋㅋㅋㅋㅋㅋㅋㅋㅋㅋㅋ아잌ㅋㅋㅋㅋㅋ,0,2025-05-06T15:22:20Z,0,Ugx74wbmuzCoFeduEuF4AaABAg,qOB5sIujPH8,UCsPiUpxJ5JO1GE1gGeu1GlA,2025-05-06T15:22:20Z,,중립
인간 아이돌(엔시티) VS 버츄얼아이돌(플레이브)#엔시티#플레이브#엔시티127,케이팝 읽어주는 남녀,최상위 댓글,@vovoq52,그냥 초등학생들끼리 “우리집은 정수기에서 얼음 나온다~!” 하는 느낌 ㅋㅋ 귀엽네요,2,2025-04-29T13:42:11Z,2,UgzBBPzaAAMaDVIfsup4AaABAg,qOB5sIujPH8,UCFCTZFnhuihHcSiiJ3deurA,2025-04-29T13:42:11Z,,중립
인간 아이돌(엔시티) VS 버츄얼아이돌(플레이브)#엔시티#플레이브#엔시티127,케이팝 읽어주는 남녀,대댓글,@user-bh7nw7lr5b,@꼼쭈리악의 없이 귀엽게 봐 주는 사람들한테 굳이 해명 글 안 써도 될 것 같은데….. 억울한 건 알겠는데 이런 거 하나하나 집어 말하면 오히려 피곤해 하는 사람들 많아요,2,2025-04-30T06:33:47Z,0,UgzBBPzaAAMaDVIfsup4AaABAg.AHVaBFjPB9XAHXOxTXiaI6,qOB5sIujPH8,UCtqAgerPEHPcQUjLa5S88AQ,2025-04-30T06:33:47Z,UgzBBPzaAAMaDVIfsup4AaABAg,중립
인간 아이돌(엔시티) VS 버츄얼아이돌(플레이브)#엔시티#플레이브#엔시티127,케이팝 읽어주는 남녀,대댓글,@vovoq52,@꼼쭈리 네 전 플레이브팬이에요,0,2025-04-30T08:06:18Z,0,UgzBBPzaAAMaDVIfsup4AaABAg.AHVaBFjPB9XAHXZXzWvmNE,qOB5sIujPH8,UCFCTZFnhuihHcSiiJ3deurA,2025-04-30T08:06:18Z,UgzBBPzaAAMaDVIfsup4AaABAg,중립
인간 아이돌(엔시티) VS 버츄얼아이돌(플레이브)#엔시티#플레이브#엔시티127,케이팝 읽어주는 남녀,최상위 댓글,@hrj1881,개같이 웃기넼 ㅋㅋㅋㅋㅋㅋㅋㅋㅋ,0,2025-06-07T13:09:33Z,0,Ugy7kUiz6OcQnH36jfF4AaABAg,qOB5sIujPH8,UCDJe6xvnOtW8yxlVLGUUmeA,2025-06-07T13:09:33Z,,중립
인간 아이돌(엔시티) VS 버츄얼아이돌(플레이브)#엔시티#플레이브#엔시티127,케이팝 읽어주는 남녀,최상위 댓글,@사람-p3t4h,버츄얼 ㅈㄴ웃기네ㅋㅋㅋㅋ,2,2025-07-11T07:08:07Z,0,UgwcpZArtgYHcAyVrYV4AaABAg,qOB5sIujPH8,UCjTPd1fVAmL9X_XJIFYHmMw,2025-07-11T07:08:07Z,,중립
인간 아이돌(엔시티) VS 버츄얼아이돌(플레이브)#엔시티#플레이브#엔시티127,케이팝 읽어주는 남녀,최상위 댓글,@성훈국가공인애인,우리 엔하이픈은 저게 일상임,0,2026-01-17T04:40:02Z,0,UgwXzJTxXWiMhRFscTd4AaABAg,qOB5sIujPH8,UCH7GwuxefsxHdUNjWg9IKpw,2026-01-17T04:40:02Z,,중립
인간 아이돌(엔시티) VS 버츄얼아이돌(플레이브)#엔시티#플레이브#엔시티127,케이팝 읽어주는 남녀,최상위 댓글,@Alice-gl6um,아 진짜 하네😂😂😂😂😂😂😂😂,0,2025-04-28T23:59:15Z,0,Ugxy9hdA69Oq4wYKno54AaABAg,qOB5sIujPH8,UC6feWlTqkZBS6iVtZIJhVUA,2025-04-28T23:59:15Z,,중립
인간 아이돌(엔시티) VS 버츄얼아이돌(플레이브)#엔시티#플레이브#엔시티127,케이팝 읽어주는 남녀,최상위 댓글,@구구인데요-d,"""아 ㅋ 따끈따끈 베이커리에서 만든 빵은 먹으면 하늘 날는데""",0,2025-04-30T09:29:04Z,0,UgykNCFpmVgWSGADe2t4AaABAg,qOB5sIujPH8,UC6Okn0pJReamBGBE9msTHtw,2025-04-30T09:29:04Z,,중립
인간 아이돌(엔시티) VS 버츄얼아이돌(플레이브)#엔시티#플레이브#엔시티127,케이팝 읽어주는 남녀,최상위 댓글,@하루-v7l8e,개웃기네 그냥 ㅋㅋㅋ,0,2025-04-30T06:48:23Z,0,UgxMvMEeWkEXkPPGdG54AaABAg,qOB5sIujPH8,UCtcdFNW_r2nVQs2JVqLnfng,2025-04-30T06:48:23Z,,중립
인간 아이돌(엔시티) VS 버츄얼아이돌(플레이브)#엔시티#플레이브#엔시티127,케이팝 읽어주는 남녀,최상위 댓글,@wish.42-t6l,그냥 ㅈㄴ 웃기네 ㅋㅋ,1,2025-04-29T02:40:24Z,0,UgwSq5ALfi5l3XwHuXV4AaABAg,qOB5sIujPH8,UCFWLWJizvL_QH_o8oVftygw,2025-04-29T02:40:24Z,,중립
인간 아이돌(엔시티) VS 버츄얼아이돌(플레이브)#엔시티#플레이브#엔시티127,케이팝 읽어주는 남녀,최상위 댓글,@user-fy5jv5sj8p,"그거 있는데 “나 완전히 새 됐어“
‘펄럭펄럭’",0,2025-05-03T04:28:56Z,0,UgxNy8WA17p7T0HFXmV4AaABAg,qOB5sIujPH8,UCVj15tf0r82sVyk9FNj6PLA,2025-05-03T04:29:28Z,,중립
인간 아이돌(엔시티) VS 버츄얼아이돌(플레이브)#엔시티#플레이브#엔시티127,케이팝 읽어주는 남녀,최상위 댓글,@안다온이,어우 바이럴마케팅? 개꿀,1,2025-06-20T01:12:42Z,0,Ugy9d8KdlfuaG02aFpF4AaABAg,qOB5sIujPH8,UCWxA87s0eE42NvWIAL1Xmfw,2025-06-20T01:12:42Z,,중립
인간 아이돌(엔시티) VS 버츄얼아이돌(플레이브)#엔시티#플레이브#엔시티127,케이팝 읽어주는 남녀,최상위 댓글,@벼아리-q1g,ㅏ ㅋㅋㅋ 개웃기네 ㅋㅋㅋ,0,2025-05-27T06:15:16Z,0,Ugxkrj0wUJDFezS_NTx4AaABAg,qOB5sIujPH8,UCpW1KZNHVIJl54FIsXP3_4w,2025-05-27T06:15:16Z,,중립
인간 아이돌(엔시티) VS 버츄얼아이돌(플레이브)#엔시티#플레이브#엔시티127,케이팝 읽어주는 남녀,최상위 댓글,@하나하냐-k4g,"버츄얼:부자연스러움
사람:자연스러움",0,2025-06-02T23:28:25Z,0,Ugx5rNOuDVRsRr0gS2N4AaABAg,qOB5sIujPH8,UCMUmoaDm31PXnbj5gcMZt1A,2025-06-02T23:28:25Z,,중립
인간 아이돌(엔시티) VS 버츄얼아이돌(플레이브)#엔시티#플레이브#엔시티127,케이팝 읽어주는 남녀,최상위 댓글,@성이름-s1l1x,피원하모니에도 있잖아 죽지않는소년이라고 ㅋㅋㅋ 불사조,0,2025-05-12T00:12:48Z,0,UgwEztRPl-PPhuUbQ5J4AaABAg,qOB5sIujPH8,UCdQfXiIwG8ZgVyiYWMF0E4Q,2025-05-12T00:12:48Z,,중립
인간 아이돌(엔시티) VS 버츄얼아이돌(플레이브)#엔시티#플레이브#엔시티127,케이팝 읽어주는 남녀,최상위 댓글,@케이로_01,진짜 즐기는 놈이네;,0,2025-05-01T02:44:11Z,0,UgxsqPsvrasozh3zThl4AaABAg,qOB5sIujPH8,UC1cs5rzCFWg7o5wSGheL8vw,2025-05-01T02:44:11Z,,중립
인간 아이돌(엔시티) VS 버츄얼아이돌(플레이브)#엔시티#플레이브#엔시티127,케이팝 읽어주는 남녀,최상위 댓글,@ulsan_hd0311,이런 건 좀 지라는 댓글 겁나웃겼는데 ㅋㅋ,0,2025-07-14T11:00:51Z,0,UgzWkIrqlLTnEf3R_lB4AaABAg,qOB5sIujPH8,UC5Zbai4LYgIt_JCj_IB6sgA,2025-07-14T11:00:51Z,,중립
인간 아이돌(엔시티) VS 버츄얼아이돌(플레이브)#엔시티#플레이브#엔시티127,케이팝 읽어주는 남녀,최상위 댓글,@yoonzmung,앗 플레이브 개웃곀ㅋㅋㅋ큐ㅠㅋㅋ큐ㅠㅠ,0,2025-04-30T01:21:58Z,0,UgweAz1UrR4t-c_Npn54AaABAg,qOB5sIujPH8,UClb76NNbMY9WYVM7-3WOO9w,2025-04-30T01:21:58Z,,중립
인간 아이돌(엔시티) VS 버츄얼아이돌(플레이브)#엔시티#플레이브#엔시티127,케이팝 읽어주는 남녀,최상위 댓글,@zronxoect,ㅁㅊㅋㅋㅋㅋㅋㅋㅋㅋㅋㅋㅋ 엔시티는 상상을 뛰어넘어..,0,2025-05-30T06:55:14Z,0,Ugyzu2A5RxEybGpiAHp4AaABAg,qOB5sIujPH8,UCrBi7BAJwpdz7h0KiCsl__A,2025-05-30T06:55:25Z,,중립
인간 아이돌(엔시티) VS 버츄얼아이돌(플레이브)#엔시티#플레이브#엔시티127,케이팝 읽어주는 남녀,최상위 댓글,@Daram-b4t,ㅋㅋㅋㅋㅋㅋㅋㅋㅋㅋㅋㅋㅋ앜ㅋㅋㅋㅋ,0,2025-05-06T05:44:17Z,0,UgwEDxoE22Tr7NAeS1x4AaABAg,qOB5sIujPH8,UCeCKwGuX6OBaAgRIsVFoOWA,2025-05-06T05:44:17Z,,중립
인간 아이돌(엔시티) VS 버츄얼아이돌(플레이브)#엔시티#플레이브#엔시티127,케이팝 읽어주는 남녀,최상위 댓글,@123Cookies_and_cream,아니 빅뱅이 짱이야 연츨없어도 지린다고,2,2025-04-29T13:03:05Z,0,Ugw0kpOq7fYsB1WcA-J4AaABAg,qOB5sIujPH8,UCz2CVcvTusYYmcvjTAJEusQ,2025-04-29T13:03:05Z,,긍정
인간 아이돌(엔시티) VS 버츄얼아이돌(플레이브)#엔시티#플레이브#엔시티127,케이팝 읽어주는 남녀,최상위 댓글,@wishzeni,저 공중부양하는 인간 아이돌은 공중부양으로 에스엠 입사한 사람입니다...,8,2025-04-29T04:46:41Z,0,Ugx66-edm195Iu1gTzN4AaABAg,qOB5sIujPH8,UCZedsfjSP7UPH8ZJr52M1vA,2025-04-29T04:46:41Z,,중립
인간 아이돌(엔시티) VS 버츄얼아이돌(플레이브)#엔시티#플레이브#엔시티127,케이팝 읽어주는 남녀,최상위 댓글,@불로스타,그냥 개그맨 아니야 ㅋㅋㅋ,1,2025-04-30T00:34:01Z,0,Ugx5MF40lYATYK6LxIt4AaABAg,qOB5sIujPH8,UCi2sGVqacF-rOHtR7Co_syg,2025-04-30T00:34:01Z,,중립
인간 아이돌(엔시티) VS 버츄얼아이돌(플레이브)#엔시티#플레이브#엔시티127,케이팝 읽어주는 남녀,최상위 댓글,@TTTNNNMMM-n1p,싸이는 CG없이 날아다님ㅇㅇ,2,2025-04-29T10:19:35Z,0,UgzeU_WzgBc_x6NSI9d4AaABAg,qOB5sIujPH8,UCkpclmDCEsA3PPyGl4iPr0g,2025-04-29T10:19:35Z,,중립
인간 아이돌(엔시티) VS 버츄얼아이돌(플레이브)#엔시티#플레이브#엔시티127,케이팝 읽어주는 남녀,최상위 댓글,@270ilyull,"자, 엔시티오빠들은 이것도 할수있어 단지 군대를 가야한다는것뿐",0,2026-01-14T02:03:39Z,0,UgwFD44kNpjF_HN-KFR4AaABAg,qOB5sIujPH8,UCO74_S4w6_c6QtdcFaWlbJQ,2026-01-14T02:03:39Z,,중립
인간 아이돌(엔시티) VS 버츄얼아이돌(플레이브)#엔시티#플레이브#엔시티127,케이팝 읽어주는 남녀,최상위 댓글,@sodosood,우리 빅뱅형들은 롤러스케이트도 탐ㅋㅋㅋㅋㅋㅋ,0,2025-05-03T15:19:45Z,0,Ugyg4QU1iX142hAQkUl4AaABAg,qOB5sIujPH8,UCu35H_MlRqVrhJtnvIWnVkQ,2025-05-03T15:19:45Z,,중립
인간 아이돌(엔시티) VS 버츄얼아이돌(플레이브)#엔시티#플레이브#엔시티127,케이팝 읽어주는 남녀,최상위 댓글,@민달팽이-m9o,ㅋㅋㅋㅋ 개웃기네,1,2025-06-07T03:39:54Z,0,Ugx8BWFKQ_uifHMytEl4AaABAg,qOB5sIujPH8,UCEdmS7BP5kq8PH3TPiEHwtg,2025-06-07T03:39:54Z,,중립
인간 아이돌(엔시티) VS 버츄얼아이돌(플레이브)#엔시티#플레이브#엔시티127,케이팝 읽어주는 남녀,최상위 댓글,@껄스-i5e,투바투Deja vu에서 막 날아다니는씬 있음,0,2025-08-12T13:51:50Z,0,UgwURgdpXCtguuKEY2B4AaABAg,qOB5sIujPH8,UCVLdJ4Lmr4egiVnnVKnGpIw,2025-08-12T13:51:50Z,,중립
인간 아이돌(엔시티) VS 버츄얼아이돌(플레이브)#엔시티#플레이브#엔시티127,케이팝 읽어주는 남녀,최상위 댓글,@평플pyeongpll,장난이라고?? 쉬는시간마다 시비걸고 화장실에서 나 둘러싸고 욕하는 건 좀 아니지 않아?ㅋㅋㅋ,0,2025-04-29T08:48:56Z,0,UgwKnqFSq0yQkFCHv5N4AaABAg,qOB5sIujPH8,UCHIOyV-BofKchGBeKnYT0Wg,2025-04-29T08:48:56Z,,중립
인간 아이돌(엔시티) VS 버츄얼아이돌(플레이브)#엔시티#플레이브#엔시티127,케이팝 읽어주는 남녀,최상위 댓글,@Strong_JadeWizard,"""고요를 체험하시오.""",0,2025-05-02T09:27:09Z,0,Ugy8ajK5sRjSZili1ih4AaABAg,qOB5sIujPH8,UCNVmF4p7oTktSUW7w0pb5EA,2025-05-02T09:27:09Z,,중립
인간 아이돌(엔시티) VS 버츄얼아이돌(플레이브)#엔시티#플레이브#엔시티127,케이팝 읽어주는 남녀,최상위 댓글,@준이빠,😂😂😂ㅋㅋㅋ😂😂😂ㅋㅋㅋ😂😂😂ㅋㅋㅋ😂😂😂,1,2025-06-23T12:20:28Z,0,UgxtRZFg0GoXpGZiUgh4AaABAg,qOB5sIujPH8,UCNsJ56rAg6mGXNkvX3Hdwiw,2025-06-23T12:20:28Z,,중립
인간 아이돌(엔시티) VS 버츄얼아이돌(플레이브)#엔시티#플레이브#엔시티127,케이팝 읽어주는 남녀,최상위 댓글,@user-mx3gf7fy7l,개웃기네ㅋㅋㅋㅋㅋㅋㅋㅋ nct는 진짜 보법이 달라..,0,2025-06-22T16:09:35Z,0,UgzxlEIbJ-lkNiEGBeh4AaABAg,qOB5sIujPH8,UCyM5LXoO_PQ-1XNQXXWNDPg,2025-06-22T16:09:48Z,,중립
인간 아이돌(엔시티) VS 버츄얼아이돌(플레이브)#엔시티#플레이브#엔시티127,케이팝 읽어주는 남녀,최상위 댓글,@단풍-1,둘다 넘 느좋인데용❤❤,0,2025-06-03T05:47:04Z,0,UgzKYWHhnJvOdLC5m4F4AaABAg,qOB5sIujPH8,UCa5GBgHqM8Zm_wgMgC7ZmXw,2025-06-03T05:47:04Z,,중립
인간 아이돌(엔시티) VS 버츄얼아이돌(플레이브)#엔시티#플레이브#엔시티127,케이팝 읽어주는 남녀,최상위 댓글,@Tomboy_23,"수만리 쪽에서는 초능력과 신기한 능력들을 씀
그리고 fnc 에오에는 천사임 (빙글뱅글 뮤비보면 날아 다님)",0,2025-04-29T15:01:46Z,0,Ugx1al9w2eRv-tE9umt4AaABAg,qOB5sIujPH8,UCll_8Pg4o_24kgkPRxTjDKw,2025-04-29T15:02:05Z,,중립
인간 아이돌(엔시티) VS 버츄얼아이돌(플레이브)#엔시티#플레이브#엔시티127,케이팝 읽어주는 남녀,최상위 댓글,@엠마엘라,걍 조용히 덕질만하자..서로 디스할 생각말고..,1,2025-05-13T10:40:13Z,0,UgwdNSSzq54kCeDaQjh4AaABAg,qOB5sIujPH8,UCP-v-dTp-4DRlAzTUYxNW6A,2025-05-13T10:40:13Z,,중립
인간 아이돌(엔시티) VS 버츄얼아이돌(플레이브)#엔시티#플레이브#엔시티127,케이팝 읽어주는 남녀,최상위 댓글,@RIRU07110,제3자 입장에선 뭔가 어이없었을듯ㅋㅋ,1,2025-05-02T10:22:38Z,0,UgyEJBiTtWk75GqUtD94AaABAg,qOB5sIujPH8,UCR4PfLFm_-T1PfBR7_r1U0A,2025-05-02T10:22:38Z,,부정
인간 아이돌(엔시티) VS 버츄얼아이돌(플레이브)#엔시티#플레이브#엔시티127,케이팝 읽어주는 남녀,최상위 댓글,@o_o-k5y,얘네만 보면 이제 두꺼비집 펜타킬만 생각남 ㅋㅋㅋㅋㅋ,0,2025-06-07T11:27:50Z,0,UgxQ9l6Xq71YDNTZDiF4AaABAg,qOB5sIujPH8,UCjYRugA9lg83DmO9oEOhBew,2025-06-07T11:27:50Z,,중립
인간 아이돌(엔시티) VS 버츄얼아이돌(플레이브)#엔시티#플레이브#엔시티127,케이팝 읽어주는 남녀,최상위 댓글,@Leikan-j2i,저거 보고 따른사람이 너희 오빠들은 컴퓨터 전원 뽑으면 사라지잖아 라 말한거있던데,0,2025-04-30T08:27:42Z,0,UgwJf-pzGe7kzQbIVBJ4AaABAg,qOB5sIujPH8,UCu5r2md9bvQ-VLCMA-fOW-Q,2025-04-30T08:27:42Z,,중립
인간 아이돌(엔시티) VS 버츄얼아이돌(플레이브)#엔시티#플레이브#엔시티127,케이팝 읽어주는 남녀,최상위 댓글,@1.__-1-k8n,저희 아이돌도 날아다녀요 저흰 순간이동도 ㅆ가능,0,2025-06-18T13:15:23Z,0,Ugw7ZceAdAferWfdtD54AaABAg,qOB5sIujPH8,UCn_Zk5shXSCbd9KzaS3-4Cg,2025-06-18T13:15:34Z,,중립
인간 아이돌(엔시티) VS 버츄얼아이돌(플레이브)#엔시티#플레이브#엔시티127,케이팝 읽어주는 남녀,최상위 댓글,@horanganhae,ㅋㅋㅋㅋㅋㅋㅋㅋㅋㅋㅋㅋㅋㅋㅋ,0,2025-05-22T12:46:03Z,0,UgxzH5W5EWUWrujTtfl4AaABAg,qOB5sIujPH8,UCUnNWMabysg03cT_m7QDLMg,2025-05-22T12:46:03Z,,중립
인간 아이돌(엔시티) VS 버츄얼아이돌(플레이브)#엔시티#플레이브#엔시티127,케이팝 읽어주는 남녀,최상위 댓글,@쪼코볼우유,앜ㅋㅋㅋㅋㅋㅋㅋㅋㅋㅋㅋㅋㅋㅋ,0,2025-08-22T15:01:46Z,0,Ugw6DRKSRoKP8vqT-WJ4AaABAg,qOB5sIujPH8,UCCIBhiy_cTpiI5bcP9gaUuA,2025-08-22T15:01:46Z,,중립
인간 아이돌(엔시티) VS 버츄얼아이돌(플레이브)#엔시티#플레이브#엔시티127,케이팝 읽어주는 남녀,최상위 댓글,@sinsatang_bung9,버추얼아. 허경영이 했단닼ㅋㅋㅋㅋ,0,2025-05-13T17:23:32Z,0,UgxdGO85iPYrNTFfp_h4AaABAg,qOB5sIujPH8,UCLkwzZmEMrZvm1pOYAF7aCw,2025-05-13T17:23:32Z,,중립
인간 아이돌(엔시티) VS 버츄얼아이돌(플레이브)#엔시티#플레이브#엔시티127,케이팝 읽어주는 남녀,최상위 댓글,@비지니스_0070,댓글이 ㄹㅈㄷ네ㅋㅋㅋㅋㅋㅋ,2,2025-05-02T13:08:13Z,0,Ugxvk9SF_FdqkE__Smx4AaABAg,qOB5sIujPH8,UCeEoNXubZSr99khftOPaJUw,2025-05-02T13:08:13Z,,중립
인간 아이돌(엔시티) VS 버츄얼아이돌(플레이브)#엔시티#플레이브#엔시티127,케이팝 읽어주는 남녀,최상위 댓글,@하루마사24번째손톱,"걍 다른 장르로 좀 나눠라
난 욕은 안 했는데 진짜 이해 못하겠어 이해 못하는 사람도 존중해줘...좀 우리들끼리 놀고 니네는 니네끼리 놀면 얼마나 좋냐",1,2025-05-16T15:31:27Z,0,Ugx7glYsmyynA-WRhbN4AaABAg,qOB5sIujPH8,UCYQ8JsqgezNOgiSc5oFwSkw,2025-05-16T15:31:27Z,,중립
인간 아이돌(엔시티) VS 버츄얼아이돌(플레이브)#엔시티#플레이브#엔시티127,케이팝 읽어주는 남녀,최상위 댓글,@lllllllllli-l8q,"팬들도 본체,캐릭터인 거 감안하고 좋아하는 건데 지네가 뭔데 캐릭터를 왜 좋아하냐 실제론 아저씨다 거리냐ㅋㅋㅋㅋ웹툰도 그림인데 잘생겼다 하면서 플레이브는 잘생긴 게 아니라 잘 그려진거다 하고 있고ㅋㅋㅋ 두꺼비집 드립 재미없어요 욕할거면 아이디어라도 가져 오지 항상 드립이 똑같냐ㅋㅋㅋ",5,2025-08-20T12:47:53Z,1,Ugw0n5KhKWeh463ww3J4AaABAg,qOB5sIujPH8,UCS6Wp7MfDfE7Tbz2t0dRaLA,2025-08-20T12:47:53Z,,긍정
인간 아이돌(엔시티) VS 버츄얼아이돌(플레이브)#엔시티#플레이브#엔시티127,케이팝 읽어주는 남녀,대댓글,@은하수0312,저는 너무 지겨워서 참신한 거 가지고 오라 했어요 어떻게 3년 전이나 지금이나 드립이 똑같은지....😊,0,2026-01-08T00:32:34Z,0,Ugw0n5KhKWeh463ww3J4AaABAg.AM2SnRvCYFZARhCj7F5ikU,qOB5sIujPH8,UCu8wXDuDd6M-IgxZH3yoVlw,2026-01-08T00:32:34Z,Ugw0n5KhKWeh463ww3J4AaABAg,중립
인간 아이돌(엔시티) VS 버츄얼아이돌(플레이브)#엔시티#플레이브#엔시티127,케이팝 읽어주는 남녀,최상위 댓글,@rimuri._mu,"첫번째는 누가봐도 팬이 아닌데, 애초에 저렇게 비꼬아서 말하는 팬은 둔적 없음😩",8,2025-06-04T15:12:36Z,0,Ugyj4-AO-E1l5V3C0CJ4AaABAg,qOB5sIujPH8,UCJrF2tANZ7lWBqxk9Fo1X_Q,2025-06-04T15:12:36Z,,중립
인간 아이돌(엔시티) VS 버츄얼아이돌(플레이브)#엔시티#플레이브#엔시티127,케이팝 읽어주는 남녀,최상위 댓글,@podohan-ing,"취존합니다
솔직히 저는 갠적으로 재밌음ㅋㅋㄱㄱㅋ",0,2025-04-29T22:41:08Z,0,UgzDV00MU_z-km1GXAx4AaABAg,qOB5sIujPH8,UC8R7QSRNscCX5eLH45amqIA,2025-04-29T22:41:08Z,,긍정
인간 아이돌(엔시티) VS 버츄얼아이돌(플레이브)#엔시티#플레이브#엔시티127,케이팝 읽어주는 남녀,최상위 댓글,@lueni258,아니 근데 플레이브 팬 말투가 너무 웃김ㅋㅋㅋ,0,2025-05-01T05:36:05Z,0,UgyR5hPl7rVrVNT03ap4AaABAg,qOB5sIujPH8,UCqCqbcEb6dJQsOpBQs_5cTA,2025-05-01T05:36:05Z,,중립
인간 아이돌(엔시티) VS 버츄얼아이돌(플레이브)#엔시티#플레이브#엔시티127,케이팝 읽어주는 남녀,최상위 댓글,@불닭먹고싶다2,ㅈㄴ 웃기네 ㅋㅋㅋㅋㅋㅋㅋㅋㅋㅋ,0,2025-04-30T06:29:34Z,0,UgwwFgQvrK7ADZw--lR4AaABAg,qOB5sIujPH8,UCuPcj_Rit_l6bVLp0_KgVng,2025-04-30T06:29:34Z,,중립
인간 아이돌(엔시티) VS 버츄얼아이돌(플레이브)#엔시티#플레이브#엔시티127,케이팝 읽어주는 남녀,최상위 댓글,@Jwjssiwo2,저거 올린 인간 플레이브 팬이 아닌 타팬이 플레이브 조롱하려고 올린글인데 이렇게 웃기게 마무리 되네,0,2025-11-23T01:52:55Z,1,UgyPrfkPjB4643RpT2Z4AaABAg,qOB5sIujPH8,UCuaVLWIy9z9nRJCEF-AhbHg,2025-11-23T01:52:55Z,,중립
인간 아이돌(엔시티) VS 버츄얼아이돌(플레이브)#엔시티#플레이브#엔시티127,케이팝 읽어주는 남녀,대댓글,@은하수0312,플리인 나로썬 그냥 둘 다 편집인 거 알아서 웃긴데 일반인들이 물어뜯는 게 어이없긴 햌ㅋㅋㅋ,1,2026-01-08T00:30:12Z,0,UgyPrfkPjB4643RpT2Z4AaABAg.APquMOAsAeKARhCSndM87e,qOB5sIujPH8,UCu8wXDuDd6M-IgxZH3yoVlw,2026-01-08T00:30:12Z,UgyPrfkPjB4643RpT2Z4AaABAg,부정
인간 아이돌(엔시티) VS 버츄얼아이돌(플레이브)#엔시티#플레이브#엔시티127,케이팝 읽어주는 남녀,최상위 댓글,@nngghhs2,둘 중 어느 한 명도 플리가 아니라는게 존나 웃긴 점,0,2025-04-30T07:31:42Z,0,UgwKm5xHf66AFCwgyjh4AaABAg,qOB5sIujPH8,UCTMUnAUjiiv6aK_imRWGWVg,2025-04-30T07:31:42Z,,중립
인간 아이돌(엔시티) VS 버츄얼아이돌(플레이브)#엔시티#플레이브#엔시티127,케이팝 읽어주는 남녀,최상위 댓글,@evocator2101,애니를 좋아하는 씹덕들이 많듯이 버츄얼을 좋아하는 씹덕들도 많은 거지 뭐 요즘 이런 거 흔하지 않음?,1,2025-05-10T13:54:44Z,0,Ugwehbix4wPDtww2hQl4AaABAg,qOB5sIujPH8,UCSICaaNyKjzG3U5mSDxSglw,2025-05-10T13:54:44Z,,긍정
인간 아이돌(엔시티) VS 버츄얼아이돌(플레이브)#엔시티#플레이브#엔시티127,케이팝 읽어주는 남녀,최상위 댓글,@감자-v8s4d,아 ㅈㄴㅋㅋㅋㄱㅋㄱ,0,2025-04-30T13:05:15Z,0,Ugw3pecLtbfdh1IB_9R4AaABAg,qOB5sIujPH8,UCfcjEJD_5GR2PPHOkaFnSEA,2025-04-30T13:05:15Z,,중립
인간 아이돌(엔시티) VS 버츄얼아이돌(플레이브)#엔시티#플레이브#엔시티127,케이팝 읽어주는 남녀,최상위 댓글,@케케크롱_kk,6여름 노래 전나 좋음,2,2025-04-30T10:52:57Z,0,Ugw7lDjwJvtwvWl9N4l4AaABAg,qOB5sIujPH8,UCkk35crZKLadQfAZsYlfW8g,2025-04-30T10:52:57Z,,중립
인간 아이돌(엔시티) VS 버츄얼아이돌(플레이브)#엔시티#플레이브#엔시티127,케이팝 읽어주는 남녀,최상위 댓글,@ch._.seoyxn,"""즐기는 놈들""",0,2026-01-19T08:01:15Z,0,UgyGbcfGn-3qNvvnS5V4AaABAg,qOB5sIujPH8,UCFcCSUlbGPemV3RazqvfmaQ,2026-01-19T08:01:15Z,,중립
인간 아이돌(엔시티) VS 버츄얼아이돌(플레이브)#엔시티#플레이브#엔시티127,케이팝 읽어주는 남녀,최상위 댓글,@해치치-n2d,버추얼아이돌은 조금만잘못만들면뭔가불쾌한골짜기임,2,2025-05-23T23:09:47Z,0,Ugz9BqwFP9VEUHqCy9l4AaABAg,qOB5sIujPH8,UCX7SoUAabns4cr4tshp821Q,2025-05-23T23:09:47Z,,중립
인간 아이돌(엔시티) VS 버츄얼아이돌(플레이브)#엔시티#플레이브#엔시티127,케이팝 읽어주는 남녀,최상위 댓글,@boricute1018,ㅋㅋㅋㅋㅋㅋㅋㅋㅋㅋㅋㅋㅋ,0,2025-04-30T22:00:45Z,0,UgyJZzivmbLvFjyyJk54AaABAg,qOB5sIujPH8,UC0SfKUPFn9loT296DMdoZ_g,2025-04-30T22:00:45Z,,중립
인간 아이돌(엔시티) VS 버츄얼아이돌(플레이브)#엔시티#플레이브#엔시티127,케이팝 읽어주는 남녀,최상위 댓글,@6432ns2s,노아 진짜 귀엽다,0,2025-06-09T03:45:21Z,0,UgzrDJ99BdihyNkKvpd4AaABAg,qOB5sIujPH8,UCAQh_x3xJmqanTKKfgAoVlA,2025-06-09T03:45:21Z,,중립
인간 아이돌(엔시티) VS 버츄얼아이돌(플레이브)#엔시티#플레이브#엔시티127,케이팝 읽어주는 남녀,최상위 댓글,@통붕2,이세돌:둘이서 뭐하냐,2,2025-05-02T11:18:08Z,0,UgyVK0dF8nxpR2eqwQx4AaABAg,qOB5sIujPH8,UCY2v6FEG2XH47xec7VqZUkw,2025-05-02T11:18:08Z,,중립
인간 아이돌(엔시티) VS 버츄얼아이돌(플레이브)#엔시티#플레이브#엔시티127,케이팝 읽어주는 남녀,최상위 댓글,@혜성-m7b,ㅋㅋㅋㅋㅋㅋㅋㅋㅋㅋ,0,2025-05-02T02:56:24Z,0,Ugzkw2TpZWBfUG0SzMh4AaABAg,qOB5sIujPH8,UCXKSWeUO-KQPcwd52MWjJkg,2025-05-02T02:56:24Z,,중립
인간 아이돌(엔시티) VS 버츄얼아이돌(플레이브)#엔시티#플레이브#엔시티127,케이팝 읽어주는 남녀,최상위 댓글,@이비-i3u,"아니 저때 다른 팬덤한테 존나 쳐맞고있었음,,,,",0,2025-06-20T07:28:12Z,0,Ugzb2KIdg108yim6iMN4AaABAg,qOB5sIujPH8,UCARDRRn3tAOEb98QCRu-uSA,2025-06-20T07:28:12Z,,중립
인간 아이돌(엔시티) VS 버츄얼아이돌(플레이브)#엔시티#플레이브#엔시티127,케이팝 읽어주는 남녀,최상위 댓글,@Tusuk,ㅅㅂ 자강두천이냐고ㅋㅋㅋㅋ,0,2025-05-01T02:40:59Z,0,Ugyh6EDnqDo6HY98LxB4AaABAg,qOB5sIujPH8,UCRDJLkSdqw61p7CWvtPfw4g,2025-05-01T02:40:59Z,,중립
인간 아이돌(엔시티) VS 버츄얼아이돌(플레이브)#엔시티#플레이브#엔시티127,케이팝 읽어주는 남녀,최상위 댓글,@WOODZ720,버추얼은 기술력은 뛰어나도 사람은 못이겨….,0,2025-07-23T14:05:39Z,0,UgzPownj3E0MtxNlz4F4AaABAg,qOB5sIujPH8,UCIai2-52myfpGfMIC5aeJ8A,2025-07-23T14:05:39Z,,중립
인간 아이돌(엔시티) VS 버츄얼아이돌(플레이브)#엔시티#플레이브#엔시티127,케이팝 읽어주는 남녀,최상위 댓글,@A_yy282,ㅋㅎㅋㅎ,0,2025-05-01T13:53:55Z,0,UgyvKOjzJtyXMBROpVx4AaABAg,qOB5sIujPH8,UCOanm7bsHIa3HhMglCtPYAA,2025-05-01T13:53:55Z,,중립
인간 아이돌(엔시티) VS 버츄얼아이돌(플레이브)#엔시티#플레이브#엔시티127,케이팝 읽어주는 남녀,최상위 댓글,@jsy1403,근데 노래는 좋긴 해,2,2025-08-25T14:42:18Z,0,UgyBIBd-_i_g2U9uiEl4AaABAg,qOB5sIujPH8,UCMsMCHvYdgisgyVZDRenlBQ,2025-08-25T14:42:18Z,,중립
인간 아이돌(엔시티) VS 버츄얼아이돌(플레이브)#엔시티#플레이브#엔시티127,케이팝 읽어주는 남녀,최상위 댓글,@시봉방거되는닉이없네,로켓펀쳐 아마멘터 제노글로시 이디해커 보유함,0,2025-04-30T12:55:23Z,0,UgyKkYoSt-rtXFlHjHN4AaABAg,qOB5sIujPH8,UCPm9zZzNG0H7G2Xs063MaPg,2025-04-30T12:55:23Z,,중립
인간 아이돌(엔시티) VS 버츄얼아이돌(플레이브)#엔시티#플레이브#엔시티127,케이팝 읽어주는 남녀,최상위 댓글,@YGYUL,(손잡는 영상올리며)???:너네는 이런거 못하지?ㅋ,0,2025-05-01T12:07:56Z,0,Ugzhngeeq8DxHOOEdA94AaABAg,qOB5sIujPH8,UCMT2ioQyDC712waALD5qqQA,2025-05-01T12:07:56Z,,중립
인간 아이돌(엔시티) VS 버츄얼아이돌(플레이브)#엔시티#플레이브#엔시티127,케이팝 읽어주는 남녀,최상위 댓글,@인생은고해다,엑소는 컨셉이 초능력이였다는 거 ㅋㅋㅋ,0,2025-05-11T09:19:12Z,0,UgyP8EuKHTSidZhU8wR4AaABAg,qOB5sIujPH8,UCEfwkgtLd_-Fwclkz8zKB5Q,2025-05-11T09:19:12Z,,중립
인간 아이돌(엔시티) VS 버츄얼아이돌(플레이브)#엔시티#플레이브#엔시티127,케이팝 읽어주는 남녀,최상위 댓글,@ZeroRose-0420,찢었닼ㅋㅋㅋ,0,2025-07-04T18:31:35Z,0,UgwJ_TjvEthxNf1TZW14AaABAg,qOB5sIujPH8,UCWcTUmwBe-TWzJA3yHe2E7g,2025-07-04T18:31:35Z,,중립
인간 아이돌(엔시티) VS 버츄얼아이돌(플레이브)#엔시티#플레이브#엔시티127,케이팝 읽어주는 남녀,최상위 댓글,@서아름-d1r,ㅋㅋㅋㅋㅋ,0,2025-05-13T11:39:57Z,0,UgwQv1l34nsrJVzezYJ4AaABAg,qOB5sIujPH8,UCUZ6LDvLAF7TV6gBN8RFksw,2025-05-13T11:39:57Z,,중립
인간 아이돌(엔시티) VS 버츄얼아이돌(플레이브)#엔시티#플레이브#엔시티127,케이팝 읽어주는 남녀,최상위 댓글,@음신,진짜 이해안가는 그들만의 리그,1,2025-04-30T11:15:15Z,0,Ugy9eEIGfL1XNAPVkoR4AaABAg,qOB5sIujPH8,UCvbUlajqPztFDs4QAko8vJw,2025-04-30T11:15:15Z,,중립
인간 아이돌(엔시티) VS 버츄얼아이돌(플레이브)#엔시티#플레이브#엔시티127,케이팝 읽어주는 남녀,최상위 댓글,@픽-x5f,"""돈만 있으면 됩니다""",0,2025-06-13T09:31:45Z,0,UgxXuraz6itqKbD5T6V4AaABAg,qOB5sIujPH8,UCSjC3dXxcuj1qNwPkwwR_kw,2025-06-13T09:31:45Z,,중립
인간 아이돌(엔시티) VS 버츄얼아이돌(플레이브)#엔시티#플레이브#엔시티127,케이팝 읽어주는 남녀,최상위 댓글,@믿어핑은내가지킨다,노아형 어디가……😂😂😂,0,2025-05-25T02:05:07Z,0,UgxjF-p4AhCaVkNW_Yd4AaABAg,qOB5sIujPH8,UCxNirAT3t5efnbaMDHcwDCw,2025-05-25T02:05:07Z,,중립
인간 아이돌(엔시티) VS 버츄얼아이돌(플레이브)#엔시티#플레이브#엔시티127,케이팝 읽어주는 남녀,최상위 댓글,@우승연-z9c,플레이브 사랑해,1,2025-05-12T14:00:13Z,0,UgyAgX9SEYsUX2pdupx4AaABAg,qOB5sIujPH8,UCzbhTqqko76POuPfNh4pIjg,2025-05-12T14:00:13Z,,긍정
인간 아이돌(엔시티) VS 버츄얼아이돌(플레이브)#엔시티#플레이브#엔시티127,케이팝 읽어주는 남녀,최상위 댓글,@돌멩이_2e,ㅌㅋㅋㅋㅋㅋㅋ,0,2025-05-03T04:27:32Z,0,Ugz2Pmchm2sBvIt1V3J4AaABAg,qOB5sIujPH8,UCDXbyf_xHPxpdYy2YGMQFaA,2025-05-03T04:27:32Z,,중립
인간 아이돌(엔시티) VS 버츄얼아이돌(플레이브)#엔시티#플레이브#엔시티127,케이팝 읽어주는 남녀,최상위 댓글,@차유빈-r8c,쟤들은 뮤비가 아니잖아,1,2025-06-07T08:19:43Z,0,Ugx4gIVXBPTvoYofC0t4AaABAg,qOB5sIujPH8,UCIC-d94wb-QuTEt3faVdtZQ,2025-06-07T08:19:43Z,,중립
인간 아이돌(엔시티) VS 버츄얼아이돌(플레이브)#엔시티#플레이브#엔시티127,케이팝 읽어주는 남녀,최상위 댓글,@fear_b,하지만 두꺼비집 내리면 펜타킬,1,2025-04-30T06:33:34Z,0,Ugyvxir7vdyiW5Zb1sh4AaABAg,qOB5sIujPH8,UCxwHnpZ2jhWRz5cK40RN-hA,2025-04-30T06:33:34Z,,중립
인간 아이돌(엔시티) VS 버츄얼아이돌(플레이브)#엔시티#플레이브#엔시티127,케이팝 읽어주는 남녀,최상위 댓글,@정신나같음,싸움 안 붙어서 다행이네 이러고 있었는데 자세히 보니까;; 싸움좀 작작 붙여라,0,2025-05-11T01:12:53Z,0,UgxZs852pjDmb9rDjuR4AaABAg,qOB5sIujPH8,UCqojwBWviNw_bQLgZT0lMrQ,2025-05-11T01:12:53Z,,중립
인간 아이돌(엔시티) VS 버츄얼아이돌(플레이브)#엔시티#플레이브#엔시티127,케이팝 읽어주는 남녀,최상위 댓글,@연준-아내,내친구는 딴남돌 좋아하는데 프레이브팬이랑 싸움났는데 내친구가 니네는 그럼 팬싸할때 손이 뭐 통과하냐 이래서 친구가 좋아하는남돌이 이겼다고 자랑함 ㅋㅋㅋㅋㅋ,0,2026-01-20T03:09:59Z,0,UgxCahdWMvSfenc8Xyl4AaABAg,qOB5sIujPH8,UCHze8urkGRNUSxkZxFjWSLg,2026-01-20T03:09:59Z,,긍정
인간 아이돌(엔시티) VS 버츄얼아이돌(플레이브)#엔시티#플레이브#엔시티127,케이팝 읽어주는 남녀,최상위 댓글,@jingburgerger,"자기가 단군할아버지도 아니면서 돌판에 꺼드럭대는게 싫다면서 욕하는 거? 돌판 설립자 납셨네

그냥 자신보다 잘 나서 욕하고 싶은 거 아님?",1,2025-05-08T08:01:52Z,0,UgwA6oCAAmH9Ft_g-594AaABAg,qOB5sIujPH8,UC_wJxdhL6u_6YVInKWkr29g,2025-05-08T08:01:52Z,,중립
인간 아이돌(엔시티) VS 버츄얼아이돌(플레이브)#엔시티#플레이브#엔시티127,케이팝 읽어주는 남녀,최상위 댓글,@Just-god,“두꺼비집”,0,2025-04-30T13:25:02Z,0,UgyUamm3dWfy29zOs794AaABAg,qOB5sIujPH8,UCGUWla-g6bI4BuDhkidgRpw,2025-04-30T13:25:02Z,,중립
인간 아이돌(엔시티) VS 버츄얼아이돌(플레이브)#엔시티#플레이브#엔시티127,케이팝 읽어주는 남녀,최상위 댓글,@sj.0z,인간아이돌 ㅅㅂ ㅋㅋㅋㅋㅋㅋㅋㅋ,0,2025-06-05T18:10:04Z,0,Ugyo7nc3mNDjd-FP4154AaABAg,qOB5sIujPH8,UC9bwF063cY38iU4rGdlCiGQ,2025-06-05T18:10:04Z,,중립
인간 아이돌(엔시티) VS 버츄얼아이돌(플레이브)#엔시티#플레이브#엔시티127,케이팝 읽어주는 남녀,최상위 댓글,@집가고싶다-j7n,뭐야 남자 버츄얼 아이돌은 있는지도 몰랐네,0,2025-04-30T05:43:20Z,0,Ugz5lSJ7qpWsLiOzUKF4AaABAg,qOB5sIujPH8,UCzMxG-a00gNlQ2F4H1SBR4Q,2025-04-30T05:43:20Z,,중립
인간 아이돌(엔시티) VS 버츄얼아이돌(플레이브)#엔시티#플레이브#엔시티127,케이팝 읽어주는 남녀,최상위 댓글,@렌도넛_Rendonut,얼굴도 편집 실력도 인간 아이돌 팬이 더 강하누 ㅋ,0,2025-04-30T06:59:04Z,0,UgzjDG-mi2ymJx4_Ca54AaABAg,qOB5sIujPH8,UCGb3DqN64qiO-LKtc45CewA,2025-04-30T06:59:04Z,,중립
인간 아이돌(엔시티) VS 버츄얼아이돌(플레이브)#엔시티#플레이브#엔시티127,케이팝 읽어주는 남녀,최상위 댓글,@kokoball0606,보법이 남다른 nct127,0,2025-04-30T17:51:05Z,0,UgxRx2FoVbk0uq1W0FF4AaABAg,qOB5sIujPH8,UCh6b99WpZMc79BQnxFXrCbg,2025-04-30T17:51:05Z,,중립
인간 아이돌(엔시티) VS 버츄얼아이돌(플레이브)#엔시티#플레이브#엔시티127,케이팝 읽어주는 남녀,최상위 댓글,@jjondige,저게 그 전원 끄면 펜타킬 맞죠?,0,2025-06-07T13:57:16Z,0,UgwszlUBY4plq0SjxsV4AaABAg,qOB5sIujPH8,UCvfrIzzbbgtWOG0y329g5Ww,2025-06-07T13:57:16Z,,중립
인간 아이돌(엔시티) VS 버츄얼아이돌(플레이브)#엔시티#플레이브#엔시티127,케이팝 읽어주는 남녀,최상위 댓글,@최영욱-s5p,전기 코드 뽑아놓으면 죽음?,2,2025-05-01T03:31:40Z,0,UgxxI10QDo0dFR1Mf0J4AaABAg,qOB5sIujPH8,UCD5j07g9AveUxuasGE0ZgoA,2025-05-01T03:31:40Z,,중립
인간 아이돌(엔시티) VS 버츄얼아이돌(플레이브)#엔시티#플레이브#엔시티127,케이팝 읽어주는 남녀,최상위 댓글,@aginkim2609,sm이 진짜 광기이긴 하네 저 감성을 오래전부터했으니,0,2025-05-20T21:27:00Z,0,Ugwo8FVDs5-ikz7jF6V4AaABAg,qOB5sIujPH8,UCbdB2W1_Ekr56EZxXLiHH4A,2025-05-20T21:27:00Z,,중립
인간 아이돌(엔시티) VS 버츄얼아이돌(플레이브)#엔시티#플레이브#엔시티127,케이팝 읽어주는 남녀,최상위 댓글,@커튼-j8k,원트 찾고 있었는데 드디어,0,2025-05-04T10:17:08Z,0,UgwabTHgpZVST9beaUp4AaABAg,qOB5sIujPH8,UCxRGuZVMP4Xc6Xzf8EGJq_g,2025-05-04T10:17:08Z,,중립
인간 아이돌(엔시티) VS 버츄얼아이돌(플레이브)#엔시티#플레이브#엔시티127,케이팝 읽어주는 남녀,최상위 댓글,@짜자장-j,제목에 버츄얼 아이돌 팬들의 감정이..ㅋㅋㅋㅋ,1,2025-04-28T23:09:29Z,1,UgyN-PFnyrfSAERZSTR4AaABAg,qOB5sIujPH8,UCCQXEgRH7HoFrZlZOYRPMww,2025-04-28T23:09:29Z,,중립
인간 아이돌(엔시티) VS 버츄얼아이돌(플레이브)#엔시티#플레이브#엔시티127,케이팝 읽어주는 남녀,대댓글,@짜자장-j,@꼼쭈리    아하 그렇군요..버츄얼은 보는데 버츄얼 아이돌은 잘몰라서요..혹시 기분 안좋으셨으면 죄송합니다!..전 플레이브 팬은 아니더라도 버츄얼쪽이 욕먹지는 않았음해요!응원합니다😊,0,2025-04-29T22:51:46Z,0,UgyN-PFnyrfSAERZSTR4AaABAg.AHU1JPH5VKIAHW_4UnZgYS,qOB5sIujPH8,UCCQXEgRH7HoFrZlZOYRPMww,2025-04-29T22:55:56Z,UgyN-PFnyrfSAERZSTR4AaABAg,중립
인간 아이돌(엔시티) VS 버츄얼아이돌(플레이브)#엔시티#플레이브#엔시티127,케이팝 읽어주는 남녀,최상위 댓글,@우에엥-z2w,ㅎㅎㅎㅎㅎㅎ재가좋아하는건 언니들이라,0,2025-04-30T22:58:45Z,0,UgzzKsoaE8Nw99xMooB4AaABAg,qOB5sIujPH8,UCNE1lskDH5AtC-Qku8hRPLA,2025-04-30T22:58:45Z,,긍정
인간 아이돌(엔시티) VS 버츄얼아이돌(플레이브)#엔시티#플레이브#엔시티127,케이팝 읽어주는 남녀,최상위 댓글,@룰루랄라-h5j,심지어 127이 더 먼저함ㅋㅋㅋㅋ,0,2025-05-01T10:31:27Z,0,UgwkQmpo-8W23snSBRN4AaABAg,qOB5sIujPH8,UC8K3R9LTedyaE0oDMdVv75w,2025-05-01T10:31:27Z,,중립
인간 아이돌(엔시티) VS 버츄얼아이돌(플레이브)#엔시티#플레이브#엔시티127,케이팝 읽어주는 남녀,최상위 댓글,@Angn-k1w,"""인간승리""",1,2025-05-02T14:12:16Z,0,UgxA_oMRRMpeNBlKKut4AaABAg,qOB5sIujPH8,UCcz5MnI4-YycfNKnIWOZnUw,2025-05-02T14:12:16Z,,중립
인간 아이돌(엔시티) VS 버츄얼아이돌(플레이브)#엔시티#플레이브#엔시티127,케이팝 읽어주는 남녀,최상위 댓글,@slslsfkqook243,굴굴굴굴굴굴굴,1,2025-05-11T14:51:01Z,0,UgxHvVU96UjSBGnS0eF4AaABAg,qOB5sIujPH8,UC11hE_vKgRYWssy__pQnddQ,2025-05-11T14:51:01Z,,중립
인간 아이돌(엔시티) VS 버츄얼아이돌(플레이브)#엔시티#플레이브#엔시티127,케이팝 읽어주는 남녀,최상위 댓글,@oklsowvte,"유타업,,,,ㅋ ㅋ ㅋ ㅋ ㅋ ㅋ ❤ ❤ ❤",0,2025-04-29T03:52:05Z,0,Ugxq2Lk8bmnmOpgjSth4AaABAg,qOB5sIujPH8,UCqe7RWW8mJgJRQUv-9cUklA,2025-04-29T03:52:05Z,,중립
인간 아이돌(엔시티) VS 버츄얼아이돌(플레이브)#엔시티#플레이브#엔시티127,케이팝 읽어주는 남녀,최상위 댓글,@브이로그-v6u,버츄얼보단 인간이지,1,2025-05-01T12:40:41Z,0,Ugye0D9au-A_pqz2ttl4AaABAg,qOB5sIujPH8,UCEEKoNh4T3dJwppQrMTIu_w,2025-05-01T12:40:41Z,,중립
인간 아이돌(엔시티) VS 버츄얼아이돌(플레이브)#엔시티#플레이브#엔시티127,케이팝 읽어주는 남녀,최상위 댓글,@헤밍둥,처음에 둘이 묘하게 닮았는데,0,2025-07-31T12:47:33Z,0,UgwK69JQcKqDCrRHpct4AaABAg,qOB5sIujPH8,UCGWB-vusMKwLBxygcPEvXMg,2025-07-31T12:47:36Z,,중립
인간 아이돌(엔시티) VS 버츄얼아이돌(플레이브)#엔시티#플레이브#엔시티127,케이팝 읽어주는 남녀,최상위 댓글,@응애-d1i,저게 팬으로 보임? 걍 타팬이 플레이브 까려고 쳐 올린 걸 ㅋㅋ 팬이라고 올리는 건 진짜 무능하네,1,2026-01-21T08:48:42Z,0,UgwEiqmFmiqRD1QsNS14AaABAg,qOB5sIujPH8,UCKW6ZrW0aOF1QKbB-PgdQSw,2026-01-21T08:48:42Z,,중립
인간 아이돌(엔시티) VS 버츄얼아이돌(플레이브)#엔시티#플레이브#엔시티127,케이팝 읽어주는 남녀,최상위 댓글,@life-jb8fy,너희들은 이제하니? 한국은 이미 20년전부터 뮤비에서 날라다녔다,0,2025-04-30T01:54:10Z,0,UgxvNlmmNCp60wdVQkV4AaABAg,qOB5sIujPH8,UCQIp6H1DGuz4aZL8YLxUGew,2025-04-30T01:54:10Z,,중립
인간 아이돌(엔시티) VS 버츄얼아이돌(플레이브)#엔시티#플레이브#엔시티127,케이팝 읽어주는 남녀,최상위 댓글,@VOEC0521,ㅁㅊㅋㅋㅋㅋㅋㅋㅋㅋ,0,2025-05-30T11:57:00Z,0,Ugzly_yumvJ_1MOtjj54AaABAg,qOB5sIujPH8,UCiv0binKXRAkVXAw4WarsEg,2025-05-30T11:57:00Z,,중립
인간 아이돌(엔시티) VS 버츄얼아이돌(플레이브)#엔시티#플레이브#엔시티127,케이팝 읽어주는 남녀,최상위 댓글,@이해쌉가능,미친 ㅋㅋㅋㅋㅋㅋㅋㅋㅋ,0,2025-06-03T10:26:20Z,0,Ugx0RB_XMAZdupZt8ox4AaABAg,qOB5sIujPH8,UCOn-fAKL4NhUfhKFsmZiAyQ,2025-06-03T10:26:20Z,,중립
인간 아이돌(엔시티) VS 버츄얼아이돌(플레이브)#엔시티#플레이브#엔시티127,케이팝 읽어주는 남녀,최상위 댓글,@7rac0r,요즘아이돌들 걍 웃김ㅋㅋㅋ,0,2025-05-06T07:19:36Z,0,UgzvJKxqtGVbsgvTbbh4AaABAg,qOB5sIujPH8,UCa1LFVNdcoONNyMARM25oIQ,2025-05-06T07:19:36Z,,중립
인간 아이돌(엔시티) VS 버츄얼아이돌(플레이브)#엔시티#플레이브#엔시티127,케이팝 읽어주는 남녀,최상위 댓글,@손현준-s5i,ajr 라이브 보면 얘기가 달라짐,0,2025-05-06T12:03:15Z,0,UgyD6c9pbs6TqYcAfDB4AaABAg,qOB5sIujPH8,UCd5S2a1Ov5zhxw3YiUQ9GEw,2025-05-06T12:03:15Z,,중립
인간 아이돌(엔시티) VS 버츄얼아이돌(플레이브)#엔시티#플레이브#엔시티127,케이팝 읽어주는 남녀,최상위 댓글,@딸크냠냠x도,하고 싶지도 않음..;;,2,2025-05-03T13:06:32Z,0,UgwjjFtwfMq0Pjd4GAt4AaABAg,qOB5sIujPH8,UCVYaSKWxOGIvqkiJmve6qBQ,2025-05-03T13:06:32Z,,중립
인간 아이돌(엔시티) VS 버츄얼아이돌(플레이브)#엔시티#플레이브#엔시티127,케이팝 읽어주는 남녀,최상위 댓글,@혓서냔락,아니 재밌자고 한거고 실제로 재밌게 끝났는데 왜 지들이 이긴거같이 개신나서 지랄하는거임?뭐 이걸로 대전이라도 떴어?,0,2025-05-03T08:33:19Z,0,UgwXK_eqWeOM3NhjYGp4AaABAg,qOB5sIujPH8,UCnqbYkRQLTM3nuXKBbPvWbQ,2025-05-03T08:33:19Z,,긍정
인간 아이돌(엔시티) VS 버츄얼아이돌(플레이브)#엔시티#플레이브#엔시티127,케이팝 읽어주는 남녀,최상위 댓글,@user-pi2hw6bo8y,솔직히 소재자체가 웃긴데 버추얼은 특유의 부드러우면서 삐걱대는 듯한 모션이 진짜 무언가를 참을 수 없게 만듦. 아무리 아이돌처럼 행동해도 묘하게 유튜브 버추얼들 같은 씹스러움이 느껴짐.,2,2025-05-03T13:35:57Z,0,Ugxieq2ywyKVIRr9oC94AaABAg,qOB5sIujPH8,UCILJ--QulSsHuSRQ7u9iluQ,2025-05-03T13:37:43Z,,중립
인간 아이돌(엔시티) VS 버츄얼아이돌(플레이브)#엔시티#플레이브#엔시티127,케이팝 읽어주는 남녀,최상위 댓글,@B_inhgg,아 ㅋㅋㅋ 진짜 ㅈㄴ웃기네,0,2025-05-13T11:58:40Z,0,UgxrJ0DTmucTspYhSPR4AaABAg,qOB5sIujPH8,UCv2i_5ZRs4QF_sUPdVLMaMA,2025-05-13T11:58:40Z,,중립
인간 아이돌(엔시티) VS 버츄얼아이돌(플레이브)#엔시티#플레이브#엔시티127,케이팝 읽어주는 남녀,최상위 댓글,@user-fj8zd3fk7t,???:느그 아이돌은 팬미팅을 제페토에서 하나요??,0,2025-04-30T23:05:24Z,0,UgzsUIoZYVVVjeS0xjZ4AaABAg,qOB5sIujPH8,UCfaxYAfbZ7miIFcRJLLAQGw,2025-04-30T23:05:24Z,,중립
인간 아이돌(엔시티) VS 버츄얼아이돌(플레이브)#엔시티#플레이브#엔시티127,케이팝 읽어주는 남녀,최상위 댓글,@eop-u8g928ijslld,버츄얼은 현타 존나올것같다,1,2025-05-01T22:27:04Z,0,UgyeBvcEzCpzbsIcRrd4AaABAg,qOB5sIujPH8,UC7a2wUlzxSHfrWGqEt2cSKw,2025-05-01T22:27:04Z,,중립
인간 아이돌(엔시티) VS 버츄얼아이돌(플레이브)#엔시티#플레이브#엔시티127,케이팝 읽어주는 남녀,최상위 댓글,@6974-k7y,매드몬스터는 세상의 불을 꺼버릴 수 있음,0,2025-04-30T13:22:09Z,0,UgyFaKFZVnSfBZincrp4AaABAg,qOB5sIujPH8,UCVDTajQCMwHjDRZOeeVJpRw,2025-04-30T13:22:09Z,,중립
인간 아이돌(엔시티) VS 버츄얼아이돌(플레이브)#엔시티#플레이브#엔시티127,케이팝 읽어주는 남녀,최상위 댓글,@아코캐럿,ㅋㅋㅋㅋㅋㅋㅋㅋㅋㅋㅋㅋㅋㅋ,0,2025-06-20T12:38:53Z,0,UgzSmIAMCuqsBdgoKW14AaABAg,qOB5sIujPH8,UCNg7tvx7h7aFjazuaG_UuLQ,2025-06-20T12:38:53Z,,중립
인간 아이돌(엔시티) VS 버츄얼아이돌(플레이브)#엔시티#플레이브#엔시티127,케이팝 읽어주는 남녀,최상위 댓글,@t3.yen_ts,ㅋㅋㅋㅋㅋ,0,2025-07-03T09:49:28Z,0,UgxsDQdfsbCaJ7ZyoZ54AaABAg,qOB5sIujPH8,UCooJcsfcW4hVH7B6wS4Sj4w,2025-07-03T09:49:28Z,,중립
인간 아이돌(엔시티) VS 버츄얼아이돌(플레이브)#엔시티#플레이브#엔시티127,케이팝 읽어주는 남녀,최상위 댓글,@개병신-sm6974,버츄얼 아이돌은 그냥 개처웃김 ㅋㅋㅋ,0,2025-05-04T10:16:58Z,0,UgyOhrddtVG8tRV7YEB4AaABAg,qOB5sIujPH8,UCH7r-4Wxz59rKwKtbhI9zeg,2025-05-04T10:16:58Z,,중립
인간 아이돌(엔시티) VS 버츄얼아이돌(플레이브)#엔시티#플레이브#엔시티127,케이팝 읽어주는 남녀,최상위 댓글,@Whwrpdl,AJR공중부양 공연 생각나네,0,2025-05-03T15:38:05Z,0,Ugx2eYTQ1ArNHi4MSKB4AaABAg,qOB5sIujPH8,UCucr-FgkczGFLgitdSuGLIQ,2025-05-03T15:38:05Z,,중립
인간 아이돌(엔시티) VS 버츄얼아이돌(플레이브)#엔시티#플레이브#엔시티127,케이팝 읽어주는 남녀,최상위 댓글,@희히힛,머리색도 비슷하잖아..,0,2025-05-13T15:32:48Z,0,UgzmkZCCy67EgU3r9zd4AaABAg,qOB5sIujPH8,UC7CKs-iol4kuZh4IUW_cgAQ,2025-05-13T15:32:48Z,,중립
인간 아이돌(엔시티) VS 버츄얼아이돌(플레이브)#엔시티#플레이브#엔시티127,케이팝 읽어주는 남녀,최상위 댓글,@Yyon_zzoo,플레이브는 ㅋㅋㅋ 걍 로블 플라이 쓴느거 같은데욬ㅋ,1,2025-06-05T21:08:58Z,0,Ugy1KkQNiKRsriqIAxR4AaABAg,qOB5sIujPH8,UCyys7pY82irK2EzLFO68W7A,2025-06-05T21:08:58Z,,중립
인간 아이돌(엔시티) VS 버츄얼아이돌(플레이브)#엔시티#플레이브#엔시티127,케이팝 읽어주는 남녀,최상위 댓글,@내가모아가될상인가,댓글중에 느그 오빠들은 두꺼비집 내리면 안보이잖아가 개웃겼음ㅋㅋㅋㅋㅋㅋㅋㅋㅋㅋㅋㅋㅋㅋㅋㅋ,6,2025-05-22T06:37:33Z,1,Ugwk8BmwB-MTa6_XwIt4AaABAg,qOB5sIujPH8,UCqGZxSGHOg2SqFLJTOXq-lA,2025-05-22T06:37:33Z,,중립
인간 아이돌(엔시티) VS 버츄얼아이돌(플레이브)#엔시티#플레이브#엔시티127,케이팝 읽어주는 남녀,대댓글,@정현컨볼유튜브,"생각해보니깐 두꺼비집내리면
마이크도 작동안해서 다른곳들도
콘서트 중지잖앜ㅋㅋㅋㅋ",4,2025-05-25T13:42:28Z,0,Ugwk8BmwB-MTa6_XwIt4AaABAg.AIQ2sJHA6w4AIYXt5ZBxa2,qOB5sIujPH8,UCNDVOTuE_RFI4fLpjGc-5ag,2025-05-25T13:42:28Z,Ugwk8BmwB-MTa6_XwIt4AaABAg,중립
인간 아이돌(엔시티) VS 버츄얼아이돌(플레이브)#엔시티#플레이브#엔시티127,케이팝 읽어주는 남녀,최상위 댓글,@onedoor_rat,세븐틴은 인간 엘베 만들어서 멤버 들어 올린다,0,2025-04-29T22:59:32Z,0,Ugw7bBY7VQy7k5ffptB4AaABAg,qOB5sIujPH8,UClVld36tDtrgpeALaEQ3FCw,2025-04-29T22:59:32Z,,중립
인간 아이돌(엔시티) VS 버츄얼아이돌(플레이브)#엔시티#플레이브#엔시티127,케이팝 읽어주는 남녀,최상위 댓글,@qprnxmdhamal,SM은 아이돌 아니고 초능력자들임 어딜 감히,0,2025-06-10T14:28:10Z,0,UgzOdHupO6_Pe5ODDeh4AaABAg,qOB5sIujPH8,UCYkxdIGuXnCWdH7gjdXff_g,2025-06-10T14:28:10Z,,중립
인간 아이돌(엔시티) VS 버츄얼아이돌(플레이브)#엔시티#플레이브#엔시티127,케이팝 읽어주는 남녀,최상위 댓글,@ddongkkae,원트도 플레이브 팬 아니고 걍 조롱하는 타팬인데ㅋㅋ..,0,2025-05-26T08:18:10Z,0,UgwA3l91DGWK00d8cZR4AaABAg,qOB5sIujPH8,UC2utnDgy_d6QSD8ysoBGVEQ,2025-05-26T08:18:10Z,,중립
인간 아이돌(엔시티) VS 버츄얼아이돌(플레이브)#엔시티#플레이브#엔시티127,케이팝 읽어주는 남녀,최상위 댓글,@아앙퐁,댓글들 두꺼비집 드립 존나 지겨움,1,2025-06-07T09:51:42Z,0,UgzY2gLM2pVWlDKPgPd4AaABAg,qOB5sIujPH8,UC_QdAKKDtmqxpNSsnDQib0g,2025-06-07T09:51:42Z,,중립
인간 아이돌(엔시티) VS 버츄얼아이돌(플레이브)#엔시티#플레이브#엔시티127,케이팝 읽어주는 남녀,최상위 댓글,@누구니-l2i,아냐 나는 우리 오빠는 이런거 안했으면 좋겠어…,0,2025-06-12T15:55:48Z,0,UgzoZ_w7XhG-PtJB4iF4AaABAg,qOB5sIujPH8,UC7eZxQtfXaZkbV4rEQcVbNw,2025-06-12T15:55:48Z,,중립
인간 아이돌(엔시티) VS 버츄얼아이돌(플레이브)#엔시티#플레이브#엔시티127,케이팝 읽어주는 남녀,최상위 댓글,@user-mr1xb6pj9w,님 우리는 언제나 가능해,0,2025-05-20T18:01:26Z,0,UgxTliS39If6tEO__Qp4AaABAg,qOB5sIujPH8,UCc3jQf1stTMlYoKDPDS3GMQ,2025-05-20T18:01:26Z,,중립
인간 아이돌(엔시티) VS 버츄얼아이돌(플레이브)#엔시티#플레이브#엔시티127,케이팝 읽어주는 남녀,최상위 댓글,@Lesseluvssam,모델링 뭐냐.. 어깨를 얼마나 늘려논거😅 불쾌한 골짜기무엇..,2,2025-06-27T21:04:27Z,0,UgwY7Tc95q7zySrlktJ4AaABAg,qOB5sIujPH8,UCgfw_ZYxhWWUTBwyM4957bQ,2025-06-27T21:04:27Z,,중립
인간 아이돌(엔시티) VS 버츄얼아이돌(플레이브)#엔시티#플레이브#엔시티127,케이팝 읽어주는 남녀,최상위 댓글,@bbaskit,저거 5명 발로란트에 넣어서 원탭하면 에이스 가능한데,0,2025-05-04T08:57:14Z,0,UgxoFygM-LhWx9t6idR4AaABAg,qOB5sIujPH8,UCFq9M7gFQxjnFkfMmkVvSxg,2025-05-04T08:57:14Z,,중립
인간 아이돌(엔시티) VS 버츄얼아이돌(플레이브)#엔시티#플레이브#엔시티127,케이팝 읽어주는 남녀,최상위 댓글,@이거한글왜되냐,둘 다 허경영이네,0,2025-05-11T02:43:57Z,0,UgzSovs8WSuKwDq8B4p4AaABAg,qOB5sIujPH8,UCQ28sEKgdVolta6QSTXpVzg,2025-05-11T02:43:57Z,,중립
인간 아이돌(엔시티) VS 버츄얼아이돌(플레이브)#엔시티#플레이브#엔시티127,케이팝 읽어주는 남녀,최상위 댓글,@czenniefover,광야는 안되는거야.. 건들면..,0,2025-10-10T14:06:25Z,0,UgwM-V1_SAr6eb2_DLl4AaABAg,qOB5sIujPH8,UCLIGb4PYzD-HCXFhiChnBGQ,2025-10-10T14:06:25Z,,중립
인간 아이돌(엔시티) VS 버츄얼아이돌(플레이브)#엔시티#플레이브#엔시티127,케이팝 읽어주는 남녀,최상위 댓글,@CuItureLand,버튼 하나 '딸깍' [ 펜타킬 ],7,2025-05-06T10:16:42Z,0,Ugx0iRj6qOhSafd2p994AaABAg,qOB5sIujPH8,UCQ7gDiZO4a9mtau-6uzbvWw,2025-05-06T10:16:42Z,,중립
인간 아이돌(엔시티) VS 버츄얼아이돌(플레이브)#엔시티#플레이브#엔시티127,케이팝 읽어주는 남녀,최상위 댓글,@리리아나-d8w,제목 자체가 어그로,3,2025-04-30T01:36:21Z,0,Ugyz7FlfWOfLshPq1cN4AaABAg,qOB5sIujPH8,UC3YBT3QkLKF-A0fkK8lmPOA,2025-04-30T01:36:21Z,,중립
인간 아이돌(엔시티) VS 버츄얼아이돌(플레이브)#엔시티#플레이브#엔시티127,케이팝 읽어주는 남녀,최상위 댓글,@사이펑,플레이브 허경영;;,0,2025-05-02T11:20:09Z,0,UgwZVLc8l1feShvxXR94AaABAg,qOB5sIujPH8,UCNBBfEXUrR8af9E96l26jjA,2025-05-02T11:20:09Z,,중립
인간 아이돌(엔시티) VS 버츄얼아이돌(플레이브)#엔시티#플레이브#엔시티127,케이팝 읽어주는 남녀,최상위 댓글,@Bamjjock,와 여기 예의 밥 말아먹은 사람 엄청 많네.,1,2025-04-30T16:22:28Z,0,UgwcJ_k_1jxd25AlVtd4AaABAg,qOB5sIujPH8,UC2MTxWGwGAdjNlCBjw3VB0A,2025-04-30T16:22:28Z,,중립
인간 아이돌(엔시티) VS 버츄얼아이돌(플레이브)#엔시티#플레이브#엔시티127,케이팝 읽어주는 남녀,최상위 댓글,@Cherry-0292,전기 끊기면 펜타킬이야 ㅋㅋ,0,2025-05-01T04:58:51Z,0,Ugzm2bAOTodiIirg2HR4AaABAg,qOB5sIujPH8,UC0Bua9bU0CuWLWAurS1iUQA,2025-05-01T04:58:51Z,,중립
인간 아이돌(엔시티) VS 버츄얼아이돌(플레이브)#엔시티#플레이브#엔시티127,케이팝 읽어주는 남녀,최상위 댓글,@nlhdfg,허경영도 울고갈 비행실력...!,0,2025-06-22T02:32:11Z,0,UgxHedMuHmu6ywfsxDp4AaABAg,qOB5sIujPH8,UCTdMwHIIaoPJKug0ujTFSDw,2025-06-22T02:32:11Z,,중립
인간 아이돌(엔시티) VS 버츄얼아이돌(플레이브)#엔시티#플레이브#엔시티127,케이팝 읽어주는 남녀,최상위 댓글,@쭈아0125,아이언맨 같애,0,2025-05-24T03:16:19Z,0,Ugw4-uxB_-1g3RHaGEB4AaABAg,qOB5sIujPH8,UCu1kGzXJPM_17cBqnD5qOaA,2025-05-24T03:16:19Z,,중립
인간 아이돌(엔시티) VS 버츄얼아이돌(플레이브)#엔시티#플레이브#엔시티127,케이팝 읽어주는 남녀,최상위 댓글,@깜자-b7c,나유타 공중부양으로 입사한거 모르세요?,2,2025-07-04T13:19:19Z,0,UgxFxDujXT8P-7Ep8_J4AaABAg,qOB5sIujPH8,UCZZeEbpvsjXufjRKGsRlGsg,2025-07-04T13:19:19Z,,중립
인간 아이돌(엔시티) VS 버츄얼아이돌(플레이브)#엔시티#플레이브#엔시티127,케이팝 읽어주는 남녀,최상위 댓글,@skyha8512,"근데 버추얼 아이돌 대단하긴 하지만 얼굴 실수로
공개하면 개망하는거 아님?",0,2025-05-06T11:28:08Z,0,UgyjUQFNRz54H4b6E8F4AaABAg,qOB5sIujPH8,UCowyEs60sqw83F31gYnMwcQ,2025-05-06T11:28:08Z,,중립
인간 아이돌(엔시티) VS 버츄얼아이돌(플레이브)#엔시티#플레이브#엔시티127,케이팝 읽어주는 남녀,최상위 댓글,@이인구-t5j,이수만 : 뭐랰ㅋㅋㅋㅋㅋ,0,2025-05-15T01:10:33Z,0,UgzqQowMJYptD4kcHa94AaABAg,qOB5sIujPH8,UCFFZMrI5n0X10LFkKEgs6JQ,2025-05-15T01:10:33Z,,중립
인간 아이돌(엔시티) VS 버츄얼아이돌(플레이브)#엔시티#플레이브#엔시티127,케이팝 읽어주는 남녀,최상위 댓글,@vwvvvvwvvv,ㅋㅋ아이돌판은 걍 다 똑같지뭐,0,2025-05-02T15:07:48Z,0,UgxPfqkjYxld8r3QfHJ4AaABAg,qOB5sIujPH8,UC0xXNUTXcdgGUUX0lwjFyKQ,2025-05-02T15:07:48Z,,중립
인간 아이돌(엔시티) VS 버츄얼아이돌(플레이브)#엔시티#플레이브#엔시티127,케이팝 읽어주는 남녀,최상위 댓글,@호날두와함께라면,그냥 트위터하는애들중에 비정상인애들이 대부분임,1,2025-04-29T08:49:53Z,0,Ugw-nFAeGaLeUeu72wt4AaABAg,qOB5sIujPH8,UC43Beq1vS53mpTWqnSdCxdg,2025-04-29T08:49:53Z,,중립
인간 아이돌(엔시티) VS 버츄얼아이돌(플레이브)#엔시티#플레이브#엔시티127,케이팝 읽어주는 남녀,최상위 댓글,@채윤-m8u,아 제발 이런거는 양보해달라구요.. ㅋㅋㅋㅋㅋㅋㅋㅋㅋㅋㅋㅋㅋㅋㅋㅋㅋㅋㅋㅋㅋㅋㅋㅋㅋㅋㅋㅋ,2,2025-04-30T14:23:11Z,0,UgyEsv16hruS06_tx4d4AaABAg,qOB5sIujPH8,UCgLm5eqW7Ea_O285ziGxNqw,2025-04-30T14:23:11Z,,중립
인간 아이돌(엔시티) VS 버츄얼아이돌(플레이브)#엔시티#플레이브#엔시티127,케이팝 읽어주는 남녀,최상위 댓글,@실친-e1s,플레이브 컨셉이 외계인인데...(요),0,2025-05-08T22:15:15Z,0,Ugxpp3cj8k0k8ZvKBUp4AaABAg,qOB5sIujPH8,UCOX82-yQ2aAD9emF26D1jAA,2025-05-08T22:15:15Z,,중립
인간 아이돌(엔시티) VS 버츄얼아이돌(플레이브)#엔시티#플레이브#엔시티127,케이팝 읽어주는 남녀,최상위 댓글,@꿀프_주인장,ㅋㅋ,0,2025-04-29T14:02:04Z,0,UgwiHOxzF1FAD2J0Tk14AaABAg,qOB5sIujPH8,UC1mo8HxTKlB1IOFvNlk-j5w,2025-04-29T14:02:04Z,,중립
인간 아이돌(엔시티) VS 버츄얼아이돌(플레이브)#엔시티#플레이브#엔시티127,케이팝 읽어주는 남녀,최상위 댓글,@한아웅-o4j,하늘다람쥐,0,2025-06-19T07:33:46Z,0,Ugz64FYcBZwTjx0x0Ad4AaABAg,qOB5sIujPH8,UCvpgpDiwItuXvXdPKP-seCQ,2025-06-19T07:33:46Z,,중립
인간 아이돌(엔시티) VS 버츄얼아이돌(플레이브)#엔시티#플레이브#엔시티127,케이팝 읽어주는 남녀,최상위 댓글,@한기남-n7x,"ㅇ
ㅘ",0,2025-05-02T23:24:52Z,0,UgxC1yHZOpcSacI6lgN4AaABAg,qOB5sIujPH8,UCq4kU4DIC48sBAIlEEWKV_Q,2025-05-02T23:25:07Z,,중립
인간 아이돌(엔시티) VS 버츄얼아이돌(플레이브)#엔시티#플레이브#엔시티127,케이팝 읽어주는 남녀,최상위 댓글,@무제00,뚜꺼비집 (딸깍) 팬타킬,0,2025-04-30T12:10:13Z,0,UgxE53aCVCM6xSY9nfd4AaABAg,qOB5sIujPH8,UCaGOJJBX69-zb_bdTtjXWpQ,2025-04-30T12:10:13Z,,중립
인간 아이돌(엔시티) VS 버츄얼아이돌(플레이브)#엔시티#플레이브#엔시티127,케이팝 읽어주는 남녀,최상위 댓글,@왹예인-0301,인간이 찢었다,0,2025-05-09T07:41:53Z,0,UgxyPcA323PcVkUHltp4AaABAg,qOB5sIujPH8,UCjFdWHzTyRKgWzyExKXQ7JQ,2025-05-09T07:41:53Z,,중립
인간 아이돌(엔시티) VS 버츄얼아이돌(플레이브)#엔시티#플레이브#엔시티127,케이팝 읽어주는 남녀,최상위 댓글,@Elek-v6c,누군가 말했다 두꺼비집 내리면 1타5피라고,0,2025-04-30T07:01:23Z,0,Ugw_U7frBS-jl4Kuxh14AaABAg,qOB5sIujPH8,UCHxv2SEA4KBS82OkAxos5Ow,2025-04-30T07:01:23Z,,중립
인간 아이돌(엔시티) VS 버츄얼아이돌(플레이브)#엔시티#플레이브#엔시티127,케이팝 읽어주는 남녀,최상위 댓글,@Sibasinu,문화 존중은 하는데 노래를 좋아할 순 있는데 왜 사람이 아닌 2D 버츄얼 캐릭터를 오빠라고 부르면서 사람인냥 덕질하는거지?,0,2025-05-01T18:58:04Z,0,Ugy3IdZx4MkyrFC0UpZ4AaABAg,qOB5sIujPH8,UCn4M6fbNBYm54DB8jQ4ujWw,2025-05-01T18:58:04Z,,긍정
인간 아이돌(엔시티) VS 버츄얼아이돌(플레이브)#엔시티#플레이브#엔시티127,케이팝 읽어주는 남녀,최상위 댓글,@mireinet,임마 다~~~ 해 봤어 으잉,0,2025-04-30T03:35:24Z,0,UgydS4lCBs1iVFNSBJ14AaABAg,qOB5sIujPH8,UCA7AYKGiWvd0nNvJhj30VhA,2025-04-30T03:35:24Z,,중립
인간 아이돌(엔시티) VS 버츄얼아이돌(플레이브)#엔시티#플레이브#엔시티127,케이팝 읽어주는 남녀,최상위 댓글,@호박-z4u,응 느그 오빠 인터넷 선 끊으면 퇴장 1초컷이고 신상 다 까발려짐,1,2025-04-29T22:35:58Z,0,UgznyS4PlWEe_bmRDdx4AaABAg,qOB5sIujPH8,UCFxI4hR7aLaoOEqg7xOLs-w,2025-04-29T22:35:58Z,,중립
인간 아이돌(엔시티) VS 버츄얼아이돌(플레이브)#엔시티#플레이브#엔시티127,케이팝 읽어주는 남녀,최상위 댓글,@박영재-t7y,컴터끄면 전☆멸☆,0,2025-05-06T08:57:20Z,0,UgzwQZQ4XN1FA3Drzx14AaABAg,qOB5sIujPH8,UCDSHXvP8PEGszkBHCMGmd2Q,2025-05-06T08:57:20Z,,중립
인간 아이돌(엔시티) VS 버츄얼아이돌(플레이브)#엔시티#플레이브#엔시티127,케이팝 읽어주는 남녀,최상위 댓글,@user-rr5jy7xz6x,인스타 댓글이랑은 완전 딴판이네,0,2025-10-14T22:34:23Z,0,UgwKh8toluT8xmiojIB4AaABAg,qOB5sIujPH8,UCC6qaniOMSTIdjncyoT7HgA,2025-10-14T22:34:23Z,,중립
인간 아이돌(엔시티) VS 버츄얼아이돌(플레이브)#엔시티#플레이브#엔시티127,케이팝 읽어주는 남녀,최상위 댓글,@스껄-s5v,하하 저희 아이돌도 있어요 ㅎㅎ,0,2025-04-29T10:26:39Z,0,UgzlWfLzvF9mC6lGezd4AaABAg,qOB5sIujPH8,UC1uLY1J2E_BqyB2-Sc5AaTg,2025-04-29T10:26:47Z,,중립
인간 아이돌(엔시티) VS 버츄얼아이돌(플레이브)#엔시티#플레이브#엔시티127,케이팝 읽어주는 남녀,최상위 댓글,@김김-q6q4f,버육수들 통한의 비추 ㅋㅋㅋㅋㅋㅋㅋㅋ,1,2025-05-13T11:20:57Z,0,UgxYpYKnNnIFvTMCzEB4AaABAg,qOB5sIujPH8,UCszZIVK9BWIlUCFfQFbBsGw,2025-05-13T11:20:57Z,,중립
인간 아이돌(엔시티) VS 버츄얼아이돌(플레이브)#엔시티#플레이브#엔시티127,케이팝 읽어주는 남녀,최상위 댓글,@SPINAIR,RAP GOD....,0,2025-07-14T15:19:22Z,0,UgzkuX6jJ5jOHJWQc8h4AaABAg,qOB5sIujPH8,UCaO4KU237V9gUIHYQ6BB61Q,2025-07-14T15:19:22Z,,중립
인간 아이돌(엔시티) VS 버츄얼아이돌(플레이브)#엔시티#플레이브#엔시티127,케이팝 읽어주는 남녀,최상위 댓글,@cute_큐트,엔시티야 사란해,0,2025-05-21T23:18:12Z,0,UgypykDpPefGXNgTHel4AaABAg,qOB5sIujPH8,UCcCHPXyjHlvuVu8zJnOukbQ,2025-05-21T23:18:12Z,,중립
인간 아이돌(엔시티) VS 버츄얼아이돌(플레이브)#엔시티#플레이브#엔시티127,케이팝 읽어주는 남녀,최상위 댓글,@boongboong1100,공중부양에 일가견이 있는 사람이 있는데....,0,2025-05-04T06:07:35Z,0,UgwPzP6bGA9zZJCgP_Z4AaABAg,qOB5sIujPH8,UChkdBNv3VbQ62rIs4Lk2f6Q,2025-05-04T06:07:35Z,,중립
인간 아이돌(엔시티) VS 버츄얼아이돌(플레이브)#엔시티#플레이브#엔시티127,케이팝 읽어주는 남녀,최상위 댓글,@MMii0112,플레이브화이팅,0,2025-09-17T13:27:58Z,0,UgxgJzIK1CfPp9agMMR4AaABAg,qOB5sIujPH8,UCJ_6RTkTlqMhDPhMHT304OQ,2025-09-17T13:27:58Z,,중립
인간 아이돌(엔시티) VS 버츄얼아이돌(플레이브)#엔시티#플레이브#엔시티127,케이팝 읽어주는 남녀,최상위 댓글,@이또리-252,ㅋㅋㅎㅋㅎㅋㅎㅋㅎ 시티가 이겼죠?,1,2025-05-07T06:34:55Z,0,UgyuMCgNbEChwHd3ccN4AaABAg,qOB5sIujPH8,UCnpJ6O8J9FzVKX24d_y5lXQ,2025-05-07T06:34:55Z,,중립
인간 아이돌(엔시티) VS 버츄얼아이돌(플레이브)#엔시티#플레이브#엔시티127,케이팝 읽어주는 남녀,최상위 댓글,@축하발로란트,굴먹고싶다,0,2025-05-01T01:26:33Z,0,Ugw1aHt0f0lUH3jIrd14AaABAg,qOB5sIujPH8,UCHIntzFNoXADJEql-22zHMw,2025-05-01T01:26:33Z,,중립
인간 아이돌(엔시티) VS 버츄얼아이돌(플레이브)#엔시티#플레이브#엔시티127,케이팝 읽어주는 남녀,최상위 댓글,@서은-o8n4m,근데 플레이브 공연중에 전기 나가면 걍 없어지는건가?,0,2026-01-20T07:57:16Z,0,Ugxo7rjP0-NdROOl_GB4AaABAg,qOB5sIujPH8,UCN5FsYRbE_DipRqgm92QXvw,2026-01-20T07:57:16Z,,중립
인간 아이돌(엔시티) VS 버츄얼아이돌(플레이브)#엔시티#플레이브#엔시티127,케이팝 읽어주는 남녀,최상위 댓글,@이가빈-b3f,자 이제 누가 버츄얼이지?,0,2025-04-29T08:39:42Z,0,UgwY-6Rp4a2dBTujzrF4AaABAg,qOB5sIujPH8,UCledBlVhueZYsymqakBGQFw,2025-04-29T08:39:42Z,,중립
인간 아이돌(엔시티) VS 버츄얼아이돌(플레이브)#엔시티#플레이브#엔시티127,케이팝 읽어주는 남녀,최상위 댓글,@박래윤-f7w,느그 오빠들은 이런거 못하제ㅋㅋㅋㅋㅋ,0,2025-04-28T22:59:19Z,0,UgyBDZvqafOi-2VlHUV4AaABAg,qOB5sIujPH8,UCw6cq4qVYnE66H3NNCt2Kpg,2025-04-28T22:59:19Z,,중립
인간 아이돌(엔시티) VS 버츄얼아이돌(플레이브)#엔시티#플레이브#엔시티127,케이팝 읽어주는 남녀,최상위 댓글,@강민철의창팝분석,장기하도 잘 날던데,0,2025-05-01T08:15:42Z,0,Ugz0rAYKfAOXOxFln6p4AaABAg,qOB5sIujPH8,UCX1fzKu23AodvfAVLA2hwgQ,2025-05-01T08:15:42Z,,중립
인간 아이돌(엔시티) VS 버츄얼아이돌(플레이브)#엔시티#플레이브#엔시티127,케이팝 읽어주는 남녀,최상위 댓글,@momomomo-vs9rg,만지거나 직접 못보고  가상에서 봐야 하는것들이 ㅋ 비교질한다고? ㅋ,0,2025-06-07T17:21:28Z,0,UgxlLdTvPKQOF749VfZ4AaABAg,qOB5sIujPH8,UCwCQt7o2c4Bg743IKkQ10-w,2025-06-07T17:21:44Z,,중립
인간 아이돌(엔시티) VS 버츄얼아이돌(플레이브)#엔시티#플레이브#엔시티127,케이팝 읽어주는 남녀,최상위 댓글,@개새_18r,나만 버츄얼 이해 안가냐,10,2025-04-29T12:56:58Z,0,UgwGDEflPfGEXcl1Tl94AaABAg,qOB5sIujPH8,UCqbNhwQElqpY9pEYYY3MkxA,2025-04-29T12:56:58Z,,중립
인간 아이돌(엔시티) VS 버츄얼아이돌(플레이브)#엔시티#플레이브#엔시티127,케이팝 읽어주는 남녀,최상위 댓글,@kurok125,두꺼비집,0,2025-05-06T04:23:27Z,0,UgwkY8KvBsHmpOOv7i14AaABAg,qOB5sIujPH8,UCgRqab58JTCpq1N1H65Sq-A,2025-05-06T04:23:27Z,,중립
인간 아이돌(엔시티) VS 버츄얼아이돌(플레이브)#엔시티#플레이브#엔시티127,케이팝 읽어주는 남녀,최상위 댓글,@아이고야-j2z,응 두꺼비집 내리면 펜타킬~,1,2025-05-05T04:44:07Z,0,UgzKO8PgJr7RaZxeS8x4AaABAg,qOB5sIujPH8,UC79hPXm4A6Pz9l8JRVnxouw,2025-05-05T04:44:07Z,,중립
인간 아이돌(엔시티) VS 버츄얼아이돌(플레이브)#엔시티#플레이브#엔시티127,케이팝 읽어주는 남녀,최상위 댓글,@woou-uou,싸이도 무대에서 날던데ㅠ,1,2025-04-30T08:40:14Z,0,UgyNUBc5jaxkwXrF1WN4AaABAg,qOB5sIujPH8,UCcWf-4rWwiR_wjhRqyoj23g,2025-04-30T08:40:14Z,,중립
인간 아이돌(엔시티) VS 버츄얼아이돌(플레이브)#엔시티#플레이브#엔시티127,케이팝 읽어주는 남녀,최상위 댓글,@2Hann_i,아니 근데 우리 오빠들 그런 거 안 하고 싶어요,0,2025-07-17T13:20:02Z,0,UgzSM4TOhdLO87q6ZoF4AaABAg,qOB5sIujPH8,UCaQslew0PSopHgekeWdvGQA,2025-07-17T13:20:02Z,,중립
인간 아이돌(엔시티) VS 버츄얼아이돌(플레이브)#엔시티#플레이브#엔시티127,케이팝 읽어주는 남녀,최상위 댓글,@mimi-wq3ee,제 이름이.. 이수만 인데,0,2026-01-22T02:44:34Z,0,Ugw5DSkKgcFJBFo8bGh4AaABAg,qOB5sIujPH8,UCHkEfFy3N38hfp6zQe_s82A,2026-01-22T02:44:34Z,,중립
인간 아이돌(엔시티) VS 버츄얼아이돌(플레이브)#엔시티#플레이브#엔시티127,케이팝 읽어주는 남녀,최상위 댓글,@막내덕질중,위에 푸훗이라 웃은애. 뭐냐..,0,2025-04-29T06:53:15Z,0,UgyLSPZzHWmFnzdYRZx4AaABAg,qOB5sIujPH8,UC12urjf6W_dz0nhkduL7UWA,2025-04-29T06:53:15Z,,중립
인간 아이돌(엔시티) VS 버츄얼아이돌(플레이브)#엔시티#플레이브#엔시티127,케이팝 읽어주는 남녀,최상위 댓글,@불멸의철갑궁,즐기는 놈들ㅇㅈㄹㅋㅋㅋㅋㅋㅋㅋㅋㅋㅋㅋㅋㅋㅋ,0,2025-05-01T14:24:32Z,0,UgwyGP8hr8M21ZTuwkF4AaABAg,qOB5sIujPH8,UCc4bGAzoaGP3l-k1K0sD4hg,2025-05-01T14:24:32Z,,중립
인간 아이돌(엔시티) VS 버츄얼아이돌(플레이브)#엔시티#플레이브#엔시티127,케이팝 읽어주는 남녀,최상위 댓글,@덩치큰흑곰,버츄얼 아이돌이라니 갠취는 존중하지만 나 개인적으로는 아직도 충격이긴하네,1,2025-09-04T07:23:35Z,1,UgxHO3Kv1aP7iMwyAYR4AaABAg,qOB5sIujPH8,UCBLoWdWs0pToEI4wYXT6KZw,2025-09-04T07:23:35Z,,중립
인간 아이돌(엔시티) VS 버츄얼아이돌(플레이브)#엔시티#플레이브#엔시티127,케이팝 읽어주는 남녀,대댓글,@Kitty_4fty,저두...,0,2025-11-20T12:56:10Z,0,UgxHO3Kv1aP7iMwyAYR4AaABAg.AMdVbIdKef4APkMschE76f,qOB5sIujPH8,UCMcO7gcT9_mvm1PH032kO9Q,2025-11-20T12:56:10Z,UgxHO3Kv1aP7iMwyAYR4AaABAg,중립
인간 아이돌(엔시티) VS 버츄얼아이돌(플레이브)#엔시티#플레이브#엔시티127,케이팝 읽어주는 남녀,최상위 댓글,@놔플리-q2d,저걸 올린 플리분도 참...,0,2025-05-04T07:30:57Z,0,UgyPxnph7uSDnA-V4FB4AaABAg,qOB5sIujPH8,UCIfHP9IS_m8hjIW5UbHnSrg,2025-05-04T07:30:57Z,,중립
인간 아이돌(엔시티) VS 버츄얼아이돌(플레이브)#엔시티#플레이브#엔시티127,케이팝 읽어주는 남녀,최상위 댓글,@o0O0o0O0O0O.k,ㅆㅂ첫번째 아이언맨임?,0,2025-07-27T07:12:51Z,0,UgzexW281FTQ5-z7Mp94AaABAg,qOB5sIujPH8,UCFhoMNma2znXKRPrPLQeC9A,2025-07-27T07:12:51Z,,중립
인간 아이돌(엔시티) VS 버츄얼아이돌(플레이브)#엔시티#플레이브#엔시티127,케이팝 읽어주는 남녀,최상위 댓글,@white_night814,플레이브 그냥 두꺼비 집 내리면 펜타킬아님?,0,2025-05-06T14:29:02Z,0,UgwglEZFmS2d7TRu9vl4AaABAg,qOB5sIujPH8,UCb-KUdhU_Kkzk8XA5TOCe0Q,2025-05-06T14:29:02Z,,중립
인간 아이돌(엔시티) VS 버츄얼아이돌(플레이브)#엔시티#플레이브#엔시티127,케이팝 읽어주는 남녀,최상위 댓글,@user-et1xk1tb3u,하앀ㅋㅋㅋㅋㅋㅋㅋ개웃기네,0,2025-05-07T09:51:59Z,0,UgxKbfuhCaa8-OhH_o54AaABAg,qOB5sIujPH8,UCP_V4Ac5yFAs3GSKZaFi-OQ,2025-05-07T09:51:59Z,,중립
인간 아이돌(엔시티) VS 버츄얼아이돌(플레이브)#엔시티#플레이브#엔시티127,케이팝 읽어주는 남녀,최상위 댓글,@sophia-3ry,이야 2d가 하늘도 날아주고 좋겠다!,0,2025-05-23T13:34:25Z,0,Ugzw-amJYSsfJR32pNh4AaABAg,qOB5sIujPH8,UCBhYCMr-wKy_u-_zaE8cIJg,2025-05-23T13:34:25Z,,중립
인간 아이돌(엔시티) VS 버츄얼아이돌(플레이브)#엔시티#플레이브#엔시티127,케이팝 읽어주는 남녀,최상위 댓글,@김유찬-r6n,저거 댓글에 노무현 대통령 나옴 ㅋㅋㅋ,1,2025-05-05T07:23:24Z,0,UgwhXGDJcfgnLDBmiIJ4AaABAg,qOB5sIujPH8,UCOEExsIFfnUCESuJOdojLJg,2025-05-05T07:23:24Z,,중립
인간 아이돌(엔시티) VS 버츄얼아이돌(플레이브)#엔시티#플레이브#엔시티127,케이팝 읽어주는 남녀,최상위 댓글,@디오-d3z,플레이브 실제 얼굴....,0,2025-05-04T10:38:36Z,0,UgxWccjA3PS7f1Lcu4Z4AaABAg,qOB5sIujPH8,UCok7n6E_Af1dZk0R0LpA6EQ,2025-05-04T10:38:36Z,,중립
인간 아이돌(엔시티) VS 버츄얼아이돌(플레이브)#엔시티#플레이브#엔시티127,케이팝 읽어주는 남녀,최상위 댓글,@aaa.aa12.0,나유타 ㅋㅋㅋㅋ,0,2025-04-30T14:14:53Z,0,UgwoNHBx8eSg7B10FiF4AaABAg,qOB5sIujPH8,UCDs9e-OaRR2UI94mr_JznCg,2025-04-30T14:14:53Z,,중립
인간 아이돌(엔시티) VS 버츄얼아이돌(플레이브)#엔시티#플레이브#엔시티127,케이팝 읽어주는 남녀,최상위 댓글,@구름-v8c,무대위에 오토바이 끌고올수 있나여? ㅋㅋ,0,2025-05-04T08:56:01Z,0,UgxYmiM_mzCdihIM73B4AaABAg,qOB5sIujPH8,UCALe0q1DD81hYFHlnFHC38w,2025-05-04T08:56:01Z,,중립
인간 아이돌(엔시티) VS 버츄얼아이돌(플레이브)#엔시티#플레이브#엔시티127,케이팝 읽어주는 남녀,최상위 댓글,@jxehn_3,그래봤자 AI,0,2025-04-30T21:38:59Z,0,Ugx0JlmkRv6EQAqBxqx4AaABAg,qOB5sIujPH8,UCWzcsr1P3hcOUiyiOLFpTiQ,2025-04-30T21:38:59Z,,중립
인간 아이돌(엔시티) VS 버츄얼아이돌(플레이브)#엔시티#플레이브#엔시티127,케이팝 읽어주는 남녀,최상위 댓글,@jutop7515,ㅈㄴ허경영인줄,0,2025-05-24T19:19:09Z,0,UgwyErcmaLOnK-NP0u54AaABAg,qOB5sIujPH8,UCbvo9EKsbwSm3dU9R9AmTaw,2025-05-24T19:19:09Z,,중립
인간 아이돌(엔시티) VS 버츄얼아이돌(플레이브)#엔시티#플레이브#엔시티127,케이팝 읽어주는 남녀,최상위 댓글,@mymymymymymymymymy111,진짜 저게 뭔 근본 없는 아이돌이냐,0,2025-05-04T16:15:59Z,0,UgxTZcr4W4TVNa0il014AaABAg,qOB5sIujPH8,UCAWoGbMLCVarKTtYil_yH2A,2025-05-04T16:15:59Z,,중립
인간 아이돌(엔시티) VS 버츄얼아이돌(플레이브)#엔시티#플레이브#엔시티127,케이팝 읽어주는 남녀,최상위 댓글,@랄로파카도파,불끄면 펜타킬인데 버츄얼은?,1,2025-05-05T05:44:35Z,0,UgzQRKauxKCUUmFihR54AaABAg,qOB5sIujPH8,UCy07RyYK42YHkMxMC1yESDw,2025-05-05T05:44:35Z,,중립
인간 아이돌(엔시티) VS 버츄얼아이돌(플레이브)#엔시티#플레이브#엔시티127,케이팝 읽어주는 남녀,최상위 댓글,@djdiveieod9369,버츄얼 더빙하는 사람들 누군지 궁금,0,2025-05-03T04:17:33Z,0,Ugyxj3dvJxWQ-psyvPJ4AaABAg,qOB5sIujPH8,UC655tZ3F4BUgclrJ8_QTnKA,2025-05-03T04:17:33Z,,중립
인간 아이돌(엔시티) VS 버츄얼아이돌(플레이브)#엔시티#플레이브#엔시티127,케이팝 읽어주는 남녀,최상위 댓글,@user-ji9us7ki4x,어딜가나 팬이 문제네,0,2025-05-04T09:57:45Z,0,UgzYks-IdBueLOGuXp14AaABAg,qOB5sIujPH8,UC_RA4k4z7O9BxRVJvpCZykA,2025-05-04T09:57:45Z,,중립
인간 아이돌(엔시티) VS 버츄얼아이돌(플레이브)#엔시티#플레이브#엔시티127,케이팝 읽어주는 남녀,최상위 댓글,@Dontgiveup-h2j,저사람들 말고 ㄹㅇ 하는사람은 허경영임!!!,0,2025-04-30T08:37:05Z,0,Ugxu0LafrM-0spu5Gr94AaABAg,qOB5sIujPH8,UCpBK33935QG0Unozu8fp4zw,2025-04-30T08:37:05Z,,중립
인간 아이돌(엔시티) VS 버츄얼아이돌(플레이브)#엔시티#플레이브#엔시티127,케이팝 읽어주는 남녀,최상위 댓글,@땀내나는테토남,"느그들은 굴 좋아하니? 
석화 야무지게 하는데 아는데",2,2025-04-30T20:48:01Z,0,UgwBeilFsM7hnMd-H794AaABAg,qOB5sIujPH8,UCw-VfaHEN6soRtz5WlTN7CA,2025-04-30T20:48:01Z,,긍정
인간 아이돌(엔시티) VS 버츄얼아이돌(플레이브)#엔시티#플레이브#엔시티127,케이팝 읽어주는 남녀,최상위 댓글,@zzirang012,여덕들이 많은텐데 남자애들처럼 노네ㅋㅋㅋㅋㅋ,0,2025-04-30T06:10:26Z,0,UgxIFO8DhAKq4uKBLEV4AaABAg,qOB5sIujPH8,UCGVnL2eegOqULCsb2v5HDdg,2025-04-30T06:10:26Z,,중립
인간 아이돌(엔시티) VS 버츄얼아이돌(플레이브)#엔시티#플레이브#엔시티127,케이팝 읽어주는 남녀,최상위 댓글,@민경고-u4x,응 우리 오빠들이 더 높게 날앙🙏🙏ㅋㅋ,0,2025-05-01T00:24:34Z,0,Ugx-0K03HOBdFk0eVXh4AaABAg,qOB5sIujPH8,UC2MnCUqUNPMlrFoqFzYWrjA,2025-05-01T00:24:34Z,,중립
인간 아이돌(엔시티) VS 버츄얼아이돌(플레이브)#엔시티#플레이브#엔시티127,케이팝 읽어주는 남녀,최상위 댓글,@Abcd-b5q7b,차단기 내리면 해체 ㅋㅋ,0,2025-06-03T10:36:31Z,0,UgwZbv5ClW4X_f-e3dd4AaABAg,qOB5sIujPH8,UCHWrS9C4lcJQDmuoFfmePdw,2025-06-03T10:36:31Z,,중립
인간 아이돌(엔시티) VS 버츄얼아이돌(플레이브)#엔시티#플레이브#엔시티127,케이팝 읽어주는 남녀,최상위 댓글,@CoC_0044,어???,0,2025-05-16T13:39:27Z,0,UgxquWHj5BscQO9LYF94AaABAg,qOB5sIujPH8,UC7-typN-AZixDtNDK0r-CaQ,2025-05-16T13:39:27Z,,중립
인간 아이돌(엔시티) VS 버츄얼아이돌(플레이브)#엔시티#플레이브#엔시티127,케이팝 읽어주는 남녀,최상위 댓글,@달림-h1p,플레이브가 공항가면...,0,2025-04-29T09:59:17Z,0,UgxbVCBNGvsVJiAbgK94AaABAg,qOB5sIujPH8,UCbqvEfkPEl-DkvWrz-SJKyw,2025-04-29T09:59:17Z,,중립
인간 아이돌(엔시티) VS 버츄얼아이돌(플레이브)#엔시티#플레이브#엔시티127,케이팝 읽어주는 남녀,최상위 댓글,@user-siuuuuu138,허경영이 놀라겠노,0,2025-05-01T13:45:59Z,0,Ugz-RY_b8vozLSwYFrt4AaABAg,qOB5sIujPH8,UCeNWlwrmLZf-hJicQFmQPhg,2025-05-01T13:45:59Z,,중립
인간 아이돌(엔시티) VS 버츄얼아이돌(플레이브)#엔시티#플레이브#엔시티127,케이팝 읽어주는 남녀,최상위 댓글,@펄마디,근데 버츄얼 저건 직접 움직이는거임?,0,2025-05-16T16:47:19Z,0,UgwXeFoxG7dIpAkTU-d4AaABAg,qOB5sIujPH8,UC1-6p2XgDyt5tmlk2n95E1w,2025-05-16T16:47:19Z,,중립
인간 아이돌(엔시티) VS 버츄얼아이돌(플레이브)#엔시티#플레이브#엔시티127,케이팝 읽어주는 남녀,최상위 댓글,@nannlemu,그렇게치면 우리 아현언니도 할수있다,0,2025-05-03T05:17:59Z,0,Ugzs6mtOpSfjD-1spe94AaABAg,qOB5sIujPH8,UCDQesZbSo52OE3vi8WoheTA,2025-05-03T05:17:59Z,,중립
인간 아이돌(엔시티) VS 버츄얼아이돌(플레이브)#엔시티#플레이브#엔시티127,케이팝 읽어주는 남녀,최상위 댓글,@HHHHHHHHHHHHHi-y4q,해외갈때는 vpn키면됨,0,2025-05-03T16:10:24Z,0,UgxGeZ4vHNhLSpDH2bR4AaABAg,qOB5sIujPH8,UCK9UYWppvUXmAQQItn9CB6g,2025-05-03T16:10:24Z,,중립
인간 아이돌(엔시티) VS 버츄얼아이돌(플레이브)#엔시티#플레이브#엔시티127,케이팝 읽어주는 남녀,최상위 댓글,@Llkkkkkksk,버츄얼 유튜버 방송인 나온다고 아이돌까지 하는건 개 뇌절임 서이브보다 심각하다,0,2025-04-30T12:29:40Z,0,UgwfvnGtZUlj61Zx86B4AaABAg,qOB5sIujPH8,UCjy_lOjkh8pXZN8ell6_CXQ,2025-04-30T12:29:40Z,,중립
인간 아이돌(엔시티) VS 버츄얼아이돌(플레이브)#엔시티#플레이브#엔시티127,케이팝 읽어주는 남녀,최상위 댓글,@YuHwaMulgam,와이파이 쓰면 사라짐,1,2025-05-03T11:09:33Z,0,Ugzd7TVR8JmzHE6XOyB4AaABAg,qOB5sIujPH8,UCVB8YA7-lQ22KxKdFTjiI-g,2025-05-03T11:09:33Z,,중립
인간 아이돌(엔시티) VS 버츄얼아이돌(플레이브)#엔시티#플레이브#엔시티127,케이팝 읽어주는 남녀,최상위 댓글,@kgu9001,케데몬으로 화해해,0,2025-06-30T12:33:11Z,0,Ugy4-lndWAhxeu-4DHh4AaABAg,qOB5sIujPH8,UCnsbGmSPM1TxkjisngjOlGQ,2025-06-30T12:33:11Z,,중립
인간 아이돌(엔시티) VS 버츄얼아이돌(플레이브)#엔시티#플레이브#엔시티127,케이팝 읽어주는 남녀,최상위 댓글,@두철이-y9m,허경영선에서 정리가능,0,2025-05-06T20:29:48Z,0,UgyvFxYY9qox788BEMx4AaABAg,qOB5sIujPH8,UC__TbeQ0nJg7HCKaV4xBnNg,2025-05-06T20:29:48Z,,중립
인간 아이돌(엔시티) VS 버츄얼아이돌(플레이브)#엔시티#플레이브#엔시티127,케이팝 읽어주는 남녀,최상위 댓글,@user_skxk93jfnd7e,아니 그래도 느그 오빠들은 릴댄 중에는 못하잖아 ㅋㅋㅋㅋㅋㅋㅋ,0,2025-05-01T14:20:08Z,0,UgwKRrezrSE4FWazuwB4AaABAg,qOB5sIujPH8,UCXzvNIf5MU8QiwV6yyVbeCA,2025-05-01T14:20:08Z,,중립
인간 아이돌(엔시티) VS 버츄얼아이돌(플레이브)#엔시티#플레이브#엔시티127,케이팝 읽어주는 남녀,최상위 댓글,@두두_0.0,플레이브 그거 버츄얼 유튜버 맞죠?,0,2025-04-30T13:08:46Z,0,Ugwr9EgbT8Yt1klXi0x4AaABAg,qOB5sIujPH8,UCDMuC02DLyzLO6B8s4TJIJA,2025-04-30T13:08:46Z,,중립
인간 아이돌(엔시티) VS 버츄얼아이돌(플레이브)#엔시티#플레이브#엔시티127,케이팝 읽어주는 남녀,최상위 댓글,@김제트의발브,근데 버츄얼은 그냥 3D인데 저게 왜 가수냐?ㅋㅋ,0,2025-04-30T12:40:17Z,0,UgzRvIW2fcywx9Gly8F4AaABAg,qOB5sIujPH8,UCwoZtqLAXsrSBHKRQ_IRcIQ,2025-04-30T12:40:17Z,,중립
인간 아이돌(엔시티) VS 버츄얼아이돌(플레이브)#엔시티#플레이브#엔시티127,케이팝 읽어주는 남녀,최상위 댓글,@jihoo_1234,저거 플레이브 6여름(여섯번째여름)임,0,2025-04-30T09:04:52Z,0,UgyJaXGp-y-uD5VSdBt4AaABAg,qOB5sIujPH8,UCGqA5LlgYxBiBcgHUVyVNGw,2025-04-30T09:04:52Z,,중립
인간 아이돌(엔시티) VS 버츄얼아이돌(플레이브)#엔시티#플레이브#엔시티127,케이팝 읽어주는 남녀,최상위 댓글,@양파링은맛있어,에휴 그냥 자기좋아하는 아이돌 덕질하면서 조용히살면되는데 왜 굳이굳이 다른아이돌 까내리면서 지덕질하는 아이돌 급 올리려 그래?,1,2026-01-24T12:28:39Z,0,UgwcpSpBiMA3TddQO694AaABAg,qOB5sIujPH8,UChEdFNWeRpyCfsRMWDxORJg,2026-01-24T12:28:39Z,,긍정
인간 아이돌(엔시티) VS 버츄얼아이돌(플레이브)#엔시티#플레이브#엔시티127,케이팝 읽어주는 남녀,최상위 댓글,@plums5725,버츄얼 ㅋㅋㅋㅋ 세상 참 ㅋㅋㅋㅋㅋ장기자랑하면 진짜 장기 꺼내는날이 멀지않은 듯 ㅋㅋ,3,2025-05-03T15:55:09Z,0,UgxwF0dOEwRtRp8BbDl4AaABAg,qOB5sIujPH8,UCLOiVG8ZHbo1ToQCTfi5fTA,2025-05-03T15:55:09Z,,중립
인간 아이돌(엔시티) VS 버츄얼아이돌(플레이브)#엔시티#플레이브#엔시티127,케이팝 읽어주는 남녀,최상위 댓글,@0c421,플레이브는 좀 망해라,3,2025-06-07T11:48:26Z,0,UgxeRuaH_7tceCIFUv94AaABAg,qOB5sIujPH8,UCczLEpgpUkxGf5Z4X5c2Fjw,2025-06-07T11:48:26Z,,중립
인간 아이돌(엔시티) VS 버츄얼아이돌(플레이브)#엔시티#플레이브#엔시티127,케이팝 읽어주는 남녀,최상위 댓글,@별달별이달이-s3q,"""그들만의 감성""",3,2025-04-30T10:01:54Z,0,UgxXPDre8lKcUgQRFD54AaABAg,qOB5sIujPH8,UCbQBe3xJDsZ6wl-XEaObHYw,2025-04-30T10:01:54Z,,중립
인간 아이돌(엔시티) VS 버츄얼아이돌(플레이브)#엔시티#플레이브#엔시티127,케이팝 읽어주는 남녀,최상위 댓글,@glorypark0519,버츄돌이지,0,2025-05-10T15:27:08Z,0,UgwBL9dTRpYQiJbLAg54AaABAg,qOB5sIujPH8,UCaM4TZOo-JcmV54fvIFNruw,2025-05-10T15:27:08Z,,중립
인간 아이돌(엔시티) VS 버츄얼아이돌(플레이브)#엔시티#플레이브#엔시티127,케이팝 읽어주는 남녀,최상위 댓글,@user-bh7nw7lr5b,이딴 걸로 조회수 벌려고 어그로 끄는 채널주가 제일 처못됨 허구한 날 사람들 싸움 붙이기나 하고 에휴,2,2025-04-30T06:29:44Z,0,Ugyns_TFEMV7bmBs9Hp4AaABAg,qOB5sIujPH8,UCtqAgerPEHPcQUjLa5S88AQ,2025-04-30T06:30:58Z,,중립
인간 아이돌(엔시티) VS 버츄얼아이돌(플레이브)#엔시티#플레이브#엔시티127,케이팝 읽어주는 남녀,최상위 댓글,@윤하-o4r,이게 NCT지,0,2025-04-30T15:58:01Z,0,UgzfUg71I7lxZO8UtJx4AaABAg,qOB5sIujPH8,UC3RjWPNuFXFa7BTleidiutA,2025-04-30T15:58:01Z,,중립
인간 아이돌(엔시티) VS 버츄얼아이돌(플레이브)#엔시티#플레이브#엔시티127,케이팝 읽어주는 남녀,최상위 댓글,@돌맹이-c6b,공항갈때 그린스크린 써야하노ㅋㅋㅋㅋ,5,2025-04-29T14:57:33Z,0,UgyEE3usJyBKrZIF3Z14AaABAg,qOB5sIujPH8,UChP_ihiZasIQG8HK-0kbdUg,2025-04-29T14:57:33Z,,중립
인간 아이돌(엔시티) VS 버츄얼아이돌(플레이브)#엔시티#플레이브#엔시티127,케이팝 읽어주는 남녀,최상위 댓글,@Nocaplikeme,"근데 할거면 요즘 ai로하지
그게 더 리얼리티한데",0,2025-06-20T06:00:03Z,0,Ugyl8SlgxDYZlHGQmzh4AaABAg,qOB5sIujPH8,UCFGdf4iQo4fqK2yzZzR-xHg,2025-06-20T06:00:03Z,,중립
인간 아이돌(엔시티) VS 버츄얼아이돌(플레이브)#엔시티#플레이브#엔시티127,케이팝 읽어주는 남녀,최상위 댓글,@Handsome-gg67,느그 오빠들은 정전 나면 콘서트 중단 되잖아 ㅋ,0,2025-06-17T23:26:16Z,0,UgxypZCayNgC1qfkSVd4AaABAg,qOB5sIujPH8,UCcW5t8gqZ1-u__bb_wKAgWw,2025-06-17T23:26:16Z,,중립
인간 아이돌(엔시티) VS 버츄얼아이돌(플레이브)#엔시티#플레이브#엔시티127,케이팝 읽어주는 남녀,최상위 댓글,@use_er944,느그오빠들 실제로 못만나잖아ㅠㅠ😊,0,2025-05-07T06:33:21Z,0,UgxrYQpzghZy_yI0b9p4AaABAg,qOB5sIujPH8,UC6C7d10g2EY-8otsnphAGAA,2025-05-07T06:33:21Z,,중립
인간 아이돌(엔시티) VS 버츄얼아이돌(플레이브)#엔시티#플레이브#엔시티127,케이팝 읽어주는 남녀,최상위 댓글,@qkrcksdn1212,허경영.,0,2025-04-30T11:20:38Z,0,UgzTbbC4x7PibvTcs594AaABAg,qOB5sIujPH8,UC81gP7zq5fyz2JzBbK_Y6KQ,2025-04-30T11:20:38Z,,중립
인간 아이돌(엔시티) VS 버츄얼아이돌(플레이브)#엔시티#플레이브#엔시티127,케이팝 읽어주는 남녀,최상위 댓글,@왓자,두꺼비 집 내린다 싸쳐라,0,2025-06-04T06:31:29Z,0,UgyKiEEztNNRKjnb6Q14AaABAg,qOB5sIujPH8,UCZO-m4Fsac5crytbdyoV92Q,2025-06-04T06:31:29Z,,중립
인간 아이돌(엔시티) VS 버츄얼아이돌(플레이브)#엔시티#플레이브#엔시티127,케이팝 읽어주는 남녀,최상위 댓글,@우앙-q7q,이 사이에 허경영이 낀다면???,1,2025-04-28T15:37:09Z,0,UgyFcTwEHDH-tXPc3_94AaABAg,qOB5sIujPH8,UC6Bfv7X6xPUE8g0RkUlAnQQ,2025-04-28T15:37:09Z,,중립
인간 아이돌(엔시티) VS 버츄얼아이돌(플레이브)#엔시티#플레이브#엔시티127,케이팝 읽어주는 남녀,최상위 댓글,@양라구,"나중에는 시리,빅스비 둘이서 아이돌 하겠넼ㅋㅋ 이게 나라냐",4,2025-05-01T11:05:18Z,0,UgzJX8yHr900rSdQHZB4AaABAg,qOB5sIujPH8,UCG_YdzLMHFIov9jtYxaHLWw,2025-05-01T11:05:18Z,,중립
인간 아이돌(엔시티) VS 버츄얼아이돌(플레이브)#엔시티#플레이브#엔시티127,케이팝 읽어주는 남녀,최상위 댓글,@박소현-l4g9f,저희는 진짜 나는거고 엔씨티는 편집,0,2025-12-02T10:06:26Z,0,Ugy64yEGyR2wK9xEHTB4AaABAg,qOB5sIujPH8,UCD5aNoFF00Bqq0rRNZhyR2g,2025-12-02T10:06:26Z,,중립
인간 아이돌(엔시티) VS 버츄얼아이돌(플레이브)#엔시티#플레이브#엔시티127,케이팝 읽어주는 남녀,최상위 댓글,@조길인-glizzygone,하이템플러임?,0,2025-05-03T04:42:38Z,0,UgzaxnngKxPRUcXnzH14AaABAg,qOB5sIujPH8,UC6jG_NSP7LxYLBukHS3p27A,2025-05-03T04:42:38Z,,중립
인간 아이돌(엔시티) VS 버츄얼아이돌(플레이브)#엔시티#플레이브#엔시티127,케이팝 읽어주는 남녀,최상위 댓글,@송혜진-g1t,울 지용이는 필요없어,0,2026-01-23T05:03:52Z,0,UgyWYSkI6Q0xVV6Gifd4AaABAg,qOB5sIujPH8,UCiQVeJGBzMY_szb8WXtWV6g,2026-01-23T05:03:52Z,,중립
인간 아이돌(엔시티) VS 버츄얼아이돌(플레이브)#엔시티#플레이브#엔시티127,케이팝 읽어주는 남녀,최상위 댓글,@user-ui8df5jz7k,제라스마냥 날라댕기노,0,2025-05-01T09:09:02Z,0,Ugx2NTZBL5BHlT2uqDl4AaABAg,qOB5sIujPH8,UCxusNeKED-fXSmvTeVZzKgQ,2025-05-01T09:09:02Z,,중립
인간 아이돌(엔시티) VS 버츄얼아이돌(플레이브)#엔시티#플레이브#엔시티127,케이팝 읽어주는 남녀,최상위 댓글,@yhfvv-k6x,느그 오빠들은 팬미팅하고 악수도 못하제,1,2025-05-11T02:52:55Z,0,Ugy0VM2CXHGRtoSBzSF4AaABAg,qOB5sIujPH8,UCL7-zJsou8F7nYe2MGCfD4Q,2025-05-11T02:52:55Z,,중립
인간 아이돌(엔시티) VS 버츄얼아이돌(플레이브)#엔시티#플레이브#엔시티127,케이팝 읽어주는 남녀,최상위 댓글,@koreanaphrodite,나는 저거 하부에 자극이 잘 안옴,0,2025-04-29T10:22:37Z,0,Ugxi_FXVdVKzV0L3z9d4AaABAg,qOB5sIujPH8,UC0Boa6N43z-L0qWYlG43bwQ,2025-04-29T10:22:37Z,,중립
인간 아이돌(엔시티) VS 버츄얼아이돌(플레이브)#엔시티#플레이브#엔시티127,케이팝 읽어주는 남녀,최상위 댓글,@banginA,애먼 플리만 또 욕처먹고 있넼ㅋㅋ존중은 얼어죽을ㅋㅋ,0,2025-05-20T00:05:37Z,0,UgwxpdDoDQVwciHri4J4AaABAg,qOB5sIujPH8,UCgwrQMlmtVU3EVNAzEaC-lQ,2025-05-20T00:05:37Z,,중립
인간 아이돌(엔시티) VS 버츄얼아이돌(플레이브)#엔시티#플레이브#엔시티127,케이팝 읽어주는 남녀,최상위 댓글,@ebebeck_owo,엑소부터(아님 그 전부터) 순간이동 화염 초능력 이런거 다 써댔는데 이제와서 공중부양은 무슨ㅋㅋㅋㅋ 물론 재미로 쓴거겠지만,0,2025-05-23T08:07:40Z,0,UgwHygFRiTQ2dz69jWV4AaABAg,qOB5sIujPH8,UCL7oSLE2lh6BbQuXB1boReg,2025-05-23T08:07:59Z,,중립
인간 아이돌(엔시티) VS 버츄얼아이돌(플레이브)#엔시티#플레이브#엔시티127,케이팝 읽어주는 남녀,최상위 댓글,@제발모르면가만히있자,닮았는데?,0,2025-04-30T11:59:19Z,0,UgxhCEGQWk-97HXXOjt4AaABAg,qOB5sIujPH8,UChNu8dBdryQqkm4zlWP0Sqg,2025-04-30T11:59:19Z,,중립
인간 아이돌(엔시티) VS 버츄얼아이돌(플레이브)#엔시티#플레이브#엔시티127,케이팝 읽어주는 남녀,최상위 댓글,@석양이왜질까,"""딸깍""",1,2025-04-29T11:29:58Z,2,UgyD5S-JHsy2C5AvU-F4AaABAg,qOB5sIujPH8,UCRApelkcclihzq9Fo0-5xTA,2025-04-29T13:32:13Z,,중립
인간 아이돌(엔시티) VS 버츄얼아이돌(플레이브)#엔시티#플레이브#엔시티127,케이팝 읽어주는 남녀,대댓글,@vovoq52,정전 시 활동불가인 건 다 똑같은디요…?,2,2025-04-29T12:21:05Z,0,UgyD5S-JHsy2C5AvU-F4AaABAg.AHVM2nBXAnhAHVRuJ8wpby,qOB5sIujPH8,UCFCTZFnhuihHcSiiJ3deurA,2025-04-29T12:21:05Z,UgyD5S-JHsy2C5AvU-F4AaABAg,중립
인간 아이돌(엔시티) VS 버츄얼아이돌(플레이브)#엔시티#플레이브#엔시티127,케이팝 읽어주는 남녀,대댓글,@석양이왜질까,@vovoq52  그러네,1,2025-04-29T13:31:58Z,0,UgyD5S-JHsy2C5AvU-F4AaABAg.AHVM2nBXAnhAHV_0SiFS6q,qOB5sIujPH8,UCRApelkcclihzq9Fo0-5xTA,2025-04-29T13:31:58Z,UgyD5S-JHsy2C5AvU-F4AaABAg,중립
인간 아이돌(엔시티) VS 버츄얼아이돌(플레이브)#엔시티#플레이브#엔시티127,케이팝 읽어주는 남녀,최상위 댓글,@V3V3V3V,느그 오빠들은 음주강1간해도 안걸림,1,2025-04-29T10:50:36Z,0,UgwzmelrZsgrxzSEIsl4AaABAg,qOB5sIujPH8,UCplC6uBaae_rr2Ve-PThfbw,2025-04-29T10:50:36Z,,중립
인간 아이돌(엔시티) VS 버츄얼아이돌(플레이브)#엔시티#플레이브#엔시티127,케이팝 읽어주는 남녀,최상위 댓글,@glorypark0519,무조건 버츄얼이다,0,2025-05-10T15:27:18Z,0,Ugwlz8NSz9HpQ21_hkV4AaABAg,qOB5sIujPH8,UCaM4TZOo-JcmV54fvIFNruw,2025-05-10T15:27:18Z,,중립
인간 아이돌(엔시티) VS 버츄얼아이돌(플레이브)#엔시티#플레이브#엔시티127,케이팝 읽어주는 남녀,최상위 댓글,@다온김-z3o,버츄얼이 넌무 퀄 떨어진 다른거로 하면 좋을 탠데....,0,2025-04-30T15:18:23Z,0,Ugw-y4YlceH2Xit3TFx4AaABAg,qOB5sIujPH8,UC7QTXwRymLaTGAj-Q6okqEA,2025-04-30T15:18:23Z,,중립
인간 아이돌(엔시티) VS 버츄얼아이돌(플레이브)#엔시티#플레이브#엔시티127,케이팝 읽어주는 남녀,최상위 댓글,@주먹밥밥바,엑소부터 가자...,0,2025-05-06T14:12:44Z,0,UgyAnHTCuF6DzxMIRfF4AaABAg,qOB5sIujPH8,UCgdhy1Vq2-9bZ2IDuHUToig,2025-05-06T14:12:44Z,,중립
인간 아이돌(엔시티) VS 버츄얼아이돌(플레이브)#엔시티#플레이브#엔시티127,케이팝 읽어주는 남녀,최상위 댓글,@JIWOOWA,대 경 영,0,2025-05-03T12:49:19Z,0,UgyiwdRs9JqNKmpp8Y14AaABAg,qOB5sIujPH8,UCuyO8QyEKAv4DCTNAkdGNRg,2025-05-03T12:49:19Z,,중립
인간 아이돌(엔시티) VS 버츄얼아이돌(플레이브)#엔시티#플레이브#엔시티127,케이팝 읽어주는 남녀,최상위 댓글,@A_ra1521,"1. 일단 저 디스한 플리쉑이 잘못함
2. 받아친 사람 👍
3. 즐기는 사람 👍
4. 받아친 사람, 즐기는 사람들 욕하는 쉑 : 팬 맞나 의심",4,2025-05-09T15:21:09Z,1,UgwkhHCuD9cSvQv9TGp4AaABAg,qOB5sIujPH8,UCmBIpXkVA3pvHzCSVdpcmNw,2025-05-09T15:21:09Z,,중립
인간 아이돌(엔시티) VS 버츄얼아이돌(플레이브)#엔시티#플레이브#엔시티127,케이팝 읽어주는 남녀,대댓글,@sao-r9f,저 죄송한데.... 저 디스한 분은 플리분이 아니라 타팬입니다... 돌려깐거에요..... 그렇다고 다른 아이돌이 플레이브보다 못하다는 건 절대 아니에요...ㅜ,7,2025-05-12T15:57:53Z,0,UgwkhHCuD9cSvQv9TGp4AaABAg.AHuWSp10ZFtAI1J2VtsiVE,qOB5sIujPH8,UCfobNcairJL1ttzeSk538Ig,2025-05-12T15:57:53Z,UgwkhHCuD9cSvQv9TGp4AaABAg,중립
인간 아이돌(엔시티) VS 버츄얼아이돌(플레이브)#엔시티#플레이브#엔시티127,케이팝 읽어주는 남녀,최상위 댓글,@송을혜,범규는…?,0,2026-01-17T17:29:41Z,0,UgxtHdWPQewMrZwhO2Z4AaABAg,qOB5sIujPH8,UCj6WyCNciNmPiCSTj7jsf_A,2026-01-17T17:29:41Z,,중립
인간 아이돌(엔시티) VS 버츄얼아이돌(플레이브)#엔시티#플레이브#엔시티127,케이팝 읽어주는 남녀,최상위 댓글,@231-b6g8o,굴,0,2025-05-01T00:22:08Z,0,UgwmkvGJA7KR2TxEoRJ4AaABAg,qOB5sIujPH8,UClPdfr9P2ows7ya2VZY2j5w,2025-05-01T00:22:08Z,,중립
인간 아이돌(엔시티) VS 버츄얼아이돌(플레이브)#엔시티#플레이브#엔시티127,케이팝 읽어주는 남녀,최상위 댓글,@誰かx4m,느그는 현실에서 진짜로 못만나지?,1,2025-05-01T11:18:10Z,0,Ugw4xXHsOcNp8YzP0m14AaABAg,qOB5sIujPH8,UC96RfJqDVQNyuvnU9SDP3hQ,2025-05-01T11:18:10Z,,중립
인간 아이돌(엔시티) VS 버츄얼아이돌(플레이브)#엔시티#플레이브#엔시티127,케이팝 읽어주는 남녀,최상위 댓글,@aidenlee4270,"??? : "" 느그 오빠들 암전되면 없어지잖아 """,0,2025-11-18T04:25:04Z,2,UgynVpn6V5JQByizA4R4AaABAg,qOB5sIujPH8,UC7-b5FG7fZeqMbpk--UHReg,2025-11-18T04:25:04Z,,중립
인간 아이돌(엔시티) VS 버츄얼아이돌(플레이브)#엔시티#플레이브#엔시티127,케이팝 읽어주는 남녀,대댓글,@leeji1w,니그 오빠들도 불끄면 없어져.,0,2026-01-07T20:27:15Z,0,UgynVpn6V5JQByizA4R4AaABAg.APeInO1Q_ufARgleS5NoU3,qOB5sIujPH8,UCPLRCyFs1oVvaOnG29OQGbQ,2026-01-07T20:27:15Z,UgynVpn6V5JQByizA4R4AaABAg,중립
인간 아이돌(엔시티) VS 버츄얼아이돌(플레이브)#엔시티#플레이브#엔시티127,케이팝 읽어주는 남녀,대댓글,@은하수0312,내가 대신 너희 집 암전시켜도 돼? 사생팬 스토커 아닌 이상 인터넷 없으면 그쪽 오빠들도 못 봄ㅋㅋㅋㅋㅋ쿠ㅜ 그리고 그럴 걱정 없어 직접 전기 생산하거든^^,1,2026-01-08T00:28:40Z,0,UgynVpn6V5JQByizA4R4AaABAg.APeInO1Q_ufARhCHbULHHj,qOB5sIujPH8,UCu8wXDuDd6M-IgxZH3yoVlw,2026-01-08T00:28:40Z,UgynVpn6V5JQByizA4R4AaABAg,중립
인간 아이돌(엔시티) VS 버츄얼아이돌(플레이브)#엔시티#플레이브#엔시티127,케이팝 읽어주는 남녀,최상위 댓글,@됴그랏뎌그랏,근데 버츄얼아이돌은 공항갈때 어떻게 가냐,0,2025-05-18T18:54:51Z,1,Ugy5ZWfsbwcQ6ftH_JF4AaABAg,qOB5sIujPH8,UCdE3l0Ly3HgPBAmOVLAISLQ,2025-05-18T18:54:51Z,,중립
인간 아이돌(엔시티) VS 버츄얼아이돌(플레이브)#엔시티#플레이브#엔시티127,케이팝 읽어주는 남녀,대댓글,@에렌도망쳐,안가지 않을까 ㅋㅋ,0,2025-05-20T08:43:54Z,0,Ugy5ZWfsbwcQ6ftH_JF4AaABAg.AIH43qvhhAiAIL7jtSFcsv,qOB5sIujPH8,UCRphO2dg5BC6HNHI9aGbfhA,2025-05-20T08:43:54Z,Ugy5ZWfsbwcQ6ftH_JF4AaABAg,중립
인간 아이돌(엔시티) VS 버츄얼아이돌(플레이브)#엔시티#플레이브#엔시티127,케이팝 읽어주는 남녀,최상위 댓글,@gwanglan광란,클로브 아니냐,0,2025-05-06T16:10:09Z,0,UgxvLHYpv_jxUvyvzGd4AaABAg,qOB5sIujPH8,UCW9rlO0pziKOqVpLyV24OFA,2025-05-06T16:10:09Z,,중립
인간 아이돌(엔시티) VS 버츄얼아이돌(플레이브)#엔시티#플레이브#엔시티127,케이팝 읽어주는 남녀,최상위 댓글,@exitfhj4,음방에서 해보라고,0,2025-04-29T04:09:59Z,0,Ugymboe7DbzLLN_UrL94AaABAg,qOB5sIujPH8,UCZksZBoD2Kbs2VyPy1SYxRA,2025-04-29T04:09:59Z,,중립
인간 아이돌(엔시티) VS 버츄얼아이돌(플레이브)#엔시티#플레이브#엔시티127,케이팝 읽어주는 남녀,최상위 댓글,@66memory_c,이런건 좀 져라 엔시티……..,0,2025-05-06T10:23:28Z,0,Ugw5fwbS3e82uTQjuCh4AaABAg,qOB5sIujPH8,UCYn945ACY86yKsrVWzLs-Yg,2025-05-06T10:23:28Z,,중립
인간 아이돌(엔시티) VS 버츄얼아이돌(플레이브)#엔시티#플레이브#엔시티127,케이팝 읽어주는 남녀,최상위 댓글,@땅땅띠라라,안해도 될 것 같은데...,0,2025-04-29T13:58:51Z,0,UgwTa6A-ietyKb0O6GV4AaABAg,qOB5sIujPH8,UCrfx1elPTFtjX92cT7xOZ5A,2025-04-29T13:58:51Z,,중립
인간 아이돌(엔시티) VS 버츄얼아이돌(플레이브)#엔시티#플레이브#엔시티127,케이팝 읽어주는 남녀,최상위 댓글,@Furryslave6969,버츄얼 아이돌 너무 비현실적으로 생겼음 ㅋㅋ 얼굴이 무슨 게임 아바타처럼,2,2025-04-30T06:36:15Z,0,UgxxiiSH5ALbBZTiQuh4AaABAg,qOB5sIujPH8,UChlPpjVrW9738YFB3WGhKzQ,2025-04-30T06:36:15Z,,중립
인간 아이돌(엔시티) VS 버츄얼아이돌(플레이브)#엔시티#플레이브#엔시티127,케이팝 읽어주는 남녀,최상위 댓글,@천마신교,기괴하다,0,2025-06-16T15:33:52Z,0,UgzvOd8gOjqXOH89SpJ4AaABAg,qOB5sIujPH8,UC1MlaIe56VnKWNkTqKnC3hQ,2025-06-16T15:33:52Z,,중립
인간 아이돌(엔시티) VS 버츄얼아이돌(플레이브)#엔시티#플레이브#엔시티127,케이팝 읽어주는 남녀,최상위 댓글,@용용이-c2n,허경영?,0,2025-06-10T03:41:25Z,0,UgyV-tZ2ftvhSCvnlCd4AaABAg,qOB5sIujPH8,UCmviBHhfRxZTdDK2FUnCuMg,2025-06-10T03:41:25Z,,중립
인간 아이돌(엔시티) VS 버츄얼아이돌(플레이브)#엔시티#플레이브#엔시티127,케이팝 읽어주는 남녀,최상위 댓글,@오링맂,세븐틴도 할수있어,0,2025-06-23T11:16:53Z,0,UgwLcy9sYgC5hDcq2Jp4AaABAg,qOB5sIujPH8,UCwk7FDcpcEdlieBxmLBWYBA,2025-06-23T11:16:53Z,,중립
인간 아이돌(엔시티) VS 버츄얼아이돌(플레이브)#엔시티#플레이브#엔시티127,케이팝 읽어주는 남녀,최상위 댓글,@장슬찬.a,느그들은 두껍이집 내리면 다죽지?,1,2025-05-03T09:04:07Z,0,Ugzy9clCOjHwtELrIqp4AaABAg,qOB5sIujPH8,UCjYF4aQyWz41P7deKwmMjOw,2025-05-03T09:04:07Z,,중립
인간 아이돌(엔시티) VS 버츄얼아이돌(플레이브)#엔시티#플레이브#엔시티127,케이팝 읽어주는 남녀,최상위 댓글,@lottocass,이딴것도 아이돌이라고 빠는거면 덕후들은 그냥 사람이지 버츄얼좋아하는것들이랑 애니만화 좋아하는 덕후들이랑 다를게머야,0,2025-06-21T07:00:52Z,1,Ugwb0eYZS1Zuxz8B4bl4AaABAg,qOB5sIujPH8,UCe-J7v0dMqZjm-PxwOXDxqA,2025-06-21T07:00:52Z,,긍정
인간 아이돌(엔시티) VS 버츄얼아이돌(플레이브)#엔시티#플레이브#엔시티127,케이팝 읽어주는 남녀,대댓글,@은하수0312,따따마우스,0,2026-01-08T00:39:13Z,0,Ugwb0eYZS1Zuxz8B4bl4AaABAg.AJcLOLam4EZARhDUrRI3Qa,qOB5sIujPH8,UCu8wXDuDd6M-IgxZH3yoVlw,2026-01-08T00:39:13Z,Ugwb0eYZS1Zuxz8B4bl4AaABAg,중립
인간 아이돌(엔시티) VS 버츄얼아이돌(플레이브)#엔시티#플레이브#엔시티127,케이팝 읽어주는 남녀,최상위 댓글,@thsals4,다들 허경영이 꿈이냐..?,0,2025-06-20T10:59:22Z,0,UgxAx-3XMnltZKMJ-WZ4AaABAg,qOB5sIujPH8,UCJUGZ_c5ZHmoSFWI31PMQ_w,2025-06-20T10:59:22Z,,중립
인간 아이돌(엔시티) VS 버츄얼아이돌(플레이브)#엔시티#플레이브#엔시티127,케이팝 읽어주는 남녀,최상위 댓글,@누군가-w3i,근데 진짜 이해가 안되는게 서로 좋아하는거 보면 되지 왜 서로 싸우는 거임???  진짜 모름,0,2025-05-01T09:39:00Z,8,UgyDB2wgY4HjiCkCj9Z4AaABAg,qOB5sIujPH8,UCpZ0-woczaoYs_qXxqkxWUw,2025-05-01T09:39:00Z,,긍정
인간 아이돌(엔시티) VS 버츄얼아이돌(플레이브)#엔시티#플레이브#엔시티127,케이팝 읽어주는 남녀,대댓글,@마이콜사생팬,걍 지들 맘에 안 드니까 시비털고 싶은 거지..,3,2025-05-01T10:55:58Z,0,UgyDB2wgY4HjiCkCj9Z4AaABAg.AH_IwuP71LOAH_RkdXaWmh,qOB5sIujPH8,UCLbUbhjZYl2UEIzTLwGBSzg,2025-05-01T10:55:58Z,UgyDB2wgY4HjiCkCj9Z4AaABAg,중립
인간 아이돌(엔시티) VS 버츄얼아이돌(플레이브)#엔시티#플레이브#엔시티127,케이팝 읽어주는 남녀,대댓글,@성이름-g3n,플레이브팬 아니고 플레이브 돌려까는 정병계가 쓴건데....,4,2025-05-02T08:35:58Z,0,UgyDB2wgY4HjiCkCj9Z4AaABAg.AH_IwuP71LOAHblX3k0zTH,qOB5sIujPH8,UCw45jn9Lt5cacvZe7JOaQ_w,2025-05-02T08:39:19Z,UgyDB2wgY4HjiCkCj9Z4AaABAg,중립
인간 아이돌(엔시티) VS 버츄얼아이돌(플레이브)#엔시티#플레이브#엔시티127,케이팝 읽어주는 남녀,대댓글,@성이름-g3n,​​@마이콜사생팬진실은 플레이브 조롱하는 타팬정병이 돌려까기로 올린 트윗이었고 엔시티팬이 반응해준것,3,2025-05-02T08:37:25Z,0,UgyDB2wgY4HjiCkCj9Z4AaABAg.AH_IwuP71LOAHblghjkoLy,qOB5sIujPH8,UCw45jn9Lt5cacvZe7JOaQ_w,2025-05-02T08:39:36Z,UgyDB2wgY4HjiCkCj9Z4AaABAg,중립
인간 아이돌(엔시티) VS 버츄얼아이돌(플레이브)#엔시티#플레이브#엔시티127,케이팝 읽어주는 남녀,대댓글,@누군가-w3i,@성이름-g3n 아니 애초에 그게 싸우는 거쟌씀  ㅡ.ㅡ,0,2025-05-02T08:44:50Z,0,UgyDB2wgY4HjiCkCj9Z4AaABAg.AH_IwuP71LOAHbmY3CmfYo,qOB5sIujPH8,UCpZ0-woczaoYs_qXxqkxWUw,2025-05-02T08:44:50Z,UgyDB2wgY4HjiCkCj9Z4AaABAg,중립
인간 아이돌(엔시티) VS 버츄얼아이돌(플레이브)#엔시티#플레이브#엔시티127,케이팝 읽어주는 남녀,대댓글,@성이름-g3n,@누군가-w3i '서로 좋아하는거 보면 된다는'말이 맞지않죠 플레이브 돌려까는 정병어그로때문에 저기에서도 플레이브가 일방적으로맞고 이 날조영상때문에 플레이브악플달리는중인데 플레이브팬이 쓴게아닌글이 플레이브팬으로 날조되어서 일방적으로 한쪽이 쳐맞고있는걸 '서로 좋아하는거 보면 되지 왜 서로 싸우는거임?'이라고 하는게 맞는말이 되나요?,3,2025-05-02T08:45:57Z,0,UgyDB2wgY4HjiCkCj9Z4AaABAg.AH_IwuP71LOAHbmfAdJcsb,qOB5sIujPH8,UCw45jn9Lt5cacvZe7JOaQ_w,2025-05-02T08:48:33Z,UgyDB2wgY4HjiCkCj9Z4AaABAg,긍정
인간 아이돌(엔시티) VS 버츄얼아이돌(플레이브)#엔시티#플레이브#엔시티127,케이팝 읽어주는 남녀,최상위 댓글,@msg가아득,"플레이브는 노래는 좋은거 같은데 
버츄얼 얼굴이나 그런건 다 상관이 없는데 비율땜에 갠적으로 비호감임 어깨가 태평양이여",1,2025-05-30T16:16:54Z,0,UgxHW9p83Bzv1KMFSWd4AaABAg,qOB5sIujPH8,UCLqSyucQXrIeFJBOSmf0qTw,2025-05-30T16:16:54Z,,중립
인간 아이돌(엔시티) VS 버츄얼아이돌(플레이브)#엔시티#플레이브#엔시티127,케이팝 읽어주는 남녀,최상위 댓글,@송연성_y,느그 오빠들보다 더 높이 날았다,0,2025-04-30T09:11:48Z,0,UgxQqIPCTco8drywuhF4AaABAg,qOB5sIujPH8,UCoMa_-jVclaq3yHP_tDukIA,2025-04-30T09:11:48Z,,중립
인간 아이돌(엔시티) VS 버츄얼아이돌(플레이브)#엔시티#플레이브#엔시티127,케이팝 읽어주는 남녀,최상위 댓글,@윤설99,느그오빠들은 못하는게인정,0,2025-04-28T23:35:19Z,0,UgzdBI2dXVyyg1Cyh7F4AaABAg,qOB5sIujPH8,UC5BlmftpHAl85JdnDekukLg,2025-04-28T23:35:31Z,,중립
인간 아이돌(엔시티) VS 버츄얼아이돌(플레이브)#엔시티#플레이브#엔시티127,케이팝 읽어주는 남녀,최상위 댓글,@흐흐흐-o8z,느그오빠들은 인천공항 출국 못 하지?,0,2025-04-30T12:03:19Z,0,UgwiyWoGtZtC6bdh1eB4AaABAg,qOB5sIujPH8,UCKoUH0ALTt-jrMSNfPbUokQ,2025-04-30T12:03:19Z,,중립
인간 아이돌(엔시티) VS 버츄얼아이돌(플레이브)#엔시티#플레이브#엔시티127,케이팝 읽어주는 남녀,최상위 댓글,@cunha0010,기괴하네,0,2025-05-03T14:14:37Z,0,UgwB4xWjgJl4nlZX5xF4AaABAg,qOB5sIujPH8,UC7G9BvH33K-C-bHjdZZCNCg,2025-05-03T14:14:37Z,,중립
인간 아이돌(엔시티) VS 버츄얼아이돌(플레이브)#엔시티#플레이브#엔시티127,케이팝 읽어주는 남녀,최상위 댓글,@123a-k5y,누가 뭐래도 허경영이 공중부양 1티어임,0,2025-06-11T06:38:59Z,0,UgwSCtk95jt5t3UDzmt4AaABAg,qOB5sIujPH8,UCNnebatGEYFhIYE-tI1QGVQ,2025-06-11T06:38:59Z,,중립
인간 아이돌(엔시티) VS 버츄얼아이돌(플레이브)#엔시티#플레이브#엔시티127,케이팝 읽어주는 남녀,최상위 댓글,@브롤타임,버튜어 아이돌은 너무 어색해,0,2025-05-01T08:19:00Z,0,UgybXEHoXvEOyI0ODo14AaABAg,qOB5sIujPH8,UCJyXxBHB6zcv7vC3RdZukYA,2025-05-01T08:19:00Z,,중립
인간 아이돌(엔시티) VS 버츄얼아이돌(플레이브)#엔시티#플레이브#엔시티127,케이팝 읽어주는 남녀,최상위 댓글,@정현컨볼유튜브,"두꺼비집 내리면 저쪽 말고도
타 아이돌 콘서트도 멈춰지고
니들도 유튜브에 똥글못쓰는데
빡통임?",7,2025-05-25T13:38:24Z,4,Ugy5SYz5qQP1H_KVNT94AaABAg,qOB5sIujPH8,UCNDVOTuE_RFI4fLpjGc-5ag,2025-05-25T13:38:24Z,,중립
인간 아이돌(엔시티) VS 버츄얼아이돌(플레이브)#엔시티#플레이브#엔시티127,케이팝 읽어주는 남녀,대댓글,@abc-f2h6j,아이돌 콘서트가 멈추는거지 존재가 사라지는게 아니잖아? ㅋㅋ,1,2025-06-01T04:27:38Z,0,Ugy5SYz5qQP1H_KVNT94AaABAg.AIYXQIg7K02AIoZxPQtq_1,qOB5sIujPH8,UCgzA8yShrDVHz5i74fZQOQQ,2025-06-01T04:27:38Z,Ugy5SYz5qQP1H_KVNT94AaABAg,중립
인간 아이돌(엔시티) VS 버츄얼아이돌(플레이브)#엔시티#플레이브#엔시티127,케이팝 읽어주는 남녀,대댓글,@역겨운세상-w5i9d,다른 아이돌들도 꺼지면 무대 뒤로 내려가서 못 보는거 모르나?,0,2025-06-01T04:52:18Z,0,Ugy5SYz5qQP1H_KVNT94AaABAg.AIYXQIg7K02AIobm6y1aDU,qOB5sIujPH8,UCBJAFcT5oZ7PIx8KUpHTMog,2025-06-01T04:52:18Z,Ugy5SYz5qQP1H_KVNT94AaABAg,중립
인간 아이돌(엔시티) VS 버츄얼아이돌(플레이브)#엔시티#플레이브#엔시티127,케이팝 읽어주는 남녀,대댓글,@abc-f2h6j,아니 글의 핀트를 못잡네 귀여워​@김민서-w5i9d,0,2025-06-01T04:55:01Z,0,Ugy5SYz5qQP1H_KVNT94AaABAg.AIYXQIg7K02AIoc54LVdpG,qOB5sIujPH8,UCgzA8yShrDVHz5i74fZQOQQ,2025-06-01T04:55:01Z,Ugy5SYz5qQP1H_KVNT94AaABAg,중립
인간 아이돌(엔시티) VS 버츄얼아이돌(플레이브)#엔시티#플레이브#엔시티127,케이팝 읽어주는 남녀,대댓글,@역겨운세상-w5i9d,​@abc-f2h6j 아잇 잘못봣네 두꺼비집 내린다는거만 봐서..😅 머쓱이긔,0,2025-06-06T10:00:12Z,0,Ugy5SYz5qQP1H_KVNT94AaABAg.AIYXQIg7K02AJ11zhC32NE,qOB5sIujPH8,UCBJAFcT5oZ7PIx8KUpHTMog,2025-06-06T10:00:12Z,Ugy5SYz5qQP1H_KVNT94AaABAg,중립
인간 아이돌(엔시티) VS 버츄얼아이돌(플레이브)#엔시티#플레이브#엔시티127,케이팝 읽어주는 남녀,최상위 댓글,@귀신정보수집가1,"우리 아이돌사마는 하늘도 날고 다할수있습니다 지금은 죽긴 했지만요



사자",2,2025-07-28T10:37:29Z,0,UgwqxYcNOMAuVZlcbMJ4AaABAg,qOB5sIujPH8,UCfi2rspRykupllmIF2Z-48w,2025-07-28T10:37:29Z,,중립
인간 아이돌(엔시티) VS 버츄얼아이돌(플레이브)#엔시티#플레이브#엔시티127,케이팝 읽어주는 남녀,최상위 댓글,@박민석-s3h,플레이브는 왜 좋아하는거임?,0,2025-05-04T14:09:04Z,0,UgxVyhCBydNZIJLBQbt4AaABAg,qOB5sIujPH8,UCzxRLX_Tme1TaLDld2CkYAA,2025-05-04T14:09:04Z,,긍정
인간 아이돌(엔시티) VS 버츄얼아이돌(플레이브)#엔시티#플레이브#엔시티127,케이팝 읽어주는 남녀,최상위 댓글,@cccrdddbb,존;나 궁금한게 버추얼 연예인은 오디션 어케봐요?,0,2025-06-20T11:16:51Z,1,UgxUAMPM_4O9a3Rk0UV4AaABAg,qOB5sIujPH8,UCPb46e8rL0dKS2dszq_779g,2025-06-20T11:16:51Z,,중립
인간 아이돌(엔시티) VS 버츄얼아이돌(플레이브)#엔시티#플레이브#엔시티127,케이팝 읽어주는 남녀,대댓글,@은하수0312,플레이브는 지인추천제고 딩고 킬링보이스 나올 만큼 실력 좋아요 정 궁금하시면 만우절 때 찍은 플브 v.and 오디션 보세요 연습생 시절 거쳐서 데뷔했습니다,0,2026-01-08T00:37:20Z,0,UgxUAMPM_4O9a3Rk0UV4AaABAg.AJaDtGpY8IkARhDH5mZvEU,qOB5sIujPH8,UCu8wXDuDd6M-IgxZH3yoVlw,2026-01-08T00:37:20Z,UgxUAMPM_4O9a3Rk0UV4AaABAg,긍정
인간 아이돌(엔시티) VS 버츄얼아이돌(플레이브)#엔시티#플레이브#엔시티127,케이팝 읽어주는 남녀,최상위 댓글,@tv-gk7rr,저거 두꺼비집내리면 팬타킬,0,2025-06-21T01:55:55Z,1,Ugxr-rCpWLZ8VvHlL-V4AaABAg,qOB5sIujPH8,UCqwho227JX4q05k6BrpcsJA,2025-06-21T01:55:55Z,,중립
인간 아이돌(엔시티) VS 버츄얼아이돌(플레이브)#엔시티#플레이브#엔시티127,케이팝 읽어주는 남녀,대댓글,@은하수0312,6개월 지났으니까 새로운 아이디어 들고 와주세요!!,0,2026-01-08T00:38:37Z,0,Ugxr-rCpWLZ8VvHlL-V4AaABAg.AJbnUhyIpd2ARhDQTZDPLN,qOB5sIujPH8,UCu8wXDuDd6M-IgxZH3yoVlw,2026-01-08T00:38:37Z,Ugxr-rCpWLZ8VvHlL-V4AaABAg,중립
인간 아이돌(엔시티) VS 버츄얼아이돌(플레이브)#엔시티#플레이브#엔시티127,케이팝 읽어주는 남녀,최상위 댓글,@user-jt4nz7ue2w,"버츄얼뒤에 안여돼있어도 좋아할거야?
비하가 아니라 궁금해서",1,2025-04-29T05:23:57Z,1,UgwOcdPekneeMDAe0x54AaABAg,qOB5sIujPH8,UCwcOWgJFkyj5uQNut5TMoVQ,2025-04-29T05:24:08Z,,긍정
인간 아이돌(엔시티) VS 버츄얼아이돌(플레이브)#엔시티#플레이브#엔시티127,케이팝 읽어주는 남녀,대댓글,@user-bh7nw7lr5b,아닌 거 알아서 타격이 없음 이미 알 애들은 다 아는 게 뒷 사람임 상상은 자유지 뭐,4,2025-04-30T06:38:10Z,0,UgwOcdPekneeMDAe0x54AaABAg.AHUhA7Jp-R7AHXPSWtQLFR,qOB5sIujPH8,UCtqAgerPEHPcQUjLa5S88AQ,2025-04-30T06:38:10Z,UgwOcdPekneeMDAe0x54AaABAg,중립
인간 아이돌(엔시티) VS 버츄얼아이돌(플레이브)#엔시티#플레이브#엔시티127,케이팝 읽어주는 남녀,최상위 댓글,@미연-b8q,너내 오빠들은 실제로 못 보고 손도 못 잡지? 길거리에서 보지도 못 하지? 우리 오빠들은 가능해,2,2025-04-29T17:22:21Z,1,Ugxp8r_rEsAcbvEk2FR4AaABAg,qOB5sIujPH8,UCU4qyis0VG5oeE1YVBAyrZA,2025-04-29T17:22:21Z,,중립
인간 아이돌(엔시티) VS 버츄얼아이돌(플레이브)#엔시티#플레이브#엔시티127,케이팝 읽어주는 남녀,대댓글,@user-bh7nw7lr5b,축하드려요^^,1,2025-04-30T06:31:46Z,0,Ugxp8r_rEsAcbvEk2FR4AaABAg.AHVzNk0GJy-AHXOigqV6dB,qOB5sIujPH8,UCtqAgerPEHPcQUjLa5S88AQ,2025-04-30T06:31:46Z,Ugxp8r_rEsAcbvEk2FR4AaABAg,중립
인간 아이돌(엔시티) VS 버츄얼아이돌(플레이브)#엔시티#플레이브#엔시티127,케이팝 읽어주는 남녀,최상위 댓글,@최기정-x5e,뭐 허경영이냐,0,2025-04-30T06:15:13Z,0,Ugy_KYinWMKI3pa2mmt4AaABAg,qOB5sIujPH8,UCLP0DQ9h9iAJs5O0W9fEzjQ,2025-04-30T06:15:13Z,,중립
인간 아이돌(엔시티) VS 버츄얼아이돌(플레이브)#엔시티#플레이브#엔시티127,케이팝 읽어주는 남녀,최상위 댓글,@kshsfdd8239,솔직히 버츄얼은 아이돌 아니다,3,2025-05-01T01:20:42Z,0,UgwWs0w9dqAYz7nQhFV4AaABAg,qOB5sIujPH8,UCxaHJOhq46-_n-Bl8280ytA,2025-05-01T01:20:42Z,,중립
인간 아이돌(엔시티) VS 버츄얼아이돌(플레이브)#엔시티#플레이브#엔시티127,케이팝 읽어주는 남녀,최상위 댓글,@jenny-d8z,우리 플레이브한테 왜 그ㅐ래ㅠㅠㅠ 플레이브는 순간이동도 하고 계단에 올라가서 뚜이ㅓ내리기도 한다구우ㅠㅠㅠ,3,2025-05-02T07:12:26Z,2,UgxjsfzVyWjm4GZwOyN4AaABAg,qOB5sIujPH8,UCiknRTVIEImSanbc9d_A8Mw,2025-05-02T07:12:57Z,,중립
인간 아이돌(엔시티) VS 버츄얼아이돌(플레이브)#엔시티#플레이브#엔시티127,케이팝 읽어주는 남녀,대댓글,@eherwiwc2_Taeho,현실에서 얼굴까고 가능한가요?,3,2025-05-04T06:41:33Z,0,UgxjsfzVyWjm4GZwOyN4AaABAg.AHbbyH4vZ4mAHgi0mqv_6b,qOB5sIujPH8,UCYjTe-HazJ7rA-1jqdYPxdQ,2025-05-04T06:41:33Z,UgxjsfzVyWjm4GZwOyN4AaABAg,중립
인간 아이돌(엔시티) VS 버츄얼아이돌(플레이브)#엔시티#플레이브#엔시티127,케이팝 읽어주는 남녀,대댓글,@willybilly00,"얼굴까고 활동할땐 듣보 비인기 아이돌이었,,,,큼",1,2025-05-07T18:23:53Z,0,UgxjsfzVyWjm4GZwOyN4AaABAg.AHbbyH4vZ4mAHpgmY-PGNG,qOB5sIujPH8,UCC9iWDi73gyoGJFRRThtAlA,2025-05-07T18:23:53Z,UgxjsfzVyWjm4GZwOyN4AaABAg,중립
인간 아이돌(엔시티) VS 버츄얼아이돌(플레이브)#엔시티#플레이브#엔시티127,케이팝 읽어주는 남녀,최상위 댓글,@루드-p3r,네~다음 두꺼비집 내리면 펜타킬,4,2025-05-01T09:12:50Z,0,UgzRL_4G2ImDRSSXKuR4AaABAg,qOB5sIujPH8,UCVr8S82cn9TUVEl-FFOFipg,2025-05-01T09:12:50Z,,중립
인간 아이돌(엔시티) VS 버츄얼아이돌(플레이브)#엔시티#플레이브#엔시티127,케이팝 읽어주는 남녀,최상위 댓글,@이호차-c5m,ㅅㅂ 뭐 아이언맨이냐,0,2025-05-01T15:30:53Z,0,UgwaoZtU_hpBSVrhJll4AaABAg,qOB5sIujPH8,UChHziTj241XME9n3Fv9aBNA,2025-05-01T15:30:53Z,,중립
인간 아이돌(엔시티) VS 버츄얼아이돌(플레이브)#엔시티#플레이브#엔시티127,케이팝 읽어주는 남녀,최상위 댓글,@singhim2845,야 윈터는 원심분리도 해,0,2025-05-01T00:00:19Z,0,UgzKIs7M0oTmy1Smrg54AaABAg,qOB5sIujPH8,UCB9H5ceLSagGuBLyVou8W2Q,2025-05-01T00:00:19Z,,중립
인간 아이돌(엔시티) VS 버츄얼아이돌(플레이브)#엔시티#플레이브#엔시티127,케이팝 읽어주는 남녀,최상위 댓글,@MARI_67123,진짜 버튜버 왜좋아함?,0,2025-05-22T07:44:53Z,0,Ugwd9QzDgGG8Gm-cIo14AaABAg,qOB5sIujPH8,UCqs2kpd2pftSmKe_7bR_sdw,2025-05-22T07:44:53Z,,긍정
인간 아이돌(엔시티) VS 버츄얼아이돌(플레이브)#엔시티#플레이브#엔시티127,케이팝 읽어주는 남녀,최상위 댓글,@Heathney,개인적인 생각인데 2D보고 덕질하고싶음?,5,2025-04-30T13:18:14Z,1,UgwBMhh0T0UUZsuZvh14AaABAg,qOB5sIujPH8,UCJvTQ7Onb24ESJqkMJQqGug,2025-04-30T13:18:14Z,,중립
인간 아이돌(엔시티) VS 버츄얼아이돌(플레이브)#엔시티#플레이브#엔시티127,케이팝 읽어주는 남녀,대댓글,@내말이맞고니말은틀림,2D나 3D나 그림의 떡,0,2025-05-03T12:04:11Z,0,UgwBMhh0T0UUZsuZvh14AaABAg.AHY7EgvG3ggAHei90qZ8c0,qOB5sIujPH8,UCBswu8gZG5Ea6PQmlAZwkkw,2025-05-03T12:04:11Z,UgwBMhh0T0UUZsuZvh14AaABAg,중립
인간 아이돌(엔시티) VS 버츄얼아이돌(플레이브)#엔시티#플레이브#엔시티127,케이팝 읽어주는 남녀,최상위 댓글,@대중이형,레이디가가 1승,0,2025-05-02T12:36:39Z,0,Ugwp6kkeuZToCUl0mG94AaABAg,qOB5sIujPH8,UC2E5wP8xjGEFca_bmgtxgqQ,2025-05-02T12:36:39Z,,중립
인간 아이돌(엔시티) VS 버츄얼아이돌(플레이브)#엔시티#플레이브#엔시티127,케이팝 읽어주는 남녀,최상위 댓글,@lyllil_4945,진짜 버츄얼 앨범도 사고 그러는 팬이 있어?,3,2025-06-02T07:30:42Z,0,UgwBI4o5YuBgFJfrk314AaABAg,qOB5sIujPH8,UCj9ty3WjBeLGW5OmQzpgJ5w,2025-06-02T07:30:42Z,,중립
인간 아이돌(엔시티) VS 버츄얼아이돌(플레이브)#엔시티#플레이브#엔시티127,케이팝 읽어주는 남녀,최상위 댓글,@메롱-q9q8j,"느그들 오빠랑 손 못 잡지? ㅋㅋㅋㅋ
저런거 원조가 sm이잖아ㅋㅋㅋ 번개 날리고 불뿜고 난리치는 회사가 sm인데ㅋㅋㅋ 이젠 공중부양 시키네",0,2025-07-31T15:05:57Z,0,Ugy3B3FBEE_BQUKQ71B4AaABAg,qOB5sIujPH8,UCS6KPlLcPwwHJfFTUG5la4Q,2025-07-31T15:06:36Z,,중립
인간 아이돌(엔시티) VS 버츄얼아이돌(플레이브)#엔시티#플레이브#엔시티127,케이팝 읽어주는 남녀,최상위 댓글,@uga종결코돈,"얼굴 안까고 하는데는 이유가 있다던데 
난 모르겠다",5,2025-06-19T10:08:39Z,1,Ugwfz8IaRV7hMiuii3p4AaABAg,qOB5sIujPH8,UC2963jRAHj_E4AudbdQMyMA,2025-06-19T10:09:06Z,,중립
인간 아이돌(엔시티) VS 버츄얼아이돌(플레이브)#엔시티#플레이브#엔시티127,케이팝 읽어주는 남녀,대댓글,@mano05x2,"저분들 다 공식적으로 아이돌 연습생 과정 겪고, 관리받고요. 춤 노래는 당연하고 작사 작곡도 합니다. 플레이브 팬은 아니지만 비슷한 팬으로서 플레이브 응원하고 있습니다. 노래좋으니까 한 번쯤 들어보시길",0,2025-06-20T06:23:28Z,0,Ugwfz8IaRV7hMiuii3p4AaABAg.AJYXHs4m23IAJ_hJUP6AQn,qOB5sIujPH8,UCrS72nPfe7eY3Ucs6F-FDXg,2025-06-20T06:24:54Z,Ugwfz8IaRV7hMiuii3p4AaABAg,긍정
인간 아이돌(엔시티) VS 버츄얼아이돌(플레이브)#엔시티#플레이브#엔시티127,케이팝 읽어주는 남녀,최상위 댓글,@캐튜오qetuo1550,이파리들은 안저러는데 플레이브 좋아하는 팬들중 저러는 사람들은 왜저럴까....,2,2025-04-30T08:44:43Z,0,UgxI_Oee4AHy24abSe94AaABAg,qOB5sIujPH8,UC7LS1C9AC0ta_KDIbdo01aQ,2025-04-30T08:44:43Z,,긍정
인간 아이돌(엔시티) VS 버츄얼아이돌(플레이브)#엔시티#플레이브#엔시티127,케이팝 읽어주는 남녀,최상위 댓글,@jaden-t7m,아니 솔직이 버추어 아이돌 왜 좋아하는거야?,3,2025-04-29T08:56:06Z,0,UgwbnsKmYYZjpJXrmBx4AaABAg,qOB5sIujPH8,UCK1yRPOgXKfiBwDHbvLtBQw,2025-04-29T08:56:06Z,,긍정
인간 아이돌(엔시티) VS 버츄얼아이돌(플레이브)#엔시티#플레이브#엔시티127,케이팝 읽어주는 남녀,최상위 댓글,@Rockt.he_X,버츄얼 아이돌은 알빠 아닌데 자꾸 그냥 돌판이랑 맞먹을라하니까 불편해 하는 사람 많은거지... 지들 맘대로 2d였다 아이돌이었다 사람이었다 가상인물이었다 맘대로 하니까,2,2025-05-07T12:41:16Z,0,UgxghCsdH52jPdpjnCB4AaABAg,qOB5sIujPH8,UCtwKJXA8SUcM4IaGY59KnYA,2025-05-07T12:41:16Z,,중립
인간 아이돌(엔시티) VS 버츄얼아이돌(플레이브)#엔시티#플레이브#엔시티127,케이팝 읽어주는 남녀,최상위 댓글,@환타임-z8p,느그들은 팬사인회 못하잖아ㅋ,1,2025-05-01T12:06:38Z,1,UgyCMsi74i6vUSbPI-V4AaABAg,qOB5sIujPH8,UCI7vQlEFHMcLiDFP5xJOU1A,2025-05-01T12:06:38Z,,중립
인간 아이돌(엔시티) VS 버츄얼아이돌(플레이브)#엔시티#플레이브#엔시티127,케이팝 읽어주는 남녀,대댓글,@성이름-g3n,영통 팬싸해요,4,2025-05-02T08:50:31Z,0,UgyCMsi74i6vUSbPI-V4AaABAg.AH_ZqCO3ZUJAHbnB_t7e1o,qOB5sIujPH8,UCw45jn9Lt5cacvZe7JOaQ_w,2025-05-02T08:50:31Z,UgyCMsi74i6vUSbPI-V4AaABAg,중립
인간 아이돌(엔시티) VS 버츄얼아이돌(플레이브)#엔시티#플레이브#엔시티127,케이팝 읽어주는 남녀,최상위 댓글,@고양팡,근데 진짜 와이파이 꺼지는 못보는거 왜봄?,0,2025-04-30T12:29:29Z,0,UgxmLsFVah4tueZEaPd4AaABAg,qOB5sIujPH8,UCuCM_MkNKcqM40QHq7VSbBQ,2025-04-30T12:29:29Z,,중립
인간 아이돌(엔시티) VS 버츄얼아이돌(플레이브)#엔시티#플레이브#엔시티127,케이팝 읽어주는 남녀,최상위 댓글,@밥먹고있는16살,플레이브도 사람인디요..,0,2025-05-01T06:38:04Z,1,UgzOTKq4x9io8Aea8KJ4AaABAg,qOB5sIujPH8,UCKLlbBQEmz8E9W478aFRzVw,2025-05-01T06:38:04Z,,중립
인간 아이돌(엔시티) VS 버츄얼아이돌(플레이브)#엔시티#플레이브#엔시티127,케이팝 읽어주는 남녀,대댓글,@colorwhite,한남ㅋㅋ,0,2025-05-01T08:28:00Z,0,UgzOTKq4x9io8Aea8KJ4AaABAg.AHZzEgr7zrGAH_AooVFd5I,qOB5sIujPH8,UCKVnNykIWYlIbR3CZo4Oajg,2025-05-01T08:28:00Z,UgzOTKq4x9io8Aea8KJ4AaABAg,중립
인간 아이돌(엔시티) VS 버츄얼아이돌(플레이브)#엔시티#플레이브#엔시티127,케이팝 읽어주는 남녀,최상위 댓글,@알리미0228,ㅋㅋㅋㅋㅋ 버추얼은 다른 사람이 뒤에서 든거고 일반 아이돌 저거는 걍 CG잖아,1,2025-04-29T01:56:57Z,2,UgzN9SE4bWX-l8a9mgl4AaABAg,qOB5sIujPH8,UCgpocYUhw4J-lR1dD73t7fg,2025-04-29T01:56:57Z,,중립
인간 아이돌(엔시티) VS 버츄얼아이돌(플레이브)#엔시티#플레이브#엔시티127,케이팝 읽어주는 남녀,대댓글,@노란앵무,버츄얼은 그 자체로 CG인데요,0,2025-04-29T08:50:59Z,0,UgzN9SE4bWX-l8a9mgl4AaABAg.AHUKTxAg534AHV3rQlC_7E,qOB5sIujPH8,UC2tcdH6p5WEmPTZroBxB-Hg,2025-04-29T08:50:59Z,UgzN9SE4bWX-l8a9mgl4AaABAg,중립
인간 아이돌(엔시티) VS 버츄얼아이돌(플레이브)#엔시티#플레이브#엔시티127,케이팝 읽어주는 남녀,대댓글,@알리미0228,@ 근데요? 일반 아이돌 CG라고 해서 그러는 거임? ㅋㅋㅋㅋ 걍 저걸 어떻게 했다 말하는 건데? 누가 욕을 했나 뭘 했나?,0,2025-04-29T08:57:06Z,0,UgzN9SE4bWX-l8a9mgl4AaABAg.AHUKTxAg534AHV4ZCkjLFp,qOB5sIujPH8,UCgpocYUhw4J-lR1dD73t7fg,2025-04-29T08:57:06Z,UgzN9SE4bWX-l8a9mgl4AaABAg,중립
인간 아이돌(엔시티) VS 버츄얼아이돌(플레이브)#엔시티#플레이브#엔시티127,케이팝 읽어주는 남녀,최상위 댓글,@막스몽골스타펜,에미넴 형님 랩갓 부르시면서 한번 나십쇼 ㅇㅇ,1,2025-05-03T05:40:00Z,0,UgzdnkwL5qwcMVBAvr14AaABAg,qOB5sIujPH8,UClMSbpFKa8KOGqqtJijPgxQ,2025-05-03T05:40:00Z,,중립
인간 아이돌(엔시티) VS 버츄얼아이돌(플레이브)#엔시티#플레이브#엔시티127,케이팝 읽어주는 남녀,최상위 댓글,@사람-6974s,버츄얼 진짜로 필터 안끼면 저딴게 아이돌 소리 나온다,2,2025-05-13T12:13:30Z,0,Ugw7eyuX2V3X8lw20gR4AaABAg,qOB5sIujPH8,UCeGUJeYrV3J9q7Fyapv_9hQ,2025-05-13T12:13:30Z,,중립
인간 아이돌(엔시티) VS 버츄얼아이돌(플레이브)#엔시티#플레이브#엔시티127,케이팝 읽어주는 남녀,최상위 댓글,@쫑긋,어차피 너네도 CG자나 ㅋㅋㅋ,0,2025-05-06T11:18:38Z,0,UgwfAZroh7Sg2MOPY-t4AaABAg,qOB5sIujPH8,UC8A6iaRqrlG5DhNV9tUofxA,2025-05-06T11:18:38Z,,중립
인간 아이돌(엔시티) VS 버츄얼아이돌(플레이브)#엔시티#플레이브#엔시티127,케이팝 읽어주는 남녀,최상위 댓글,@Tlqkf-o6t,나는거 ㅈㄴ 이질감든다. 춤출때도 들긴 했는데 게임에서 오류 난것마냥 뜨니까 진짜 괴리감 느껴지네,25,2025-04-28T16:50:29Z,0,UgyBt-vqujiiqUIfxd94AaABAg,qOB5sIujPH8,UCL42eFPqapem3eaxFCMGc_Q,2025-04-28T16:50:29Z,,중립
인간 아이돌(엔시티) VS 버츄얼아이돌(플레이브)#엔시티#플레이브#엔시티127,케이팝 읽어주는 남녀,최상위 댓글,@hyonu04,와이어 있으면 가능!,1,2025-04-28T20:22:42Z,0,Ugxvv-Il3JmCtgT6ZRt4AaABAg,qOB5sIujPH8,UChPc1VBxC5BSfq8VfJ1GLcg,2025-04-28T20:22:42Z,,중립
인간 아이돌(엔시티) VS 버츄얼아이돌(플레이브)#엔시티#플레이브#엔시티127,케이팝 읽어주는 남녀,최상위 댓글,@크리밍-q1h,저런 버추얼 아이돌을 진짜 왜 좋아함??,3,2025-05-02T09:06:58Z,2,Ugy0aiqNW52m6k67Nbx4AaABAg,qOB5sIujPH8,UCAvs9t7SMHYo6DFfS_-_dRw,2025-05-02T09:06:58Z,,긍정
인간 아이돌(엔시티) VS 버츄얼아이돌(플레이브)#엔시티#플레이브#엔시티127,케이팝 읽어주는 남녀,대댓글,@막한다_막한다,자기 취향이지 저걸 까는게 더 비정상인듯,4,2025-05-02T10:41:54Z,0,Ugy0aiqNW52m6k67Nbx4AaABAg.AHbp45zn2WJAHbzwPzggVu,qOB5sIujPH8,UCjqy1SrBvz9rXsteMFUE2_g,2025-05-02T10:41:54Z,Ugy0aiqNW52m6k67Nbx4AaABAg,중립
인간 아이돌(엔시티) VS 버츄얼아이돌(플레이브)#엔시티#플레이브#엔시티127,케이팝 읽어주는 남녀,대댓글,@fl0ver_use,안 좋아하는것도 취향인데 그걸 요구하는게 더 비정상인듯,0,2025-05-02T11:01:33Z,0,Ugy0aiqNW52m6k67Nbx4AaABAg.AHbp45zn2WJAHc1BOPf-Yc,qOB5sIujPH8,UCaL4-hh3vQLh9dQotzArOpA,2025-05-02T11:01:33Z,Ugy0aiqNW52m6k67Nbx4AaABAg,긍정
인간 아이돌(엔시티) VS 버츄얼아이돌(플레이브)#엔시티#플레이브#엔시티127,케이팝 읽어주는 남녀,최상위 댓글,@토종국내인,허공답보들 하고 난리났네,0,2025-05-10T00:05:41Z,0,UgyMtq6g1WM1wOhEHBF4AaABAg,qOB5sIujPH8,UCPvvbYoq3B8Po54sFHeueVg,2025-05-10T00:05:41Z,,중립
인간 아이돌(엔시티) VS 버츄얼아이돌(플레이브)#엔시티#플레이브#엔시티127,케이팝 읽어주는 남녀,최상위 댓글,@뭘보노보노-e6k,쟤네는 저거직접안찍어도되자나,0,2025-04-29T23:33:59Z,1,UgyhrOV-1t1hk7-X2i54AaABAg,qOB5sIujPH8,UCdR0KX7Ou8xpUUrTx8Ks5Iw,2025-04-29T23:33:59Z,,중립
인간 아이돌(엔시티) VS 버츄얼아이돌(플레이브)#엔시티#플레이브#엔시티127,케이팝 읽어주는 남녀,대댓글,@jfgddheixhs,저거찍을때 스태프가들어올려줘서 떠보였던거임 플레이브는 전부 직접찍음ㅇㅇ 노래도 춤도 토크도 연기도 무대도 뮤직비디오도 예능도 대역없이 본인들이 직접함 심지어 앨범에들어가는노래들 작사작곡안무프로듀싱도 직접함 대역없고 AI가아니기때문에,2,2025-04-29T23:57:29Z,0,UgyhrOV-1t1hk7-X2i54AaABAg.AHWdukLp6nsAHWgao73f2X,qOB5sIujPH8,UCOtNpDKvjzP-WiJ-MB01dDg,2025-04-30T00:11:28Z,UgyhrOV-1t1hk7-X2i54AaABAg,중립
인간 아이돌(엔시티) VS 버츄얼아이돌(플레이브)#엔시티#플레이브#엔시티127,케이팝 읽어주는 남녀,최상위 댓글,@잼있는이야기-r7f,“느그 오빠들은 전광판이지?”,6,2025-06-11T11:12:07Z,1,UgySrJEB0kHLOgO6do14AaABAg,qOB5sIujPH8,UCrSVLmJu7VBSoRgrt5PC9uw,2025-06-11T11:12:07Z,,중립
인간 아이돌(엔시티) VS 버츄얼아이돌(플레이브)#엔시티#플레이브#엔시티127,케이팝 읽어주는 남녀,대댓글,@미라이_fusidg,ㅋㅋㅋㅋㅋㅋ,0,2025-06-25T10:10:40Z,0,UgySrJEB0kHLOgO6do14AaABAg.AJE2Bkmqj_FAJmzHtg4MjB,qOB5sIujPH8,UCMFSvc8TO5vBFAIdy6b8X_Q,2025-06-25T10:10:40Z,UgySrJEB0kHLOgO6do14AaABAg,중립
인간 아이돌(엔시티) VS 버츄얼아이돌(플레이브)#엔시티#플레이브#엔시티127,케이팝 읽어주는 남녀,최상위 댓글,@목을부수자,버츄얼 아이돌은 역시 이세돌!,1,2025-07-25T06:25:25Z,1,UgxxZlXufVsY8pl6GU54AaABAg,qOB5sIujPH8,UC22Zeo3U6mpDycfpftYoZNQ,2025-07-25T06:25:42Z,,중립
인간 아이돌(엔시티) VS 버츄얼아이돌(플레이브)#엔시티#플레이브#엔시티127,케이팝 읽어주는 남녀,대댓글,@crocodile6927,영상 훔치고 3키 낮추고 그마저도 못불러 기계음 넣고 다 춤 못춰서 한 맴버가 모션 다따주고 사장 논란터져서 자동사냥 중인 그들,0,2025-07-28T12:07:25Z,0,UgxxZlXufVsY8pl6GU54AaABAg.AKzpMKyMs2QAL79srzrAdT,qOB5sIujPH8,UChpG9h-CW4gALw65i2cR3Qg,2025-07-28T12:07:40Z,UgxxZlXufVsY8pl6GU54AaABAg,중립
인간 아이돌(엔시티) VS 버츄얼아이돌(플레이브)#엔시티#플레이브#엔시티127,케이팝 읽어주는 남녀,최상위 댓글,@용원레즈,저희 플레이브는요 마법 쓸 수 있고 1초만에 옷 갈아입는데 따라잡으실 수 잇나요ㅋ,0,2025-05-04T12:18:53Z,1,Ugy-QKmZw1S7g_gyn1d4AaABAg,qOB5sIujPH8,UCSriV_iqYSes_vdbd8y3yqw,2025-05-04T12:18:53Z,,중립
인간 아이돌(엔시티) VS 버츄얼아이돌(플레이브)#엔시티#플레이브#엔시티127,케이팝 읽어주는 남녀,대댓글,@라즈베리-c5z,플리분 그러지 마세요..ㅠ,0,2025-07-28T03:15:53Z,0,Ugy-QKmZw1S7g_gyn1d4AaABAg.AHhJcVWskz5AL6D2su2mqr,qOB5sIujPH8,UCD05n0_N1QRMXmKGZ4-YQyg,2025-07-28T03:15:53Z,Ugy-QKmZw1S7g_gyn1d4AaABAg,중립
인간 아이돌(엔시티) VS 버츄얼아이돌(플레이브)#엔시티#플레이브#엔시티127,케이팝 읽어주는 남녀,최상위 댓글,@티끌모아파산-d2u,"??:(전선뽑음)
..?",1,2025-04-29T05:04:53Z,0,UgxXdXEVJ8CKuD4vXxR4AaABAg,qOB5sIujPH8,UCET-Nbh1BRdbSNPWt5B1INg,2025-04-29T05:04:53Z,,중립
인간 아이돌(엔시티) VS 버츄얼아이돌(플레이브)#엔시티#플레이브#엔시티127,케이팝 읽어주는 남녀,최상위 댓글,@사카밤바피스,"어우 솔직히 난 버츄얼 할거면, 아바타에 1000단위 이상으로 써줬으면 좋겠어~ 저럴 바에야 현실 아이돌 보는 게 퀄리티가 좋겠다
내가 버츄얼 좋아하는 게 퀄리티가 현실보다 좋으면서, 더 이뻐서 좋아하는 데 개인적으로 플래이브는 아바타에 돈 좀 써라~",6,2025-04-29T14:29:42Z,2,Ugw6E8-d33Fx5PmUAYl4AaABAg,qOB5sIujPH8,UC9gJLoc_NXC51LxPNktnYog,2025-04-29T14:29:42Z,,긍정
인간 아이돌(엔시티) VS 버츄얼아이돌(플레이브)#엔시티#플레이브#엔시티127,케이팝 읽어주는 남녀,대댓글,@안녕-m5w3y,뭔... vr챗 뚜따 딸깍인줄아노,2,2025-04-29T16:45:06Z,0,Ugw6E8-d33Fx5PmUAYl4AaABAg.AHVfcFGMm58AHVv7-Nq3wM,qOB5sIujPH8,UC64oNOSvxFOOv9_As_ZFfwQ,2025-04-29T16:45:06Z,Ugw6E8-d33Fx5PmUAYl4AaABAg,중립
인간 아이돌(엔시티) VS 버츄얼아이돌(플레이브)#엔시티#플레이브#엔시티127,케이팝 읽어주는 남녀,대댓글,@만약님이회원,그거 장비 가격 1억 넘는다고 알고있어요,0,2025-05-02T11:31:30Z,0,Ugw6E8-d33Fx5PmUAYl4AaABAg.AHVfcFGMm58AHc4bkrqzal,qOB5sIujPH8,UCfru4u_ffW25_2NmwBPj63g,2025-05-02T11:31:30Z,Ugw6E8-d33Fx5PmUAYl4AaABAg,중립
인간 아이돌(엔시티) VS 버츄얼아이돌(플레이브)#엔시티#플레이브#엔시티127,케이팝 읽어주는 남녀,최상위 댓글,@수빈-q1t8l,버추얼은 나만 시그마 같냐?,0,2025-04-29T14:00:34Z,0,Ugzb4S5QRuWVpvPPY1t4AaABAg,qOB5sIujPH8,UCEdhzqe3V36NM1zK_niBsOw,2025-04-29T14:00:34Z,,중립
인간 아이돌(엔시티) VS 버츄얼아이돌(플레이브)#엔시티#플레이브#엔시티127,케이팝 읽어주는 남녀,최상위 댓글,@에렌도망쳐,플레이브는 그냥 따로 하자.. 좀 뭔 아이돌이냐. 훨씬 편하게 사는데. 멜뮤 갔었는데 진짜 별로엿엇슴,5,2025-05-20T08:44:58Z,0,UgzOImZDCCbChbzGWrx4AaABAg,qOB5sIujPH8,UCRphO2dg5BC6HNHI9aGbfhA,2025-05-20T08:44:58Z,,부정
인간 아이돌(엔시티) VS 버츄얼아이돌(플레이브)#엔시티#플레이브#엔시티127,케이팝 읽어주는 남녀,최상위 댓글,@블링블링-b5h,제발 저런 가짜 인간들을 왜 좋아하는거지;;;;,1,2025-04-30T12:46:14Z,0,Ugx5NdgxfBp-YQCcaJB4AaABAg,qOB5sIujPH8,UCj5wNx-mnOll85yG7sfAi-w,2025-04-30T12:46:14Z,,긍정
인간 아이돌(엔시티) VS 버츄얼아이돌(플레이브)#엔시티#플레이브#엔시티127,케이팝 읽어주는 남녀,최상위 댓글,@꿀꿀이-b2o,페이커도 가능하긴 해,0,2025-05-08T09:28:12Z,1,UgwhatraJOhx-jZXf514AaABAg,qOB5sIujPH8,UC9MBEc6aOVZbWnV7EBwztnQ,2025-05-08T09:28:12Z,,중립
인간 아이돌(엔시티) VS 버츄얼아이돌(플레이브)#엔시티#플레이브#엔시티127,케이팝 읽어주는 남녀,대댓글,@Lovevolleyball-1,페이커..그는 신이야…,0,2025-05-11T08:33:17Z,0,UgwhatraJOhx-jZXf514AaABAg.AHrJGtKLvyGAHywNGeGIDv,qOB5sIujPH8,UCZhkYk1FgnJtmzvRIhXqZxw,2025-05-11T08:33:17Z,UgwhatraJOhx-jZXf514AaABAg,중립
인간 아이돌(엔시티) VS 버츄얼아이돌(플레이브)#엔시티#플레이브#엔시티127,케이팝 읽어주는 남녀,최상위 댓글,@엑소엘-갤럭시,아뇨 우리 엑소는 초능력있어요,0,2025-04-29T05:34:34Z,1,UgzRI-2qbPofGx2H0AR4AaABAg,qOB5sIujPH8,UCMzl6du_HBkOf1hIsnpdQrg,2025-04-29T05:34:34Z,,중립
인간 아이돌(엔시티) VS 버츄얼아이돌(플레이브)#엔시티#플레이브#엔시티127,케이팝 읽어주는 남녀,대댓글,@vovoq52,저희 멤버중엔 에리 있어여,1,2025-04-29T12:23:21Z,0,UgzRI-2qbPofGx2H0AR4AaABAg.AHUiNlr_slDAHVS9s2Pe5P,qOB5sIujPH8,UCFCTZFnhuihHcSiiJ3deurA,2025-04-29T12:23:21Z,UgzRI-2qbPofGx2H0AR4AaABAg,중립
인간 아이돌(엔시티) VS 버츄얼아이돌(플레이브)#엔시티#플레이브#엔시티127,케이팝 읽어주는 남녀,최상위 댓글,@hello1238-s,느그오빠들은 팬미팅 못하제,0,2025-05-03T03:56:04Z,2,UgxVOnQKJEXZHibhPR94AaABAg,qOB5sIujPH8,UCQC-ce0AawR7mzYf4ICZB6g,2025-05-03T03:56:04Z,,중립
인간 아이돌(엔시티) VS 버츄얼아이돌(플레이브)#엔시티#플레이브#엔시티127,케이팝 읽어주는 남녀,대댓글,@달달-l1e,팬미팅가능함,1,2025-05-03T11:23:35Z,0,UgxVOnQKJEXZHibhPR94AaABAg.AHdqHtYAQBTAHedVa98u1g,qOB5sIujPH8,UCqQt3aGbuti1hWKfMAxgiSg,2025-05-03T11:23:35Z,UgxVOnQKJEXZHibhPR94AaABAg,중립
인간 아이돌(엔시티) VS 버츄얼아이돌(플레이브)#엔시티#플레이브#엔시티127,케이팝 읽어주는 남녀,대댓글,@hello1238-s,@달달-l1e  어케함? Vr챗?,0,2025-05-03T15:13:02Z,0,UgxVOnQKJEXZHibhPR94AaABAg.AHdqHtYAQBTAHf2l9jQTQg,qOB5sIujPH8,UCQC-ce0AawR7mzYf4ICZB6g,2025-05-03T15:13:02Z,UgxVOnQKJEXZHibhPR94AaABAg,중립
인간 아이돌(엔시티) VS 버츄얼아이돌(플레이브)#엔시티#플레이브#엔시티127,케이팝 읽어주는 남녀,최상위 댓글,@주짓수mma하는어린남자,"버츄얼 아이돌 그.. ai인디 그건 찐따만 볼꺼 같음,,",2,2025-05-01T07:15:51Z,0,UgwtH0fbOxdfpxOdvy14AaABAg,qOB5sIujPH8,UCtzhn3irV_qYv68EOzBbMsw,2025-05-01T07:15:51Z,,중립
인간 아이돌(엔시티) VS 버츄얼아이돌(플레이브)#엔시티#플레이브#엔시티127,케이팝 읽어주는 남녀,최상위 댓글,@김건희-b5y,"버츄얼 아이돌 좋아하는건 취향차이니까 욕할건 아님 근데 현실 아이돌이랑 다르다는걸 확실히 구분해야함 그래서 시상식같은거 할때 버츄얼 아이돌은 무조건 빼야함 직접 무대위에서 나오는 아이돌은 외모 관리 하고 춤선이나 퍼포먼스를 직접적으로 보여주는거라 모든걸 노력하는데
버츄얼 아이돌은 아니잖아
구분해야함 진짜",11,2025-05-04T14:40:13Z,0,UgzJqFqeaQfXOexZK514AaABAg,qOB5sIujPH8,UC8HKVcpx7KjbOUCdl_zql3Q,2025-08-08T18:58:14Z,,긍정
인간 아이돌(엔시티) VS 버츄얼아이돌(플레이브)#엔시티#플레이브#엔시티127,케이팝 읽어주는 남녀,최상위 댓글,@천안문에서-다죽음,유치해서 못보겠노...,1,2025-04-29T22:28:44Z,0,Ugzbj4LAyMsAdH6A8cN4AaABAg,qOB5sIujPH8,UCL2IWjPYvvo7oQjCVCU4OBA,2025-04-29T22:28:44Z,,중립
인간 아이돌(엔시티) VS 버츄얼아이돌(플레이브)#엔시티#플레이브#엔시티127,케이팝 읽어주는 남녀,최상위 댓글,@sippingsizzurp,저거 아이돌임?,0,2025-05-23T13:28:12Z,3,Ugy-Vaz24mlAHSG2LK54AaABAg,qOB5sIujPH8,UCPOdZGyOSRdm_5dDQ78MrBw,2025-05-23T13:28:12Z,,중립
인간 아이돌(엔시티) VS 버츄얼아이돌(플레이브)#엔시티#플레이브#엔시티127,케이팝 읽어주는 남녀,대댓글,@백랑이다,네;;,0,2025-05-23T16:07:56Z,0,Ugy-Vaz24mlAHSG2LK54AaABAg.AITMepgr8sgAITdwm4ion-,qOB5sIujPH8,UCQ6Nd1QOpbLrXKfta9rQkpA,2025-05-23T16:07:56Z,Ugy-Vaz24mlAHSG2LK54AaABAg,중립
인간 아이돌(엔시티) VS 버츄얼아이돌(플레이브)#엔시티#플레이브#엔시티127,케이팝 읽어주는 남녀,대댓글,@민지-w8u-t6s,해킹하면 어케됨?​@백랑이다,0,2025-05-23T16:53:05Z,0,Ugy-Vaz24mlAHSG2LK54AaABAg.AITMepgr8sgAITj6Vi14-b,qOB5sIujPH8,UCPqKhmo7pgOU2T6_Wa3i8tA,2025-05-23T16:53:05Z,Ugy-Vaz24mlAHSG2LK54AaABAg,중립
인간 아이돌(엔시티) VS 버츄얼아이돌(플레이브)#엔시티#플레이브#엔시티127,케이팝 읽어주는 남녀,대댓글,@백랑이다,"​2D는 얼굴 인식, 3D는 몸 전체 인식인데..해킹한다고 저 캐릭터를 쓸 수는 없어 보입니다 제가 버튜버가 아닌데 어떻게 알겠어요~",0,2025-05-24T01:48:25Z,0,Ugy-Vaz24mlAHSG2LK54AaABAg.AITMepgr8sgAIUgNNrGyPY,qOB5sIujPH8,UCQ6Nd1QOpbLrXKfta9rQkpA,2025-05-24T01:48:25Z,Ugy-Vaz24mlAHSG2LK54AaABAg,중립
인간 아이돌(엔시티) VS 버츄얼아이돌(플레이브)#엔시티#플레이브#엔시티127,케이팝 읽어주는 남녀,최상위 댓글,@Ikkss1001,"버추얼 하는데에는 그만한 이유가 있겠지.
근데 온갖 고난과 역경을 견디고 노력해서 데뷔한 아이돌이랑 비빌려는게 꼴보기 싫을 뿐이지",2,2025-05-10T12:38:47Z,0,UgzjxsGpH1N-G-aESed4AaABAg,qOB5sIujPH8,UCBhysSCQL01ubN_w2x1xUDw,2025-05-10T12:38:47Z,,중립
인간 아이돌(엔시티) VS 버츄얼아이돌(플레이브)#엔시티#플레이브#엔시티127,케이팝 읽어주는 남녀,최상위 댓글,@오늘은이건가,(음지로 돌아가)빛나줘~~~,5,2025-05-02T09:49:34Z,0,UgwPwBwt-yJGuvQZ5-J4AaABAg,qOB5sIujPH8,UCwW8vZCXBHwf8zzb1cIMULw,2025-05-02T09:49:34Z,,중립
인간 아이돌(엔시티) VS 버츄얼아이돌(플레이브)#엔시티#플레이브#엔시티127,케이팝 읽어주는 남녀,최상위 댓글,@슈-v3l,우리에겐 초능력자 엑소들이 있었다ㅋㅋㅋㅋㅋㅋ,3,2025-04-29T02:59:07Z,0,UgynIuUWMBj3FPS--Lx4AaABAg,qOB5sIujPH8,UCtqEaJqp9WOt2atsYPKlp1g,2025-04-29T02:59:07Z,,중립
인간 아이돌(엔시티) VS 버츄얼아이돌(플레이브)#엔시티#플레이브#엔시티127,케이팝 읽어주는 남녀,최상위 댓글,@legend_0324,솔직히 플레이브 싫음 그냥 거부감 듬 ㅋㅋ,8,2025-05-01T10:22:43Z,1,UgyTlAW-4jVgc8MsGk54AaABAg,qOB5sIujPH8,UCLezWHSmg9MOOUrJ1Q-K-dQ,2025-05-01T10:22:43Z,,중립
인간 아이돌(엔시티) VS 버츄얼아이돌(플레이브)#엔시티#플레이브#엔시티127,케이팝 읽어주는 남녀,대댓글,@포도-s9c,ㅈㄴ ㅇㅈ,0,2025-05-01T11:38:30Z,0,UgyTlAW-4jVgc8MsGk54AaABAg.AH_Nx2DBcjTAH_Wc9BVdtS,qOB5sIujPH8,UC-otxwjs_H4IX3bRrUY9Yhw,2025-05-01T11:38:30Z,UgyTlAW-4jVgc8MsGk54AaABAg,중립
인간 아이돌(엔시티) VS 버츄얼아이돌(플레이브)#엔시티#플레이브#엔시티127,케이팝 읽어주는 남녀,최상위 댓글,@Song_lover0914,근데 플레이브는 해외공연가는데 돈은 안들겠네 USB만 보내면 되니까,2,2025-04-29T10:28:37Z,0,UgxwSg8DUOQLi0OvZnh4AaABAg,qOB5sIujPH8,UCfpkKVZUvWfBJox9yz9CJBg,2025-04-29T10:28:37Z,,중립
인간 아이돌(엔시티) VS 버츄얼아이돌(플레이브)#엔시티#플레이브#엔시티127,케이팝 읽어주는 남녀,최상위 댓글,@병건-e7j,저거 빠는 애들 광신도급이던데 ㅋㅋ,5,2025-05-13T10:02:33Z,0,Ugxw7UmLq0D1FhEU2Ox4AaABAg,qOB5sIujPH8,UCgYpZgAob60PWp99VLNDi_g,2025-05-13T10:02:33Z,,중립
인간 아이돌(엔시티) VS 버츄얼아이돌(플레이브)#엔시티#플레이브#엔시티127,케이팝 읽어주는 남녀,최상위 댓글,@oioioioi__i_9,걍 각자 취향 존중하자 뭔 느그 오빠 이러면서 싸우고 있냐 ㅋㅋㅋㅋㅋㅋㅋㅋ,0,2025-04-29T19:32:23Z,0,UgwjB5FZKNB9Ah7PbkN4AaABAg,qOB5sIujPH8,UC72aaBQH2wjtEHKCJLntkYw,2025-04-29T19:32:23Z,,중립
인간 아이돌(엔시티) VS 버츄얼아이돌(플레이브)#엔시티#플레이브#엔시티127,케이팝 읽어주는 남녀,최상위 댓글,@사람-d5j2l,그냥 버츄얼은 좀 찐따 같은데,3,2025-04-30T22:51:04Z,0,Ugx1g6VosnABnWPbum94AaABAg,qOB5sIujPH8,UCA0EQCJKDEEPfvNL71IFgnw,2025-04-30T22:51:04Z,,중립
인간 아이돌(엔시티) VS 버츄얼아이돌(플레이브)#엔시티#플레이브#엔시티127,케이팝 읽어주는 남녀,최상위 댓글,@연곤정-i5l,병 밭이네,0,2025-05-06T09:55:43Z,0,Ugzlin2ErVHqvgKfU3J4AaABAg,qOB5sIujPH8,UCR2kjAXsaf-iSU7nyjwz-bQ,2025-05-06T09:55:43Z,,중립
인간 아이돌(엔시티) VS 버츄얼아이돌(플레이브)#엔시티#플레이브#엔시티127,케이팝 읽어주는 남녀,최상위 댓글,@노말타입인간,"이거 보니 이 짤 생각난다
3d파:그림쪼가리가 니 이름 불러준 적 있음?
2d파:그래서 이름 한번 불릴려고 몇백씩 써서 고작 악수회나 팬미팅 하러 감?
버튜버파:천원 쏘면 이름 불러주던데",0,2025-05-03T05:02:17Z,0,UgwOEiKiIHFis3bpoy94AaABAg,qOB5sIujPH8,UCrCtfYHnACnQms8aT9WhOmw,2025-05-03T05:02:27Z,,중립
인간 아이돌(엔시티) VS 버츄얼아이돌(플레이브)#엔시티#플레이브#엔시티127,케이팝 읽어주는 남녀,최상위 댓글,@csh568,정전나면 사라지는 아이돌,1,2025-05-13T10:10:16Z,0,Ugze1xfPul9bG4YZJjp4AaABAg,qOB5sIujPH8,UCIb0T58P_5YbcR42lwbtVjg,2025-05-13T10:10:16Z,,중립
인간 아이돌(엔시티) VS 버츄얼아이돌(플레이브)#엔시티#플레이브#엔시티127,케이팝 읽어주는 남녀,최상위 댓글,@애쌔줌댄,"근데 진심 버츄얼 아이돌 좋아하는건 이해하는데
콘서트 가는건 진짜 정신병 같음
15만원씩 주고 다같이 모여서 전광판을 왜 보고 있냐고",4,2025-06-11T23:59:30Z,0,UgxVC7ZSwMeXo8NAMLt4AaABAg,qOB5sIujPH8,UCu6ZYwztxN0SWkZ0dOWg1GA,2025-06-12T00:01:34Z,,긍정
인간 아이돌(엔시티) VS 버츄얼아이돌(플레이브)#엔시티#플레이브#엔시티127,케이팝 읽어주는 남녀,최상위 댓글,@안녕alal,걍 두꺼비집 함 내려줘야 정신차리지ㅋㅋ,1,2025-05-02T11:04:15Z,0,UgwPr_0jSdb-D3S-UsR4AaABAg,qOB5sIujPH8,UC_5VEmwZz8F48Gl2AFuMqRA,2025-05-02T11:04:15Z,,중립
인간 아이돌(엔시티) VS 버츄얼아이돌(플레이브)#엔시티#플레이브#엔시티127,케이팝 읽어주는 남녀,최상위 댓글,@gkgkgkgkgkgkgk1,진짜 궁금한데 플레이브가 왜 좋으신거에요,5,2025-04-29T09:02:19Z,2,UgzgbBpLKBGy0EBCjAB4AaABAg,qOB5sIujPH8,UCzKUNPUN44Q4madse0kp4gQ,2025-04-29T09:02:19Z,,중립
인간 아이돌(엔시티) VS 버츄얼아이돌(플레이브)#엔시티#플레이브#엔시티127,케이팝 읽어주는 남녀,대댓글,@user-bh7nw7lr5b,아트빌더 구독한 거부터 궁금하다는 건 핑계이신듯 ㅋㅋ,3,2025-04-30T06:35:46Z,0,UgzgbBpLKBGy0EBCjAB4AaABAg.AHV59QpY_c1AHXPAzHVaZU,qOB5sIujPH8,UCtqAgerPEHPcQUjLa5S88AQ,2025-04-30T06:35:46Z,UgzgbBpLKBGy0EBCjAB4AaABAg,중립
인간 아이돌(엔시티) VS 버츄얼아이돌(플레이브)#엔시티#플레이브#엔시티127,케이팝 읽어주는 남녀,대댓글,@gkgkgkgkgkgkgk1,@user-bh7nw7lr5b ㅋㅋ 플빠 ㅎㅇ 궁금하면 안되는거? ㅋㅋ 어허 이뻐서 한거잖음 ㅋㅋ 꼬우면 어허 채널 만들라 해라 육수충 좋아하는게,0,2025-04-30T09:09:03Z,0,UgzgbBpLKBGy0EBCjAB4AaABAg.AHV59QpY_c1AHXfi_74fWg,qOB5sIujPH8,UCzKUNPUN44Q4madse0kp4gQ,2025-04-30T09:09:03Z,UgzgbBpLKBGy0EBCjAB4AaABAg,긍정
인간 아이돌(엔시티) VS 버츄얼아이돌(플레이브)#엔시티#플레이브#엔시티127,케이팝 읽어주는 남녀,최상위 댓글,@souy-q8n,"여러분 여기서 플레이브 욕하지 마시구요. 플레이브도 이제는 유명한 아이돌이에요. 빌보드 200 안에 들었었고, MAMA 무대까지 갔었고, 또 음중에서 1위도 많이 차지했으니까 그만큼 유명하다는 거겠죠? 그러니까 버추얼이라는 이유로 무시하지 말고 악플달지 맙시다.",4,2025-05-14T13:02:47Z,1,Ugx1oAUYSTGclM6jQJJ4AaABAg,qOB5sIujPH8,UC6cAqyEOHHukyppoYKaIqlw,2025-05-14T13:02:47Z,,중립
인간 아이돌(엔시티) VS 버츄얼아이돌(플레이브)#엔시티#플레이브#엔시티127,케이팝 읽어주는 남녀,대댓글,@정현컨볼유튜브,"ㄹㅇ 이런식으로 타문화 배척하다가
병인양요 꼴 나는것도 모르고",2,2025-05-25T13:44:32Z,0,Ugx1oAUYSTGclM6jQJJ4AaABAg.AI68an146xwAIYY7ATw-ak,qOB5sIujPH8,UCNDVOTuE_RFI4fLpjGc-5ag,2025-05-25T13:44:32Z,Ugx1oAUYSTGclM6jQJJ4AaABAg,중립
인간 아이돌(엔시티) VS 버츄얼아이돌(플레이브)#엔시티#플레이브#엔시티127,케이팝 읽어주는 남녀,최상위 댓글,@건들지마라-y3j,버돌은 좀 안보이면안되나,2,2025-05-01T00:05:08Z,2,UgyrUocPQteR5XTG4sp4AaABAg,qOB5sIujPH8,UCX8oxPaSwiWLlA48wn-2IYw,2025-05-01T00:05:08Z,,중립
인간 아이돌(엔시티) VS 버츄얼아이돌(플레이브)#엔시티#플레이브#엔시티127,케이팝 읽어주는 남녀,대댓글,@막한다_막한다,자기 취향이지 저걸 까는게 더 비정상인듯,3,2025-05-02T10:42:05Z,0,UgyrUocPQteR5XTG4sp4AaABAg.AHZHGlTr9PzAHbzxmtGCIf,qOB5sIujPH8,UCjqy1SrBvz9rXsteMFUE2_g,2025-05-02T10:42:05Z,UgyrUocPQteR5XTG4sp4AaABAg,중립
인간 아이돌(엔시티) VS 버츄얼아이돌(플레이브)#엔시티#플레이브#엔시티127,케이팝 읽어주는 남녀,대댓글,@정현컨볼유튜브,"그런마음으로 인해
신미양요가 터진건가",1,2025-05-25T13:32:36Z,0,UgyrUocPQteR5XTG4sp4AaABAg.AHZHGlTr9PzAIYWkrMnRkS,qOB5sIujPH8,UCNDVOTuE_RFI4fLpjGc-5ag,2025-05-25T13:32:36Z,UgyrUocPQteR5XTG4sp4AaABAg,중립
인간 아이돌(엔시티) VS 버츄얼아이돌(플레이브)#엔시티#플레이브#엔시티127,케이팝 읽어주는 남녀,최상위 댓글,@JY-SON,첫번째는 아이언 맨아님?..,6,2025-04-28T08:56:26Z,0,UgwBKkFCZkw_Ve2n5Jt4AaABAg,qOB5sIujPH8,UC01rJEKCAEgD2hkozFxih-g,2025-04-28T08:56:26Z,,중립
인간 아이돌(엔시티) VS 버츄얼아이돌(플레이브)#엔시티#플레이브#엔시티127,케이팝 읽어주는 남녀,최상위 댓글,@restmz8799,응 아이돌 아니야,4,2025-06-20T04:34:45Z,2,UgwLXteKyF8tqJLPNvd4AaABAg,qOB5sIujPH8,UCp26obHrSqjrmjKOxCb_YHg,2025-06-20T04:34:45Z,,중립
인간 아이돌(엔시티) VS 버츄얼아이돌(플레이브)#엔시티#플레이브#엔시티127,케이팝 읽어주는 남녀,대댓글,@풉-k3j,아직도 부정하노,1,2025-06-25T13:36:01Z,0,UgwLXteKyF8tqJLPNvd4AaABAg.AJ_VsHjPfrnAJnLn0f9HQv,qOB5sIujPH8,UCrmBKtCGLFu50CWKWy__4IQ,2025-06-25T13:36:01Z,UgwLXteKyF8tqJLPNvd4AaABAg,중립
인간 아이돌(엔시티) VS 버츄얼아이돌(플레이브)#엔시티#플레이브#엔시티127,케이팝 읽어주는 남녀,대댓글,@은하수0312,응 본체도 아이돌이야,0,2026-01-08T00:37:58Z,0,UgwLXteKyF8tqJLPNvd4AaABAg.AJ_VsHjPfrnARhDLgvpNu3,qOB5sIujPH8,UCu8wXDuDd6M-IgxZH3yoVlw,2026-01-08T00:37:58Z,UgwLXteKyF8tqJLPNvd4AaABAg,중립
인간 아이돌(엔시티) VS 버츄얼아이돌(플레이브)#엔시티#플레이브#엔시티127,케이팝 읽어주는 남녀,최상위 댓글,@Comet-likesong,진짜  왜 이러냐..디스영상을..어이없다..,0,2025-06-18T05:52:42Z,0,UgyArsrlao-MvIA2BiJ4AaABAg,qOB5sIujPH8,UCzeqrkg3l15LKbD3RMQ2x3A,2025-06-18T05:52:42Z,,부정
인간 아이돌(엔시티) VS 버츄얼아이돌(플레이브)#엔시티#플레이브#엔시티127,케이팝 읽어주는 남녀,최상위 댓글,@김진서-y2d,"ㅁㅊㅋㅋㅋㅋ 저거 비하를 할려는게





맞음 저쩍에 이세돌은 어? 팬이문제지만 나대지않고걍 갠방만 하잔여 근데 요 플 머시기는 엉? 마마도 나가고 근데 울지용형이 나와서 하나도 않보였지만 마마까지나가 버츄얼따위가 엉?",1,2025-05-09T11:51:40Z,3,UgwUsOsUiIIV7Z1HE9N4AaABAg,qOB5sIujPH8,UCfkMURgafKBlUYgrlFh_0xg,2025-05-09T11:51:40Z,,중립
인간 아이돌(엔시티) VS 버츄얼아이돌(플레이브)#엔시티#플레이브#엔시티127,케이팝 읽어주는 남녀,대댓글,@김민석-y1w5c,니가 하는게 비하니까 가만히 있어라 극성 팬덤아,0,2025-05-09T18:27:18Z,0,UgwUsOsUiIIV7Z1HE9N4AaABAg.AHu8UWampF9AHuqlGmba9G,qOB5sIujPH8,UCANtmZ_A-tJVk0jXCfoiBwQ,2025-05-09T18:27:18Z,UgwUsOsUiIIV7Z1HE9N4AaABAg,중립
인간 아이돌(엔시티) VS 버츄얼아이돌(플레이브)#엔시티#플레이브#엔시티127,케이팝 읽어주는 남녀,대댓글,@김진서-y2d,​@김민석-y1w5c나 이세돌팬아닌뎅...,0,2025-05-09T23:24:09Z,0,UgwUsOsUiIIV7Z1HE9N4AaABAg.AHu8UWampF9AHvNjUqHQRD,qOB5sIujPH8,UCfkMURgafKBlUYgrlFh_0xg,2025-05-09T23:24:09Z,UgwUsOsUiIIV7Z1HE9N4AaABAg,중립
인간 아이돌(엔시티) VS 버츄얼아이돌(플레이브)#엔시티#플레이브#엔시티127,케이팝 읽어주는 남녀,대댓글,@김진서-y2d,​@김민석-y1w5c나 빂인뎅... 알면서 말해,0,2025-05-09T23:24:30Z,0,UgwUsOsUiIIV7Z1HE9N4AaABAg.AHu8UWampF9AHvNlwS9Zra,qOB5sIujPH8,UCfkMURgafKBlUYgrlFh_0xg,2025-05-09T23:24:30Z,UgwUsOsUiIIV7Z1HE9N4AaABAg,중립
인간 아이돌(엔시티) VS 버츄얼아이돌(플레이브)#엔시티#플레이브#엔시티127,케이팝 읽어주는 남녀,최상위 댓글,@가나다라바사차하,느그 오빠들은 두꺼비집 내리면 사라지지?..,13,2025-04-28T23:01:08Z,3,UgyjxjLLreQ5kreS-wh4AaABAg,qOB5sIujPH8,UCcoBWzrZJ7YlfpGhVRm6Q4g,2025-04-28T23:01:08Z,,중립
인간 아이돌(엔시티) VS 버츄얼아이돌(플레이브)#엔시티#플레이브#엔시티127,케이팝 읽어주는 남녀,대댓글,@Paka0210,다시 올리면 되죠ㅋㅋㅋ,4,2025-04-28T23:09:05Z,0,UgyjxjLLreQ5kreS-wh4AaABAg.AHU0MCqsFpMAHU1GQz9PiO,qOB5sIujPH8,UCbNHqL4IJ8k1f4MUwEOCB-Q,2025-04-28T23:09:05Z,UgyjxjLLreQ5kreS-wh4AaABAg,중립
인간 아이돌(엔시티) VS 버츄얼아이돌(플레이브)#엔시티#플레이브#엔시티127,케이팝 읽어주는 남녀,대댓글,@Sun-Mango,ㄹㅇ느그오빠들 두꺼비집 내리면 셋팅하는데만 최소 30분~ ㅋㅋ,4,2025-04-29T00:55:11Z,0,UgyjxjLLreQ5kreS-wh4AaABAg.AHU0MCqsFpMAHUDPXPLnxv,qOB5sIujPH8,UCrlldoz9_VLOGMKPJr3U4zw,2025-04-29T00:55:11Z,UgyjxjLLreQ5kreS-wh4AaABAg,중립
인간 아이돌(엔시티) VS 버츄얼아이돌(플레이브)#엔시티#플레이브#엔시티127,케이팝 읽어주는 남녀,대댓글,@vovoq52,@Sun-Mango카메라들도 꺼지면 세팅 다시 하는 데 좀 오래 걸리죠…. 누가 방송국 불을 끄고 다니는지 참…. 요즘 전기도 많이 비싼데 그쵸,0,2025-04-29T12:25:27Z,0,UgyjxjLLreQ5kreS-wh4AaABAg.AHU0MCqsFpMAHVSPDAcMmC,qOB5sIujPH8,UCFCTZFnhuihHcSiiJ3deurA,2025-04-29T12:25:27Z,UgyjxjLLreQ5kreS-wh4AaABAg,중립
인간 아이돌(엔시티) VS 버츄얼아이돌(플레이브)#엔시티#플레이브#엔시티127,케이팝 읽어주는 남녀,최상위 댓글,@I-LoveReze,난.. 개인적으로 버츄얼은 취향이 아닌것같다..,1,2025-05-02T09:11:16Z,0,Ugzs9y5MF-3I6_UuTAd4AaABAg,qOB5sIujPH8,UCXVR093OpodsI5SR7rf2RJA,2025-05-02T09:11:16Z,,중립
인간 아이돌(엔시티) VS 버츄얼아이돌(플레이브)#엔시티#플레이브#엔시티127,케이팝 읽어주는 남녀,최상위 댓글,@dW-3658,아 제발 저 플리 좀 어케 해보셈ㅋㅋ 덕분에 다른 플리도 욕 존나 먹던뎈ㅋㅋㅋㅋ,0,2025-07-26T17:06:37Z,1,UgxnbKIlV7hyDUIfSF94AaABAg,qOB5sIujPH8,UCgnV8jLpj7OkJaMvIliy4Nw,2025-07-26T17:06:37Z,,중립
인간 아이돌(엔시티) VS 버츄얼아이돌(플레이브)#엔시티#플레이브#엔시티127,케이팝 읽어주는 남녀,대댓글,@은하수0312,타팬인데 플리인척 어그로 끄는 팬코에요ㅋㅋㅋㅋㅋ 플리는 그저 웃지요ㅋㅋㅋ,0,2026-01-08T00:33:31Z,0,UgxnbKIlV7hyDUIfSF94AaABAg.AL2YXZlT6u8ARhCq9XWHoH,qOB5sIujPH8,UCu8wXDuDd6M-IgxZH3yoVlw,2026-01-08T00:33:31Z,UgxnbKIlV7hyDUIfSF94AaABAg,중립
인간 아이돌(엔시티) VS 버츄얼아이돌(플레이브)#엔시티#플레이브#엔시티127,케이팝 읽어주는 남녀,최상위 댓글,@쁘어-c6s,웃자고 올린글에 진지빠는 찐따들 왤케많음 ㅋㅋㅋㅋㅋㅋ,0,2025-04-29T04:21:09Z,1,UgyR8ggxfWstg6TY6114AaABAg,qOB5sIujPH8,UCTZC2IkTs5B02tl0F_4nmGw,2025-04-29T04:21:09Z,,중립
인간 아이돌(엔시티) VS 버츄얼아이돌(플레이브)#엔시티#플레이브#엔시티127,케이팝 읽어주는 남녀,대댓글,@syexn-w1h,ㅋㅋㅋㅋㅋㅋ니가 찐따인 듯,3,2025-04-29T13:00:39Z,0,UgyR8ggxfWstg6TY6114AaABAg.AHU_z9DjrzAAHVWQzuc6e3,qOB5sIujPH8,UCco8WZQfAvkEGb3h2ClygMw,2025-04-29T13:00:47Z,UgyR8ggxfWstg6TY6114AaABAg,중립
인간 아이돌(엔시티) VS 버츄얼아이돌(플레이브)#엔시티#플레이브#엔시티127,케이팝 읽어주는 남녀,최상위 댓글,@goosbumps-y,근데 저거 플러그 뽑으면 꺼지는거 아님?,1,2025-05-24T16:50:22Z,0,UgyuUC6MIAtXhHrv6_h4AaABAg,qOB5sIujPH8,UCzQwwuAB3Tr2Zgi30aUxF-A,2025-05-24T16:50:22Z,,중립
인간 아이돌(엔시티) VS 버츄얼아이돌(플레이브)#엔시티#플레이브#엔시티127,케이팝 읽어주는 남녀,최상위 댓글,@햅삐티티,원래 초능력컨셉은 스엠 엑소가 원조거늘 어디 한참 후배들끼리 ㅋㅋㅋ,0,2025-05-03T10:16:17Z,0,Ugx5GpLcbDXvOPekseJ4AaABAg,qOB5sIujPH8,UCDNVJo7RjYbVhNObIfobRyQ,2025-05-03T10:16:17Z,,중립
인간 아이돌(엔시티) VS 버츄얼아이돌(플레이브)#엔시티#플레이브#엔시티127,케이팝 읽어주는 남녀,최상위 댓글,@mjh_wolf,어쩌란거지,1,2025-04-28T22:37:02Z,0,UgzqeLqX2FC4onqmpEl4AaABAg,qOB5sIujPH8,UC-o4UCpPdYO2pmXn7YEVVhw,2025-04-28T22:37:02Z,,중립
인간 아이돌(엔시티) VS 버츄얼아이돌(플레이브)#엔시티#플레이브#엔시티127,케이팝 읽어주는 남녀,최상위 댓글,@타오르는날개불꽃정령,웃기고있다; 야 플레이브?,0,2025-06-24T07:11:19Z,0,Ugx4B8qQ5Y1lmioVnMt4AaABAg,qOB5sIujPH8,UCWY67JlOM1pXfGA0opzMWkA,2025-06-24T07:11:19Z,,중립
인간 아이돌(엔시티) VS 버츄얼아이돌(플레이브)#엔시티#플레이브#엔시티127,케이팝 읽어주는 남녀,최상위 댓글,@pian1929,딸깍!(두꺼비집 내려가는 소리),3,2025-04-29T11:15:37Z,1,UgwxpKutbami4zYorat4AaABAg,qOB5sIujPH8,UCRgJA2JZ_jRNBA5RcFU63dA,2025-04-29T11:15:37Z,,중립
인간 아이돌(엔시티) VS 버츄얼아이돌(플레이브)#엔시티#플레이브#엔시티127,케이팝 읽어주는 남녀,대댓글,@vovoq52,저희 응원봉이 밝아서 응원봉 키면 돼요,1,2025-04-29T12:19:52Z,0,UgwxpKutbami4zYorat4AaABAg.AHVKPlgFK7dAHVRlLVjkrV,qOB5sIujPH8,UCFCTZFnhuihHcSiiJ3deurA,2025-04-29T12:19:52Z,UgwxpKutbami4zYorat4AaABAg,긍정
인간 아이돌(엔시티) VS 버츄얼아이돌(플레이브)#엔시티#플레이브#엔시티127,케이팝 읽어주는 남녀,최상위 댓글,@sec163yydd,버츄얼 정뚝떨이다..진짜 적당히 나댔으면,0,2025-04-30T04:49:24Z,0,Ugy_e4uo1IkRGOv4gfN4AaABAg,qOB5sIujPH8,UCIaUmquvfydD-KuS5u05Z1A,2025-04-30T04:49:24Z,,중립
인간 아이돌(엔시티) VS 버츄얼아이돌(플레이브)#엔시티#플레이브#엔시티127,케이팝 읽어주는 남녀,최상위 댓글,@이름할게넚넹,너넨 공연이 그냥 핸드폰 화면이잖아 하면 끝아닌가?,6,2025-04-28T20:58:40Z,0,UgwbWqgkdmzMBMbyJHB4AaABAg,qOB5sIujPH8,UCtT3S-F0qNC_fvm8fF9dEJg,2025-04-28T20:58:40Z,,중립
인간 아이돌(엔시티) VS 버츄얼아이돌(플레이브)#엔시티#플레이브#엔시티127,케이팝 읽어주는 남녀,최상위 댓글,@성이름-r5t3p,웩 플브 존나 싫어 ㅜㅠ,6,2025-07-17T12:22:36Z,1,UgzYgDICvEjBNvu2zHB4AaABAg,qOB5sIujPH8,UCIobkJbXadUIMzXeqgsSbpQ,2025-07-17T12:22:36Z,,부정
인간 아이돌(엔시티) VS 버츄얼아이돌(플레이브)#엔시티#플레이브#엔시티127,케이팝 읽어주는 남녀,대댓글,@은하수0312,오 여기서 보네 반가워요 5개월 전 댓인데 지금도 플브 영상에 꾸준히 나오시는 걸 보니 알고리즘이 망했군요 축하드려요!! 🎉🎉,0,2026-01-08T00:35:01Z,0,UgzYgDICvEjBNvu2zHB4AaABAg.AKfrsK2MXylARhD039dDe8,qOB5sIujPH8,UCu8wXDuDd6M-IgxZH3yoVlw,2026-01-08T00:35:01Z,UgzYgDICvEjBNvu2zHB4AaABAg,중립
인간 아이돌(엔시티) VS 버츄얼아이돌(플레이브)#엔시티#플레이브#엔시티127,케이팝 읽어주는 남녀,최상위 댓글,@유우우우우미,플레이브? 버츄얼? 알빠노인데 팬들이 지들 사상을 강제주입하는 꼴이 싸가지없어서  반감생김,25,2025-04-28T14:29:22Z,16,UgyXGsihodPyNq6maD54AaABAg,qOB5sIujPH8,UCbUOfYdSR8sVrhROxlb3Zjw,2025-04-29T12:47:32Z,,중립
인간 아이돌(엔시티) VS 버츄얼아이돌(플레이브)#엔시티#플레이브#엔시티127,케이팝 읽어주는 남녀,대댓글,@Possum-u5i,"그럼 홍보영상 차단하고 광고뜨면 다신 추천하지 않게 니가 무시하면 됨
댓글다는건 하나의 관심임",10,2025-04-28T22:37:16Z,0,UgyXGsihodPyNq6maD54AaABAg.AHT5myXu_JxAHTycPnPaSM,qOB5sIujPH8,UC0ySQvMe7aQIIiLT6BV0L_w,2025-04-28T22:37:16Z,UgyXGsihodPyNq6maD54AaABAg,중립
인간 아이돌(엔시티) VS 버츄얼아이돌(플레이브)#엔시티#플레이브#엔시티127,케이팝 읽어주는 남녀,대댓글,@왜거짓말을해,"무조건 누가 인정해달라 한것도 아니고 플리들이 니 때림?
지금 욕을 꾸역꾸역 넣어서 욕하는 니가 더 비호감인거 같은데",6,2025-04-28T23:06:57Z,0,UgyXGsihodPyNq6maD54AaABAg.AHT5myXu_JxAHU10sYf0B0,qOB5sIujPH8,UC4SOMLue0Iy0qIctScbjUHw,2025-04-28T23:06:57Z,UgyXGsihodPyNq6maD54AaABAg,중립
인간 아이돌(엔시티) VS 버츄얼아이돌(플레이브)#엔시티#플레이브#엔시티127,케이팝 읽어주는 남녀,대댓글,@dkkfooo9466,알빠노라기엔 이미 화가 그득그득 하노ㅋㅋㅋ 강제 사상 주입한 적도 없는데 왜 지 혼자 화남🤷🏻,6,2025-04-29T00:02:54Z,0,UgyXGsihodPyNq6maD54AaABAg.AHT5myXu_JxAHU7QbPOqZG,qOB5sIujPH8,UCMHcWtkqMhZqy8fv-qsa-5w,2025-04-29T00:02:54Z,UgyXGsihodPyNq6maD54AaABAg,중립
인간 아이돌(엔시티) VS 버츄얼아이돌(플레이브)#엔시티#플레이브#엔시티127,케이팝 읽어주는 남녀,대댓글,@user-zr2xf4pg8x,다른 아이돌 팬 중에서도 착한팬들 싸가지없는팬들이 있는것ㅅ처럼 ㅠㅡㄹ레이브도 똑같아요ㅠㅠ 너무 일부만 보고 기분나빠하지않으셧음합이다..,3,2025-04-29T01:23:51Z,0,UgyXGsihodPyNq6maD54AaABAg.AHT5myXu_JxAHUGgTmWFUg,qOB5sIujPH8,UCmTt3CVApB4TWmaD3BuI3qg,2025-04-29T01:23:51Z,UgyXGsihodPyNq6maD54AaABAg,중립
인간 아이돌(엔시티) VS 버츄얼아이돌(플레이브)#엔시티#플레이브#엔시티127,케이팝 읽어주는 남녀,대댓글,@HaeAhn00,버츄얼 좋아하는애들 관상이 보인다 보여ㅋㅋ,4,2025-04-29T03:08:14Z,0,UgyXGsihodPyNq6maD54AaABAg.AHT5myXu_JxAHUSd3PJHXm,qOB5sIujPH8,UCpRUOxVofXjbevnNziHQ_wA,2025-04-29T03:08:14Z,UgyXGsihodPyNq6maD54AaABAg,긍정
인간 아이돌(엔시티) VS 버츄얼아이돌(플레이브)#엔시티#플레이브#엔시티127,케이팝 읽어주는 남녀,최상위 댓글,@장미니-n4e,뇌절이야 플레이브 아무리 그런게 유행이라고 해도 저건 솔까 이상함,29,2025-04-28T09:09:05Z,1,UgxwGQxrK9JJ1P7PySl4AaABAg,qOB5sIujPH8,UC1CjE_-KW2uaUZT4zKipUNA,2025-04-28T09:09:05Z,,중립
인간 아이돌(엔시티) VS 버츄얼아이돌(플레이브)#엔시티#플레이브#엔시티127,케이팝 읽어주는 남녀,대댓글,@dkkfooo9466,한번했음 한번..,10,2025-04-28T09:34:27Z,0,UgxwGQxrK9JJ1P7PySl4AaABAg.AHSX86BTNazAHS_1vPKF7d,qOB5sIujPH8,UCMHcWtkqMhZqy8fv-qsa-5w,2025-04-28T09:34:27Z,UgxwGQxrK9JJ1P7PySl4AaABAg,중립
인간 아이돌(엔시티) VS 버츄얼아이돌(플레이브)#엔시티#플레이브#엔시티127,케이팝 읽어주는 남녀,최상위 댓글,@smdjdijwmsod8e29,이런건 좀 지고 싶은데.. ^-^,2,2025-04-28T21:16:10Z,0,UgwFvrB7gXA2p3JpbVF4AaABAg,qOB5sIujPH8,UCb3asN-yi9T4IVQDaS7soyg,2025-04-28T21:16:10Z,,중립
인간 아이돌(엔시티) VS 버츄얼아이돌(플레이브)#엔시티#플레이브#엔시티127,케이팝 읽어주는 남녀,최상위 댓글,@그래나미쳤다,사이버 아이돌 VS 현실 아이돌 ㄷㄷ,2,2025-05-01T12:33:54Z,0,Ugys-w-c2paW5A3XTbB4AaABAg,qOB5sIujPH8,UCROEqKwyCe50042vU13sCaA,2025-05-01T12:33:54Z,,중립
인간 아이돌(엔시티) VS 버츄얼아이돌(플레이브)#엔시티#플레이브#엔시티127,케이팝 읽어주는 남녀,최상위 댓글,@honxla,아니 버츄얼 아바타 여잼이 만들었냐 ㅋㅋ 이세돌이 대단한거였구나 아바타 퀄이 이세돌이랑 너무 비교 되는데 ㅋㅋ...,1,2025-05-11T05:52:22Z,1,UgzZkzsfV44feJiYuQ94AaABAg,qOB5sIujPH8,UCCBTOq4e2d1CqOYqyTRihQw,2025-05-11T05:52:22Z,,중립
인간 아이돌(엔시티) VS 버츄얼아이돌(플레이브)#엔시티#플레이브#엔시티127,케이팝 읽어주는 남녀,대댓글,@vita_5_1oo,엥 그건 아님..,1,2025-07-29T23:32:55Z,0,UgzZkzsfV44feJiYuQ94AaABAg.AHydxeGJBFpALAy7WWPor2,qOB5sIujPH8,UCFrdcjcWgabCf2gbDe98jhw,2025-07-29T23:32:55Z,UgzZkzsfV44feJiYuQ94AaABAg,중립
인간 아이돌(엔시티) VS 버츄얼아이돌(플레이브)#엔시티#플레이브#엔시티127,케이팝 읽어주는 남녀,최상위 댓글,@woo9210,믿고거르는 플레이브,3,2025-05-06T10:03:41Z,0,UgzccH8NPMD1MStHVNh4AaABAg,qOB5sIujPH8,UCwzAEaAbbc-Yx8BE__IOlUQ,2025-05-06T10:03:41Z,,중립
인간 아이돌(엔시티) VS 버츄얼아이돌(플레이브)#엔시티#플레이브#엔시티127,케이팝 읽어주는 남녀,최상위 댓글,@스로-f4s,"ㅈㄴ쪽팔리니까 느그오빠들 이러지 마라 진짜,,, 왜 나서서 좋아하는 아티스트 욕먹이려고 안달이 났냐,,,",0,2025-04-29T07:04:42Z,0,UgyjQb29YQZutlR65gZ4AaABAg,qOB5sIujPH8,UCwSWsPbJxXNzxZvQKQW-aXw,2025-04-29T07:04:42Z,,긍정
인간 아이돌(엔시티) VS 버츄얼아이돌(플레이브)#엔시티#플레이브#엔시티127,케이팝 읽어주는 남녀,최상위 댓글,@밤쟈_좋은_꽁냥,그래도 노래는 잘 부르잖아요(문론 인간 아이돌도 엄청 잘부르긴하조….),1,2025-04-30T15:08:21Z,0,Ugway7P0DV3f5oUcpRl4AaABAg,qOB5sIujPH8,UCUJTKwyO6oQwMI-ERr4vD1Q,2025-04-30T15:08:21Z,,중립
인간 아이돌(엔시티) VS 버츄얼아이돌(플레이브)#엔시티#플레이브#엔시티127,케이팝 읽어주는 남녀,최상위 댓글,@Bbxnxnnxnx,플레이브한테 진짜 별 생각 없었는데 작년인가부터 팬들이 지랄하는게 너무 많아서 꼴보기도싫음,1,2025-04-30T03:44:36Z,1,UgyrOS8RwkzviCY0M8l4AaABAg,qOB5sIujPH8,UCO_fhleuwTMuglledjqpsPA,2025-04-30T03:44:36Z,,중립
인간 아이돌(엔시티) VS 버츄얼아이돌(플레이브)#엔시티#플레이브#엔시티127,케이팝 읽어주는 남녀,대댓글,@Bbxnxnnxnx,"@ 호감은 없음
어딜 가든 이상한 사람들이 많아서 비호감만 많죠",0,2025-04-30T04:00:28Z,0,UgyrOS8RwkzviCY0M8l4AaABAg.AHX5aIRfXi8AHX7PY15bvY,qOB5sIujPH8,UCO_fhleuwTMuglledjqpsPA,2025-04-30T04:00:28Z,UgyrOS8RwkzviCY0M8l4AaABAg,중립
