동영상 제목,채널명,댓글 유형,작성자,댓글 내용,좋아요,작성일시,대댓글 수,댓글 ID,동영상 ID,작성자 채널 ID,수정일시,상위 댓글 ID,감성
노래 잘하는 외계인? 음악방송 1위 하는 버추얼 아이돌 (2024.09.27/뉴스데스크/MBC),MBCNEWS,최상위 댓글,@gangster_rabbit,플리: 이렇게까지 빠질 줄 몰랐던 사람들의 모임,2279,2024-09-27T13:02:05Z,28,Ugx3OP5SRf9q55dEXBJ4AaABAg,OT6uElfCI7o,UC_jbAKSpYBfUlaXCcJi691A,2024-09-27T13:02:05Z,,중립
노래 잘하는 외계인? 음악방송 1위 하는 버추얼 아이돌 (2024.09.27/뉴스데스크/MBC),MBCNEWS,대댓글,@JUNI-love,악ㅋㅋ😂제가 뮤비에 썼던 댓글ㅋㅋ 근데 저도 딴데서 본거긴해요ㅋㅋㅋ,39,2024-09-27T14:19:50Z,0,Ugx3OP5SRf9q55dEXBJ4AaABAg.A8tUUGptmYzA8tcNhqtiP4,OT6uElfCI7o,UCS5H3ndGB5g16pwbyu6lHEg,2024-09-27T14:19:50Z,Ugx3OP5SRf9q55dEXBJ4AaABAg,중립
노래 잘하는 외계인? 음악방송 1위 하는 버추얼 아이돌 (2024.09.27/뉴스데스크/MBC),MBCNEWS,대댓글,@아현-v6z,입덕 부정기 그런거 없이 그냥 영상 연속으로 다 보고 나니 '어 나 플레이브 좋아하네..? 나 플리 됬넹ㅎㅎ' 이럼ㅋㅋㅋㅋㅋㅋㅋㅋㅋㅋㅋㅋㅋ,40,2024-09-27T14:24:27Z,0,Ugx3OP5SRf9q55dEXBJ4AaABAg.A8tUUGptmYzA8tcuZ_Hfq6,OT6uElfCI7o,UC7X028n8VsO1FWcnTF4h-XA,2024-09-27T14:24:27Z,Ugx3OP5SRf9q55dEXBJ4AaABAg,긍정
노래 잘하는 외계인? 음악방송 1위 하는 버추얼 아이돌 (2024.09.27/뉴스데스크/MBC),MBCNEWS,대댓글,@gangster_rabbit,@JUNI-love 제가 그 댓글보고 '응? 난 안빠질자신잇는데 ㅋㅋ' 하고 한 영상 다섯개만에 입덕인정해버린 사람입니다^^🫶,21,2024-09-27T15:00:02Z,0,Ugx3OP5SRf9q55dEXBJ4AaABAg.A8tUUGptmYzA8tgzA0F9II,OT6uElfCI7o,UC_jbAKSpYBfUlaXCcJi691A,2024-09-27T16:13:45Z,Ugx3OP5SRf9q55dEXBJ4AaABAg,긍정
노래 잘하는 외계인? 음악방송 1위 하는 버추얼 아이돌 (2024.09.27/뉴스데스크/MBC),MBCNEWS,대댓글,@설찡이,입덕 일주일만에 응원봉까지 구입할 줄 몰랐지 진짜..ㅋㅋㅋㅋ,15,2024-09-27T15:26:11Z,0,Ugx3OP5SRf9q55dEXBJ4AaABAg.A8tUUGptmYzA8tjyfrPW73,OT6uElfCI7o,UCLVrHI9rPICYxKLRlE0yKkQ,2024-09-27T15:26:11Z,Ugx3OP5SRf9q55dEXBJ4AaABAg,긍정
노래 잘하는 외계인? 음악방송 1위 하는 버추얼 아이돌 (2024.09.27/뉴스데스크/MBC),MBCNEWS,대댓글,@이유리-d8g,그게 나에요 ㅋㅋㅋㅋㅋㅋ 추석때 미친듯이 보다가 빠짐 ㅋㅋㅋㅋ,12,2024-09-27T15:53:53Z,0,Ugx3OP5SRf9q55dEXBJ4AaABAg.A8tUUGptmYzA8tn8b4wAwQ,OT6uElfCI7o,UCEi7SZyQDm4O1K2ZqJTFcyQ,2024-09-27T15:53:53Z,Ugx3OP5SRf9q55dEXBJ4AaABAg,중립
노래 잘하는 외계인? 음악방송 1위 하는 버추얼 아이돌 (2024.09.27/뉴스데스크/MBC),MBCNEWS,최상위 댓글,@쟤보단낫지의쟤,오늘 입덕해도 라방 179개 봐야하니까 서두르세요👽,680,2024-09-27T12:00:31Z,5,Ugx7AWD-pH0oc0Yy93J4AaABAg,OT6uElfCI7o,UCdpUP76f2tofoLNcH4gsXnw,2024-09-27T12:00:31Z,,중립
노래 잘하는 외계인? 음악방송 1위 하는 버추얼 아이돌 (2024.09.27/뉴스데스크/MBC),MBCNEWS,대댓글,@ssmile6093,라방 몰아보다가 현실의 나 망할 뻔했짜나... 빨리빨리 드르와~,17,2024-09-28T01:47:44Z,0,Ugx7AWD-pH0oc0Yy93J4AaABAg.A8tNRIDlHOcA8ur64FG1gs,OT6uElfCI7o,UC-t-0RE-sYF5rjzmXq5qWqQ,2024-09-28T01:47:44Z,Ugx7AWD-pH0oc0Yy93J4AaABAg,중립
노래 잘하는 외계인? 음악방송 1위 하는 버추얼 아이돌 (2024.09.27/뉴스데스크/MBC),MBCNEWS,대댓글,@뭉뭉-p2m,저 늦덕 40일차인데 자컨이나 커버곡 지루할틈 없이 내줘서 아직 라방 반이상남았어요 😂  그래서 행복합니다,0,2024-11-12T21:44:58Z,0,Ugx7AWD-pH0oc0Yy93J4AaABAg.A8tNRIDlHOcAAkrtEnefFw,OT6uElfCI7o,UCH_hIV_KtYI_6Nxx9s3lZ9g,2024-11-12T21:44:58Z,Ugx7AWD-pH0oc0Yy93J4AaABAg,중립
노래 잘하는 외계인? 음악방송 1위 하는 버추얼 아이돌 (2024.09.27/뉴스데스크/MBC),MBCNEWS,대댓글,@바칼_미슐랭3스타,입덕 4일차가 잠을 못자고 현생이 무너지고 있읍니다,0,2025-03-06T23:20:56Z,0,Ugx7AWD-pH0oc0Yy93J4AaABAg.A8tNRIDlHOcAFL_Uqme9Dk,OT6uElfCI7o,UCsPbFkZT3NGR_Z7gUENPoAQ,2025-03-06T23:20:56Z,Ugx7AWD-pH0oc0Yy93J4AaABAg,중립
노래 잘하는 외계인? 음악방송 1위 하는 버추얼 아이돌 (2024.09.27/뉴스데스크/MBC),MBCNEWS,대댓글,@쌍둥이맘-q4f,이제 5달! 아직 20개 남았어요. 보다보면 해가 뜨고 있어요.😂,0,2025-08-09T00:16:50Z,0,Ugx7AWD-pH0oc0Yy93J4AaABAg.A8tNRIDlHOcAL_n5ypV50j,OT6uElfCI7o,UCLyKkW2jW00ozdjNDPBoiCA,2025-08-09T00:17:13Z,Ugx7AWD-pH0oc0Yy93J4AaABAg,중립
노래 잘하는 외계인? 음악방송 1위 하는 버추얼 아이돌 (2024.09.27/뉴스데스크/MBC),MBCNEWS,대댓글,@jho5493,"입덕 두달 넘었는데... 못 본 영상들... 까마득합니다.
근데 최근에 아시아투어 콘서트 영상들까지 줄줄이 올라오는 중 ㅋㅋㅋㅋㅋㅋ",2,2025-08-24T02:47:52Z,0,Ugx7AWD-pH0oc0Yy93J4AaABAg.A8tNRIDlHOcAMBgJC8SBuW,OT6uElfCI7o,UCjfy-28481ZqOyDfgMg76iQ,2025-08-24T02:47:52Z,Ugx7AWD-pH0oc0Yy93J4AaABAg,중립
노래 잘하는 외계인? 음악방송 1위 하는 버추얼 아이돌 (2024.09.27/뉴스데스크/MBC),MBCNEWS,최상위 댓글,@쟤보단낫지의쟤,일단 밥친구부터 시작해보세요 밥먹을 시간도 없어짐,1063,2024-09-27T11:48:46Z,9,UgxY3GHmrblLz6QKuWd4AaABAg,OT6uElfCI7o,UCdpUP76f2tofoLNcH4gsXnw,2024-09-27T11:48:46Z,,중립
노래 잘하는 외계인? 음악방송 1위 하는 버추얼 아이돌 (2024.09.27/뉴스데스크/MBC),MBCNEWS,대댓글,@깜냥-u8r,맞아요ㅎㅎㅎ 밥먹으면서 보다가 어느새 수저를 놓고 방송을 보고 있는 나..방금 그러고 왔습니다😂😂😂,24,2024-09-27T14:48:36Z,0,UgxY3GHmrblLz6QKuWd4AaABAg.A8tM5IUjaEJA8tffPc3be8,OT6uElfCI7o,UCoEvDtK0WzFJbTTLqy7hmpg,2024-09-27T14:48:36Z,UgxY3GHmrblLz6QKuWd4AaABAg,중립
노래 잘하는 외계인? 음악방송 1위 하는 버추얼 아이돌 (2024.09.27/뉴스데스크/MBC),MBCNEWS,대댓글,@Odor7,잘시간도 순삭당했습니다..,16,2024-09-27T15:23:06Z,0,UgxY3GHmrblLz6QKuWd4AaABAg.A8tM5IUjaEJA8tjc4wN7Ad,OT6uElfCI7o,UC-wD_3bqj5U18tyBUG5b_aA,2024-09-27T15:23:06Z,UgxY3GHmrblLz6QKuWd4AaABAg,중립
노래 잘하는 외계인? 음악방송 1위 하는 버추얼 아이돌 (2024.09.27/뉴스데스크/MBC),MBCNEWS,대댓글,@roundlee,ㅋㅋㅋㅋㅋㅋㅋㅋㅋㅋㅋㅋ 맞네 이거네,8,2024-09-27T16:47:54Z,0,UgxY3GHmrblLz6QKuWd4AaABAg.A8tM5IUjaEJA8ttK9bjMZz,OT6uElfCI7o,UCgt9w1PYa_O5QXpZgk5_gLw,2024-09-27T16:47:54Z,UgxY3GHmrblLz6QKuWd4AaABAg,중립
노래 잘하는 외계인? 음악방송 1위 하는 버추얼 아이돌 (2024.09.27/뉴스데스크/MBC),MBCNEWS,대댓글,@뮴뮴-j6k,ㅋㅋㅋ 밥친구하다가 밥값 내어주게 된다는 외계인들..,11,2024-09-27T18:16:18Z,0,UgxY3GHmrblLz6QKuWd4AaABAg.A8tM5IUjaEJA8u2RfzhdIE,OT6uElfCI7o,UC4F7piPxVoXoihlB_v9rV4w,2024-09-27T18:16:18Z,UgxY3GHmrblLz6QKuWd4AaABAg,중립
노래 잘하는 외계인? 음악방송 1위 하는 버추얼 아이돌 (2024.09.27/뉴스데스크/MBC),MBCNEWS,대댓글,@baby5taku,밥먹을시간도 밥값도..... 😂,8,2024-09-27T18:26:09Z,0,UgxY3GHmrblLz6QKuWd4AaABAg.A8tM5IUjaEJA8u3Zjl_a98,OT6uElfCI7o,UCo45G9I7RwbaGBNn0b58ruQ,2024-09-27T18:26:09Z,UgxY3GHmrblLz6QKuWd4AaABAg,중립
노래 잘하는 외계인? 음악방송 1위 하는 버추얼 아이돌 (2024.09.27/뉴스데스크/MBC),MBCNEWS,최상위 댓글,@행-l3x,나는 이제 플레이브 안 좋아하는 법 모릅니다,1309,2024-09-27T11:50:06Z,3,UgwBOVUZQzvbgwqE3d54AaABAg,OT6uElfCI7o,UCiiFil9cTqXdOuOFms9Me2g,2024-09-27T11:50:06Z,,긍정
노래 잘하는 외계인? 음악방송 1위 하는 버추얼 아이돌 (2024.09.27/뉴스데스크/MBC),MBCNEWS,대댓글,@zxcvbnm615,"저도 모릅니다
플레이브: 플리는 바부야!",6,2024-09-27T21:21:44Z,0,UgwBOVUZQzvbgwqE3d54AaABAg.A8tMF336BhXA8uNejpvNbU,OT6uElfCI7o,UCEqyawKSo9WGBigUTM1FNbg,2024-09-27T21:21:44Z,UgwBOVUZQzvbgwqE3d54AaABAg,중립
노래 잘하는 외계인? 음악방송 1위 하는 버추얼 아이돌 (2024.09.27/뉴스데스크/MBC),MBCNEWS,대댓글,@준우-o6x,네다씹 에휴 ㅉㅉ,0,2024-09-28T00:14:06Z,0,UgwBOVUZQzvbgwqE3d54AaABAg.A8tMF336BhXA8ugOCXyJyk,OT6uElfCI7o,UCm-IxkznCuEHlkLqh3ThePg,2024-09-28T00:14:06Z,UgwBOVUZQzvbgwqE3d54AaABAg,중립
노래 잘하는 외계인? 음악방송 1위 하는 버추얼 아이돌 (2024.09.27/뉴스데스크/MBC),MBCNEWS,대댓글,@dajhon-e9u,실제 인간에 상처 받은 자들이 인류애를 상실하고 극단적으로 동물을 애호하는 자들처럼 더 나아가 가상인물을 좋아하게 되는 이 비정상적인 정신착란은 사회성을 잃게 할 위험이 크고 정신적인 문제가 생기는 과정임.,3,2024-09-30T05:41:01Z,0,UgwBOVUZQzvbgwqE3d54AaABAg.A8tMF336BhXA9-QOMjVKZs,OT6uElfCI7o,UCCWivk30Q9yRmDJ9V1blMSg,2024-09-30T05:42:06Z,UgwBOVUZQzvbgwqE3d54AaABAg,긍정
노래 잘하는 외계인? 음악방송 1위 하는 버추얼 아이돌 (2024.09.27/뉴스데스크/MBC),MBCNEWS,최상위 댓글,@DolphinAlpacaDeerWolfCat,"버추얼이라서 좋아한 거 아니고 좋아하고 보니 버추얼이었다고 팬들은 많이 말하죠.
노래 좋고,  라방 재밌고, 멤버들의 음악에 대한 진심까지 있으니 마음이 저절로 갈 수 밖에 없었슴다. 평생 플리하고 싶어요!!",951,2024-09-27T12:36:05Z,4,UgwXVEWPvmxDis5z_N94AaABAg,OT6uElfCI7o,UCe-zeuDRL8R4Dk1j-Q25WoA,2024-09-27T12:36:05Z,,긍정
노래 잘하는 외계인? 음악방송 1위 하는 버추얼 아이돌 (2024.09.27/뉴스데스크/MBC),MBCNEWS,대댓글,@aneounghaseyo,"이게 맞지 나도 그렇게 좋아하게됨
근데 버츄얼이라고 무지성으로 욕하는건 좀 멈춰줬으면..너무 많아..",12,2024-09-30T17:47:21Z,0,UgwXVEWPvmxDis5z_N94AaABAg.A8tRVrOGOm0A90iWAx6QjX,OT6uElfCI7o,UCCyKDUtdsdYgjPISteZW9Xw,2024-09-30T17:47:21Z,UgwXVEWPvmxDis5z_N94AaABAg,긍정
노래 잘하는 외계인? 음악방송 1위 하는 버추얼 아이돌 (2024.09.27/뉴스데스크/MBC),MBCNEWS,대댓글,@kianj5406,아니 그냥 이뻐서 좋아하게 된 다음에 다른부분도 알게 된 거잖아 그게 나쁜것도 아닌데 왜 숨김?ㅋ,2,2024-10-02T09:54:27Z,0,UgwXVEWPvmxDis5z_N94AaABAg.A8tRVrOGOm0A950zJfi54a,OT6uElfCI7o,UCJezS64JBBGRNlYtpi4ZCpg,2024-10-02T09:54:27Z,UgwXVEWPvmxDis5z_N94AaABAg,긍정
노래 잘하는 외계인? 음악방송 1위 하는 버추얼 아이돌 (2024.09.27/뉴스데스크/MBC),MBCNEWS,대댓글,@Arianna-h3c,​@kianj5406 보다보면 익숙해짐,1,2024-10-02T18:07:39Z,0,UgwXVEWPvmxDis5z_N94AaABAg.A8tRVrOGOm0A95uQfENWvH,OT6uElfCI7o,UCvvuoyiwrwD0OEMmw28222w,2024-10-03T04:43:42Z,UgwXVEWPvmxDis5z_N94AaABAg,중립
노래 잘하는 외계인? 음악방송 1위 하는 버추얼 아이돌 (2024.09.27/뉴스데스크/MBC),MBCNEWS,대댓글,@sloth_0304,@piter-h7oㅇㄱㄹㅇ 그냥 죽은 시체들이라고 생각함,0,2024-10-05T17:16:40Z,0,UgwXVEWPvmxDis5z_N94AaABAg.A8tRVrOGOm0A9DXyqDw79r,OT6uElfCI7o,UCbuipBYN7vrAiAVh7nmxYrw,2025-05-11T17:57:33Z,UgwXVEWPvmxDis5z_N94AaABAg,중립
노래 잘하는 외계인? 음악방송 1위 하는 버추얼 아이돌 (2024.09.27/뉴스데스크/MBC),MBCNEWS,최상위 댓글,@kimmatilda,오늘 오픈한 카페 모습이 나올줄이야ㅋㅋㅋ 플레이브 테라정복 라쓰고🫶,499,2024-09-27T11:45:31Z,0,UgyLFbwZRvHWXGdnOUB4AaABAg,OT6uElfCI7o,UCafb-Kg3UfH_meqZQsvA6Ag,2024-09-27T11:45:40Z,,중립
노래 잘하는 외계인? 음악방송 1위 하는 버추얼 아이돌 (2024.09.27/뉴스데스크/MBC),MBCNEWS,최상위 댓글,@liiilliilll,가수의 본질인 음악에 집중하게 만들어주는 플레이브! 항상 응원합니다🤍,255,2024-09-27T11:50:37Z,0,UgzOXSZWsZ-Iuc5VVzt4AaABAg,OT6uElfCI7o,UC-epc95vJ74alDaR0N0mPsQ,2024-09-27T11:50:37Z,,긍정
노래 잘하는 외계인? 음악방송 1위 하는 버추얼 아이돌 (2024.09.27/뉴스데스크/MBC),MBCNEWS,최상위 댓글,@pokemon_harooka,버추얼이라 좋아한게 아니라 좋아하고보니 버추얼이였다.,252,2024-09-27T13:40:07Z,4,UgwxirMmT0j2HBc2d614AaABAg,OT6uElfCI7o,UCTwzeDnDN4bN7UMhdLWisZQ,2024-09-27T13:40:07Z,,긍정
노래 잘하는 외계인? 음악방송 1위 하는 버추얼 아이돌 (2024.09.27/뉴스데스크/MBC),MBCNEWS,대댓글,@wolf1004roy,진짜 완전 저….🥹🥹,0,2024-09-29T12:09:51Z,0,UgwxirMmT0j2HBc2d614AaABAg.A8tYprv70vDA8yY5MfZ77u,OT6uElfCI7o,UC-ATubZUs1oppGAg9P2PCiQ,2024-09-29T12:09:51Z,UgwxirMmT0j2HBc2d614AaABAg,중립
노래 잘하는 외계인? 음악방송 1위 하는 버추얼 아이돌 (2024.09.27/뉴스데스크/MBC),MBCNEWS,대댓글,@chaena_u,이게 맞다!!,0,2024-10-07T14:38:08Z,0,UgwxirMmT0j2HBc2d614AaABAg.A8tYprv70vDA9IPQRtDP1d,OT6uElfCI7o,UCK48nVjOAs742Ya2vQPWwMw,2024-10-07T14:38:08Z,UgwxirMmT0j2HBc2d614AaABAg,중립
노래 잘하는 외계인? 음악방송 1위 하는 버추얼 아이돌 (2024.09.27/뉴스데스크/MBC),MBCNEWS,대댓글,@앤드류-2class_agent,"나도 어쩌다 심장을 얻어맞았고 그게 버추얼이었다.
(옆동네 사람)",0,2025-04-20T11:23:56Z,0,UgwxirMmT0j2HBc2d614AaABAg.A8tYprv70vDAH8AClDXRIC,OT6uElfCI7o,UC20lZ2fjx68Edt6YvxHmY1g,2025-04-20T11:23:56Z,UgwxirMmT0j2HBc2d614AaABAg,중립
노래 잘하는 외계인? 음악방송 1위 하는 버추얼 아이돌 (2024.09.27/뉴스데스크/MBC),MBCNEWS,대댓글,@앤드류-2class_agent,"나도 어쩌다 심장을 얻어맞았고 그게 버추얼이었다.
(옆동네 사람)",0,2025-04-20T11:24:06Z,0,UgwxirMmT0j2HBc2d614AaABAg.A8tYprv70vDAH8AE1T3HBB,OT6uElfCI7o,UC20lZ2fjx68Edt6YvxHmY1g,2025-04-20T11:24:06Z,UgwxirMmT0j2HBc2d614AaABAg,중립
노래 잘하는 외계인? 음악방송 1위 하는 버추얼 아이돌 (2024.09.27/뉴스데스크/MBC),MBCNEWS,최상위 댓글,@2kimsisters,가수 입덕에 뭐 별거 있나요 노래 좋으면 입덕하는거죠ㅋㅋㅋㅋ,128,2024-09-27T13:38:33Z,0,UgykjTyCfr95NNFxS1V4AaABAg,OT6uElfCI7o,UCb-vFBA-Tk56yrlwy9b0X7A,2024-09-27T13:38:33Z,,중립
노래 잘하는 외계인? 음악방송 1위 하는 버추얼 아이돌 (2024.09.27/뉴스데스크/MBC),MBCNEWS,최상위 댓글,@stellarr54,가수의 본질은 겉모습이 아니라는걸 여실히 보여준 그룹입니다 발표곡 17곡 작사작곡 17곡 안무까지 자체제작합니다  노래도 잘해 춤도 잘춰  팬들과 소통왕이기도 하고 덕질좀 해봤지만 우리 플레이브가 가장 인간적이랍니다,134,2024-09-27T12:22:15Z,0,UgzZzVwnrbPX-IlEChx4AaABAg,OT6uElfCI7o,UC2VVjrlcw4XNRDP1zZfnK7w,2024-09-27T12:22:15Z,,중립
노래 잘하는 외계인? 음악방송 1위 하는 버추얼 아이돌 (2024.09.27/뉴스데스크/MBC),MBCNEWS,최상위 댓글,@풀뜯는흰토끼,작사작곡안무까지 하는 자체제작돌 좋아할수밖에 없지 거기다 팬사랑이 어마어마 하다..? 그럼 끝난거임 🥹,326,2024-09-27T11:46:36Z,0,UgwgR8eArMsOf6PBzTt4AaABAg,OT6uElfCI7o,UC91V4w8nTxLduXmdBvGXOtw,2024-09-27T11:46:36Z,,긍정
노래 잘하는 외계인? 음악방송 1위 하는 버추얼 아이돌 (2024.09.27/뉴스데스크/MBC),MBCNEWS,최상위 댓글,@낄낄-c9q,가수은 본업을 잘해야한다,475,2024-09-27T12:06:52Z,3,Ugz4BcbalFv5mw0z2qZ4AaABAg,OT6uElfCI7o,UCwa4m15i0Mr-sjKeQ1SEBaA,2024-09-27T12:06:52Z,,중립
노래 잘하는 외계인? 음악방송 1위 하는 버추얼 아이돌 (2024.09.27/뉴스데스크/MBC),MBCNEWS,대댓글,@Josy-0o0,본업 존나 충실함,23,2024-09-30T22:00:15Z,0,Ugz4BcbalFv5mw0z2qZ4AaABAg.A8tO9nTRqoVA91ASZemIEW,OT6uElfCI7o,UCsSDDXM_JjCjcKWLcT0mMew,2024-09-30T22:00:15Z,Ugz4BcbalFv5mw0z2qZ4AaABAg,중립
노래 잘하는 외계인? 음악방송 1위 하는 버추얼 아이돌 (2024.09.27/뉴스데스크/MBC),MBCNEWS,대댓글,@naaahello8948,"​@Josy-0o0 그래서 인기있는 것 같아요. 플리는 아니지만, 플리 친구가 들려준 노래 듣고 심지어 셀프메이드라는거 듣고 방식은 독특해도 결국 잘되겠구나 싶더라구요.",15,2024-10-01T03:15:53Z,0,Ugz4BcbalFv5mw0z2qZ4AaABAg.A8tO9nTRqoVA91j_JocUgw,OT6uElfCI7o,UCjFjsvnUWlN1-tcYnoDQObg,2024-10-01T03:15:53Z,Ugz4BcbalFv5mw0z2qZ4AaABAg,중립
노래 잘하는 외계인? 음악방송 1위 하는 버추얼 아이돌 (2024.09.27/뉴스데스크/MBC),MBCNEWS,대댓글,@Josy-0o0,@naaahello8948 맞아요 자체제작아이돌이라는 타이틀이 괜히 붙은게 아니에요ㅋㅋㅋ 작사작곡안무까지 싹다 만들고 무엇보다 팬들을 진심으로 사랑해줘서 팬들도 그 사랑에 보답하기위해 더 열심히 사랑해주니까 애들은 또 좋은노래 만들어오고 무한 반복인거 같아요ㅋㅋ칭찬 감사드려요-!,10,2024-10-01T03:20:26Z,0,Ugz4BcbalFv5mw0z2qZ4AaABAg.A8tO9nTRqoVA91k5gCEjrb,OT6uElfCI7o,UCsSDDXM_JjCjcKWLcT0mMew,2024-10-01T03:20:41Z,Ugz4BcbalFv5mw0z2qZ4AaABAg,긍정
노래 잘하는 외계인? 음악방송 1위 하는 버추얼 아이돌 (2024.09.27/뉴스데스크/MBC),MBCNEWS,최상위 댓글,@으닝12,"구설얘기는 언제까지 나오는거야😂 
그냥 똑같이 다른 아이돌처럼 조아하는거예요🤭",190,2024-09-27T12:53:04Z,0,UgyBvhGYV5JD2lAcI894AaABAg,OT6uElfCI7o,UCSok2Q2RliIlRgoUhzMoCaw,2024-09-27T12:53:04Z,,중립
노래 잘하는 외계인? 음악방송 1위 하는 버추얼 아이돌 (2024.09.27/뉴스데스크/MBC),MBCNEWS,최상위 댓글,@고롸니c,"버추얼을 떠나서 노래가 좋으면 당연히 좋아하는 팬들이 생기는 게 당연한거라고 생각합니다 그게 가수잖아요,, 플레이브 항상 좋은 노래 고마워요 최고야💙💜💗❤️🖤",152,2024-09-27T11:47:13Z,0,Ugyq0VolkBYyFfmDHn94AaABAg,OT6uElfCI7o,UCMSPqLdYwobp342xoE7-wng,2024-09-27T11:47:13Z,,긍정
노래 잘하는 외계인? 음악방송 1위 하는 버추얼 아이돌 (2024.09.27/뉴스데스크/MBC),MBCNEWS,최상위 댓글,@leafc-w7d,팝음악계에서도 버추얼밴드였던 고릴라즈가 그래미랑 시상식 상탄게 언젯적인데 이해가 안되면 시대에 뒤떨어진 악플 달지 마시고 지나가시라,468,2024-09-27T11:43:52Z,7,UgwLjl-_rpnJFNUfnZF4AaABAg,OT6uElfCI7o,UC6-0vAZ8evH6EYB-EW4D25w,2024-09-27T11:43:52Z,,중립
노래 잘하는 외계인? 음악방송 1위 하는 버추얼 아이돌 (2024.09.27/뉴스데스크/MBC),MBCNEWS,대댓글,@0IiIiI0,"Shake it 흔들어 hater들은 그냥 가세요
키득 키득, 지긋지긋 💙💜💗❤️🖤",35,2024-09-27T11:50:08Z,0,UgwLjl-_rpnJFNUfnZF4AaABAg.A8tLXJe5C73A8tMFEoAsII,OT6uElfCI7o,UCE59vaHtUYny2ffGIudCZ3Q,2024-09-27T11:50:08Z,UgwLjl-_rpnJFNUfnZF4AaABAg,부정
노래 잘하는 외계인? 음악방송 1위 하는 버추얼 아이돌 (2024.09.27/뉴스데스크/MBC),MBCNEWS,대댓글,@zsdaxc4567,이세돌이랑 플레이브는 신선한듯,7,2024-09-27T11:55:43Z,0,UgwLjl-_rpnJFNUfnZF4AaABAg.A8tLXJe5C73A8tMtBKr5wB,OT6uElfCI7o,UCnMK6qFb3x2k1USdYKmTuDw,2024-09-27T11:55:43Z,UgwLjl-_rpnJFNUfnZF4AaABAg,중립
노래 잘하는 외계인? 음악방송 1위 하는 버추얼 아이돌 (2024.09.27/뉴스데스크/MBC),MBCNEWS,대댓글,@우주우주-c8f,그러게요 고릴라즈가 있었네요.🧐,7,2024-09-27T19:25:15Z,0,UgwLjl-_rpnJFNUfnZF4AaABAg.A8tLXJe5C73A8uAKeKC7Ub,OT6uElfCI7o,UC2rsguheT6nZZtJNPDXSWWw,2024-09-27T19:25:15Z,UgwLjl-_rpnJFNUfnZF4AaABAg,중립
노래 잘하는 외계인? 음악방송 1위 하는 버추얼 아이돌 (2024.09.27/뉴스데스크/MBC),MBCNEWS,대댓글,@PRO-m9x,욕하는댓글 하나도 없는데 왜 혼자 긁혀서 부들거리는건지,5,2024-09-28T03:14:44Z,0,UgwLjl-_rpnJFNUfnZF4AaABAg.A8tLXJe5C73A8v03F-wSbf,OT6uElfCI7o,UCsKAAqEghvgO05OedHnkzQw,2024-09-28T03:14:44Z,UgwLjl-_rpnJFNUfnZF4AaABAg,중립
노래 잘하는 외계인? 음악방송 1위 하는 버추얼 아이돌 (2024.09.27/뉴스데스크/MBC),MBCNEWS,대댓글,@leafc-w7d,@PRO-m9x 초반에 늙저씨들이 악플달았다가 신고당하고 사라졌나보지 왜 뒤늦게 와서 시비,13,2024-09-28T08:00:26Z,0,UgwLjl-_rpnJFNUfnZF4AaABAg.A8tLXJe5C73A8vWkkYhfDX,OT6uElfCI7o,UC6-0vAZ8evH6EYB-EW4D25w,2024-09-28T08:00:36Z,UgwLjl-_rpnJFNUfnZF4AaABAg,중립
노래 잘하는 외계인? 음악방송 1위 하는 버추얼 아이돌 (2024.09.27/뉴스데스크/MBC),MBCNEWS,최상위 댓글,@mongmongkim0429,오늘 오픈한 카페인데! 이렇게 빨리 뉴스에 나올줄 몰랐네요😮 저도 처음엔 이게 뭐야…? 했는데 이젠 플레이브 보는 것만으로도 행복하답니다 노래 좋으니까 한 번 들어보세요😊,151,2024-09-27T11:46:24Z,0,Ugx-53Z2tKEq-5et6tZ4AaABAg,OT6uElfCI7o,UClFlQGmnOgJF-meLgfVs0NQ,2024-09-27T11:46:24Z,,중립
노래 잘하는 외계인? 음악방송 1위 하는 버추얼 아이돌 (2024.09.27/뉴스데스크/MBC),MBCNEWS,최상위 댓글,@jayjeeem,처음엔 그림이 아이돌을 한다는게 너무 낯설었는데 계속 보다보니까 그냥 똑같은 사람이었어요,236,2024-09-27T11:57:56Z,3,UgxzYMn-22mhhCLVqfF4AaABAg,OT6uElfCI7o,UCHqTQKiOepjhGkJSrif3e6g,2024-09-27T11:57:56Z,,중립
노래 잘하는 외계인? 음악방송 1위 하는 버추얼 아이돌 (2024.09.27/뉴스데스크/MBC),MBCNEWS,대댓글,@planghaeS2,맞아요! 그저 겉모습만 다른 사람일 뿐인데 너무 편견으로만 보는 것 같아요😢,9,2024-09-27T13:36:38Z,0,UgxzYMn-22mhhCLVqfF4AaABAg.A8tN8RN2maFA8tYRLAz0Kp,OT6uElfCI7o,UCB1C18kbM4m7n92tCKTnE1A,2024-09-27T13:36:38Z,UgxzYMn-22mhhCLVqfF4AaABAg,중립
노래 잘하는 외계인? 음악방송 1위 하는 버추얼 아이돌 (2024.09.27/뉴스데스크/MBC),MBCNEWS,대댓글,@JUNI-love,맞아요 저도 첨엔  넘 어색했는데  감정이입 되니 그냥 똑같은 아이돌이에요ㅎㅎ,8,2024-09-27T14:10:30Z,0,UgxzYMn-22mhhCLVqfF4AaABAg.A8tN8RN2maFA8tbJKXGXMM,OT6uElfCI7o,UCS5H3ndGB5g16pwbyu6lHEg,2024-09-27T14:10:30Z,UgxzYMn-22mhhCLVqfF4AaABAg,중립
노래 잘하는 외계인? 음악방송 1위 하는 버추얼 아이돌 (2024.09.27/뉴스데스크/MBC),MBCNEWS,대댓글,@미쯔딸기워너블,"맞아요ㅠㅠ 처음엔 너무 낯설어서 캐릭터라 생각했는데, 보면 볼수록 그냥 그 자체로 보게되더라구요☺️",3,2024-09-27T22:55:27Z,0,UgxzYMn-22mhhCLVqfF4AaABAg.A8tN8RN2maFA8uYOBoPYSi,OT6uElfCI7o,UCgMasJXhFNiCeHtxV8xrnMQ,2024-09-27T22:55:27Z,UgxzYMn-22mhhCLVqfF4AaABAg,중립
노래 잘하는 외계인? 음악방송 1위 하는 버추얼 아이돌 (2024.09.27/뉴스데스크/MBC),MBCNEWS,최상위 댓글,@문별-e1h,우리 플레이브 낯설게 보시는 분도 계실꺼지만 누구보다 본업잘하고 팬들에게 정말 잘하는 아이돌이에요😊나쁜말을 먼저하는것보다 노래 듣고 와주세요,70,2024-09-27T12:00:35Z,0,UgwK_mOtxwn827OZ9ux4AaABAg,OT6uElfCI7o,UCJAmQ_4C5DpLlvWkk037VcA,2024-09-27T12:00:35Z,,중립
노래 잘하는 외계인? 음악방송 1위 하는 버추얼 아이돌 (2024.09.27/뉴스데스크/MBC),MBCNEWS,최상위 댓글,@돌체0312,내 마지막 아이돌은 너야 플레이브,143,2024-09-27T11:58:01Z,0,UgybXpERBaRMv-yfGYN4AaABAg,OT6uElfCI7o,UC3VJo_3lRPtsQGy2G3rQo0A,2024-09-27T11:58:01Z,,중립
노래 잘하는 외계인? 음악방송 1위 하는 버추얼 아이돌 (2024.09.27/뉴스데스크/MBC),MBCNEWS,최상위 댓글,@small_hat,플레이브 노래 듣고 좋아하게 됐어요! 이렇게 내 취향의 음악을 만들어주는 가수를 알게 돼서 너무 행복합니다. 😍,445,2024-09-27T11:39:06Z,2,UgxtvJiWM5yce2OVkkJ4AaABAg,OT6uElfCI7o,UCwY2S9AuODqJhhM9Oq67SDg,2024-09-27T11:39:06Z,,긍정
노래 잘하는 외계인? 음악방송 1위 하는 버추얼 아이돌 (2024.09.27/뉴스데스크/MBC),MBCNEWS,대댓글,@0IiIiI0,💙💜💗❤️🖤 😊,8,2024-09-27T11:49:27Z,0,UgxtvJiWM5yce2OVkkJ4AaABAg.A8tKzUF-XFaA8tMAK-xZOP,OT6uElfCI7o,UCE59vaHtUYny2ffGIudCZ3Q,2024-09-27T11:49:27Z,UgxtvJiWM5yce2OVkkJ4AaABAg,중립
노래 잘하는 외계인? 음악방송 1위 하는 버추얼 아이돌 (2024.09.27/뉴스데스크/MBC),MBCNEWS,대댓글,@死번타자호성,저됴욤🤍,5,2024-09-27T13:26:54Z,0,UgxtvJiWM5yce2OVkkJ4AaABAg.A8tKzUF-XFaA8tXK-FViMZ,OT6uElfCI7o,UC42a2koYZGMYXObBPEbNi9Q,2024-09-27T13:26:54Z,UgxtvJiWM5yce2OVkkJ4AaABAg,중립
노래 잘하는 외계인? 음악방송 1위 하는 버추얼 아이돌 (2024.09.27/뉴스데스크/MBC),MBCNEWS,최상위 댓글,@PLAVE_PLLI_YM,작곡작사안무 자체제작에 팬들 사랑 가득한 외계인을 누가 안 좋아할 수 있냐고~~,46,2024-09-27T11:59:03Z,0,UgwOXjmUsywqXyf3xw54AaABAg,OT6uElfCI7o,UC-THhLZe7AD4gUQ7wIrOcqQ,2024-09-27T11:59:03Z,,긍정
노래 잘하는 외계인? 음악방송 1위 하는 버추얼 아이돌 (2024.09.27/뉴스데스크/MBC),MBCNEWS,최상위 댓글,@4eveRed,테라정복머지않았다,129,2024-09-27T11:59:48Z,0,Ugxbyz8vv88pOrMhx-l4AaABAg,OT6uElfCI7o,UCNthsufFZ0F95OwfZ9eOCvQ,2024-09-27T11:59:48Z,,중립
노래 잘하는 외계인? 음악방송 1위 하는 버추얼 아이돌 (2024.09.27/뉴스데스크/MBC),MBCNEWS,최상위 댓글,@별까사리,나도 몰랐던 내 취향 나도 몰랐던 내 열정 나도 몰랐던 감수성을 최신기술과 함께하는 내 아이돌 덕분에 알게됐음 플레이브에는 낭만이 있다,44,2024-09-27T11:59:10Z,0,UgyHkLBCqAMzmX9nWmF4AaABAg,OT6uElfCI7o,UCZ-VZpIcEvjm43F8apEbyqA,2024-09-27T11:59:10Z,,중립
노래 잘하는 외계인? 음악방송 1위 하는 버추얼 아이돌 (2024.09.27/뉴스데스크/MBC),MBCNEWS,최상위 댓글,@Pllishasha,겉모습이 아니라 진심으로 음악을 만들고 팬들을 위하는 마음씨에 반했어요,128,2024-09-27T11:55:20Z,0,UgxhWHR8xTZCk58XbEp4AaABAg,OT6uElfCI7o,UCWpPeM9NBzChm6KWl4va80Q,2024-09-27T11:55:20Z,,중립
노래 잘하는 외계인? 음악방송 1위 하는 버추얼 아이돌 (2024.09.27/뉴스데스크/MBC),MBCNEWS,최상위 댓글,@취미생활-d8x,오늘 카페 촬영하러 오셨다는 글을 보았는데 뉴스에 나오다니 테라정복 라쓰고^^,72,2024-09-27T11:50:13Z,0,UgylTnmLLXqtzTl1keB4AaABAg,OT6uElfCI7o,UC5UKgGrqrIG0pMiwoS_tVrw,2024-09-27T11:50:13Z,,중립
노래 잘하는 외계인? 음악방송 1위 하는 버추얼 아이돌 (2024.09.27/뉴스데스크/MBC),MBCNEWS,최상위 댓글,@yopllie,진심이 다 뚫고 전달되니까 안빠지고 배길 수 없음ㅜ,43,2024-09-27T13:01:07Z,0,UgyoW9GyLgpkTS-E7gd4AaABAg,OT6uElfCI7o,UC4F3ZD7hdbb9RUWd_Zx_DEw,2024-09-27T13:01:07Z,,중립
노래 잘하는 외계인? 음악방송 1위 하는 버추얼 아이돌 (2024.09.27/뉴스데스크/MBC),MBCNEWS,최상위 댓글,@beingclearallday,"플레이브가 버추얼”이라서“ 입덕한 팬보다는 버추얼“임에도” 입덕한 팬들이 대부분일 거라 확신합니다
흔히 버추얼 아이돌의 인기 요인을 비주얼로 추측하는 분들이 계시는데 물론 단발성 관심을 끌거나 호감을 갖을 수는 있겠지만 “입덕”은 전혀 다른 문제입니다
아이돌 카테고리에서 버추얼이 강점이 되기 위해서는 기술력과 비주얼을 기본으로, 가장 중요한 서브컬쳐라는 인식과 편견을 깰만한 실력을 갖춰야 합니다 좋은 음악도 필수구요
아이돌로서 버추얼은 차별화가 되기도 하지만 엄청난 차별을 받는 이유가 되기도 하더라구요
플레이브의 인기요인을 4차산업혁명에 초점을 맞춰서 어렵게 이론적으로 접근하기보다는
결국은 버추얼 아이돌도 사람이 하는 일이고 그 사람에게 끌리는 당연한 이치라고 생각하시면 쉽습니다
그런 부분에서 AI아이돌과는 전혀 다르구요
플레이브는 저의 첫 아이돌은 아니지만 저의 마지막 버추얼 아이돌이 될 거에요",309,2024-09-27T14:35:18Z,1,UgwM-IxBuObXt7fFL914AaABAg,OT6uElfCI7o,UCNIhN-HStBqmG93S4O6tE_w,2024-09-27T14:44:40Z,,중립
노래 잘하는 외계인? 음악방송 1위 하는 버추얼 아이돌 (2024.09.27/뉴스데스크/MBC),MBCNEWS,대댓글,@Dawnna0000,Very well said! 💙💜💗❤️🖤,4,2024-09-28T12:40:56Z,0,UgwM-IxBuObXt7fFL914AaABAg.A8te91wIJ_3A8w0rBuzCQ7,OT6uElfCI7o,UCGs56zHBh8S7fjOU2qOTCfA,2024-09-28T12:40:56Z,UgwM-IxBuObXt7fFL914AaABAg,중립
노래 잘하는 외계인? 음악방송 1위 하는 버추얼 아이돌 (2024.09.27/뉴스데스크/MBC),MBCNEWS,최상위 댓글,@pooohing,플레이브의 음악과 무대가 좋아서 팬이 되었습니다! 테라정복 가보자구,89,2024-09-27T11:59:48Z,0,UgwUBa6c-4cWyGhEpfV4AaABAg,OT6uElfCI7o,UCINrxhFV84T3PRD6T3W59bg,2024-09-27T11:59:48Z,,긍정
노래 잘하는 외계인? 음악방송 1위 하는 버추얼 아이돌 (2024.09.27/뉴스데스크/MBC),MBCNEWS,최상위 댓글,@이지지,가수가 노래 잘하는데 좋아하지 않을 이유가 없습니다,56,2024-09-27T12:12:42Z,0,UgzS8ZyO-93iDig6xch4AaABAg,OT6uElfCI7o,UCdR-S1FNkrQ7YODamWwTwdw,2024-09-27T12:12:42Z,,긍정
노래 잘하는 외계인? 음악방송 1위 하는 버추얼 아이돌 (2024.09.27/뉴스데스크/MBC),MBCNEWS,최상위 댓글,@SShin_ji,"버추얼이라서 좋아한다기보단
버추얼임에도 좋아할 수 밖에 없었던 아이들.",25,2024-09-27T13:16:06Z,0,Ugyx28eg5nhOp7L3lqN4AaABAg,OT6uElfCI7o,UCC-AkJhqEIQxHBXrUzXoYfQ,2024-09-27T13:16:06Z,,긍정
노래 잘하는 외계인? 음악방송 1위 하는 버추얼 아이돌 (2024.09.27/뉴스데스크/MBC),MBCNEWS,최상위 댓글,@joanne5548,플레이브 장난아니에요...이정도 실력의 아이돌은 처음이에요,53,2024-09-27T13:01:35Z,0,UgxVBPLlDneRz29hog14AaABAg,OT6uElfCI7o,UCAjTn1SxkAIULde-CUUpn1g,2024-09-27T13:01:35Z,,중립
노래 잘하는 외계인? 음악방송 1위 하는 버추얼 아이돌 (2024.09.27/뉴스데스크/MBC),MBCNEWS,최상위 댓글,@게딱지알도둑,와 오늘 오픈한 카페까지 나왔네요 플레이브 노래 들어주세요 노래 좋고 매력있는 멋진 외계인들이에요 많관부!,40,2024-09-27T11:54:29Z,0,Ugzw_4E7ZsjfpVU9ADd4AaABAg,OT6uElfCI7o,UCVgHZwCZUCxDBYHMKdudJow,2024-09-27T11:54:29Z,,중립
노래 잘하는 외계인? 음악방송 1위 하는 버추얼 아이돌 (2024.09.27/뉴스데스크/MBC),MBCNEWS,최상위 댓글,@kok5467,세계정복 가보자구~,67,2024-09-27T11:43:53Z,0,UgxzCpCg6-z4MsN5fNF4AaABAg,OT6uElfCI7o,UCK8jaHuyWaZP5yNau6_IVJw,2024-09-27T11:43:53Z,,중립
노래 잘하는 외계인? 음악방송 1위 하는 버추얼 아이돌 (2024.09.27/뉴스데스크/MBC),MBCNEWS,최상위 댓글,@물만두-x1e,사랑만주는 왹져들을 어떻게 안사랑해 플레이브 테라정복 라쓰고~,53,2024-09-27T11:54:31Z,0,UgyjSy_bM3Yvpq0DJLd4AaABAg,OT6uElfCI7o,UCyTRKCTQSFCIcw4Yd8eljWQ,2024-09-27T11:54:31Z,,긍정
노래 잘하는 외계인? 음악방송 1위 하는 버추얼 아이돌 (2024.09.27/뉴스데스크/MBC),MBCNEWS,최상위 댓글,@Do_Fly,다 필요없고 팬사랑만 보고간다 주는 만큼 돌려줄테다🫶,25,2024-09-27T11:55:10Z,0,Ugx-_iPf_4UFUQc-PDx4AaABAg,OT6uElfCI7o,UCaO3aSlvevWtO2LJr0kstzw,2024-09-27T11:55:10Z,,긍정
노래 잘하는 외계인? 음악방송 1위 하는 버추얼 아이돌 (2024.09.27/뉴스데스크/MBC),MBCNEWS,최상위 댓글,@테라인0312,평생 아이돌을 좋아해본적이 없었는데 버추얼아이돌로 입문하게 될줄이야🤣 외계인덕분에 행복하네요,16,2024-09-27T12:34:25Z,0,UgyKTMNXtrdIPsLYiSV4AaABAg,OT6uElfCI7o,UCOzvdRYFcFvXdhiFj6gA3wg,2024-09-27T12:34:25Z,,긍정
노래 잘하는 외계인? 음악방송 1위 하는 버추얼 아이돌 (2024.09.27/뉴스데스크/MBC),MBCNEWS,최상위 댓글,@loll9938,당연히 비주얼이 멋진 것도 있지만 우선 자체 제작한 노래와 안무들 다 매력 있고 너무 좋아요🫶 그리고 무엇보다 팬들에게 진심으로 다가오고 소통하는 모습을 보면 플며들 수밖에 없음💙💜🩷❤🖤,27,2024-09-27T11:55:41Z,0,UgyOnrylOfEeH8M5fE14AaABAg,OT6uElfCI7o,UCOXaQF1YrL-fYrdyVeO8TUA,2024-09-27T11:56:49Z,,긍정
노래 잘하는 외계인? 음악방송 1위 하는 버추얼 아이돌 (2024.09.27/뉴스데스크/MBC),MBCNEWS,최상위 댓글,@갸가-p1t,많은 사람중에 너 하나밖에 안보여~~,85,2024-09-27T11:51:12Z,0,Ugx0Bze0rgNcVvVBo9R4AaABAg,OT6uElfCI7o,UCMEaokIVr8QWPJOJnZChOcQ,2024-09-27T11:51:12Z,,중립
노래 잘하는 외계인? 음악방송 1위 하는 버추얼 아이돌 (2024.09.27/뉴스데스크/MBC),MBCNEWS,최상위 댓글,@yoolyool00,"실력이 좋고 언행이 이뻐서 라방보다가 입덕했는데 
플레이브 입덕이 작년 내가 잘한일 중에 하나임ㅎㅎ
오늘 카폐  가오픈 했다는데 벌써 방송사서 찍어갔구나ㅎㅎ",18,2024-09-27T12:30:44Z,0,Ugwolxp75UerwLxz0T54AaABAg,OT6uElfCI7o,UCcF5kf11wE407zgpv5ULlbQ,2024-09-27T12:30:44Z,,중립
노래 잘하는 외계인? 음악방송 1위 하는 버추얼 아이돌 (2024.09.27/뉴스데스크/MBC),MBCNEWS,최상위 댓글,@arma8365,90년대 생들아. 라이브 잘 하는 가수 그리웠으면 일루와. 얘들 노래 쩔어.,13,2024-09-27T15:05:39Z,0,UgwX9RSaIZB_Z9p3n-B4AaABAg,OT6uElfCI7o,UC0Yf_SqlUiPoYEu2w1kLF8A,2024-09-27T15:05:39Z,,중립
노래 잘하는 외계인? 음악방송 1위 하는 버추얼 아이돌 (2024.09.27/뉴스데스크/MBC),MBCNEWS,최상위 댓글,@돔황챠-n4m,플레이브 라이브영상은 유명한 밥친구임,28,2024-09-27T12:57:47Z,0,Ugzo60O3uvkQZgHRemt4AaABAg,OT6uElfCI7o,UCHiqyPvquiZnZ3OjqodOM7w,2024-09-27T12:57:47Z,,중립
노래 잘하는 외계인? 음악방송 1위 하는 버추얼 아이돌 (2024.09.27/뉴스데스크/MBC),MBCNEWS,최상위 댓글,@밤라인협회장,"버추얼이라 좋아한게 아니다 버추얼임에도 사랑하게 된거다,,,🫂 너희의 노래는 내 자부심이야",17,2024-09-27T13:02:25Z,0,UgwBe7X-86ig8vYcpox4AaABAg,OT6uElfCI7o,UC1dLgCq300IwHEHnqviku0Q,2024-09-27T13:02:25Z,,긍정
노래 잘하는 외계인? 음악방송 1위 하는 버추얼 아이돌 (2024.09.27/뉴스데스크/MBC),MBCNEWS,최상위 댓글,@노라인-h1z,이게 뭐야로 시작했는데 팬사랑이 남다른거 같아서 행복합니다 😊,29,2024-09-27T12:15:12Z,0,UgzccUhIj51-C1qj4XJ4AaABAg,OT6uElfCI7o,UCBpI8_PzCkgbQXQ0BB0_YwQ,2024-09-27T12:15:12Z,,긍정
노래 잘하는 외계인? 음악방송 1위 하는 버추얼 아이돌 (2024.09.27/뉴스데스크/MBC),MBCNEWS,최상위 댓글,@WaPL_i,"버추얼보고 좋아하는게 아니라
음악성
실력
성격
센스
케미
팬사랑
보고 좋아하는겁니다.
전멤버가 올라운더 육각형 센터감인데 어찌 응원하지 않을 수 있겠어요 ☺️",16,2024-09-27T12:44:17Z,0,Ugw54F59jZI6sVZ_iCN4AaABAg,OT6uElfCI7o,UCsueF6n8e7xpbh2phI5jZJg,2024-09-27T12:44:17Z,,긍정
노래 잘하는 외계인? 음악방송 1위 하는 버추얼 아이돌 (2024.09.27/뉴스데스크/MBC),MBCNEWS,최상위 댓글,@charu4707,가수가 본업인 노래를 잘 하고 춤을 잘 춰서 좋아합니다~심지어 그 노래랑 춤들을 본인들이 다 직접 만들어와서 열심히 무대하는 게 멋있어서요ㅎㅎ방송도 웃기게 잘 하고요ㅎ구설수에서 자유롭니 어쩌니 그런 건 관심 없어용~,30,2024-09-27T12:35:24Z,0,Ugz7PPOwwW-6_zKk5514AaABAg,OT6uElfCI7o,UCXwBgklOFi9Fwc0WXruhekA,2024-09-27T12:35:24Z,,긍정
노래 잘하는 외계인? 음악방송 1위 하는 버추얼 아이돌 (2024.09.27/뉴스데스크/MBC),MBCNEWS,최상위 댓글,@llewellyn.,플레이브 최고다 😊,87,2024-09-27T11:45:42Z,0,Ugwi9zkA4sOUGKNRCV54AaABAg,OT6uElfCI7o,UCHFTby8wM2sdFZOrywYw8iw,2024-09-27T11:45:42Z,,긍정
노래 잘하는 외계인? 음악방송 1위 하는 버추얼 아이돌 (2024.09.27/뉴스데스크/MBC),MBCNEWS,최상위 댓글,@찐회색,너무 좋은 노래고 가수니까 꼭 많이 봤으면 좋겠어요,24,2024-09-27T12:04:00Z,0,UgyYSp5NIk6YDPSiEYB4AaABAg,OT6uElfCI7o,UCQgLjp28ys6fcixQPcJALMA,2024-09-27T12:04:00Z,,중립
노래 잘하는 외계인? 음악방송 1위 하는 버추얼 아이돌 (2024.09.27/뉴스데스크/MBC),MBCNEWS,최상위 댓글,@PLAVE0416,플레이브 사랑해💙💜💗❤️🖤,39,2024-09-27T11:44:07Z,0,UgzseBCIDTcMEWz8Ka54AaABAg,OT6uElfCI7o,UCW-r1H9ORxqoH6bY_HchMNg,2024-09-27T11:44:07Z,,긍정
노래 잘하는 외계인? 음악방송 1위 하는 버추얼 아이돌 (2024.09.27/뉴스데스크/MBC),MBCNEWS,최상위 댓글,@asu4774,👍플레이브 이번 콘서트 아주 기대됩니다,38,2024-09-27T11:50:40Z,0,Ugx0v2_JeN8lDvAkOT54AaABAg,OT6uElfCI7o,UC1CoE97r0lHy8Ljq8LuErjA,2024-09-27T11:50:40Z,,중립
노래 잘하는 외계인? 음악방송 1위 하는 버추얼 아이돌 (2024.09.27/뉴스데스크/MBC),MBCNEWS,최상위 댓글,@gdyjjbd,알고리즘에 뜨면 플며들기 시작합니다,16,2024-09-27T12:14:29Z,0,Ugwmr40mTGZ7wBPy6at4AaABAg,OT6uElfCI7o,UCN78g-DxT7-N8wxtWhGoI9w,2024-09-27T12:20:05Z,,중립
노래 잘하는 외계인? 음악방송 1위 하는 버추얼 아이돌 (2024.09.27/뉴스데스크/MBC),MBCNEWS,최상위 댓글,@user-dl9ok7gi5b,이질감 느껴진다고 욕 해야 될게 아니라 기술력에 더해 멤버들 실력까지 싸잡아서 감탄해야 한다. 억까란 억까는 다 당해도 매일매일 승승장구 하는걸 보면 놀라울 뿐임..,8,2024-09-28T07:31:05Z,0,UgyQ85pxTQVrEXgs0t94AaABAg,OT6uElfCI7o,UCkzlNDiacTPU3H-Af9oUBIA,2024-09-28T07:31:05Z,,중립
노래 잘하는 외계인? 음악방송 1위 하는 버추얼 아이돌 (2024.09.27/뉴스데스크/MBC),MBCNEWS,최상위 댓글,@lilbomify,이번에 하는 콘서트도 찢어버려💙💜💗❤️🖤,24,2024-09-27T11:54:43Z,0,Ugy4igQa3HvmYD7nWxt4AaABAg,OT6uElfCI7o,UCWi7rN0O_9Q5BhvAjUMb74w,2024-09-27T11:54:43Z,,중립
노래 잘하는 외계인? 음악방송 1위 하는 버추얼 아이돌 (2024.09.27/뉴스데스크/MBC),MBCNEWS,최상위 댓글,@user-wd3qn1qc1e,??나보다 먼저간 뉴스팀 개부럽ㅠㅠㅜㅜㅠ,17,2024-09-27T21:36:45Z,0,UgxBVvOUAv_SZVRpEY94AaABAg,OT6uElfCI7o,UCQoqEsl8GoNjdlH4z9UfIvg,2024-09-27T21:36:45Z,,중립
노래 잘하는 외계인? 음악방송 1위 하는 버추얼 아이돌 (2024.09.27/뉴스데스크/MBC),MBCNEWS,최상위 댓글,@JUNI-love,"보통 아이돌 좋아할 때 열애설 없겠지, 병크없겠지 하면서 좋아하는거 아니잖아요ㅎ 
그리고 사람이 관련되어 있으니 다른 아이돌들이랑 똑같구요
세계관이 있는것도 다른 아이돌도 초능력자라든지 하는 세계관있잖아요
우린 그냥다 똑같이 느낍니다
그냥 그 세계관을 재미나게 즐기는거지 현실과 구분못하고 가상세계에 빠져살고 그런거 아니에요ㅎ
물론 플레이브에게 푹 빠진건 맞습니다😂",62,2024-09-27T14:16:44Z,0,UgyzPgVOzbF-QvN2mf14AaABAg,OT6uElfCI7o,UCS5H3ndGB5g16pwbyu6lHEg,2024-09-27T14:19:23Z,,긍정
노래 잘하는 외계인? 음악방송 1위 하는 버추얼 아이돌 (2024.09.27/뉴스데스크/MBC),MBCNEWS,최상위 댓글,@은파-n6y,차근차근 이렇게 테라정복 가보자구💙💜💗❤🖤,28,2024-09-27T11:53:21Z,0,Ugw3KKG03Fl43B0xAi14AaABAg,OT6uElfCI7o,UCK9bOYuF76PIyEKdBK2AFWA,2024-09-27T11:53:21Z,,중립
노래 잘하는 외계인? 음악방송 1위 하는 버추얼 아이돌 (2024.09.27/뉴스데스크/MBC),MBCNEWS,최상위 댓글,@rollypopcorn8378,오늘 오픈 했는데 벌써 기사가! 빠르네요 ㅋㅋㅋ,26,2024-09-27T11:55:59Z,0,Ugy8hqEfhX3qycG3kBV4AaABAg,OT6uElfCI7o,UCuCcQwHtEXbMiDCAxudIfpA,2024-09-27T11:55:59Z,,중립
노래 잘하는 외계인? 음악방송 1위 하는 버추얼 아이돌 (2024.09.27/뉴스데스크/MBC),MBCNEWS,최상위 댓글,@얼리-q6s,플레이브는 인정이야..남자인 나도 반할정도야..,11,2024-10-08T21:01:27Z,0,Ugyml5YqYLIFQxh3rKt4AaABAg,OT6uElfCI7o,UCz8sKGCT2L2XO_NC_pworJg,2024-10-08T21:01:27Z,,중립
노래 잘하는 외계인? 음악방송 1위 하는 버추얼 아이돌 (2024.09.27/뉴스데스크/MBC),MBCNEWS,최상위 댓글,@norang8123,"난 오늘 처음 봤지만
덕질 한번 안해본 사람 입장에선 

실제 인간 가수도 평생 악수 한번 못해보고 멀리서 봐야되는건 똑같닼ㅋㅋㅋ",5,2024-10-03T12:12:06Z,0,UgzgjVKLMk9VE9rV7i14AaABAg,OT6uElfCI7o,UCJuDgS_nq71Ypm-NOcnffzQ,2024-10-03T12:12:06Z,,중립
노래 잘하는 외계인? 음악방송 1위 하는 버추얼 아이돌 (2024.09.27/뉴스데스크/MBC),MBCNEWS,최상위 댓글,@soohyunkim0,플레이브 유명해지지마.. 유명해져.. 유명해지지마.. 유명해져.. 아냐 유명해지지마 내 작고 소중한 포도알.. 진짜 소중한데 애들도 소중하고ㅠㅠ 뭘 골라야 돼..,10,2024-09-27T13:56:03Z,0,UgxXjAzdL6nr05xexgV4AaABAg,OT6uElfCI7o,UCUtmP7ny1uiUkuWwtfWISWg,2024-09-27T13:56:03Z,,중립
노래 잘하는 외계인? 음악방송 1위 하는 버추얼 아이돌 (2024.09.27/뉴스데스크/MBC),MBCNEWS,최상위 댓글,@plave0126,노래가 좋아 찾아보고 찾다보니 음악에 대한 열정과 진심이 전달되어 응원하게 됐습니다. 좋아하다보니 버추얼아이돌인거지 문제될게 없어요. 선입견을 지우고 보면 여타 아이돌하고 다를 바 없습니다. 모두들 관심 많이 부탁드려요. 자체 제작돌 플레이브입니다💙💜💗❤🖤,21,2024-09-27T12:12:56Z,0,Ugzz7QOXKy8-7EKL8vp4AaABAg,OT6uElfCI7o,UC9LqThVZixE-aaUm7S2Z9tQ,2024-09-27T12:14:13Z,,긍정
노래 잘하는 외계인? 음악방송 1위 하는 버추얼 아이돌 (2024.09.27/뉴스데스크/MBC),MBCNEWS,최상위 댓글,@별조각하나,본업 잘하는 우리 플레이브 사랑해💙💜💗❤️🖤,19,2024-09-27T12:11:34Z,0,Ugy1ARNGDej31fXG-ON4AaABAg,OT6uElfCI7o,UComICmTCuSmKpS4lJPgC1aQ,2024-09-27T12:11:34Z,,긍정
노래 잘하는 외계인? 음악방송 1위 하는 버추얼 아이돌 (2024.09.27/뉴스데스크/MBC),MBCNEWS,최상위 댓글,@ssum2.26_ing,화면안에 있다고 가짜라고 할수있을까..이렇게 서로 진심인데.,12,2024-09-27T12:52:04Z,0,UgzmlsDVQO99kOxKDLZ4AaABAg,OT6uElfCI7o,UCWNnhsQ6JH1iEjEuRK5esRA,2024-09-27T12:52:04Z,,중립
노래 잘하는 외계인? 음악방송 1위 하는 버추얼 아이돌 (2024.09.27/뉴스데스크/MBC),MBCNEWS,최상위 댓글,@eperrr1999,SO SO SO PROUD OF YOU BOYSS 🥹💙💜💗❤️🖤 I wish I can visit there someday,16,2024-09-27T11:48:07Z,0,UgwJvAET4HXTzAK0TkF4AaABAg,OT6uElfCI7o,UCLR7LRCzmb_wrGDMH3Wr02g,2024-09-27T11:48:07Z,,중립
노래 잘하는 외계인? 음악방송 1위 하는 버추얼 아이돌 (2024.09.27/뉴스데스크/MBC),MBCNEWS,최상위 댓글,@Zz2H0,노래와 실력이 너무 좋은 그룹이여서 버츄얼이라는건 이제 별로 걸리지않음 노래가 3세대 느낌도 나고 요즘 나오는 챌린지식 노래 가 아니라 별로 질리지않더라구요,13,2024-09-28T02:08:23Z,0,UgwJb6YmZmhvnvoQGs94AaABAg,OT6uElfCI7o,UCxzT-lr6xo1hdy_QXmB-qMQ,2024-09-28T02:08:23Z,,부정
노래 잘하는 외계인? 음악방송 1위 하는 버추얼 아이돌 (2024.09.27/뉴스데스크/MBC),MBCNEWS,최상위 댓글,@nickname_0wl,누구보다 미래지향적인 기술을 사용한 모습이지만 노래는 아날로그 감성을 건드리고 멤버들은 그 어떤 사람들보다도 더 인간미 넘침…가끔 보다보면 얘네가 버추얼이란 사실도 까먹을때가 있음. 뭐 실력은 말할 것도 없고. 어떻게 안좋아해…나도 그랬듯 버추얼이 많은 사람들에게 익숙하지 않은건 사실이지만 그 장벽만 넘으면 멤버들 다양한 매력에 빠지고 결국은 익숙하지 않고 입덕장벽 같았던 겉모습까지도 플레이브 멤버 한명 한명 그 자체로 함께 사랑하게 됨…ㅠ,13,2024-09-27T13:50:25Z,0,UgzbFNNJvGwG1K8iBrt4AaABAg,OT6uElfCI7o,UC4U5G4tBHGWJvxEfW2kC64w,2024-09-27T13:51:38Z,,긍정
노래 잘하는 외계인? 음악방송 1위 하는 버추얼 아이돌 (2024.09.27/뉴스데스크/MBC),MBCNEWS,최상위 댓글,@풀리풀리,관심 없는거 들어와서 굳이 악플 다시는거보면 할 짓 없나바영~,40,2024-09-27T11:44:47Z,0,Ugz1C71pOBROvYTikZV4AaABAg,OT6uElfCI7o,UCPpUKeEQyIZWHlVPTpqOCmw,2024-09-27T11:44:47Z,,중립
노래 잘하는 외계인? 음악방송 1위 하는 버추얼 아이돌 (2024.09.27/뉴스데스크/MBC),MBCNEWS,최상위 댓글,@이상한카레,정말 얼굴이 아니라 노래가 기본이어야한다는 가수라는 직업을 가장 잘 보여준것같다,5,2024-10-08T15:14:01Z,0,Ugw58UKz-XAAblE8oVl4AaABAg,OT6uElfCI7o,UCtD1_yRiplFi3DhprY5KlGQ,2024-10-08T15:14:01Z,,중립
노래 잘하는 외계인? 음악방송 1위 하는 버추얼 아이돌 (2024.09.27/뉴스데스크/MBC),MBCNEWS,최상위 댓글,@Hieol-h8n,70넘은 우리 엄마도 보면서 신기하다고만 하시는데 의외로 젊은 사람들이 이해를 못하네...,9,2024-10-01T07:59:15Z,0,UgyO-2Jdsyk2EkzPQql4AaABAg,OT6uElfCI7o,UC-AbgClB0Gd8T567fl_pIDQ,2024-10-01T07:59:15Z,,중립
노래 잘하는 외계인? 음악방송 1위 하는 버추얼 아이돌 (2024.09.27/뉴스데스크/MBC),MBCNEWS,최상위 댓글,@룰루랄라-t5k,"버추얼 아이돌과 인공지능은 구분되어야 한다고 생각해요. 버추얼은 뒤에 사람이 있어요~! 
그리고 플레이브의 성공은 가수가 성공하기 위해서는 그 본질인 음악을 잘해야 한다는걸 알려주는 예라고 생각합니다. 직접 음악 프로듀싱에 안무까지 자체 제작하는 정말 실력 좋고, 인성도 좋은 아티스트들입니다. 이런 ‘사람’들을 어떻게 사랑하지 않을 수 있겠어요?",21,2024-09-27T15:12:12Z,1,Ugx45Pss9JMRLZJxDeV4AaABAg,OT6uElfCI7o,UCXr-2vovTpchANSmI37tRHQ,2024-09-27T15:12:12Z,,긍정
노래 잘하는 외계인? 음악방송 1위 하는 버추얼 아이돌 (2024.09.27/뉴스데스크/MBC),MBCNEWS,대댓글,@chela8520,"⁠@the5identity 사전적의미를 보면 가상을 뜻하는게 맞아서 몇몇 영상에선 같이 묶어서 소개하기도 하더라고요 하지만 실제로 사람의 유무는 그 문화를 즐기는 사람들에겐 큰 차이죠 
버추얼쪽에서는 뒤에 사람이 있는게 보통이었는데 인공지능이 등장하면서 개념이 혼란스러워지는거 같습니다
사람이 있는 경우와 없는건 의미가 매우 다르니 구분을 짓는게 맞다고 봅니다",2,2024-09-28T19:25:26Z,0,Ugx45Pss9JMRLZJxDeV4AaABAg.A8tiNHyVHLUA8wk8pUk7wT,OT6uElfCI7o,UCZ6M3E8cRTbC3GI1zAkfmvw,2025-01-03T10:06:39Z,Ugx45Pss9JMRLZJxDeV4AaABAg,중립
노래 잘하는 외계인? 음악방송 1위 하는 버추얼 아이돌 (2024.09.27/뉴스데스크/MBC),MBCNEWS,최상위 댓글,@JJ-sx3uo,그냥 작사 작곡 노래 댄스 잘해서 좋아하는건데요 😂 예능까지 잘한단말이에요..,14,2024-09-27T13:56:10Z,0,UgxFauRGAphWyF7ed4J4AaABAg,OT6uElfCI7o,UCMffEgWVmCgRlUnKUUgRdjQ,2024-09-27T13:56:10Z,,긍정
노래 잘하는 외계인? 음악방송 1위 하는 버추얼 아이돌 (2024.09.27/뉴스데스크/MBC),MBCNEWS,최상위 댓글,@오호잇-d2h,그냥 노래를 너무 잘하니까 좋더라,7,2024-09-28T01:50:35Z,0,UgxTtJOEGjmKzjKNzbx4AaABAg,OT6uElfCI7o,UCi509Yt1zLbh6PcIBc3bZ4w,2024-09-28T01:50:35Z,,중립
노래 잘하는 외계인? 음악방송 1위 하는 버추얼 아이돌 (2024.09.27/뉴스데스크/MBC),MBCNEWS,최상위 댓글,@고래밥밥밥gole,만찢돌 플레이브 우주최고스타 라쓰고💙💜💗❤️🖤,16,2024-09-27T12:09:53Z,0,UgyQVuLW3veezyZQJVx4AaABAg,OT6uElfCI7o,UCSTSjR9yLh3HOJgvPBlQXMQ,2024-09-27T12:09:53Z,,긍정
노래 잘하는 외계인? 음악방송 1위 하는 버추얼 아이돌 (2024.09.27/뉴스데스크/MBC),MBCNEWS,최상위 댓글,@doksooooooo,플레이부~~💙💜💗❤️🖤,21,2024-09-27T11:55:10Z,0,UgwYlaHbvZi8QDqC6UB4AaABAg,OT6uElfCI7o,UC5oXNHSHwpbOTu5D4eLXIPg,2024-09-27T11:55:10Z,,중립
노래 잘하는 외계인? 음악방송 1위 하는 버추얼 아이돌 (2024.09.27/뉴스데스크/MBC),MBCNEWS,최상위 댓글,@CHAN-rk3bq,일단 그냥 노래가 좋음.... 여섯번째 여름 노래가 너무 좋아서 입덕하고 본업천잰데 개웃겨서 조아하게됨ㅌㅋㅋㅋㅋㅋ,3,2024-09-28T05:08:30Z,0,UgzogiWhPZM3CfXR3b54AaABAg,OT6uElfCI7o,UCn42akyfs7fUOQa6Qh1XTbw,2024-09-28T05:08:30Z,,긍정
노래 잘하는 외계인? 음악방송 1위 하는 버추얼 아이돌 (2024.09.27/뉴스데스크/MBC),MBCNEWS,최상위 댓글,@Eunho_shoulder_on_sparrow,내 마지막 아이돌 플레이브💙💜💗❤️🖤,15,2024-09-27T12:32:44Z,0,Ugy3e0wAcUkQ4CLijFd4AaABAg,OT6uElfCI7o,UC-nxJtk63sE7L1yJQtz3NHA,2024-09-27T12:32:44Z,,중립
노래 잘하는 외계인? 음악방송 1위 하는 버추얼 아이돌 (2024.09.27/뉴스데스크/MBC),MBCNEWS,최상위 댓글,@라라_rara_plave,플레이브 한번 빠지면 못 헤어나온다 ㅠㅠ,11,2024-09-27T12:23:04Z,0,UgzxVZNF4eJlUWM5Vgt4AaABAg,OT6uElfCI7o,UCTxF-WYoEXcTLCdN--qeQ_Q,2024-09-27T12:23:04Z,,중립
노래 잘하는 외계인? 음악방송 1위 하는 버추얼 아이돌 (2024.09.27/뉴스데스크/MBC),MBCNEWS,최상위 댓글,@haaaaaaaa-e3d,그저 노래하는 걸 보고 자기들끼리 라이브에서 웃고 떠들고 울고 하는 모습을 보다 보니 좋아하게 되었어요 약간의 차원의 문제일 뿐 다른 아이돌들을 좋아했을 때와 다르지 않은 입덕이었습니다 많이 사랑하고 응원하고 있어요 🥹,17,2024-09-27T13:17:01Z,1,UgylLZ2bfTHCMcb7HZF4AaABAg,OT6uElfCI7o,UCKyKxvy_EnHymXBEjBfIRrA,2024-09-27T13:17:01Z,,긍정
노래 잘하는 외계인? 음악방송 1위 하는 버추얼 아이돌 (2024.09.27/뉴스데스크/MBC),MBCNEWS,대댓글,@haaaaaaaa-e3d,팬을 많이 사랑하고 많은 소통을 하려는 모습도 역시 입덕 포인트 중에 하나였어요 팬사랑 하는 아이도루 어떻게 안 조아하는데 🥲,3,2024-09-27T13:21:57Z,0,UgylLZ2bfTHCMcb7HZF4AaABAg.A8tWBZXuNfSA8tWkiyhlo_,OT6uElfCI7o,UCKyKxvy_EnHymXBEjBfIRrA,2024-09-27T13:21:57Z,UgylLZ2bfTHCMcb7HZF4AaABAg,긍정
노래 잘하는 외계인? 음악방송 1위 하는 버추얼 아이돌 (2024.09.27/뉴스데스크/MBC),MBCNEWS,최상위 댓글,@seaglowsunset,별게 다 나오네 하면서 편견속에 관심도 안뒀고 아이돌 자체에 무심했던 인생이었는데 알고리즘에 지는 바람에 호기심에 클릭했다가 3주째 잠도 안자고 현생 잃어버림….이제 하다하다 뉴스도 찾아보고 있음,5,2024-12-31T12:23:48Z,0,UgwTxvPwZYARh8IMTWh4AaABAg,OT6uElfCI7o,UCuZIaRoiKE4gucsOs6xCM9w,2024-12-31T12:23:48Z,,중립
노래 잘하는 외계인? 음악방송 1위 하는 버추얼 아이돌 (2024.09.27/뉴스데스크/MBC),MBCNEWS,최상위 댓글,@cinnamonnamong,알게되면 사랑할 수 밖에 없어💙💜💗❤️🖤,14,2024-09-27T12:03:49Z,0,UgyfB56hRCZVbf5899Z4AaABAg,OT6uElfCI7o,UCOt4bQF3F2FYRSOkhzsIBjA,2024-09-27T12:03:49Z,,긍정
노래 잘하는 외계인? 음악방송 1위 하는 버추얼 아이돌 (2024.09.27/뉴스데스크/MBC),MBCNEWS,최상위 댓글,@user-asdfg01,너무 좋아요 ㅠㅠ 플레이브 사랑해!!! 콘서트에서 만나요 😘😘 💙💜💗❤️🖤,18,2024-09-27T11:59:30Z,0,Ugx_EBhTJBJj3M9K62B4AaABAg,OT6uElfCI7o,UCB1lBA13CWkJqEY8KA5qudQ,2024-09-27T11:59:30Z,,긍정
노래 잘하는 외계인? 음악방송 1위 하는 버추얼 아이돌 (2024.09.27/뉴스데스크/MBC),MBCNEWS,최상위 댓글,@pinkloveS2,"제가 버추얼 거부감있어서 버추얼 유튜버 방송도 잘 안보는 편인데
이게 오히려 버추얼이라 더 표현할수있는게 많을때도있고
무엇보다 노래가 너무좋았음;;
정신차려보니 나도모르게 플레이리스트에 노래 다들어있더라구요 ㅋㅋㅋ",6,2024-10-09T07:05:41Z,0,Ugzb0-GH1nRIYf75zKt4AaABAg,OT6uElfCI7o,UCNEOEbGZcOqwEq4N5jB8g3A,2024-10-09T07:05:41Z,,중립
노래 잘하는 외계인? 음악방송 1위 하는 버추얼 아이돌 (2024.09.27/뉴스데스크/MBC),MBCNEWS,최상위 댓글,@Arianna-h3c,나도 내가 아이돌 좋아하게 될줄 몰랐지...,8,2024-09-27T17:30:14Z,0,UgwR3rbls45wvdViWS54AaABAg,OT6uElfCI7o,UCvvuoyiwrwD0OEMmw28222w,2024-09-27T17:50:38Z,,긍정
노래 잘하는 외계인? 음악방송 1위 하는 버추얼 아이돌 (2024.09.27/뉴스데스크/MBC),MBCNEWS,최상위 댓글,@ililil_x,진짜 플레이브는 그냥 개그맨겸 아이돌하는거 같다구..ㅋㅋㅋㅋ,4,2024-09-28T12:00:56Z,0,Ugxqw4fGpG5oJ54VRGt4AaABAg,OT6uElfCI7o,UCxXXowUUiSQ_sZlVHGp6Ntg,2024-09-28T12:01:17Z,,중립
노래 잘하는 외계인? 음악방송 1위 하는 버추얼 아이돌 (2024.09.27/뉴스데스크/MBC),MBCNEWS,최상위 댓글,@nbnbbnbnbbb,"보이는건 버추얼이지만 마음을 움직인건 그들의 진심입니다,,, 음악에 누구보다 진심이고 음악하게해준 팬들한테 너무너무 고마워함 심지어 음악을 기깔나게잘해요..
좋아하는 마음을 잘 받아서 다시 돌려줄줄아는 사람들이라 좋아할 맛이 납니다",5,2024-09-27T17:13:39Z,0,UgzSqxqohwJrzamQdVR4AaABAg,OT6uElfCI7o,UCKZEZzx5EPeSakNG9zRjQFg,2024-09-27T17:13:39Z,,긍정
노래 잘하는 외계인? 음악방송 1위 하는 버추얼 아이돌 (2024.09.27/뉴스데스크/MBC),MBCNEWS,최상위 댓글,@가나디이모,플레이브💙💜💗❤️🖤,16,2024-09-27T11:56:25Z,0,UgzNKqDcXbR7qrSykGh4AaABAg,OT6uElfCI7o,UCNnjwVXXDDBrjFlXQ8c4f1g,2024-09-27T11:56:25Z,,중립
노래 잘하는 외계인? 음악방송 1위 하는 버추얼 아이돌 (2024.09.27/뉴스데스크/MBC),MBCNEWS,최상위 댓글,@DuckUdong_PLLI,애들아 니네는 진짜 최고다.......,8,2024-09-27T12:41:00Z,0,Ugz5teHPbFrIRA84aiF4AaABAg,OT6uElfCI7o,UCtci4O1X3siCw4-cmQ079RQ,2024-09-27T12:41:00Z,,긍정
노래 잘하는 외계인? 음악방송 1위 하는 버추얼 아이돌 (2024.09.27/뉴스데스크/MBC),MBCNEWS,최상위 댓글,@unkmi-6.6-,"그냥 노래만 듣는데, 플레이브 노래 다 좋음. 선선한 바람 같은? 곡들이 맑고 션션해서 좋음. 그래서 최신곡 리스트에 올라오면 일단 듣게 됨.",6,2024-09-28T10:44:53Z,0,Ugzn1tO8x5tzPOIeXr94AaABAg,OT6uElfCI7o,UCtLoMWL3IzrvurYbKlPliQQ,2024-09-28T10:46:04Z,,중립
노래 잘하는 외계인? 음악방송 1위 하는 버추얼 아이돌 (2024.09.27/뉴스데스크/MBC),MBCNEWS,최상위 댓글,@쌀봉딩,플레이브 노래 들어보고 숏츠 몇번 보면 안빠질수가 없더라구여ㅎㅅㅎ 진짜 덕질이 이렇게 재밋고 행복한건지 17년인생으로 처음 알앗습니당😂😊우리애들 뉴스에도 나오고 대견해💙💜💗❤🖤,13,2024-09-27T12:28:48Z,0,UgxOgLNQy0pA_faC8sN4AaABAg,OT6uElfCI7o,UC77NdLXSEs9xIPJx9m289og,2024-09-27T12:29:44Z,,중립
노래 잘하는 외계인? 음악방송 1위 하는 버추얼 아이돌 (2024.09.27/뉴스데스크/MBC),MBCNEWS,최상위 댓글,@jeohany,테라 정복 💙💜💗❤️🖤,18,2024-09-27T12:00:12Z,0,UgxP5niO_Cf0XApjYd54AaABAg,OT6uElfCI7o,UC8Owa3p6lm479zwsjz3vwew,2024-09-27T12:00:12Z,,중립
노래 잘하는 외계인? 음악방송 1위 하는 버추얼 아이돌 (2024.09.27/뉴스데스크/MBC),MBCNEWS,최상위 댓글,@수줍은사랑의하또,아이돌 입덕하는데 좋은 노래와 내 취향의 비주얼 이끌리는 케미나 서사 외에 무슨 필요조건이 있을까요 다 똑같습니다,6,2024-09-27T13:02:07Z,0,UgwxiI4lOif68X6X-8V4AaABAg,OT6uElfCI7o,UCAtfHZMv1N-mns9xfD-qHPg,2024-09-27T13:02:07Z,,중립
노래 잘하는 외계인? 음악방송 1위 하는 버추얼 아이돌 (2024.09.27/뉴스데스크/MBC),MBCNEWS,최상위 댓글,@파이e-e,노래 좋긴함,9,2024-09-27T18:48:34Z,0,Ugyq4t1f7e-pBjKvgep4AaABAg,OT6uElfCI7o,UCyUpvsP4cAKVmGgstLxGs7g,2024-09-27T18:48:41Z,,중립
노래 잘하는 외계인? 음악방송 1위 하는 버추얼 아이돌 (2024.09.27/뉴스데스크/MBC),MBCNEWS,최상위 댓글,@우이-f1y,작사 작곡 안무까지 다 하고 팬들에게 주는 사랑도 어머어마하고 게다가 버블에서도 맨날 사랑한다고 해주는게 어떻게 안 사랑할수가 있겠어,2,2024-09-28T00:11:45Z,0,UgyRTpNrfd2VOwkmYFd4AaABAg,OT6uElfCI7o,UChYAjWwt0xbEUvbsvbLLP4Q,2024-09-28T00:11:45Z,,긍정
노래 잘하는 외계인? 음악방송 1위 하는 버추얼 아이돌 (2024.09.27/뉴스데스크/MBC),MBCNEWS,최상위 댓글,@융융-s3g,플레이브 만나고 나의 행복테라시대 시작됨💙💜💗❤️🖤,11,2024-09-27T12:34:13Z,0,UgzFnjwbRY0B1fuM1gh4AaABAg,OT6uElfCI7o,UCQpfKvpgwUkOhnvXafAoWPQ,2024-09-27T12:34:13Z,,중립
노래 잘하는 외계인? 음악방송 1위 하는 버추얼 아이돌 (2024.09.27/뉴스데스크/MBC),MBCNEWS,최상위 댓글,@짱구는옷말리는중-k1p,가수겸 개그맨임,11,2024-09-28T01:02:08Z,0,UgxmXKIyFI33zCBGmpV4AaABAg,OT6uElfCI7o,UCFPJiudujum8OVz2_auWHvQ,2024-09-28T01:02:08Z,,중립
노래 잘하는 외계인? 음악방송 1위 하는 버추얼 아이돌 (2024.09.27/뉴스데스크/MBC),MBCNEWS,최상위 댓글,@Blue_1020,내 처음이자 마지막 아이돌 플레이브,5,2024-09-27T18:52:25Z,0,UgwHptpRLA1CWMW89RF4AaABAg,OT6uElfCI7o,UCNDaiEumufFqIcxWyMSclYg,2024-09-27T18:52:25Z,,중립
노래 잘하는 외계인? 음악방송 1위 하는 버추얼 아이돌 (2024.09.27/뉴스데스크/MBC),MBCNEWS,최상위 댓글,@banggookbbong,"입덕한지 1년이 훌쩍넘은 저도 처음 플레이브를 봤을땐 이..이게머야..<이러면서 시작했어요ㅎㅎ.. 처음엔 너무낯설고 이게 진짜인가 가짜인가 구분짓기에만 급급했는데 플레이브에 빠져들수록 그런 개념은 덕질에있어 중요치않은 점이란걸 깨닫게 되더라구요🥺 버추얼아이돌의 장점은 한계가 있지만 그 한계를 타개할 방법엔 한계가 없다는 점!!୧( “̮ )୨ 낯선 세계의 아이돌만이 보여줄수있는 퍼포먼스와 컨텐츠는 흥미로운 수준을 넘어서 경이로울 지경이에요..💙💜💗❤🖤입덕할거면 빨리하십쇼,,,쌓인 컨텐츠가 너무 많아요ദ്ദി  ͡° ͜ʖ ͡°)",27,2024-09-27T12:22:08Z,0,UgwHnm8l3adKF1KxNxB4AaABAg,OT6uElfCI7o,UCIvgSIujykUewysVxkpPxmQ,2024-09-27T12:22:08Z,,중립
노래 잘하는 외계인? 음악방송 1위 하는 버추얼 아이돌 (2024.09.27/뉴스데스크/MBC),MBCNEWS,최상위 댓글,@dongle_st,회사 마케팅 회의때 플레이브 처음들었고 찾아보다 정신차리니 벌써 플브입덕 1년이 넘었습니다😂🎉 이게뭐야? 하는 머글들아 나도 1년전엔 그랬다 😢,8,2024-09-27T22:15:07Z,0,Ugxq8RvDYTJaJ3aq5Dl4AaABAg,OT6uElfCI7o,UC-lrPoD9_IAbvAPE3zSvhRw,2024-09-27T22:15:07Z,,중립
노래 잘하는 외계인? 음악방송 1위 하는 버추얼 아이돌 (2024.09.27/뉴스데스크/MBC),MBCNEWS,최상위 댓글,@mooooooooooong,"진짜 플레이브는 버추얼이라서 성공한게 아님을 알아야함…, 진짜 보석같은 사람들이야🥲",3,2024-09-27T17:55:24Z,0,UgyfpZu7liEsHxTTkRd4AaABAg,OT6uElfCI7o,UCYkG48f-431gjGHkuF-Q9Pw,2024-09-27T17:55:56Z,,중립
노래 잘하는 외계인? 음악방송 1위 하는 버추얼 아이돌 (2024.09.27/뉴스데스크/MBC),MBCNEWS,최상위 댓글,@쭈니-z3k,가수는 노래로 승부한다.,8,2024-09-27T14:52:53Z,0,UgyhujFI63phFOsL9a94AaABAg,OT6uElfCI7o,UC9wNeIhpAOPc1j1Ed9HpNtg,2024-09-27T14:52:53Z,,중립
노래 잘하는 외계인? 음악방송 1위 하는 버추얼 아이돌 (2024.09.27/뉴스데스크/MBC),MBCNEWS,최상위 댓글,@thwlssla00,사실 버추얼이라서 좋아하는게 아니라 플레이브라서 좋아하는 건데.. 캐릭터의 모습을 하고 있지만 이들의 말과 행동을 조금만 지켜보면 아이러니하게도 어떤 스타보다 인간적인 매력이 느껴짐.,3,2024-09-27T22:42:59Z,0,Ugw67q2ch6PcrLaZtlV4AaABAg,OT6uElfCI7o,UCIYVa9xa4m8QiAIwizSlw7w,2024-09-27T22:42:59Z,,긍정
노래 잘하는 외계인? 음악방송 1위 하는 버추얼 아이돌 (2024.09.27/뉴스데스크/MBC),MBCNEWS,최상위 댓글,@권융-j3j,일단 노래가 좋고 실력도 좋음ㅋㅋㅋㅋㅋㅋ,4,2024-09-28T07:27:06Z,0,UgytDMfC-A9UH0p85Zl4AaABAg,OT6uElfCI7o,UCwaksBAH2ZTxjbJlybCwJrg,2024-09-28T07:27:06Z,,중립
노래 잘하는 외계인? 음악방송 1위 하는 버추얼 아이돌 (2024.09.27/뉴스데스크/MBC),MBCNEWS,최상위 댓글,@iaxeu,아 몰라요 난 이제 플레이브의 노예입니다,5,2024-10-05T13:10:46Z,0,UgxtDyRt4YdRwe1dpUd4AaABAg,OT6uElfCI7o,UCPCmO8nn8grRqBI0zt9wvUg,2024-10-05T13:10:46Z,,중립
노래 잘하는 외계인? 음악방송 1위 하는 버추얼 아이돌 (2024.09.27/뉴스데스크/MBC),MBCNEWS,최상위 댓글,@도보-r2k,"좋아해보니 버츄얼이였다는 말 ㅇㅈ, 우연히 노아 첫 라방을 봤었는데 이게 뭐지하면서 몇년간 안보다가 실력에 빠져들고 개그에 빠져들고 이제 없으면 안됨ㅜ",2,2025-04-11T03:49:22Z,0,UgwItE2X6YZ0fnyC2MN4AaABAg,OT6uElfCI7o,UC19JSS_po0EDC6qBG3tbJ3A,2025-04-11T03:49:22Z,,긍정
노래 잘하는 외계인? 음악방송 1위 하는 버추얼 아이돌 (2024.09.27/뉴스데스크/MBC),MBCNEWS,최상위 댓글,@daldal-u8n,"'따가운 가을볕에' 라는 말에  ""따가워!!!!!"" 만 떠오르는 어쩔수 없는 플리.....",2,2024-09-27T22:47:05Z,0,Ugyhhhr9ZI7eM3YerlJ4AaABAg,OT6uElfCI7o,UCuaQfGctvf0ZnqH-DyHcKUQ,2024-09-27T22:47:36Z,,중립
노래 잘하는 외계인? 음악방송 1위 하는 버추얼 아이돌 (2024.09.27/뉴스데스크/MBC),MBCNEWS,최상위 댓글,@134-1love,음악이 좋으니까 선입견은 그냥 사라졌음,11,2024-09-27T14:48:56Z,0,UgzaBlQPNXVjICJXyr54AaABAg,OT6uElfCI7o,UCfRnRac0YVoyZWgF8YH2A8A,2024-09-27T14:48:56Z,,중립
노래 잘하는 외계인? 음악방송 1위 하는 버추얼 아이돌 (2024.09.27/뉴스데스크/MBC),MBCNEWS,최상위 댓글,@공격하는노트북,이거 저녁먹으면서 뉴스보다가 플레이브 나오길래 벌떡일어나버림..,3,2024-09-27T13:51:18Z,0,Ugxwb256G0fDZ9TEk8h4AaABAg,OT6uElfCI7o,UCT3k8sTZh_CCjEfL6oZvPjw,2024-09-27T13:51:18Z,,중립
노래 잘하는 외계인? 음악방송 1위 하는 버추얼 아이돌 (2024.09.27/뉴스데스크/MBC),MBCNEWS,최상위 댓글,@pangzzagi,"플레이브 노래도 좋고 팬사랑 엄청납니다
그냥 좋아하고보니 플레이브 였어요❤️‍🔥",8,2024-09-27T12:37:55Z,0,UgwVf-_BiUGUkuKhjvh4AaABAg,OT6uElfCI7o,UC2t-9LxB2RuWZOh9v62tDZw,2024-09-27T12:37:55Z,,긍정
노래 잘하는 외계인? 음악방송 1위 하는 버추얼 아이돌 (2024.09.27/뉴스데스크/MBC),MBCNEWS,최상위 댓글,@Gyul_me,"노래 잘하고 춤 잘추는 가수에게 끌리는건 당연하며
팬 사랑이 가득한 이들을 사랑하지 않을 수 없었습니다",2,2024-09-27T18:06:28Z,0,Ugx-g5dZsZ57GTnzDcF4AaABAg,OT6uElfCI7o,UCHlAtHiWF2qGn33mkK30A6A,2024-09-27T18:06:28Z,,긍정
노래 잘하는 외계인? 음악방송 1위 하는 버추얼 아이돌 (2024.09.27/뉴스데스크/MBC),MBCNEWS,최상위 댓글,@snowwh2te,그냥 편견없이 노래 들어보세요 이렇게 좋아하게 될줄 나도 몰랐음...,3,2024-09-28T03:48:33Z,0,Ugxac4rN0uXXjNg6UG94AaABAg,OT6uElfCI7o,UCimstiAJNE1f5N7Nxi_HKmA,2024-09-28T03:48:33Z,,긍정
노래 잘하는 외계인? 음악방송 1위 하는 버추얼 아이돌 (2024.09.27/뉴스데스크/MBC),MBCNEWS,최상위 댓글,@Cute_dotori,처음 봤을땐 이렇게 빠져버릴줄 몰랐지….빠져드는건 정말 순식간 이더군요..,2,2024-09-27T13:15:25Z,0,UgzAvgyayrUad_Y7CNd4AaABAg,OT6uElfCI7o,UCXR6SsSv1dS-QrNA0bA5-9Q,2024-09-27T13:15:25Z,,중립
노래 잘하는 외계인? 음악방송 1위 하는 버추얼 아이돌 (2024.09.27/뉴스데스크/MBC),MBCNEWS,최상위 댓글,@설찡이,나는 노텔기우스 보고 바로 입덕함ㅋ 입덕부정? 이딴 거 있지도 않았다ㅋㅋㅋ,3,2024-09-27T15:25:03Z,0,UgxHodSgFWqYEDQFRcp4AaABAg,OT6uElfCI7o,UCLVrHI9rPICYxKLRlE0yKkQ,2024-09-27T15:25:03Z,,중립
노래 잘하는 외계인? 음악방송 1위 하는 버추얼 아이돌 (2024.09.27/뉴스데스크/MBC),MBCNEWS,최상위 댓글,@yumseo8144,데이식스 처럼 노래도 좋고 잘하는데 춤까지 잘추고 예능감도 좋고 안좋아할 이유가 없다,4,2024-09-27T17:30:06Z,0,UgxLYSvaff_N8omI7vp4AaABAg,OT6uElfCI7o,UCCGyAeB3dpOHVkSpFtIQa9w,2024-09-27T17:30:06Z,,중립
노래 잘하는 외계인? 음악방송 1위 하는 버추얼 아이돌 (2024.09.27/뉴스데스크/MBC),MBCNEWS,최상위 댓글,@vandaleye,"근데 나이비스는 완전 인공지능이고
버추얼아이돌은 껍데기만 그래픽",6,2024-09-27T14:12:09Z,0,Ugx33Mx0rBfBdn3jsDx4AaABAg,OT6uElfCI7o,UCyO6mvLYULSDkn4StyAMxpg,2024-09-27T14:12:09Z,,중립
노래 잘하는 외계인? 음악방송 1위 하는 버추얼 아이돌 (2024.09.27/뉴스데스크/MBC),MBCNEWS,최상위 댓글,@fromsarang,제가 가수...그것도 버추돌에 빠지게 될 줄은.. 사람 린생 한치 앞도 모릅니다🫨,2,2024-09-27T17:06:45Z,0,UgwspzDzezEHWUa-MOl4AaABAg,OT6uElfCI7o,UCkZXahhP00VQ1X37f65t23A,2024-09-27T17:06:45Z,,중립
노래 잘하는 외계인? 음악방송 1위 하는 버추얼 아이돌 (2024.09.27/뉴스데스크/MBC),MBCNEWS,최상위 댓글,@이런쌍쪼댔다,버추얼이라서 좋다하는것이 아닌 노래가 좋아서 듣다보니 플며들었습니다..;;,3,2024-10-24T16:42:55Z,0,UgyujILb4FftnevQq914AaABAg,OT6uElfCI7o,UCd90jMFsvDs4hwc5PG4t7nA,2024-10-24T16:42:55Z,,긍정
노래 잘하는 외계인? 음악방송 1위 하는 버추얼 아이돌 (2024.09.27/뉴스데스크/MBC),MBCNEWS,최상위 댓글,@user-jjang_s3,버추얼이라서 좋은게 아니라 좋아하고 보니 버추얼이었던거..,3,2024-09-28T02:26:53Z,0,UgzxBlPWCEyAZ9wIHSJ4AaABAg,OT6uElfCI7o,UCfW8mwg03uIMKHkfqa_5RYQ,2024-09-28T02:26:53Z,,긍정
노래 잘하는 외계인? 음악방송 1위 하는 버추얼 아이돌 (2024.09.27/뉴스데스크/MBC),MBCNEWS,최상위 댓글,@aaadrrwf,일단 노래가ㅡ너무 좋음,8,2024-09-28T07:46:09Z,0,UgwF8rtNk23zZm3dIVB4AaABAg,OT6uElfCI7o,UC9FcUJS6qgr4yh4wuSGqctg,2024-09-28T07:46:09Z,,중립
노래 잘하는 외계인? 음악방송 1위 하는 버추얼 아이돌 (2024.09.27/뉴스데스크/MBC),MBCNEWS,최상위 댓글,@PUZZLE_PLLI,플뿌의 진심이 내 마음을 움직였다구요😢,5,2024-09-27T13:09:31Z,0,UgxdrixATcymwOl55KB4AaABAg,OT6uElfCI7o,UCF1SHew_wVM4hOjCl6P-ETA,2024-09-27T13:09:31Z,,중립
노래 잘하는 외계인? 음악방송 1위 하는 버추얼 아이돌 (2024.09.27/뉴스데스크/MBC),MBCNEWS,최상위 댓글,@최-v5m,진심은 통하는 법이야 플레이브가 평생 노래할 수 있게 응원할게,4,2024-09-28T03:51:11Z,0,Ugyy12Ee8pquKWMAeB54AaABAg,OT6uElfCI7o,UC7abNy5bx5oMX1Mjb3UQPyQ,2024-09-28T03:51:11Z,,긍정
노래 잘하는 외계인? 음악방송 1위 하는 버추얼 아이돌 (2024.09.27/뉴스데스크/MBC),MBCNEWS,최상위 댓글,@tjsrud1243,버츄얼이라서가 아니라 노래가좋고 실력있는 아이돌 인간미넘치는 아이돌이 플레이브라서 좋아하는거임 💙💜💗❤️🖤사랑한다,5,2024-09-27T16:11:00Z,0,UgxruHhyyLF1yZ-DRMt4AaABAg,OT6uElfCI7o,UC11yrYLHtIUZXR477tIaI3w,2024-09-27T16:11:00Z,,긍정
노래 잘하는 외계인? 음악방송 1위 하는 버추얼 아이돌 (2024.09.27/뉴스데스크/MBC),MBCNEWS,최상위 댓글,@호백요하나,이건 버츄얼이라 좋아하는게 아님.. 실력이 좋고 좋아할만 하니까 좋아하는거지..,4,2024-10-05T09:39:08Z,0,UgxEVh5g6GJku-egmhx4AaABAg,OT6uElfCI7o,UCukGzQ_GT-nsawVuDAZ1mOw,2024-10-05T09:39:08Z,,긍정
노래 잘하는 외계인? 음악방송 1위 하는 버추얼 아이돌 (2024.09.27/뉴스데스크/MBC),MBCNEWS,최상위 댓글,@e_shinning,"이세돌 팬이라 플레이브 처음 나왔을 때 부터 관심있게 봤는데 잘 될 줄 알았음.
버추얼 아이돌은 케릭터도 케릭터인데 1순위는 노래가 그냥 좋은 정도가 아니라 압도적으로 좋아야 한다는 생각인데 플레이브 노래가 너무 좋더라.
그래서 잘 될 줄 알았지.
엄청 코어 팬은 아니지만 항상 응원함.",6,2024-09-28T01:33:46Z,0,UgzdjC2pDejjjjm0o2B4AaABAg,OT6uElfCI7o,UCFH0fYeDounanxsHRzX2vcA,2024-09-28T01:33:46Z,,긍정
노래 잘하는 외계인? 음악방송 1위 하는 버추얼 아이돌 (2024.09.27/뉴스데스크/MBC),MBCNEWS,최상위 댓글,@0IiIiI0,"이름이 뭐냐고 물어보게 돼 넌 결국엔 입덕😍
파란색💙, 노란색💛, 분홍색💗, 실버색🩶, 검은색🖤
궁금해서 못 참을 거야 분명🤭
버추얼 아이돌 우린 PLAVE🫶🫶🫶🫶🫶",27,2024-09-27T11:48:15Z,0,UgxeZNz-ojk1c0IAr7N4AaABAg,OT6uElfCI7o,UCE59vaHtUYny2ffGIudCZ3Q,2024-09-27T11:48:15Z,,중립
노래 잘하는 외계인? 음악방송 1위 하는 버추얼 아이돌 (2024.09.27/뉴스데스크/MBC),MBCNEWS,최상위 댓글,@hannoah-chh,한노아 입덕하고 플레이브 라방 풀로 보는데3개월 걸렸습니다 밤새도록 보고 덕질하는데 너무 힘들었어요 이제야 타임라임 따라 잡았네요,3,2024-09-28T12:10:42Z,0,Ugwy1e0NWzh5gC5mhjt4AaABAg,OT6uElfCI7o,UCyFI_N0wdc0wzVy80J54Jog,2024-09-28T12:11:30Z,,중립
노래 잘하는 외계인? 음악방송 1위 하는 버추얼 아이돌 (2024.09.27/뉴스데스크/MBC),MBCNEWS,최상위 댓글,@랜덤-f1x,진짜 자랑스럽다 우리 외계인드류ㅠㅠㅠ,2,2024-09-27T15:27:33Z,0,UgwSfVftbiuWv0qWoiR4AaABAg,OT6uElfCI7o,UCVg_00r01_9bKlpqYLFp6-Q,2024-09-27T15:27:33Z,,중립
노래 잘하는 외계인? 음악방송 1위 하는 버추얼 아이돌 (2024.09.27/뉴스데스크/MBC),MBCNEWS,최상위 댓글,@bookshelf0,얘네 노래가 좋은 게 한몫 함 노래 별로면 바로 거름,5,2024-10-03T10:03:21Z,0,Ugz76e_ytWtnMm_l8994AaABAg,OT6uElfCI7o,UCmSrwFT65Ub-0hRM3ZUSYaQ,2024-10-03T10:03:21Z,,부정
노래 잘하는 외계인? 음악방송 1위 하는 버추얼 아이돌 (2024.09.27/뉴스데스크/MBC),MBCNEWS,최상위 댓글,@miel_1205,오늘 촬영 왔다는게 벌써 올라오네 우와..,4,2024-09-27T12:55:14Z,0,UgzAZMvB9mwwpqEpkwl4AaABAg,OT6uElfCI7o,UCaMJ8KOTLRpbc6LD3nCmpQg,2024-09-27T12:55:14Z,,중립
노래 잘하는 외계인? 음악방송 1위 하는 버추얼 아이돌 (2024.09.27/뉴스데스크/MBC),MBCNEWS,최상위 댓글,@소진0114,"늙지 않고 구설에 오르지 않아 좋아하는 거 아니에요. 버추얼 방송을 많이 봤지만 처음 플레이브 봤을 때 다른 버추얼과 다른 외모에 보게 된 건 맞아요. 
하지만 실력과 진심이 없었으면 지금까지 안 봤을 거고 열심히 하는 모습, 팬 사랑에 열심히 응원해주는 거에요. 노래 들으면 좋다고 하시는 분들 많기 때문에 
버추얼이라는 장벽은 언젠가 허물어질 거라고 생각해요. 그러니 테라 정복 라쓰고💙💜💗❤🖤",7,2024-09-28T05:55:46Z,0,UgwogE8bTej7lnhQQEB4AaABAg,OT6uElfCI7o,UCnFX4lA_HSJJiZos1bgkQhQ,2024-09-28T05:55:46Z,,긍정
노래 잘하는 외계인? 음악방송 1위 하는 버추얼 아이돌 (2024.09.27/뉴스데스크/MBC),MBCNEWS,최상위 댓글,@다람찹쌀,캐릭터 땜에 아니라 그 실력에 빠져서 좋아하는 겁니다.,3,2024-09-29T14:59:50Z,0,UgywlSLV9lA4m0ZbmNp4AaABAg,OT6uElfCI7o,UCCcxSK0nYvammLziIzhFesw,2024-09-29T14:59:50Z,,긍정
노래 잘하는 외계인? 음악방송 1위 하는 버추얼 아이돌 (2024.09.27/뉴스데스크/MBC),MBCNEWS,최상위 댓글,@Iqi8ooi8,플레이브 노래는 뭔가 3세대 시절의 느낌이 남... 노래가 길고 한국어가사가 많아서 그런건지 ㅜㅜ 너무 좋음,4,2024-09-28T07:54:26Z,0,UgySfsYNGLr3Yx7Jpg14AaABAg,OT6uElfCI7o,UCsYNNPN9nH5YFo2HtFLBc-w,2024-09-28T07:54:26Z,,중립
노래 잘하는 외계인? 음악방송 1위 하는 버추얼 아이돌 (2024.09.27/뉴스데스크/MBC),MBCNEWS,최상위 댓글,@user-gm3yt5qy5g,플레이브? 그거 어떻게 하는건데. 어떻게 안좋아하는건데. 그저 사랑할 수 밖에 없는데?,3,2024-10-18T12:19:51Z,0,UgwwTeu81_N4GwiWn7l4AaABAg,OT6uElfCI7o,UCWlSalMZfPApGyEajQn9TYg,2024-10-18T12:19:51Z,,긍정
노래 잘하는 외계인? 음악방송 1위 하는 버추얼 아이돌 (2024.09.27/뉴스데스크/MBC),MBCNEWS,최상위 댓글,@DUE-wr7vd,테라 정복 차근차근 라쓰고 💙💜💗❤️🖤,9,2024-09-27T12:00:39Z,0,UgwYpAXWttpO6RFBWoV4AaABAg,OT6uElfCI7o,UCe3-Tu0ovVsNqHnzcrjJCGA,2024-09-27T12:00:39Z,,중립
노래 잘하는 외계인? 음악방송 1위 하는 버추얼 아이돌 (2024.09.27/뉴스데스크/MBC),MBCNEWS,최상위 댓글,@mixducklove,ㅠㅠㅠ 얼른 놀라운 현상이 아니라 당연한 일상이 되었으면 좋겠다.... 플레이브 뜬 지 이미 꽤 됐는데 다루는 뉴스들은 아직 대부분 비슷한 내용이라...,3,2024-09-27T15:26:15Z,0,Ugxz9n1eSg8tG_Y5kwV4AaABAg,OT6uElfCI7o,UCfOWqW2qOIQHieSpsWFUeGw,2024-09-27T15:26:15Z,,중립
노래 잘하는 외계인? 음악방송 1위 하는 버추얼 아이돌 (2024.09.27/뉴스데스크/MBC),MBCNEWS,최상위 댓글,@oyi8104,어제 이마트갔더니 플레이브 노래가 나왔어요. 플레이브 인기 많구나 싶었어요.,4,2024-09-27T21:56:48Z,0,UgyyEXw1LP2NlpbJmfN4AaABAg,OT6uElfCI7o,UCmAo-SPmQr0aEvv05-t70UA,2024-09-27T21:56:48Z,,중립
노래 잘하는 외계인? 음악방송 1위 하는 버추얼 아이돌 (2024.09.27/뉴스데스크/MBC),MBCNEWS,최상위 댓글,@방이방-u2v,다른걸다 떠나서 본업을 너무 잘하고 팬사랑 가득 해서 사랑안할수없습니다!,3,2024-09-27T22:12:29Z,0,UgysxHmhNnW-k-a6sl14AaABAg,OT6uElfCI7o,UCJMG0uO9eBSUyE_GVZjNjgQ,2024-09-27T22:12:29Z,,긍정
노래 잘하는 외계인? 음악방송 1위 하는 버추얼 아이돌 (2024.09.27/뉴스데스크/MBC),MBCNEWS,최상위 댓글,@jayjeeem,"한계를 뚫고 데뷔해서 한계를 모르고 나아가는 플레이브
너희가 가는 모든 길에 함께할게 사랑해!",3,2024-09-29T16:57:17Z,0,UgznAT0zz96KlG1F8654AaABAg,OT6uElfCI7o,UCHqTQKiOepjhGkJSrif3e6g,2024-09-29T16:57:17Z,,긍정
노래 잘하는 외계인? 음악방송 1위 하는 버추얼 아이돌 (2024.09.27/뉴스데스크/MBC),MBCNEWS,최상위 댓글,@플레이브사랑해_플리,"역시 플레이브.. 잘한다
뉴스까지 나오고 대단해.. 💙💜🩷❤️🖤",2,2024-09-28T02:56:12Z,0,UgzjJI1xHGEmraA5fMp4AaABAg,OT6uElfCI7o,UCWRmmK_3R_9L0-Zj2CRjuaQ,2024-09-28T02:56:12Z,,중립
노래 잘하는 외계인? 음악방송 1위 하는 버추얼 아이돌 (2024.09.27/뉴스데스크/MBC),MBCNEWS,최상위 댓글,@민-q8n,그냥 사람이라서 좋음 겉모습만 모델링이지 속은 똑같은 사람...,2,2024-10-18T05:18:30Z,0,UgyyDQSUQ0Kwo0xClBF4AaABAg,OT6uElfCI7o,UCmLQksZ7z2QHOT4ckUbZ84g,2024-10-18T05:18:30Z,,중립
노래 잘하는 외계인? 음악방송 1위 하는 버추얼 아이돌 (2024.09.27/뉴스데스크/MBC),MBCNEWS,최상위 댓글,@silver-island,"우리 애들이 뉴스에도 나오고 너무 좋다!
테라 정복 라쓰고 👍",4,2024-09-27T13:00:44Z,0,Ugyx9BPnxU2KXVWefwF4AaABAg,OT6uElfCI7o,UCm_vgWrEXD0uhzefOJeAjJA,2024-09-27T13:00:44Z,,중립
노래 잘하는 외계인? 음악방송 1위 하는 버추얼 아이돌 (2024.09.27/뉴스데스크/MBC),MBCNEWS,최상위 댓글,@user-xr2bf2oe6q,카페 촬영 하셨구나 대박! 진짜 버추얼이라 좋아하는게 아니라 플레이브라서 좋아합니다ㅎㅎ,3,2024-09-27T16:11:50Z,0,Ugw8pHRtBUgHLa5XCfJ4AaABAg,OT6uElfCI7o,UCV42w0dN4y0PyQXhfEWt9qg,2024-09-27T16:11:50Z,,긍정
노래 잘하는 외계인? 음악방송 1위 하는 버추얼 아이돌 (2024.09.27/뉴스데스크/MBC),MBCNEWS,최상위 댓글,@우주우주-c8f,"사랑을 한다는건 정말 즐겁고 아름다운일이라는걸 알려준 고마운 사람들이죠. 
오래오래 봐요.💙💜💗❤️🖤",3,2024-09-27T19:40:21Z,0,UgxqssmQ_HjBTWGI_yF4AaABAg,OT6uElfCI7o,UC2rsguheT6nZZtJNPDXSWWw,2024-09-27T19:40:21Z,,긍정
노래 잘하는 외계인? 음악방송 1위 하는 버추얼 아이돌 (2024.09.27/뉴스데스크/MBC),MBCNEWS,최상위 댓글,@gggggggggghhhh6,얘들아 사랑해,4,2024-09-27T12:59:16Z,0,UgyuMfdAViMpSgolPlp4AaABAg,OT6uElfCI7o,UCzmDvqlQCir55GkN-QTL_Ig,2024-09-27T12:59:16Z,,긍정
노래 잘하는 외계인? 음악방송 1위 하는 버추얼 아이돌 (2024.09.27/뉴스데스크/MBC),MBCNEWS,최상위 댓글,@와왕-w7i,이사람들 노래 한곡한곡이 진짜 보물임..,3,2024-09-27T13:50:29Z,0,Ugygp6yJ5-9ZByBA-W94AaABAg,OT6uElfCI7o,UCpryx4cdyRYm7Xhwe4PKtZg,2024-09-27T13:50:29Z,,중립
노래 잘하는 외계인? 음악방송 1위 하는 버추얼 아이돌 (2024.09.27/뉴스데스크/MBC),MBCNEWS,최상위 댓글,@짱두팜,각자의 위치에서 최선을 다하는 모습이 아름답습니다,3,2024-09-29T22:56:58Z,0,Ugy1vtJkXwwKhoZIy214AaABAg,OT6uElfCI7o,UC0kHw-VeL3KoM9XfqJgsAkw,2024-09-29T22:56:58Z,,중립
노래 잘하는 외계인? 음악방송 1위 하는 버추얼 아이돌 (2024.09.27/뉴스데스크/MBC),MBCNEWS,최상위 댓글,@플리-d7o,"오늘 바로 나올 줄은 몰랐네
플레이브 앞으로 계속 라쓰고!",19,2024-09-27T11:56:47Z,0,UgyEdf9pozoZDT_dHoJ4AaABAg,OT6uElfCI7o,UC2vJrmN8ZZvTREpW5tEmJdA,2024-09-27T11:56:47Z,,중립
노래 잘하는 외계인? 음악방송 1위 하는 버추얼 아이돌 (2024.09.27/뉴스데스크/MBC),MBCNEWS,최상위 댓글,@지나가는별,이번 노래로 입덕..❤,4,2024-09-27T13:20:51Z,0,UgwDMB55pMIxqFopufd4AaABAg,OT6uElfCI7o,UCrhuC0zbManefgqzGASXsYg,2024-09-27T13:20:51Z,,중립
노래 잘하는 외계인? 음악방송 1위 하는 버추얼 아이돌 (2024.09.27/뉴스데스크/MBC),MBCNEWS,최상위 댓글,@고양이귀여워-d3k,이게 뭐노;;로 시작했지만 플며들은 1인,4,2024-10-15T13:18:49Z,0,Ugx7sYIzUzjbI4AVHg94AaABAg,OT6uElfCI7o,UCoJOtDBuEFyBWI6ci_D1uPA,2024-10-15T13:18:49Z,,중립
노래 잘하는 외계인? 음악방송 1위 하는 버추얼 아이돌 (2024.09.27/뉴스데스크/MBC),MBCNEWS,최상위 댓글,@_bamhari_,실력있어서 좋아하게 됐음….5명다 실력좋고 웃기고 귀여움 귀엽기 시작하면 답도 없다던대…하😂,2,2024-10-10T09:10:19Z,0,UgyXVk3dL7sVjOHgMzd4AaABAg,OT6uElfCI7o,UCaqb0gwQ6RZmcIfFgFQwubg,2024-10-10T09:10:19Z,,긍정
노래 잘하는 외계인? 음악방송 1위 하는 버추얼 아이돌 (2024.09.27/뉴스데스크/MBC),MBCNEWS,최상위 댓글,@PLAVE486,노래가 너무 좋음 본업을 너무 잘해..... 자체제작돌 맛있다..!,2,2024-09-27T12:41:43Z,0,UgzOw7Zpp6PeTJI42tx4AaABAg,OT6uElfCI7o,UCjHA1GgWHo1l4qR24Q_rvcQ,2024-09-27T12:41:43Z,,중립
노래 잘하는 외계인? 음악방송 1위 하는 버추얼 아이돌 (2024.09.27/뉴스데스크/MBC),MBCNEWS,최상위 댓글,@데덴-j3w,음악에 진심인 모습에 응원하기 시작했어요,3,2024-09-27T15:39:31Z,0,UgwPsaRVBA64cIF29OJ4AaABAg,OT6uElfCI7o,UC1u8QwWPLSSR4pjl24u28vA,2024-09-27T15:39:31Z,,긍정
노래 잘하는 외계인? 음악방송 1위 하는 버추얼 아이돌 (2024.09.27/뉴스데스크/MBC),MBCNEWS,최상위 댓글,@Jarrett1216,"실제 사람 아이돌은 얼굴 구별이 힘들어서 아이돌 입덕을 포기했었는데, 플레이브는 다들 개성적이고 알아보기 쉬워서 제 첫 아이돌이 되었습니다",3,2024-09-28T04:54:43Z,0,UgwygB2kT5X1rl4f43h4AaABAg,OT6uElfCI7o,UC0Z477BCfMegWyiK17zIe4w,2024-09-28T04:54:43Z,,중립
노래 잘하는 외계인? 음악방송 1위 하는 버추얼 아이돌 (2024.09.27/뉴스데스크/MBC),MBCNEWS,최상위 댓글,@king_closedoor,플레이브 없이 심장이 안뛰어요,5,2024-09-27T12:34:10Z,0,UgwqZItBFUvqgMT0ZRx4AaABAg,OT6uElfCI7o,UCWb5Uiz3QLyhoZhUpynWKnw,2024-09-27T12:34:10Z,,중립
노래 잘하는 외계인? 음악방송 1위 하는 버추얼 아이돌 (2024.09.27/뉴스데스크/MBC),MBCNEWS,최상위 댓글,@봉구빰,그냥 플레이브라서 좋아하는 거..ㅜㅜ,3,2024-09-28T06:24:12Z,0,UgyIy93RhbjkteVThY94AaABAg,OT6uElfCI7o,UCWoYxYQxEequgGI_VBNESgw,2024-09-28T06:24:12Z,,긍정
노래 잘하는 외계인? 음악방송 1위 하는 버추얼 아이돌 (2024.09.27/뉴스데스크/MBC),MBCNEWS,최상위 댓글,@Onyooooou,"전곡 작곡,작사,안무 자체제작돌입니다. 
낯설다고 욕하기 전에 노래 몇곡 들어보면 사람들이 왜 열광하는지 이해되실듯. 
일주일 뒤에 콘서트 해요. 혹시나 입덕부정기 겪고 있는 분들 온콘 막차 꼭 탑승하시길 :D",5,2024-09-28T04:04:51Z,0,UgwBYwVt1gW1E8N0jU94AaABAg,OT6uElfCI7o,UCYXDumzKrvO1y8qac0lU2GQ,2024-09-28T04:04:51Z,,중립
노래 잘하는 외계인? 음악방송 1위 하는 버추얼 아이돌 (2024.09.27/뉴스데스크/MBC),MBCNEWS,최상위 댓글,@누나리-w2e,인터뷰 하신 플리님들 넘나 저랑 같은 마음 같은 생각 😊 평플 라쓰고 🎉,3,2024-09-27T14:24:54Z,0,Ugz2d2CWzCy-LdKLCJh4AaABAg,OT6uElfCI7o,UCmwpY12X8FB05G58FPRKoSA,2024-09-27T14:24:54Z,,중립
노래 잘하는 외계인? 음악방송 1위 하는 버추얼 아이돌 (2024.09.27/뉴스데스크/MBC),MBCNEWS,최상위 댓글,@wtfyoutube,노래 진짜 좋음ㅋㅋㅋ,3,2024-09-29T19:14:12Z,0,Ugy73dUChhkeu8baxhV4AaABAg,OT6uElfCI7o,UCQcZP7URAXOzICcRk0K_m_Q,2024-09-29T19:14:12Z,,중립
노래 잘하는 외계인? 음악방송 1위 하는 버추얼 아이돌 (2024.09.27/뉴스데스크/MBC),MBCNEWS,최상위 댓글,@킴-123,테라정복 라쓰고💙💜💗❤️🖤,9,2024-09-27T12:01:41Z,0,Ugxv4hw5WkubKAP_OTR4AaABAg,OT6uElfCI7o,UCyzH6jfvuBL_zDSJq-NI9rA,2024-09-27T12:01:41Z,,중립
노래 잘하는 외계인? 음악방송 1위 하는 버추얼 아이돌 (2024.09.27/뉴스데스크/MBC),MBCNEWS,최상위 댓글,@Choose_DanA,웃으면서 노래 듣다보니 플레이브,2,2024-09-27T14:50:08Z,0,UgzXI36aa_oc5sCkS894AaABAg,OT6uElfCI7o,UC15PujDY_tcj8ZCNieZIweg,2024-09-27T14:50:08Z,,중립
노래 잘하는 외계인? 음악방송 1위 하는 버추얼 아이돌 (2024.09.27/뉴스데스크/MBC),MBCNEWS,최상위 댓글,@Sook-q5b,"안녕하세요 결국에는 입덕한 한사람중 하나입니다만 ㅋㅋㅋㅋㅋㅋㅋㅋㅋ
그냥 플레이브는 머여서 좋아요 이것보다 그냥 플레이브는 사랑인거같아요
누구보다 마음으로 위로도받고 웃기기도하고 모르겠다 사랑해 플레이브💙💜💗❤️🖤",5,2024-10-07T10:18:40Z,0,UgzHUud1WkqmsWHpQEt4AaABAg,OT6uElfCI7o,UCokWRjx3HmcWJswzbwBbZaA,2024-10-07T10:18:40Z,,긍정
노래 잘하는 외계인? 음악방송 1위 하는 버추얼 아이돌 (2024.09.27/뉴스데스크/MBC),MBCNEWS,최상위 댓글,@OKVELYLOVE,노래가 넘  좋더라구요,4,2024-09-28T00:55:57Z,0,UgylY3CsNCqjQ8TFRvp4AaABAg,OT6uElfCI7o,UCrZzOlmZmgFEflMnPJMprMw,2024-09-28T00:55:57Z,,중립
노래 잘하는 외계인? 음악방송 1위 하는 버추얼 아이돌 (2024.09.27/뉴스데스크/MBC),MBCNEWS,최상위 댓글,@poa.,가수는 노래 좋고 실력 좋으면 끝.  애초에 얼굴로 노래하는 게 아니라.. 외모는 노상관,3,2024-10-03T11:50:12Z,0,UgyWHDlP6VsQgLnnikh4AaABAg,OT6uElfCI7o,UCJWW6iCL8dMbX70Q_G_m1Iw,2024-10-03T11:50:12Z,,중립
노래 잘하는 외계인? 음악방송 1위 하는 버추얼 아이돌 (2024.09.27/뉴스데스크/MBC),MBCNEWS,최상위 댓글,@달-c2s,노래가 진짜 좋음...,3,2024-10-16T10:06:00Z,0,UgxsNwlt8OIzGKdN6_l4AaABAg,OT6uElfCI7o,UCs-e-VUhe_oa789Te4crhdg,2024-10-16T10:06:00Z,,중립
노래 잘하는 외계인? 음악방송 1위 하는 버추얼 아이돌 (2024.09.27/뉴스데스크/MBC),MBCNEWS,최상위 댓글,@ummmo,....취향 존중,4,2024-10-03T05:14:08Z,0,UgwbfPAbi2wMvDp3JYR4AaABAg,OT6uElfCI7o,UCQ3NzfUhvrALwEJNFCiYqxw,2024-10-03T05:14:08Z,,중립
노래 잘하는 외계인? 음악방송 1위 하는 버추얼 아이돌 (2024.09.27/뉴스데스크/MBC),MBCNEWS,최상위 댓글,@Yo-Taiji,노래 들어보겠다~!!!,5,2024-09-28T14:22:55Z,0,UgyAEOGVtIXW_sGReAh4AaABAg,OT6uElfCI7o,UCE1dNfge0G1Uoz9ticn1Ipg,2024-09-28T14:22:55Z,,중립
노래 잘하는 외계인? 음악방송 1위 하는 버추얼 아이돌 (2024.09.27/뉴스데스크/MBC),MBCNEWS,최상위 댓글,@Choi-San_0710,다음주 콘서트 한닥오요!!!!!!!!!! 악!!!!!!!!!!!!!!!!❤❤❤❤❤❤❤,3,2024-09-27T21:43:58Z,0,UgwW7LnZ9JM8k3-dUBF4AaABAg,OT6uElfCI7o,UC8VVuE9I7APzn0_yZ07NOIg,2024-09-27T21:43:58Z,,중립
노래 잘하는 외계인? 음악방송 1위 하는 버추얼 아이돌 (2024.09.27/뉴스데스크/MBC),MBCNEWS,최상위 댓글,@Jay_Plave,PLAVE forever,4,2024-09-27T15:46:22Z,0,UgzMTQUxy6f87i03AzB4AaABAg,OT6uElfCI7o,UCG-ryuu_9g1sQqXOra1sBMA,2024-09-27T15:46:22Z,,중립
노래 잘하는 외계인? 음악방송 1위 하는 버추얼 아이돌 (2024.09.27/뉴스데스크/MBC),MBCNEWS,최상위 댓글,@jhk-x4u,얼굴보려고 음악듣는게 아니고 음악은 들으려고 있는거니 노래만 잘부르면 되는거죠,3,2024-09-29T09:06:35Z,0,Ugy5qEDqA2wV2lf0boh4AaABAg,OT6uElfCI7o,UCxcQEy13XMkopnYxjEqCZFA,2024-09-29T09:06:35Z,,중립
노래 잘하는 외계인? 음악방송 1위 하는 버추얼 아이돌 (2024.09.27/뉴스데스크/MBC),MBCNEWS,최상위 댓글,@rangdoung,지구 정복 당할 준비 다 됐어요💙💜🩷❤️🖤,2,2024-09-27T13:34:53Z,0,UgzAVMvsHmFYLdrUne54AaABAg,OT6uElfCI7o,UC07cRtsvprc_1I6UKsgszgg,2024-09-27T13:34:53Z,,중립
노래 잘하는 외계인? 음악방송 1위 하는 버추얼 아이돌 (2024.09.27/뉴스데스크/MBC),MBCNEWS,최상위 댓글,@믱맹,나도 이렇게 빠질 줄 몰랐는데.. 좋아하고 보니 버추얼이었습니다💙💜💗❤️🖤,2,2024-09-27T15:28:27Z,0,Ugwi_DPPHOJUj5qwv154AaABAg,OT6uElfCI7o,UCdelZbRGbw4TfMgoyehv0GA,2024-09-27T15:28:27Z,,긍정
노래 잘하는 외계인? 음악방송 1위 하는 버추얼 아이돌 (2024.09.27/뉴스데스크/MBC),MBCNEWS,최상위 댓글,@mulmanD,"와....카페 오늘 오픈했는데....지짜 빠르다...
저는 예약 개가티 망해서 담달 노려야해서...이렇게라도 보여주셔서 감사합니다ㅠㅠㅋ
우리 왹져들 사랑흔듯💙💜💓❤️🖤",4,2024-09-27T12:58:52Z,0,UgzxWjQ6jUlJ9dvLjoB4AaABAg,OT6uElfCI7o,UCnbdMf1uz9Fc_7yZKpyBSqw,2024-09-27T12:59:34Z,,긍정
노래 잘하는 외계인? 음악방송 1위 하는 버추얼 아이돌 (2024.09.27/뉴스데스크/MBC),MBCNEWS,최상위 댓글,@planghaeS2,너무 자랑스러워요ㅠㅠㅠ 이대로 테라 정복 라쓰고💙💜💗❤️🖤,2,2024-09-27T13:34:46Z,0,UgzjFtbkf99MxOnQnvh4AaABAg,OT6uElfCI7o,UCB1C18kbM4m7n92tCKTnE1A,2024-09-27T13:34:46Z,,중립
노래 잘하는 외계인? 음악방송 1위 하는 버추얼 아이돌 (2024.09.27/뉴스데스크/MBC),MBCNEWS,최상위 댓글,@moo__nstone,오왕 노래 좋다~~했는데 알고보니 버츄얼..하하,3,2024-09-27T14:29:52Z,0,Ugz0kj3DDTzWmbXUmGd4AaABAg,OT6uElfCI7o,UCBsviC4K8czr-Da0A3nrfuw,2024-09-27T14:29:57Z,,중립
노래 잘하는 외계인? 음악방송 1위 하는 버추얼 아이돌 (2024.09.27/뉴스데스크/MBC),MBCNEWS,최상위 댓글,@콕콕찡,버추얼이라서 오히려 처음엔 관심 없다가 노래가 좋아서 계속 듣다보니 플리가 되었음ㅎㅎ 플레이브 자체가 좋아~~멤버들이 만든 노래도 좋고 안무도 멋있고!!!😀,2,2024-09-27T13:21:53Z,0,UgyVw6iVW-Kf_C18nU94AaABAg,OT6uElfCI7o,UCn16zp2pRsn7GggVgJ_1ujQ,2024-09-27T13:23:50Z,,긍정
노래 잘하는 외계인? 음악방송 1위 하는 버추얼 아이돌 (2024.09.27/뉴스데스크/MBC),MBCNEWS,최상위 댓글,@listeningalone,왁ㅋㅋㅋ오늘 오픈한 카페를 촬영해서 이렇게 바로 올리다니 기자님도 플리가 돼,3,2024-09-27T13:29:37Z,0,Ugz-dHPpHik-rGGdKe94AaABAg,OT6uElfCI7o,UCBaihRqwueoTh6djvmvXRuw,2024-09-27T13:29:37Z,,중립
노래 잘하는 외계인? 음악방송 1위 하는 버추얼 아이돌 (2024.09.27/뉴스데스크/MBC),MBCNEWS,최상위 댓글,@ghghqkqkr,노래 우연히 듣고 오 노래좋은데? 하고 보니 플레이브라는 가수..그냥 요즘 아이돌인가봐~하고 노래만 플리넣고 듣다가 알고리즘에 우연히 오류영상 보고 '뭐지?' 하고 클릭했는데 엇 플레이브??? 근데 버츄얼이라니? 신선해!짜릿해!  노래 미쳤는데!! 근데 왜이렇게 웃겨하고 입덕ㅋㅋ,4,2024-09-27T13:29:34Z,0,Ugz53JXyK3N6sejFxb14AaABAg,OT6uElfCI7o,UC5JolreVpzZW3udGmC85vCw,2024-09-27T13:29:34Z,,긍정
노래 잘하는 외계인? 음악방송 1위 하는 버추얼 아이돌 (2024.09.27/뉴스데스크/MBC),MBCNEWS,최상위 댓글,@Valhalla_Keyboard,"진짜 플레이브 존경합니다 버추얼의 이미지를 대중적으로 좋게 만들어주세요 응원합니다
킹아",2,2024-10-05T06:02:35Z,0,Ugzbw2nn1zwNEdMslxF4AaABAg,OT6uElfCI7o,UCBS-2JMtwi4QkISYyZFBwUw,2024-10-05T06:02:35Z,,긍정
노래 잘하는 외계인? 음악방송 1위 하는 버추얼 아이돌 (2024.09.27/뉴스데스크/MBC),MBCNEWS,최상위 댓글,@몰라모른다고,그래도 주류가 되진 못할 듯. 차트 줄 세우니 욕 뒤지게 먹던데 뭔 씹덕이냐고,8,2024-10-03T03:41:52Z,0,UgzQMXuF3idrOKvIJlJ4AaABAg,OT6uElfCI7o,UCGgYbwOM-cJbAIuEgi12OCg,2024-10-03T03:41:52Z,,중립
노래 잘하는 외계인? 음악방송 1위 하는 버추얼 아이돌 (2024.09.27/뉴스데스크/MBC),MBCNEWS,최상위 댓글,@INCHEONBUS-NO.1,플레이브 형들은   진짜 좋음,3,2024-10-03T08:48:22Z,0,UgxI0D2QlTB8MfK05Y94AaABAg,OT6uElfCI7o,UCOG8uHQ_f-KbM5qat7dQMrg,2024-10-03T08:48:22Z,,중립
노래 잘하는 외계인? 음악방송 1위 하는 버추얼 아이돌 (2024.09.27/뉴스데스크/MBC),MBCNEWS,최상위 댓글,@Imsofine13,프레이브 파이팅💙💜🩷❤️🖤,2,2024-09-27T13:30:25Z,0,UgwtLTpqiGJ0B6tL4RJ4AaABAg,OT6uElfCI7o,UCaeejRwQH_eb9JnmVEgoHVA,2024-09-27T13:30:25Z,,중립
노래 잘하는 외계인? 음악방송 1위 하는 버추얼 아이돌 (2024.09.27/뉴스데스크/MBC),MBCNEWS,최상위 댓글,@wmwoo12,걍 노래가 좋아서 좋아하는건데ㅎㅎㅎ말고 더필요한가,3,2024-09-28T13:13:43Z,0,UgwcS7whLtVajnUWuCF4AaABAg,OT6uElfCI7o,UC-bdWm2GSvW2kfjrUdbA8iw,2024-09-28T13:13:43Z,,긍정
노래 잘하는 외계인? 음악방송 1위 하는 버추얼 아이돌 (2024.09.27/뉴스데스크/MBC),MBCNEWS,최상위 댓글,@허공도인,버츄얼 아이돌은 POP/STARS - K/DA가 끝판왕이지 ㅋㅋ..,2,2024-10-02T11:43:11Z,0,UgziFuMtGGAPbqvMhNF4AaABAg,OT6uElfCI7o,UCx31Dksfbpc6ngpOu6pMZzA,2024-10-02T11:43:11Z,,중립
노래 잘하는 외계인? 음악방송 1위 하는 버추얼 아이돌 (2024.09.27/뉴스데스크/MBC),MBCNEWS,최상위 댓글,@별하-o1x,"버추얼은 오히려 입덕 장벽이었죠...그래서 전 입덕 부정기가 길었습니다 이게 뭐야..?싶었죠
근데 노래 잘만들고 안무 잘만들고 음악이 좋으니 결국엔 입덕하게되네요
앞으로의 플레이브 발걸음을 응원할게요!!💙💜💗❤🖤",3,2024-09-27T14:29:44Z,0,UgznK3dNTrj8fkWNlPB4AaABAg,OT6uElfCI7o,UCS6H91683cFImJ27yDzQlNQ,2024-09-28T13:08:47Z,,긍정
노래 잘하는 외계인? 음악방송 1위 하는 버추얼 아이돌 (2024.09.27/뉴스데스크/MBC),MBCNEWS,최상위 댓글,@gamja_zip,오늘 오픈한 카페를 벌써 갔다구..? 기자님 혹시 플리..?ㅎㅎ,5,2024-09-27T12:37:05Z,0,Ugw-QGSpODISDe6pOft4AaABAg,OT6uElfCI7o,UC5cIrU3cLrJjJg8WZHGjDMQ,2024-09-27T12:37:05Z,,중립
노래 잘하는 외계인? 음악방송 1위 하는 버추얼 아이돌 (2024.09.27/뉴스데스크/MBC),MBCNEWS,최상위 댓글,@km0money,플레이브는 그저 똑같은 가수이고 아이돌의 본업을 잘하고 팬들을 많이 아끼고 사랑해 줍니다👍,2,2024-09-27T13:50:12Z,0,UgxafxcvOo4FeXBq0UB4AaABAg,OT6uElfCI7o,UCqVKTkKB7zXlSQfyJ3M-iqw,2024-09-27T13:50:12Z,,긍정
노래 잘하는 외계인? 음악방송 1위 하는 버추얼 아이돌 (2024.09.27/뉴스데스크/MBC),MBCNEWS,최상위 댓글,@SIROKAMI_HAJIN,나도 이렇게 빠져들 줄은 몰랐어….💙💜💗❤️🖤,2,2024-09-28T04:28:05Z,0,Ugyde39RMU0Xl2rvpQB4AaABAg,OT6uElfCI7o,UCIRGfUa1XMRMr5AeVZOsLKg,2024-09-28T04:28:05Z,,중립
노래 잘하는 외계인? 음악방송 1위 하는 버추얼 아이돌 (2024.09.27/뉴스데스크/MBC),MBCNEWS,최상위 댓글,@user-hz2de6zg4s,플레이브 사랑해...,3,2024-09-28T10:14:17Z,0,UgyNwNW8pAQ5XzlWKZl4AaABAg,OT6uElfCI7o,UCYX9DXaTtQ8Q-9TKmgfK3LA,2024-09-28T10:14:17Z,,긍정
노래 잘하는 외계인? 음악방송 1위 하는 버추얼 아이돌 (2024.09.27/뉴스데스크/MBC),MBCNEWS,최상위 댓글,@플레이브의뮤즈플리,여기 댓글 너무 따듯해서 조타,2,2024-10-10T10:13:18Z,0,UgxEevt7aEl3uzblniR4AaABAg,OT6uElfCI7o,UCJZ_end5unPq-hAvZgLP8uA,2024-10-10T10:13:18Z,,중립
노래 잘하는 외계인? 음악방송 1위 하는 버추얼 아이돌 (2024.09.27/뉴스데스크/MBC),MBCNEWS,최상위 댓글,@주왕색하늘,노래가 좋아서 입덕함. 버츄얼이라서 입덕부정기 거의 10개월 걸림…,1,2024-09-28T02:27:48Z,0,Ugz7M0gNVcAhbjldfFB4AaABAg,OT6uElfCI7o,UCzhPiwJetZJuqMUgt0dNEgw,2024-09-28T02:27:48Z,,긍정
노래 잘하는 외계인? 음악방송 1위 하는 버추얼 아이돌 (2024.09.27/뉴스데스크/MBC),MBCNEWS,최상위 댓글,@밤비냐-t7t,플레이브에 빠져버렸어 !!!!!!!!!!!!!,2,2024-09-27T16:13:45Z,0,UgyCxge-Q1kO5zOCL_14AaABAg,OT6uElfCI7o,UC4qPDh8jF_qJH3i89rpX2QA,2024-09-27T16:13:45Z,,중립
노래 잘하는 외계인? 음악방송 1위 하는 버추얼 아이돌 (2024.09.27/뉴스데스크/MBC),MBCNEWS,최상위 댓글,@호랑-h7z,플레이브 지짜 너무 좋아해.......💙💜💗❤️🖤✨️,2,2024-09-27T15:08:26Z,0,UgxPv4I4--ez7atFauB4AaABAg,OT6uElfCI7o,UCVK_7HEz4xb0287ZKr2BkjA,2024-09-27T15:08:26Z,,긍정
노래 잘하는 외계인? 음악방송 1위 하는 버추얼 아이돌 (2024.09.27/뉴스데스크/MBC),MBCNEWS,최상위 댓글,@kerrgns5656,I watched the whole news without understanding anything 😅 anyway let's love Plave ❤,4,2024-09-27T14:21:53Z,0,Ugw8P7WN3LGAqWSkKY54AaABAg,OT6uElfCI7o,UCWkaPD9jjIBMY_SMPJZ8Xtg,2024-09-27T14:21:53Z,,긍정
노래 잘하는 외계인? 음악방송 1위 하는 버추얼 아이돌 (2024.09.27/뉴스데스크/MBC),MBCNEWS,최상위 댓글,@rozedduck,"아 카페 가고시퍼어ㅠㅠㅠㅠ
(지방러)",3,2024-09-27T12:56:36Z,0,UgwejQBMNl_jZyzI47N4AaABAg,OT6uElfCI7o,UCaMb03qDlkYlJhnM-t8zS1Q,2024-09-27T12:56:36Z,,중립
노래 잘하는 외계인? 음악방송 1위 하는 버추얼 아이돌 (2024.09.27/뉴스데스크/MBC),MBCNEWS,최상위 댓글,@PLLI_J_NICE,지금껏 그래왔듯 우리들의 사랑이 증명해 냈고 증명해 낼 것들에 감사하면서 앞으로도 더 열심히 사랑할게 언제나 자랑스러운 우리 플레이브 항상 응원하고 사랑해 평플💙💜💗❤🖤,2,2024-09-27T22:39:02Z,0,Ugxged5iR7febG3u25F4AaABAg,OT6uElfCI7o,UCEBNbFEg7AZtyIwMcpiJVpw,2024-09-27T22:39:02Z,,긍정
노래 잘하는 외계인? 음악방송 1위 하는 버추얼 아이돌 (2024.09.27/뉴스데스크/MBC),MBCNEWS,최상위 댓글,@_taetae_v_7,멤버 다섯명 모두가 뛰어난 실력을 가지고있기 때문에 뭘 해도 성공했을 그룹임,2,2024-10-14T00:11:40Z,0,UgwrQGe3A258j2RpYgV4AaABAg,OT6uElfCI7o,UCs4wME7AS8J2p8wN6exr0oA,2024-10-14T00:11:40Z,,중립
노래 잘하는 외계인? 음악방송 1위 하는 버추얼 아이돌 (2024.09.27/뉴스데스크/MBC),MBCNEWS,최상위 댓글,@장성호-x7t,"누군가를 버스에서, 지하철에서, 거리에서 한순간 마주친 것만으로도 사랑하게 됐다는 꿈같은 이야기는 믿어주면서 브라운관이나 스크린에서 한번 본 것만으로도 사랑에 빠졌다는 얘기는 비웃다니 말이 안 되죠. 연예인을 좋아하는 것도 사랑이에요. 사랑은 평등 한 겁니다.
-타블로-

제가 참 좋아하는 말이에요 형태는 중요하지 않아요 그 안에 있는 진심에서 사랑을 느껴요",9,2024-09-27T19:33:39Z,1,UgyGYA_-XeLOyC7IQeN4AaABAg,OT6uElfCI7o,UCliDMSlW7AENfW5s78UgsVA,2024-09-27T19:33:39Z,,긍정
노래 잘하는 외계인? 음악방송 1위 하는 버추얼 아이돌 (2024.09.27/뉴스데스크/MBC),MBCNEWS,대댓글,@김동동-u3x,와우 ....이거다!!!,0,2024-09-28T02:22:33Z,0,UgyGYA_-XeLOyC7IQeN4AaABAg.A8uBIClRabdA8uv53n-aqz,OT6uElfCI7o,UCr6jDekYu_EjO6CCsAN2hWA,2024-09-28T02:22:33Z,UgyGYA_-XeLOyC7IQeN4AaABAg,중립
노래 잘하는 외계인? 음악방송 1위 하는 버추얼 아이돌 (2024.09.27/뉴스데스크/MBC),MBCNEWS,최상위 댓글,@냥냥냥이-p7q,"플뿌 작곡즈 노래에 댄라즈춤에
 머하나빠지질 않죠~!! 빠지면 못나옵니다 😆 그게 바로 저예용 😍💙💜💗❤🖤",3,2024-09-27T14:18:17Z,0,UgxY6lRROSFcde4oOsp4AaABAg,OT6uElfCI7o,UC6KLfFzYmznJPB8KrBo6liw,2024-09-27T14:20:14Z,,중립
노래 잘하는 외계인? 음악방송 1위 하는 버추얼 아이돌 (2024.09.27/뉴스데스크/MBC),MBCNEWS,최상위 댓글,@BroccoliKim,"버추얼 캐릭터 이런 게 중요한 게 아니라 곡이 정말 좋고 노래를 진짜 잘하더라고요. 그냥 라디오처럼 노래만 들어도 목소리도 좋고 노래를 잘 불러서 빠져듦… 캐릭터는 그 후에 보이는 것.
캐릭터가 아니라 순수하게 노래만으로 승부하는 진짜 가수라고 보는 게 맞아요.",1,2024-10-02T12:21:15Z,0,UgzWFlapz_csvG4mOf14AaABAg,OT6uElfCI7o,UCq7U6fGNn75llXWlqSOQlaA,2024-10-02T12:21:42Z,,중립
노래 잘하는 외계인? 음악방송 1위 하는 버추얼 아이돌 (2024.09.27/뉴스데스크/MBC),MBCNEWS,최상위 댓글,@handa4429,가상?세계라니 전 그런거 모릅니다. 실존을해!!!,2,2024-09-27T14:48:48Z,0,UgzrYu52LEECs35CcOB4AaABAg,OT6uElfCI7o,UCiP_PRGU0pbjmOvpq5MU1mA,2024-09-27T14:48:48Z,,중립
노래 잘하는 외계인? 음악방송 1위 하는 버추얼 아이돌 (2024.09.27/뉴스데스크/MBC),MBCNEWS,최상위 댓글,@알콕,"나 아이돌 줬도 모르는데 플레이브 노래는 잘 하더라,,,근데 콘서트 갈거면 걍 컴퓨터로 보면 되는 거 아니냐?;;;",4,2024-10-03T10:20:47Z,0,UgzKKLgeBf-g9JNI7VV4AaABAg,OT6uElfCI7o,UCdUURZen-X7yz_DJbNQx1lg,2024-10-03T10:20:47Z,,중립
노래 잘하는 외계인? 음악방송 1위 하는 버추얼 아이돌 (2024.09.27/뉴스데스크/MBC),MBCNEWS,최상위 댓글,@loveN-210,플레이브 사랑해💙💜💗❤️🖤,6,2024-09-27T12:33:54Z,0,UgyTGzejX8jmKoJCWGR4AaABAg,OT6uElfCI7o,UCB84sC3-Rif6Bw-lZYANPjQ,2024-09-27T12:33:54Z,,긍정
노래 잘하는 외계인? 음악방송 1위 하는 버추얼 아이돌 (2024.09.27/뉴스데스크/MBC),MBCNEWS,최상위 댓글,@als217785,mbc 뉴스에서 작곡즈 쉽지않네 ㅠ_ㅠ 낙서를 보게될줄이야..... 귀여움 이제는 뉴스데스크로 확대..,2,2024-09-28T15:03:08Z,0,UgyylPJYbmBBhgRuHsd4AaABAg,OT6uElfCI7o,UCjOLzTctrMCmOor7bxuAW-g,2024-09-28T15:03:08Z,,중립
노래 잘하는 외계인? 음악방송 1위 하는 버추얼 아이돌 (2024.09.27/뉴스데스크/MBC),MBCNEWS,최상위 댓글,@pyapya_purple,"진짜 쇼츠 댓글 10개있을 때부터 봤음... 솔직히 나도 저런거에 익숙한 편인데도 버츄얼 아이돌이라고 하니까 어색했는데 기다릴게 노래 듣고 인식이 바뀌었음 
노래가 좋았고 기술도 신기했고 노력하는 게 보여서... 그냥 노래 좋은게 컸었음",1,2024-10-01T13:47:54Z,0,UgyeYrq7iFj6r4uDc754AaABAg,OT6uElfCI7o,UCDtDCHD-xjKbGsRJmaEt0eQ,2024-10-01T13:47:54Z,,중립
노래 잘하는 외계인? 음악방송 1위 하는 버추얼 아이돌 (2024.09.27/뉴스데스크/MBC),MBCNEWS,최상위 댓글,@봉봉-n6y9k,우리와기들 머선일이얌 🥹💙💜💗❤️🖤,1,2024-09-27T12:47:57Z,0,UgxUGATwpmz984clXvN4AaABAg,OT6uElfCI7o,UCPCSeId9FJgpmQmt76Neq8g,2024-09-27T12:47:57Z,,중립
노래 잘하는 외계인? 음악방송 1위 하는 버추얼 아이돌 (2024.09.27/뉴스데스크/MBC),MBCNEWS,최상위 댓글,@rumada-pv9fy,플레이브 많은 관심과 사랑 부탁드려요☺️,2,2024-09-27T20:23:45Z,0,Ugxq3eycfNqxrD9o-EJ4AaABAg,OT6uElfCI7o,UChErWIu8EVnnocEPt5fVYJA,2024-09-27T20:23:45Z,,긍정
노래 잘하는 외계인? 음악방송 1위 하는 버추얼 아이돌 (2024.09.27/뉴스데스크/MBC),MBCNEWS,최상위 댓글,@나니누-z9b,헤헤헤 플레이브 뉴스 뜰 때마다 너무 죠아아💙💜🩷❤🖤,2,2024-09-28T06:17:15Z,0,UgybZR7QRtkG-ugrv_V4AaABAg,OT6uElfCI7o,UC_iEJ8aTAD1IAeTDgt-EkRw,2024-09-28T06:17:15Z,,중립
노래 잘하는 외계인? 음악방송 1위 하는 버추얼 아이돌 (2024.09.27/뉴스데스크/MBC),MBCNEWS,최상위 댓글,@asu4774,우리 외계인들 콘서트 준비 파이팅~~~~,2,2024-09-30T11:53:39Z,0,UgzKHL-2a2WuSOobsPF4AaABAg,OT6uElfCI7o,UC1CoE97r0lHy8Ljq8LuErjA,2024-09-30T11:53:39Z,,중립
노래 잘하는 외계인? 음악방송 1위 하는 버추얼 아이돌 (2024.09.27/뉴스데스크/MBC),MBCNEWS,최상위 댓글,@smzay_n,플레이브 화이팅!!!!!💙💜❤️🩷🖤 평플하자💕,3,2024-09-27T12:58:59Z,0,Ugy-BuSYbWfNSuYUcUh4AaABAg,OT6uElfCI7o,UCHR7XJwNHzD_4YUaRqtX_Aw,2024-09-27T12:58:59Z,,중립
노래 잘하는 외계인? 음악방송 1위 하는 버추얼 아이돌 (2024.09.27/뉴스데스크/MBC),MBCNEWS,최상위 댓글,@user-doaaaa1,사랑해 플레이브💙💜💗❤️🖤🫳🫳🫳😘😘,1,2024-09-27T13:13:25Z,0,Ugz-l79yOQ4Fkp-ISkF4AaABAg,OT6uElfCI7o,UC4VZ7oqb90Hz8Dxdc9QiPKw,2024-09-27T13:13:25Z,,긍정
노래 잘하는 외계인? 음악방송 1위 하는 버추얼 아이돌 (2024.09.27/뉴스데스크/MBC),MBCNEWS,최상위 댓글,@가오리-z1i,플레이브의 노래에 빠지고 진심과 사랑에 팬이 된거야 그냥 너희들만 보일뿐이야 💙💜💗❤️🖤,2,2024-09-27T15:46:12Z,0,UgwfekBBsv1ypbPhirR4AaABAg,OT6uElfCI7o,UCPzMrAEOz6hg5sW_NnY0ilA,2024-09-27T15:46:12Z,,긍정
노래 잘하는 외계인? 음악방송 1위 하는 버추얼 아이돌 (2024.09.27/뉴스데스크/MBC),MBCNEWS,최상위 댓글,@홍시잔디,플레이브는 노래가 진짜 좋아요 💙💜🩷❤️🖤,2,2024-09-27T13:03:07Z,0,UgyeEePbxtsqE4Jx8gl4AaABAg,OT6uElfCI7o,UCTAvFMuC1hY2GnL8dkTyWLQ,2024-09-27T13:03:07Z,,긍정
노래 잘하는 외계인? 음악방송 1위 하는 버추얼 아이돌 (2024.09.27/뉴스데스크/MBC),MBCNEWS,최상위 댓글,@user-sv9pu9io2f,플레이브🫶💙💜💗❤️🖤,2,2024-09-27T12:24:09Z,0,UgxzXMtKh0t-rYQS7jF4AaABAg,OT6uElfCI7o,UCCv6u9JHEyEkmtGHyE8hKjg,2024-09-27T12:24:09Z,,중립
노래 잘하는 외계인? 음악방송 1위 하는 버추얼 아이돌 (2024.09.27/뉴스데스크/MBC),MBCNEWS,최상위 댓글,@김민섭-y2r,우왁굳님:…….당장 남자아이돌 만들어!,4,2024-10-14T13:10:12Z,0,UgzSUKRKe0jCvq-wlC94AaABAg,OT6uElfCI7o,UCfVqHMtoesVJ9pDy9YbBIOQ,2024-10-14T13:10:12Z,,중립
노래 잘하는 외계인? 음악방송 1위 하는 버추얼 아이돌 (2024.09.27/뉴스데스크/MBC),MBCNEWS,최상위 댓글,@현영-i9u,버츄얼 처음엔 힘들지언정 빠지면 나올수가 없습니다 개개인의 매력과 장점이 많아요😊,1,2024-09-27T23:44:53Z,0,Ugztd350CZKVlU4L6Z54AaABAg,OT6uElfCI7o,UCYaNxth8HARsxHkjFAchsUQ,2024-09-27T23:44:53Z,,중립
노래 잘하는 외계인? 음악방송 1위 하는 버추얼 아이돌 (2024.09.27/뉴스데스크/MBC),MBCNEWS,최상위 댓글,@This.isnoah,"노래,춤,비주얼 등 본업역할 잘하면 버추얼이고 말고가 없는데",2,2024-09-28T03:55:08Z,0,UgynKJgR0bkKB8_AqTt4AaABAg,OT6uElfCI7o,UCZ_RGQojpWtqQ2njpKUjGIg,2024-09-28T03:55:08Z,,중립
노래 잘하는 외계인? 음악방송 1위 하는 버추얼 아이돌 (2024.09.27/뉴스데스크/MBC),MBCNEWS,최상위 댓글,@Bamby_ricebuger,플리는 감동할꺼에요🥹,3,2024-09-27T23:53:18Z,0,UgweEVca-_pSWJmiWSR4AaABAg,OT6uElfCI7o,UCZh2WBmlDeQUviHn-hRtxig,2024-09-27T23:53:18Z,,중립
노래 잘하는 외계인? 음악방송 1위 하는 버추얼 아이돌 (2024.09.27/뉴스데스크/MBC),MBCNEWS,최상위 댓글,@uqbusuwh271su,최근에 이간질당한 사건떼메 오해할뻔 했는데 노래 잘듣고 있습니다,2,2024-10-15T21:52:44Z,0,Ugxxn6bppTmq5bJr4jd4AaABAg,OT6uElfCI7o,UCI5x9wlIyJuHJ4I5YRdgg7g,2024-10-15T21:52:44Z,,중립
노래 잘하는 외계인? 음악방송 1위 하는 버추얼 아이돌 (2024.09.27/뉴스데스크/MBC),MBCNEWS,최상위 댓글,@soooooon9,나도 버츄얼에 빠질지몰랐다...플레이브❤,1,2024-09-27T23:51:56Z,0,Ugz-cdlDGvGIg3p6Sux4AaABAg,OT6uElfCI7o,UCiRpNFC3-DPCF9dS879qKfw,2024-09-27T23:51:56Z,,중립
노래 잘하는 외계인? 음악방송 1위 하는 버추얼 아이돌 (2024.09.27/뉴스데스크/MBC),MBCNEWS,최상위 댓글,@_rosemary6589,와 우리 얘들..❤❤ 앞으로 더 많관부♥♥,2,2024-09-28T05:53:42Z,0,UgwkW6Rte5D-kq8Gmjt4AaABAg,OT6uElfCI7o,UChTLbD-xw_WiqcZfoEzV7pQ,2024-09-28T05:53:42Z,,중립
노래 잘하는 외계인? 음악방송 1위 하는 버추얼 아이돌 (2024.09.27/뉴스데스크/MBC),MBCNEWS,최상위 댓글,@I_sse_yyy,육아 스트레스 플레이브 라이브 틀어놓고 잠 들면 다음날 싹 풀립니다,1,2024-09-28T10:50:03Z,0,UgxqwHFSdYfSsJukU6h4AaABAg,OT6uElfCI7o,UCoRBtaA_dwKysTZCjaPmjRA,2024-09-28T10:50:03Z,,중립
노래 잘하는 외계인? 음악방송 1위 하는 버추얼 아이돌 (2024.09.27/뉴스데스크/MBC),MBCNEWS,최상위 댓글,@elin-o8c,"뭐야ㅠㅠ플레이브 뉴스에 나왔었네!!
카페 저렇게 생겼구나ㅠㅠ
청소년증 같은 거 만들면 바로 가겠어....ㅠㅠ",1,2024-09-27T14:14:50Z,0,UgxVZc-J56PdyCkNbcx4AaABAg,OT6uElfCI7o,UCx8VEqxB1tGq2-GoOO6c6wA,2024-09-27T14:14:50Z,,중립
노래 잘하는 외계인? 음악방송 1위 하는 버추얼 아이돌 (2024.09.27/뉴스데스크/MBC),MBCNEWS,최상위 댓글,@kimangela1024,와..나 음방 안보던 사이에 이게 무슨 일이야 ㅋㅋㅋㅋ 놀랍다,1,2024-09-29T03:29:36Z,0,UgyJZQV8DnZYJzEd6Jh4AaABAg,OT6uElfCI7o,UC-vtU4jE_Ufpl5LnxzGd31w,2024-09-29T03:29:36Z,,중립
노래 잘하는 외계인? 음악방송 1위 하는 버추얼 아이돌 (2024.09.27/뉴스데스크/MBC),MBCNEWS,최상위 댓글,@미쯔딸기워너블,"그냥 저희 외계인들도 다른 가수분들과 같이 직접 노래하고 작곡도 하고 소통도 잘해주며 팬들을 사랑하는 마음이 큰 '가수'라고 생각해주시면 좋겠어요! 팬들도 다름없이 내 가수를 아끼고 사랑해서 지금도 함께하는 거니까요 다른거 1도 없습니다, 그냥 라이브로 소통이 잦아서 서로가 더 끈끈하다는거?☺️🤍✨🧡",5,2024-09-27T22:49:07Z,0,Ugz2vakr3hJxKrrNLYF4AaABAg,OT6uElfCI7o,UCgMasJXhFNiCeHtxV8xrnMQ,2024-09-27T22:49:07Z,,긍정
노래 잘하는 외계인? 음악방송 1위 하는 버추얼 아이돌 (2024.09.27/뉴스데스크/MBC),MBCNEWS,최상위 댓글,@chestnut_bread,테라 정복이 점점 가까워진다! 본업도 잘하고 팬 사랑도 넘치는 플레이브 사랑할수밖에 없어💙💜💗❤🖤,2,2024-09-28T04:36:29Z,0,UgwloQ1qjJP1xInHZOR4AaABAg,OT6uElfCI7o,UCHkr8hOSStGfaPEBd8MTLxg,2024-09-28T04:36:29Z,,긍정
노래 잘하는 외계인? 음악방송 1위 하는 버추얼 아이돌 (2024.09.27/뉴스데스크/MBC),MBCNEWS,최상위 댓글,@룰루랄라-s2i,"플레이브 노래 들어봤는데 좋음
가사가 잘 들리고 익숙한 멜로디 라인의 옛날 2000년대 초반 스타일임
댄스는 옛날로 갈수록 가사가 잘 들리고 머니코드가 잘 쓰이고 멜로디 라인이 편안하고 훨씬 더 대중적임
노래 스타일이 2000대 초반 스타일라 그 때 음악에 익숙한세대인 30대 40대 중장년팬분들이 상당히 많을거 같음",4,2024-09-29T14:26:22Z,0,UgxdcijbToJY9dCCB7h4AaABAg,OT6uElfCI7o,UCLcWd17fObmqzXYxPAN2fww,2024-09-29T14:44:23Z,,중립
노래 잘하는 외계인? 음악방송 1위 하는 버추얼 아이돌 (2024.09.27/뉴스데스크/MBC),MBCNEWS,최상위 댓글,@死번타자호성,사랑해 플레이브💙💜💗❤🖤 고마워 플레이브💙💜💗❤🖤 함께해 플레이브💙💜💗❤🖤,2,2024-09-27T13:27:26Z,0,UgxzGu12eoZXj43--kZ4AaABAg,OT6uElfCI7o,UC42a2koYZGMYXObBPEbNi9Q,2024-09-27T13:27:26Z,,긍정
노래 잘하는 외계인? 음악방송 1위 하는 버추얼 아이돌 (2024.09.27/뉴스데스크/MBC),MBCNEWS,최상위 댓글,@seo_xiao,솔직히 현재 팬분들도 편견때문에 입덕하는 걸 좀 망설였습니다.. 저도 그랬구요..ㅎ 이런 사람들의 마음을 열게 한건 플레이브의 매력이라고 생각합니다 앞으로도 좋은 결과만 있길 응원합니다!,3,2024-09-27T14:22:58Z,0,UgzNziuhfo1F4kU0pcJ4AaABAg,OT6uElfCI7o,UCcxXlHDJNpd5_BZ58GUAsZA,2024-09-27T14:22:58Z,,긍정
노래 잘하는 외계인? 음악방송 1위 하는 버추얼 아이돌 (2024.09.27/뉴스데스크/MBC),MBCNEWS,최상위 댓글,@huntermayo66,PLAVE💕💕💕,3,2024-09-27T14:39:09Z,0,Ugwp6tZDDrIE_MOWaTF4AaABAg,OT6uElfCI7o,UCBoM-WF0RzuyKdWMqL2yUNA,2024-09-27T14:39:09Z,,중립
노래 잘하는 외계인? 음악방송 1위 하는 버추얼 아이돌 (2024.09.27/뉴스데스크/MBC),MBCNEWS,최상위 댓글,@먼지알지-m7y,오덕들이 2d에 빠져서 앗흥 페이트쨩 하는거랑 같은건가,1,2024-10-01T18:45:32Z,0,UgzKXqluBGDw4-exj9F4AaABAg,OT6uElfCI7o,UCCKzuXMLkVB4l-3gC6REd4w,2024-10-01T18:45:32Z,,중립
노래 잘하는 외계인? 음악방송 1위 하는 버추얼 아이돌 (2024.09.27/뉴스데스크/MBC),MBCNEWS,최상위 댓글,@로잘리나,하찮은 게임을 정말 재미있게 하는 아이돌..ㅋㅋㅋ 게임하는 방송 보다가 정신차리고 보니 버블 구독까지함..ㅋㅋㅋ,0,2024-09-27T22:11:40Z,0,Ugw3WWHwrm1MSU2B1Cx4AaABAg,OT6uElfCI7o,UCGtSrzXshJBI2pJmhJBlPpg,2024-09-27T22:11:55Z,,중립
노래 잘하는 외계인? 음악방송 1위 하는 버추얼 아이돌 (2024.09.27/뉴스데스크/MBC),MBCNEWS,최상위 댓글,@Wegohigh-e3n,미치겠다 존나게 감겼다,1,2024-10-11T13:29:02Z,0,Ugz5CsZsL3imVFlCBvx4AaABAg,OT6uElfCI7o,UCeIPoNMUyq-3axKtlOdYs-g,2024-10-11T13:29:02Z,,중립
노래 잘하는 외계인? 음악방송 1위 하는 버추얼 아이돌 (2024.09.27/뉴스데스크/MBC),MBCNEWS,최상위 댓글,@jinnyk13,늦은 입덕이지만 행복합니다😊💙💜💗❤️🖤,3,2024-09-27T13:53:35Z,0,UgwPlx15o7X23iZCeS14AaABAg,OT6uElfCI7o,UClw4LpD5uCe1E1cbnM6HZ0w,2024-09-27T13:53:35Z,,중립
노래 잘하는 외계인? 음악방송 1위 하는 버추얼 아이돌 (2024.09.27/뉴스데스크/MBC),MBCNEWS,최상위 댓글,@B0807ify,버튜버 덕질할 생각은 없었는데... 작곡작사안무 다 본인들이 만드는데 열정까지 있어서 빠져버림,0,2024-09-30T11:34:42Z,0,Ugxb_fmbxOUdVWrgwMR4AaABAg,OT6uElfCI7o,UCxk0sJpJtDGD1us8WyVdEJg,2024-09-30T11:34:42Z,,중립
노래 잘하는 외계인? 음악방송 1위 하는 버추얼 아이돌 (2024.09.27/뉴스데스크/MBC),MBCNEWS,최상위 댓글,@cwksave1,그냥 쇼츠로 밥친구 시작했다가 겁나 빠져버림....,1,2024-09-28T04:47:32Z,0,UgyqmNmAO-88oImh-594AaABAg,OT6uElfCI7o,UCBdxAfDeqGOeVqBe08ExfCw,2024-09-28T04:47:32Z,,중립
노래 잘하는 외계인? 음악방송 1위 하는 버추얼 아이돌 (2024.09.27/뉴스데스크/MBC),MBCNEWS,최상위 댓글,@슝슝-l2y,무대에서 많이 보고 싶어여~ 자주 불러주세요~😊,2,2024-09-28T06:02:48Z,0,Ugwx6xmL2nEjNDATFEN4AaABAg,OT6uElfCI7o,UCxLmiRhLR2vH79QCyZJWYsQ,2024-09-28T06:02:48Z,,중립
노래 잘하는 외계인? 음악방송 1위 하는 버추얼 아이돌 (2024.09.27/뉴스데스크/MBC),MBCNEWS,최상위 댓글,@monle8927,"이해하지 못하는 사람들에게 이해를 강요하고 싶진 않다 나도 이해 못했던 테라인이었으니까 그런데 진심은 통한다는걸 다섯왹져들을 통해 깨달아버렷다…⭐️
버추얼이지만 결국 그들이 가진 열정과 재능, 유머, 따뜻함, 사랑스러움에 플며들어버렸다,,,💙💜💗❤️🖤",6,2024-09-27T22:48:38Z,0,Ugxl_FJ8mBeefJCCk2B4AaABAg,OT6uElfCI7o,UCHtElmS7l3Io-THEaNZUrlg,2024-09-27T22:48:38Z,,긍정
노래 잘하는 외계인? 음악방송 1위 하는 버추얼 아이돌 (2024.09.27/뉴스데스크/MBC),MBCNEWS,최상위 댓글,@JasminMairena-w4x,PLAVE 🥹💙💜💗❤️🖤,2,2024-09-27T15:47:05Z,0,UgzmKsRTG27CyC1HLTt4AaABAg,OT6uElfCI7o,UC6mzDzUhtRplk-ll69TU73g,2024-09-27T15:47:05Z,,중립
노래 잘하는 외계인? 음악방송 1위 하는 버추얼 아이돌 (2024.09.27/뉴스데스크/MBC),MBCNEWS,최상위 댓글,@순서가없다,"와 뉴스도 나오고ㅋㅋㅋㅋㅋ 멋지다~
막 데뷔했을때 버그땜에 기괴한 동작되는게 웃음버튼이었는데😂😂
잘되니 좋네요😊😊",1,2024-09-27T16:46:13Z,0,Ugy0ZXgq3r6JAnPDhcp4AaABAg,OT6uElfCI7o,UCw2kVDoIrg7_ynjrfiaCuhw,2024-09-27T16:46:13Z,,긍정
노래 잘하는 외계인? 음악방송 1위 하는 버추얼 아이돌 (2024.09.27/뉴스데스크/MBC),MBCNEWS,최상위 댓글,@user-세상은온통한라봉,근데 노래는 좋음,4,2024-09-28T10:31:32Z,0,UgyHCoxialBUyfdQCSZ4AaABAg,OT6uElfCI7o,UCe2ZcaNPHE9CzQHFWwZQ0LA,2024-09-28T10:31:32Z,,중립
노래 잘하는 외계인? 음악방송 1위 하는 버추얼 아이돌 (2024.09.27/뉴스데스크/MBC),MBCNEWS,최상위 댓글,@songlee150,카페 가고싶다..진짜..,2,2024-10-06T07:09:28Z,0,Ugz1gZOiHIozRNSO3z94AaABAg,OT6uElfCI7o,UCgBGhkB2k5-Dqe2eX22CzeA,2024-10-06T07:09:28Z,,중립
노래 잘하는 외계인? 음악방송 1위 하는 버추얼 아이돌 (2024.09.27/뉴스데스크/MBC),MBCNEWS,최상위 댓글,@_jjaktung116,플레이브 화이팅,2,2024-09-27T19:46:52Z,0,UgyHVaoqHegfxMjAyw14AaABAg,OT6uElfCI7o,UCc7DrQ12PX4Ib0n7PfwLhQA,2024-09-27T19:46:52Z,,중립
노래 잘하는 외계인? 음악방송 1위 하는 버추얼 아이돌 (2024.09.27/뉴스데스크/MBC),MBCNEWS,최상위 댓글,@ANZE91,카페 간 풀리덜 부럽구먼..... 나도 언젠가 갈 수 있으려나..... 허허허,1,2024-09-27T13:32:35Z,0,UgzCvQdMBT2b1IMJMlN4AaABAg,OT6uElfCI7o,UCsPiUpxJ5JO1GE1gGeu1GlA,2024-09-27T13:32:59Z,,중립
노래 잘하는 외계인? 음악방송 1위 하는 버추얼 아이돌 (2024.09.27/뉴스데스크/MBC),MBCNEWS,최상위 댓글,@ensemble5981,맞아요...버츄얼 아이돌 노래 다 좋더라고요 ㅎㅎ,1,2024-10-01T06:54:23Z,0,Ugw4_s3DxnX-egV4ad54AaABAg,OT6uElfCI7o,UCNp0ongdK9TBCxlZScNcHSA,2024-10-01T06:54:23Z,,중립
노래 잘하는 외계인? 음악방송 1위 하는 버추얼 아이돌 (2024.09.27/뉴스데스크/MBC),MBCNEWS,최상위 댓글,@Senvely_,영원히 빛나줘💙💜💗❤️🖤,2,2024-09-27T18:12:32Z,0,Ugy41wk_0ejBtCgnoih4AaABAg,OT6uElfCI7o,UCCuwHbPjEbnscmPrvJsVowA,2024-09-27T18:12:32Z,,중립
노래 잘하는 외계인? 음악방송 1위 하는 버추얼 아이돌 (2024.09.27/뉴스데스크/MBC),MBCNEWS,최상위 댓글,@가오리-z1i,🥹 진짜 플레이브 최고🫶,1,2024-09-30T12:02:14Z,0,UgyPG2-fF0Pg_SqKjK14AaABAg,OT6uElfCI7o,UCPzMrAEOz6hg5sW_NnY0ilA,2024-09-30T12:02:14Z,,긍정
노래 잘하는 외계인? 음악방송 1위 하는 버추얼 아이돌 (2024.09.27/뉴스데스크/MBC),MBCNEWS,최상위 댓글,@rimike6728,원랜 저도 팬이 될 줄 몰랐습니다,2,2024-09-28T20:51:18Z,0,UgyByjT67IIWv037XzV4AaABAg,OT6uElfCI7o,UCpGkhwpOqV3xDcnW9k1DT0Q,2024-09-28T20:51:18Z,,중립
노래 잘하는 외계인? 음악방송 1위 하는 버추얼 아이돌 (2024.09.27/뉴스데스크/MBC),MBCNEWS,최상위 댓글,@eat_hong-sy,내가 사랑하는 외계인💙💜💗❤️🖤,2,2024-09-27T12:45:14Z,0,UgxnaQdpiQgpaV_vWTR4AaABAg,OT6uElfCI7o,UCuLnLTWU-_Q3RtKRJRzP8MQ,2024-09-27T12:45:14Z,,긍정
노래 잘하는 외계인? 음악방송 1위 하는 버추얼 아이돌 (2024.09.27/뉴스데스크/MBC),MBCNEWS,최상위 댓글,@user-tx2ki5wi5i,그냥 노래가 좋던데?,15,2024-09-27T16:37:08Z,0,UgxpCXzXkMqzfiol81J4AaABAg,OT6uElfCI7o,UCEru0KlYxYA0pkMiFJnMAlw,2024-09-27T16:37:08Z,,중립
노래 잘하는 외계인? 음악방송 1위 하는 버추얼 아이돌 (2024.09.27/뉴스데스크/MBC),MBCNEWS,최상위 댓글,@plli-u9c,"첨엔 하다하다 이런 아이돌이 다 나온다고 생각했는데 노래도 잘부르고 말도 잘하고
빠져버림......",0,2024-10-03T07:33:23Z,0,UgxwSDCa2Dd31zj6Wzt4AaABAg,OT6uElfCI7o,UC9F4Xm22fPwRx-XK7-cBlTA,2024-10-03T07:33:23Z,,중립
노래 잘하는 외계인? 음악방송 1위 하는 버추얼 아이돌 (2024.09.27/뉴스데스크/MBC),MBCNEWS,최상위 댓글,@키쿠-y4k,플레이브 사랑해!!! 새로운 문화콘텐츠의 시작을 알려라!!!,1,2024-09-28T04:16:14Z,0,UgxxaCyI5nW-MXocmfV4AaABAg,OT6uElfCI7o,UC4k1QoIXGD8GdcYT916uGRg,2024-09-28T04:16:14Z,,긍정
노래 잘하는 외계인? 음악방송 1위 하는 버추얼 아이돌 (2024.09.27/뉴스데스크/MBC),MBCNEWS,최상위 댓글,@malfa9,THEYRE ON THE NEWS 👏👏👏👏,1,2024-09-28T02:49:23Z,0,Ugzzp48xC2bDGjEDAod4AaABAg,OT6uElfCI7o,UCRYQjHjvTiBenVKn6Zveg_Q,2024-09-28T02:49:23Z,,중립
노래 잘하는 외계인? 음악방송 1위 하는 버추얼 아이돌 (2024.09.27/뉴스데스크/MBC),MBCNEWS,최상위 댓글,@ploveNoah,이토록 다재다능한 외계인이라니,1,2024-09-30T12:11:52Z,0,UgyzCtqhaEBpwm3ix9N4AaABAg,OT6uElfCI7o,UCCROd9Ds79v5WmoHCdfKx_Q,2024-09-30T12:11:52Z,,중립
노래 잘하는 외계인? 음악방송 1위 하는 버추얼 아이돌 (2024.09.27/뉴스데스크/MBC),MBCNEWS,최상위 댓글,@봉구핑쿠,플레이브가 젤 최고야.,4,2024-09-27T12:27:53Z,0,Ugy2DV6SQONsflWneax4AaABAg,OT6uElfCI7o,UCQX38zRJgFgKyxg-CdyM2mw,2024-09-27T12:27:53Z,,긍정
노래 잘하는 외계인? 음악방송 1위 하는 버추얼 아이돌 (2024.09.27/뉴스데스크/MBC),MBCNEWS,최상위 댓글,@김동동-u3x,뭐가 어떻든 몇년 후엔 더 엄청난 발전으로 뉴스를 장식할테니...,1,2024-09-28T02:26:28Z,0,Ugy_Tw5ef_weq4DYF154AaABAg,OT6uElfCI7o,UCr6jDekYu_EjO6CCsAN2hWA,2024-09-28T02:26:28Z,,중립
노래 잘하는 외계인? 음악방송 1위 하는 버추얼 아이돌 (2024.09.27/뉴스데스크/MBC),MBCNEWS,최상위 댓글,@kikiaassddff,플레이뿌~~~~💙💜💗❤🖤,2,2024-09-27T13:19:05Z,0,UgzHWW5zh1UfH8yTCIt4AaABAg,OT6uElfCI7o,UCN-lyeJUWhVMDVqrGkQmGjg,2024-09-27T13:19:05Z,,중립
노래 잘하는 외계인? 음악방송 1위 하는 버추얼 아이돌 (2024.09.27/뉴스데스크/MBC),MBCNEWS,최상위 댓글,@amugae1444,실시간 방송으로 작곡한 곡 디싱으로 내주는 아이돌!!!! 본업을 겁내 잘하니까 얼마나 좋게요 😋,1,2024-09-27T16:24:11Z,0,UgzBy7Z92efAqvs-UjN4AaABAg,OT6uElfCI7o,UCFZEhq52bBMluruCPXunl5w,2024-09-27T16:24:11Z,,중립
노래 잘하는 외계인? 음악방송 1위 하는 버추얼 아이돌 (2024.09.27/뉴스데스크/MBC),MBCNEWS,최상위 댓글,@doll_bitt912,"버추얼이라서 2D라서 좋은게 아니에요 보이는 이미지만 다를뿐 그저 똑같은 사람이기에 여타 다른 아이돌과 같아요 
다른 사람 못지 않게 간절했던 플레이브의 마음이 플리들을 이끌었고 우린 그 매력에 빠졌을 뿐이라고 생각합니다 언제나 진심으러 부딪혀오는 플레이브에게 플리는 사랑으로 보답할거에요 사랑해 애들아💙💜🩷❤️🖤",3,2024-09-27T14:23:58Z,0,UgzGfbIAOzwmkjNE_0Z4AaABAg,OT6uElfCI7o,UCv0qz0G6df1hRAY5NLOONhA,2024-09-27T14:23:58Z,,긍정
노래 잘하는 외계인? 음악방송 1위 하는 버추얼 아이돌 (2024.09.27/뉴스데스크/MBC),MBCNEWS,최상위 댓글,@류아빈-y5t,그냥 매력있어서 빠지게 됨..버추얼인건 안중요해 플레이브가 있어줘서 고마울뿐💙💜🩷❤️🖤,0,2024-10-07T15:33:15Z,0,Ugwmrmlf26FV9bTBUtp4AaABAg,OT6uElfCI7o,UCedl7gIO_ps4axhxYL_4dag,2024-10-07T15:33:15Z,,중립
노래 잘하는 외계인? 음악방송 1위 하는 버추얼 아이돌 (2024.09.27/뉴스데스크/MBC),MBCNEWS,최상위 댓글,@zsdaxc4567,플레이브랑 이세계 아이돌이 인기있는것도 나름이 이유는 있다고 생각해요.새로운 가요계의 모습이기도 하죠.,4,2024-09-27T12:57:58Z,0,UgxyBE8Cg9Cnya0WIJd4AaABAg,OT6uElfCI7o,UCnMK6qFb3x2k1USdYKmTuDw,2024-09-27T12:57:58Z,,중립
노래 잘하는 외계인? 음악방송 1위 하는 버추얼 아이돌 (2024.09.27/뉴스데스크/MBC),MBCNEWS,최상위 댓글,@whalepl,테라정복 라쓰고,5,2024-09-27T12:36:30Z,0,UgzhGQgehFh8PZOZ3714AaABAg,OT6uElfCI7o,UC7TMhCKp4e2jCuv_TxO-2pg,2024-09-27T12:36:30Z,,중립
노래 잘하는 외계인? 음악방송 1위 하는 버추얼 아이돌 (2024.09.27/뉴스데스크/MBC),MBCNEWS,최상위 댓글,@jasongunnlee,역시 엠버지,3,2024-09-27T13:06:37Z,0,UgxObVOZOegDq4nxX-14AaABAg,OT6uElfCI7o,UCbzOVaKHa_BBI94GHT8pfwA,2024-09-27T13:06:37Z,,중립
노래 잘하는 외계인? 음악방송 1위 하는 버추얼 아이돌 (2024.09.27/뉴스데스크/MBC),MBCNEWS,최상위 댓글,@서린_0702,버츄얼 좋아한다고 씹덕이라 하는 사람들이 많은데 오히려 사람들의 인식에도 불구하고 열심히 활동하고 그거에 답해 열심히 응원해주는 팬들까지…..진짜 플레이브가 뜰 수밖에 없는 이유임. 심지어 매인댄서가 고음 지르고 플레이브는 올 맴이 올라운더임 실력으로 싸면 그 사람이 이상한거임,3,2024-10-03T10:19:37Z,0,UgzXbWcRV5v_Kmdbj994AaABAg,OT6uElfCI7o,UCFVIWm_p9-xSaXnv-67PANA,2024-10-03T10:19:37Z,,긍정
노래 잘하는 외계인? 음악방송 1위 하는 버추얼 아이돌 (2024.09.27/뉴스데스크/MBC),MBCNEWS,최상위 댓글,@유튜브둘기,다른 버추얼아이돌 팬이지만 그래도 기분이 좋음,1,2024-09-28T07:14:30Z,0,Ugw7GtVk-N-burNSc294AaABAg,OT6uElfCI7o,UCt1tdwwJ16Yg1wUfgsNHGoA,2024-09-28T07:14:30Z,,중립
노래 잘하는 외계인? 음악방송 1위 하는 버추얼 아이돌 (2024.09.27/뉴스데스크/MBC),MBCNEWS,최상위 댓글,@돌고래플리,모야 카페도 나왓어 ㅠㅋ 귀여워 우리애들💙💗💗❤️🖤,1,2024-09-28T05:33:57Z,0,UgwMgYZFgBtY5jCuhW14AaABAg,OT6uElfCI7o,UC8vR6I8KoaTgAFApZCI4SYg,2024-09-28T05:33:57Z,,중립
노래 잘하는 외계인? 음악방송 1위 하는 버추얼 아이돌 (2024.09.27/뉴스데스크/MBC),MBCNEWS,최상위 댓글,@SuKim-l2r,그냥 사이버 펭수라고 생각하면 됨,2,2024-10-02T02:49:30Z,0,Ugw9cWJ042BFookDlf54AaABAg,OT6uElfCI7o,UC6YNRBKwlL8OYb4GB2pmvgg,2024-10-02T02:49:30Z,,중립
노래 잘하는 외계인? 음악방송 1위 하는 버추얼 아이돌 (2024.09.27/뉴스데스크/MBC),MBCNEWS,최상위 댓글,@Usye8289,뭐야 나도 카페 가고싶어요ㅠㅠㅠㅠㅠ,1,2024-09-28T03:02:33Z,0,Ugys06moQ1gAwuj9pkN4AaABAg,OT6uElfCI7o,UCPWgGLDCaIw7NzfFVKv4KGA,2024-09-28T03:02:33Z,,중립
노래 잘하는 외계인? 음악방송 1위 하는 버추얼 아이돌 (2024.09.27/뉴스데스크/MBC),MBCNEWS,최상위 댓글,@reessong,노래가 너무 좋아 게속 들어도 질리지않고 계속 찾게되고 입덕완,1,2024-09-27T13:45:09Z,0,UgxhUpQnP3ZOA19tITF4AaABAg,OT6uElfCI7o,UCFDjuwvgJUYSsMYw_L72wGg,2024-09-27T13:45:09Z,,긍정
노래 잘하는 외계인? 음악방송 1위 하는 버추얼 아이돌 (2024.09.27/뉴스데스크/MBC),MBCNEWS,최상위 댓글,@LUV_Y_OU,평플하자요💙💜💗❤️🖤 우리가 너무 자랑스럽다ㅎㅎ,2,2024-09-27T15:14:52Z,0,Ugyj4BzhLkh4Pcq2Z3R4AaABAg,OT6uElfCI7o,UCVYP0wZJqZCZ8c1Ev02brhw,2024-09-27T15:14:52Z,,중립
노래 잘하는 외계인? 음악방송 1위 하는 버추얼 아이돌 (2024.09.27/뉴스데스크/MBC),MBCNEWS,최상위 댓글,@Dosodneos,"플레이브의 모든 도전을 응원해!!
지금까지 그리고 앞으로 써내려갈
역사의 순간을 함께 할 수 있어 영광이야
너희 덕분에 매일 새롭고 행복하다
사랑해💙💜🩷❤️🖤
평플!!",1,2024-09-27T14:05:13Z,0,UgxnpWDvyDMyxmtC4up4AaABAg,OT6uElfCI7o,UCDPa61AWYicrs1Ko2QV7dFw,2024-09-27T14:05:13Z,,긍정
노래 잘하는 외계인? 음악방송 1위 하는 버추얼 아이돌 (2024.09.27/뉴스데스크/MBC),MBCNEWS,최상위 댓글,@haminsguard,🎉🎉🎉,2,2024-09-27T13:07:40Z,0,UgzHokLSQT2BuuWNYbN4AaABAg,OT6uElfCI7o,UCdpXNJ4kpbLMNJELAdUg9jQ,2024-09-27T13:07:40Z,,중립
노래 잘하는 외계인? 음악방송 1위 하는 버추얼 아이돌 (2024.09.27/뉴스데스크/MBC),MBCNEWS,최상위 댓글,@ing359,플레이브가  최고야👍,3,2024-09-27T12:38:19Z,0,UgzmatJm4XaKdnFZAAh4AaABAg,OT6uElfCI7o,UCsE9rWtYXeYe0QMc6pd_LXA,2024-09-27T12:38:19Z,,긍정
노래 잘하는 외계인? 음악방송 1위 하는 버추얼 아이돌 (2024.09.27/뉴스데스크/MBC),MBCNEWS,최상위 댓글,@0619Neptune_Plli,💙💜💗❤️🖤🫶🏻✨🎉🎉,1,2024-09-27T16:59:41Z,0,Ugz-RDM5DwtWcoe_lo54AaABAg,OT6uElfCI7o,UCc5jJpPLeY-QZCPp12E8j3Q,2024-09-27T16:59:41Z,,중립
노래 잘하는 외계인? 음악방송 1위 하는 버추얼 아이돌 (2024.09.27/뉴스데스크/MBC),MBCNEWS,최상위 댓글,@MyStars_Asterum,"버추얼 아이돌 우린 플레이브
💙💜💗❤️🖤",1,2024-09-27T12:50:49Z,0,UgzJU1h6rg8eHGmfb0p4AaABAg,OT6uElfCI7o,UCN63Xic75JJ5gmcxYftYALw,2024-09-27T12:50:49Z,,중립
노래 잘하는 외계인? 음악방송 1위 하는 버추얼 아이돌 (2024.09.27/뉴스데스크/MBC),MBCNEWS,최상위 댓글,@tfrld1570,"일단 노래가 좋아서 듣게 되더라고요.
근데 그러다 오류모음 보고, 라이브 하나 보는 순간 수많은 라이브와 컨텐츠 속으로 빠져버렸습니다... 
노래를 반복해서 듣다보면 가사가 너무 예쁘고요. 무대영상을 찾아보면 안무가 너무 예쁘더라고요. 그러다 커버 영상들까지 들으면서 더 이상 빠져나갈 수 없게 되어 버렸어요🫨",0,2024-09-30T11:20:46Z,0,Ugzrs-isG_ZHSm4YYRt4AaABAg,OT6uElfCI7o,UCoKERaF_UCbArescG3nFmcA,2024-09-30T11:21:37Z,,긍정
노래 잘하는 외계인? 음악방송 1위 하는 버추얼 아이돌 (2024.09.27/뉴스데스크/MBC),MBCNEWS,최상위 댓글,@Arianna-h3c,플햄은 ㅇㅈ이지,3,2024-10-10T12:09:39Z,0,UgzlUZVR71CjWtq0YKJ4AaABAg,OT6uElfCI7o,UCvvuoyiwrwD0OEMmw28222w,2024-10-10T12:10:12Z,,중립
노래 잘하는 외계인? 음악방송 1위 하는 버추얼 아이돌 (2024.09.27/뉴스데스크/MBC),MBCNEWS,최상위 댓글,@user-or1zx1ts5m,플레이브... 너무너무 기특하고 예쁜 우리 왹져 아이돌들🥹 정말 사랑스러운 애들이니까 편견 갖지 마시고 노래 한번만 들어주셨으면...!! 플부 정말 많이 사랑한다...!! 💙💜💗❤️🖤,1,2024-10-12T23:44:01Z,0,UgzXob03GC7cxhX72LF4AaABAg,OT6uElfCI7o,UChW4w38NPZBHAXBSXPFFL0g,2024-10-12T23:44:01Z,,긍정
노래 잘하는 외계인? 음악방송 1위 하는 버추얼 아이돌 (2024.09.27/뉴스데스크/MBC),MBCNEWS,최상위 댓글,@짱나나,"버추얼이여서가 아니여서 플레이브를 좋아하게 됐는데 버추얼이였다가 맞는것 같아요. 실력도 수준급이고 작사작곡안무까지 자체제작에 팬사랑도 어마무시하지만 정말 친구같은 옆집오빠동생같은 모습이 더 친근하게 느껴져서 더 입덕하게 된것같아요. 
단지 플레이브가 버추얼인것 뿐이지 버추얼이여서 플레이브를 좋아하는 사람은 플리중에 손꼽히거나 없지않을까요ㅎㅎ",2,2024-09-29T13:09:53Z,0,UgxqISaqwDmRfEiWKGh4AaABAg,OT6uElfCI7o,UCUbyJOEDgMVJqqijvS_FL_Q,2024-09-29T13:09:53Z,,긍정
노래 잘하는 외계인? 음악방송 1위 하는 버추얼 아이돌 (2024.09.27/뉴스데스크/MBC),MBCNEWS,최상위 댓글,@kyoungg,오류난거 보다 입덕ㅋㅋㅋㅋㅋㅋㅋㅋㅋㅋㅋㅋㅋㅋㅋㅋㅋㅋㅋㅋ,0,2024-10-01T14:53:09Z,0,UgxLrNck2yLtuo7-vpd4AaABAg,OT6uElfCI7o,UC29n2S8bfEbq5GyO2REaWpA,2024-10-01T14:53:09Z,,중립
노래 잘하는 외계인? 음악방송 1위 하는 버추얼 아이돌 (2024.09.27/뉴스데스크/MBC),MBCNEWS,최상위 댓글,@time8143,난 어떤 세상에 살고있는거냐..,1,2025-04-26T03:41:24Z,0,Ugwe_UNIYYahNmq51J54AaABAg,OT6uElfCI7o,UC7rfLAdVWGfsnsCqPhxuxkg,2025-04-26T03:41:24Z,,중립
노래 잘하는 외계인? 음악방송 1위 하는 버추얼 아이돌 (2024.09.27/뉴스데스크/MBC),MBCNEWS,최상위 댓글,@jinhanlife,옴마야! 카페 아직 저도 못가봤는뎈ㅋㅋㅋㅋ 이렇게 보게 되다니 ㅋㅋㅋㅋㅋㅋㅋㅋㅋㅋㅋ공중파 플리로그 만세…,0,2024-09-27T12:51:50Z,0,UgxlK7BWyU6UjlBFOt14AaABAg,OT6uElfCI7o,UChXhHRkTfvuvp4gx9rpXrCQ,2024-09-27T12:51:50Z,,중립
노래 잘하는 외계인? 음악방송 1위 하는 버추얼 아이돌 (2024.09.27/뉴스데스크/MBC),MBCNEWS,최상위 댓글,@삙쀓뾳뼑,플리로써 다른 사람이 플레이브를 언급하면 너무 좋아함..ㅎㅎㅎ,1,2024-09-28T03:01:38Z,0,UgxGFdoJ6gIhyMAXZdB4AaABAg,OT6uElfCI7o,UCB9Z_uFytGz04hd_qR8p1jA,2024-09-28T03:01:38Z,,긍정
노래 잘하는 외계인? 음악방송 1위 하는 버추얼 아이돌 (2024.09.27/뉴스데스크/MBC),MBCNEWS,최상위 댓글,@_evalp__,마음이 웅장해진다 우리 플레이브..❤,0,2024-09-27T14:11:38Z,0,Ugy_GD9vWE3PO7TLg5Z4AaABAg,OT6uElfCI7o,UCPfd5tAWgPUPQgufJWyGyoA,2024-09-27T14:11:38Z,,중립
노래 잘하는 외계인? 음악방송 1위 하는 버추얼 아이돌 (2024.09.27/뉴스데스크/MBC),MBCNEWS,최상위 댓글,@user_gumi1615,실력좋고 쉬지않고노력하고 팬들한테 잘함 뭐가 더 필요해 😊,0,2024-09-30T11:39:04Z,0,UgyCiEQyILtWIjek_WR4AaABAg,OT6uElfCI7o,UC-tLBT3Nwkpks24hJqd74CQ,2024-09-30T11:39:04Z,,중립
노래 잘하는 외계인? 음악방송 1위 하는 버추얼 아이돌 (2024.09.27/뉴스데스크/MBC),MBCNEWS,최상위 댓글,@콩콩-c9t,💙💜💗❤️🖤,3,2024-09-27T12:32:47Z,0,Ugyi_fwlw_Y7D2Oui4J4AaABAg,OT6uElfCI7o,UCpVjjbP9M9cwmbT6z_fdwiw,2024-09-27T12:32:47Z,,중립
노래 잘하는 외계인? 음악방송 1위 하는 버추얼 아이돌 (2024.09.27/뉴스데스크/MBC),MBCNEWS,최상위 댓글,@yyyyyyy4N,플레이브 최고야 지짜..,1,2024-10-04T10:51:46Z,0,UgzsnjI9IHZjKNfd_QN4AaABAg,OT6uElfCI7o,UCzleq2euqphLcepOANoMZpA,2024-10-04T10:51:46Z,,긍정
노래 잘하는 외계인? 음악방송 1위 하는 버추얼 아이돌 (2024.09.27/뉴스데스크/MBC),MBCNEWS,최상위 댓글,@하동권-k3p,우리는 지금 신시대를 살고 있다. 과거는 지나가고 새로운 시대가 온다.   파이팅,1,2024-09-28T23:57:39Z,0,UgyvSyTDDD7ML6n3K2F4AaABAg,OT6uElfCI7o,UClojSYsLKaV7jZvbGByKWSQ,2024-09-28T23:57:39Z,,중립
노래 잘하는 외계인? 음악방송 1위 하는 버추얼 아이돌 (2024.09.27/뉴스데스크/MBC),MBCNEWS,최상위 댓글,@SHINe0701,플레이브 노래 좋은 건 둘째치고 너무 웃김 그냥 ㅋㅋㅋㅋㅋㅋㅋㅋㅋㅋ,7,2024-10-14T09:53:55Z,4,UgxP1bdng9VS8mVitql4AaABAg,OT6uElfCI7o,UC-g4oQvSok1fQfKlCA5mFBg,2024-10-14T09:53:55Z,,중립
노래 잘하는 외계인? 음악방송 1위 하는 버추얼 아이돌 (2024.09.27/뉴스데스크/MBC),MBCNEWS,대댓글,@SHINe0701,이제 이 사람들 얼굴만 봐도 웃김 조졌다..,1,2024-10-14T09:54:16Z,0,UgxP1bdng9VS8mVitql4AaABAg.A9ZvT-zR7_2A9ZvVWKXKYM,OT6uElfCI7o,UC-g4oQvSok1fQfKlCA5mFBg,2024-10-14T09:54:16Z,UgxP1bdng9VS8mVitql4AaABAg,중립
노래 잘하는 외계인? 음악방송 1위 하는 버추얼 아이돌 (2024.09.27/뉴스데스크/MBC),MBCNEWS,대댓글,@고양이귀여워-d3k,오류모음으로 입덕 시작 ㅎㅎ,0,2024-10-15T13:19:15Z,0,UgxP1bdng9VS8mVitql4AaABAg.A9ZvT-zR7_2A9brkkVN8sf,OT6uElfCI7o,UCoJOtDBuEFyBWI6ci_D1uPA,2024-10-15T13:19:15Z,UgxP1bdng9VS8mVitql4AaABAg,중립
노래 잘하는 외계인? 음악방송 1위 하는 버추얼 아이돌 (2024.09.27/뉴스데스크/MBC),MBCNEWS,대댓글,@SHINe0701,@고양이귀여워-d3k 아 지금 버블 구독할까 심각하게 고민 중이에요….ㅋㅋㅋㅋㅋ….,0,2024-10-15T13:27:22Z,0,UgxP1bdng9VS8mVitql4AaABAg.A9ZvT-zR7_2A9bsgBXUbOR,OT6uElfCI7o,UC-g4oQvSok1fQfKlCA5mFBg,2024-10-15T13:27:22Z,UgxP1bdng9VS8mVitql4AaABAg,중립
노래 잘하는 외계인? 음악방송 1위 하는 버추얼 아이돌 (2024.09.27/뉴스데스크/MBC),MBCNEWS,대댓글,@user-ir5gg7tp1k,​@SHINe0701버블 구독.. 진짜 후회 안하셔요 ㅋㅋㅋ 5인 구독 라쓰고.. 돈이 안 아까워요 ㅋㅋㅋㅋㅋ,0,2024-10-21T03:34:00Z,0,UgxP1bdng9VS8mVitql4AaABAg.A9ZvT-zR7_2A9qGYYpbw_h,OT6uElfCI7o,UCKrEjUSMHtqrG-AEmZRJ9eQ,2024-10-21T03:34:00Z,UgxP1bdng9VS8mVitql4AaABAg,중립
노래 잘하는 외계인? 음악방송 1위 하는 버추얼 아이돌 (2024.09.27/뉴스데스크/MBC),MBCNEWS,최상위 댓글,@룰루랄라-m6c2n,플레이브 파이팅!!!!!!,1,2024-09-27T18:24:10Z,0,UgwGtSab5qnF8DrO2H94AaABAg,OT6uElfCI7o,UCu7YKzT8hc5gQkilxAw0cmQ,2024-09-27T18:24:10Z,,중립
노래 잘하는 외계인? 음악방송 1위 하는 버추얼 아이돌 (2024.09.27/뉴스데스크/MBC),MBCNEWS,최상위 댓글,@illiillllilil1,본업 개잘하는 플레이브 엄청난 아이돌,1,2024-10-02T09:08:23Z,0,UgzQelWRCIzsIfpozqN4AaABAg,OT6uElfCI7o,UCoYCMSO884nEqxYRqNXcHCA,2024-10-02T09:08:23Z,,중립
노래 잘하는 외계인? 음악방송 1위 하는 버추얼 아이돌 (2024.09.27/뉴스데스크/MBC),MBCNEWS,최상위 댓글,@jhgyudfgd,플레이브 파이팅!,1,2024-09-27T14:40:34Z,0,UgxGdlADs51QS1reAhJ4AaABAg,OT6uElfCI7o,UCYiE20eamo7j-Pbq373e-tQ,2024-09-27T14:40:34Z,,중립
노래 잘하는 외계인? 음악방송 1위 하는 버추얼 아이돌 (2024.09.27/뉴스데스크/MBC),MBCNEWS,최상위 댓글,@언제나듀듀할것,테라인이라면 외계인을 좋아해,2,2024-09-27T12:44:04Z,0,UgwL8yx8J0MwWG8twNN4AaABAg,OT6uElfCI7o,UCVn_PC5bxjbrWxzuTKALndg,2024-09-27T12:44:04Z,,긍정
노래 잘하는 외계인? 음악방송 1위 하는 버추얼 아이돌 (2024.09.27/뉴스데스크/MBC),MBCNEWS,최상위 댓글,@mrb-s3c,외계인들 테라정복 시작됐다 💙💜❤💗🖤,2,2024-09-27T13:09:39Z,0,UgxW2Q4AgpArPSN7NlN4AaABAg,OT6uElfCI7o,UC-idD_riGEXm2JmeyJV1btg,2024-09-27T13:09:39Z,,중립
노래 잘하는 외계인? 음악방송 1위 하는 버추얼 아이돌 (2024.09.27/뉴스데스크/MBC),MBCNEWS,최상위 댓글,@qqyytlga9649,귀여워💙💜💗❤️🖤,1,2024-09-27T14:45:13Z,0,UgwW-yEy_Eih-1bYeJt4AaABAg,OT6uElfCI7o,UCmzF4ZpcByRgXdDdtblVNGQ,2024-09-27T14:45:13Z,,중립
노래 잘하는 외계인? 음악방송 1위 하는 버추얼 아이돌 (2024.09.27/뉴스데스크/MBC),MBCNEWS,최상위 댓글,@012_34,플레이브는 당연하고 플레이브처럼 1:1로 대응되는 버추얼이 아니더라도 결국 인간 제작자는 존재하기 때문에 온전히 구설수로부터 자유롭진 못하다고 생각합니다! 다른 아이돌들 좋아하는 거랑 똑같다고 보시면 돼요😊,3,2024-09-27T16:20:46Z,0,UgwCw0E5p1KG6qLHcul4AaABAg,OT6uElfCI7o,UCFkpiEaDqjsGNIbLCZKUf_Q,2024-09-27T16:20:46Z,,긍정
노래 잘하는 외계인? 음악방송 1위 하는 버추얼 아이돌 (2024.09.27/뉴스데스크/MBC),MBCNEWS,최상위 댓글,@샤나-l6o,플레이브 라쓰고💙💜🩷❤️🖤,0,2024-09-28T10:27:20Z,0,UgwfIM1ZPdJBtzLcW9d4AaABAg,OT6uElfCI7o,UCqMn2f-O3fm7-3vaAKLbc3g,2024-09-28T10:27:20Z,,중립
노래 잘하는 외계인? 음악방송 1위 하는 버추얼 아이돌 (2024.09.27/뉴스데스크/MBC),MBCNEWS,최상위 댓글,@천재영-j6b,근데 노래가 진짜 좋음,1,2024-10-04T06:05:44Z,0,UgxBi9OG13U91t5Pne94AaABAg,OT6uElfCI7o,UCX5CWHrt4BSerxujOvECCAQ,2024-10-04T06:05:44Z,,중립
노래 잘하는 외계인? 음악방송 1위 하는 버추얼 아이돌 (2024.09.27/뉴스데스크/MBC),MBCNEWS,최상위 댓글,@raie_UwU,노래부터가 진짜 좋음,0,2024-10-02T08:46:58Z,0,UgzJOeT1AzHSVweWFXB4AaABAg,OT6uElfCI7o,UCH186ruVDwygX4tdjfkAmBA,2024-10-02T08:46:58Z,,중립
노래 잘하는 외계인? 음악방송 1위 하는 버추얼 아이돌 (2024.09.27/뉴스데스크/MBC),MBCNEWS,최상위 댓글,@plaverasterum,"귀 벌려 플레이브 들어간다
아 일단 잡숴 봐",2,2024-09-27T23:05:08Z,0,UgzIvp5BqGoWumKC25F4AaABAg,OT6uElfCI7o,UCosdAHJWyNu2QI2uCZ8q0bQ,2024-09-27T23:05:08Z,,중립
노래 잘하는 외계인? 음악방송 1위 하는 버추얼 아이돌 (2024.09.27/뉴스데스크/MBC),MBCNEWS,최상위 댓글,@원기아웃,"예전에  사이버가수 아담이라는 애 있지 않았나
그거 같은건가",1,2024-09-29T21:53:25Z,0,Ugw_JanodX6gf8WYQDl4AaABAg,OT6uElfCI7o,UCMRT_cgWu8-fGVhjcTBN1eA,2024-09-29T21:53:25Z,,중립
노래 잘하는 외계인? 음악방송 1위 하는 버추얼 아이돌 (2024.09.27/뉴스데스크/MBC),MBCNEWS,최상위 댓글,@user-hannong,작곡 작사도 잘하는 우리 플레이브💙💜🩷❤️🖤,0,2024-10-02T06:38:26Z,0,UgwwsuvvNyPzXeQZe7B4AaABAg,OT6uElfCI7o,UCReQMu3FEpJ2H-AMxNyeYMA,2024-10-02T06:38:26Z,,중립
노래 잘하는 외계인? 음악방송 1위 하는 버추얼 아이돌 (2024.09.27/뉴스데스크/MBC),MBCNEWS,최상위 댓글,@Hongdanf,버추얼 아이돌아 아닌 그냥 이 사람들이 너무 좋아요😢🤍,0,2024-09-28T08:54:01Z,0,UgwMFJtN4lz7c1UzgrR4AaABAg,OT6uElfCI7o,UCZgGoylFHg2MnsHkqzvnUjw,2024-09-28T08:54:01Z,,긍정
노래 잘하는 외계인? 음악방송 1위 하는 버추얼 아이돌 (2024.09.27/뉴스데스크/MBC),MBCNEWS,최상위 댓글,@kimel5373,"많은 사람중에 너희 다섯밖에 안 보여~~!!!
💙💜💗❤️🖤",1,2024-09-28T11:01:30Z,0,UgwMT9hEqmlhOyShvLN4AaABAg,OT6uElfCI7o,UCqwt07iO-BFWbBtfOUq0nIQ,2024-09-28T11:01:30Z,,중립
노래 잘하는 외계인? 음악방송 1위 하는 버추얼 아이돌 (2024.09.27/뉴스데스크/MBC),MBCNEWS,최상위 댓글,@coingoblin,덕질의 시대가 온다. 앞으로 사업화는 덕질하는 사람들을 타깃으로 생각하자! 미래시대는 덕질의 시대.,0,2024-09-30T14:49:32Z,0,Ugx8ix68WgV5TeTtJHN4AaABAg,OT6uElfCI7o,UCO2O4ItsjINqPcgrnfYQGdQ,2024-09-30T14:49:32Z,,중립
노래 잘하는 외계인? 음악방송 1위 하는 버추얼 아이돌 (2024.09.27/뉴스데스크/MBC),MBCNEWS,최상위 댓글,@E19-b2b,심하게 치명적인 외계인들... 나가는 출구가 진짜 안보입니다.🫠,1,2024-09-27T13:48:24Z,0,UgxnSIptX0nEjZuVmUF4AaABAg,OT6uElfCI7o,UCuKxFRf9HAAUTpf9FRVqTgA,2024-09-27T13:48:24Z,,중립
노래 잘하는 외계인? 음악방송 1위 하는 버추얼 아이돌 (2024.09.27/뉴스데스크/MBC),MBCNEWS,최상위 댓글,@Hgomsori12,멋찌다 플브 사랑해🥹💙💜💗❤️🖤,0,2024-10-07T17:29:49Z,0,UgyGAynsirp52bAbnXF4AaABAg,OT6uElfCI7o,UCkm8FJ3gNIlmhcjCFjB7Aqg,2024-10-07T17:29:49Z,,긍정
노래 잘하는 외계인? 음악방송 1위 하는 버추얼 아이돌 (2024.09.27/뉴스데스크/MBC),MBCNEWS,최상위 댓글,@이민기-v5u,저 가상 버츄얼 아이돌은 요즘 아이돌 처럼 알아듣기힘든 노래는 안내거든 그게 인기 비결이다,4,2024-10-02T16:08:33Z,1,UgxQNcM8afMBmAY-S6J4AaABAg,OT6uElfCI7o,UC1IDYZXBqVfps8qDzD9yDDA,2024-10-02T16:08:33Z,,중립
노래 잘하는 외계인? 음악방송 1위 하는 버추얼 아이돌 (2024.09.27/뉴스데스크/MBC),MBCNEWS,대댓글,@이민기-v5u,요즘 아이돌 노래 노래같기도 않으니 저 노래가 훨씬 백배 좋아 피카츄 백만볼트 짜릿짜릿? 그게 노래가....,2,2024-10-02T16:10:05Z,0,UgxQNcM8afMBmAY-S6J4AaABAg.A95gnOYt1Z7A95gya_tsEm,OT6uElfCI7o,UC1IDYZXBqVfps8qDzD9yDDA,2024-10-02T16:10:05Z,UgxQNcM8afMBmAY-S6J4AaABAg,긍정
노래 잘하는 외계인? 음악방송 1위 하는 버추얼 아이돌 (2024.09.27/뉴스데스크/MBC),MBCNEWS,최상위 댓글,@이게머꼬-t5h,내가 요즘 세상에 관심이 없긴 했구나 있는줄도 몰랐네 아담은 좋아했었는데,0,2024-09-29T05:18:06Z,0,Ugyx1OWq9KEACJqjn9N4AaABAg,OT6uElfCI7o,UCjK0EWTKNYAqxOnE9PawQ6A,2024-09-29T05:18:06Z,,긍정
노래 잘하는 외계인? 음악방송 1위 하는 버추얼 아이돌 (2024.09.27/뉴스데스크/MBC),MBCNEWS,최상위 댓글,@Yejun_myHusband,다들 버블 한 번만 잡솨바...,1,2024-09-28T04:47:54Z,0,UgzXnbxHiPji1JdlwfF4AaABAg,OT6uElfCI7o,UCeaxSmIGBXgpWCKWerkrN8A,2024-09-28T04:47:54Z,,중립
노래 잘하는 외계인? 음악방송 1위 하는 버추얼 아이돌 (2024.09.27/뉴스데스크/MBC),MBCNEWS,최상위 댓글,@povy077,한때 플리였고 현 이파리로써 모든 버튜버들을 응원합니다 ❤😍,0,2024-10-05T02:12:38Z,0,UgzgRQMDeEXbo0LhLhF4AaABAg,OT6uElfCI7o,UCslQpPZJqD4jc08yxIiPovA,2024-10-05T02:12:38Z,,긍정
노래 잘하는 외계인? 음악방송 1위 하는 버추얼 아이돌 (2024.09.27/뉴스데스크/MBC),MBCNEWS,최상위 댓글,@윤지김-j4m,이제 빠져나올 수 없게되었음..,0,2024-09-28T09:16:54Z,0,UgyPyAEUR1VO-tOlBLZ4AaABAg,OT6uElfCI7o,UCSj0tV3_YiGxHqejv-9eWCw,2024-09-28T09:16:54Z,,중립
노래 잘하는 외계인? 음악방송 1위 하는 버추얼 아이돌 (2024.09.27/뉴스데스크/MBC),MBCNEWS,최상위 댓글,@sailor31moon,너뮤 감사합니다 플레이브 소개해 주셔서 복받으실 거예요. 편견없는 세상 만들어용😊❤,0,2024-10-10T01:25:42Z,0,Ugx_36EZ3jcLs5ORfZx4AaABAg,OT6uElfCI7o,UCqjkTTgNmuDC_xAwamkmyEw,2024-10-10T01:25:42Z,,긍정
노래 잘하는 외계인? 음악방송 1위 하는 버추얼 아이돌 (2024.09.27/뉴스데스크/MBC),MBCNEWS,최상위 댓글,@뭐하자는거야_PLLI,플레이브 제발 영원히 함께해ㅠㅠ❤,0,2024-10-10T07:41:53Z,0,Ugweot5hniJmyh6x8jt4AaABAg,OT6uElfCI7o,UCHLZ7gPZJ6sJYecZo0Zi8PQ,2024-10-10T07:41:53Z,,중립
노래 잘하는 외계인? 음악방송 1위 하는 버추얼 아이돌 (2024.09.27/뉴스데스크/MBC),MBCNEWS,최상위 댓글,@독다이,대선배 아담을 찬양하거라~ㅋㅋㅋ,1,2024-09-29T21:40:00Z,0,UgxMoTKOxbtytJL5NFJ4AaABAg,OT6uElfCI7o,UCchoh2WkNay7zIsRaHxaa3Q,2024-09-29T21:40:00Z,,중립
노래 잘하는 외계인? 음악방송 1위 하는 버추얼 아이돌 (2024.09.27/뉴스데스크/MBC),MBCNEWS,최상위 댓글,@jojifan-c2e,참 세상이 날 몰카하나...,4,2024-10-03T10:20:59Z,0,Ugys8LFOykjJmclMrXR4AaABAg,OT6uElfCI7o,UCgCrwuRUVBSrY3Y9ScTIXmA,2024-10-03T10:20:59Z,,중립
노래 잘하는 외계인? 음악방송 1위 하는 버추얼 아이돌 (2024.09.27/뉴스데스크/MBC),MBCNEWS,최상위 댓글,@BitJenny,플뷰 러뷰💖,2,2024-09-28T02:27:42Z,0,UgxurfmNqXlFybE3b0x4AaABAg,OT6uElfCI7o,UCkeH9nZ0xhN-m2UxZdD11LQ,2024-09-28T02:27:42Z,,중립
노래 잘하는 외계인? 음악방송 1위 하는 버추얼 아이돌 (2024.09.27/뉴스데스크/MBC),MBCNEWS,최상위 댓글,@tlsdofk007,우리 애들이 역시 최고죠 다 잘하는 외계인 완벽!! 솔직히 노래 라이브 못하는 아이돌보단 가상 작곡 작사 노래 춤 댄스 다 잘하는 외계인 아이돌이 더 좋잖아요.,1,2024-10-01T14:21:04Z,0,UgwPtNGhyXcELt8TbC14AaABAg,OT6uElfCI7o,UCNjTvIyyekIPHdKpVCGRPUA,2024-10-01T14:21:04Z,,긍정
노래 잘하는 외계인? 음악방송 1위 하는 버추얼 아이돌 (2024.09.27/뉴스데스크/MBC),MBCNEWS,최상위 댓글,@sanwoo_yeon,테라정복 라쓰고,20,2024-09-27T11:43:02Z,0,UgwrNG2jd0BgondF8Ut4AaABAg,OT6uElfCI7o,UCoUomi4rExqQxs9_JLkx_gQ,2024-09-27T11:43:02Z,,중립
노래 잘하는 외계인? 음악방송 1위 하는 버추얼 아이돌 (2024.09.27/뉴스데스크/MBC),MBCNEWS,최상위 댓글,@yejunspinkwhale,모르면 좀 지나갑시다~ 남의 잔칫집에 훼방 놓지 마시고~ 플레이브 세계정복 라쓰고!,15,2024-09-27T11:46:49Z,0,Ugz4gjJC95iRUn4Klz94AaABAg,OT6uElfCI7o,UC6_m7-ho12Pcz7tZmzzCfjA,2024-09-27T11:46:49Z,,중립
노래 잘하는 외계인? 음악방송 1위 하는 버추얼 아이돌 (2024.09.27/뉴스데스크/MBC),MBCNEWS,최상위 댓글,@그냥살아-o8y,사고 안 치고 얼마나 좋아~~~~,0,2024-09-28T05:52:16Z,0,UgxTezbV_wpVcPchxXF4AaABAg,OT6uElfCI7o,UCYJWpo3RSqNZbAUrn_Sy2vQ,2024-09-28T05:52:16Z,,긍정
노래 잘하는 외계인? 음악방송 1위 하는 버추얼 아이돌 (2024.09.27/뉴스데스크/MBC),MBCNEWS,최상위 댓글,@Hannah-l6h4t,꾸준히 좋은 음악과 무대 만들어주는 플레이브! 앞으로도 응원할게요🥹🫶 본업할 때 참 행복해보여서 팬으로서 기분이 좋아요 항상,0,2024-09-30T11:49:06Z,0,UgwVNvg2nCz-WQ4wthx4AaABAg,OT6uElfCI7o,UChV6ahG1FrBegPvj8SzHenw,2024-09-30T11:49:06Z,,긍정
노래 잘하는 외계인? 음악방송 1위 하는 버추얼 아이돌 (2024.09.27/뉴스데스크/MBC),MBCNEWS,최상위 댓글,@ine_922,가수가 노래잘부르고 춤잘추고 팬사랑넘치고 잘생기면 끝 아닌가 💙💜💗❤️🖤,1,2024-09-27T13:30:03Z,0,Ugwgl8G_aDAaiep4hTN4AaABAg,OT6uElfCI7o,UC4RhhLPghoiy-qECmcbhb3w,2024-09-27T13:30:03Z,,긍정
노래 잘하는 외계인? 음악방송 1위 하는 버추얼 아이돌 (2024.09.27/뉴스데스크/MBC),MBCNEWS,최상위 댓글,@xdstncx,💙💜💗❤️🖤,2,2024-09-27T17:43:01Z,0,UgzdlfXz0SRPwQrtGZl4AaABAg,OT6uElfCI7o,UCtdw4mJrU4BJ6jV_2rXZx3Q,2024-09-27T17:43:01Z,,중립
노래 잘하는 외계인? 음악방송 1위 하는 버추얼 아이돌 (2024.09.27/뉴스데스크/MBC),MBCNEWS,최상위 댓글,@오늘이하루-i1m,플레이쁘!!!,0,2024-10-04T03:19:02Z,0,UgzZ_EKT-p0fz5qRB8N4AaABAg,OT6uElfCI7o,UCijvz34RDjmPy7HqKYRcJXQ,2024-10-04T03:19:02Z,,중립
노래 잘하는 외계인? 음악방송 1위 하는 버추얼 아이돌 (2024.09.27/뉴스데스크/MBC),MBCNEWS,최상위 댓글,@비타민흑화,아빠왈 : 늙지않으니깐 팬들이 더좋아하겠네 ~,1,2024-10-02T07:42:29Z,0,UgzgG5v-zt7Cg0N_KCB4AaABAg,OT6uElfCI7o,UCOepfOmlRM3sNPw6Xdkeo6Q,2024-10-02T07:42:29Z,,긍정
노래 잘하는 외계인? 음악방송 1위 하는 버추얼 아이돌 (2024.09.27/뉴스데스크/MBC),MBCNEWS,최상위 댓글,@BBamby700,✨💙💜💗❤️🖤✨,2,2024-09-27T12:09:06Z,0,UgzJds5sDumtiP1DKal4AaABAg,OT6uElfCI7o,UCA6HXYjuMQXRwvdk3YpFFsg,2024-09-27T12:09:06Z,,중립
노래 잘하는 외계인? 음악방송 1위 하는 버추얼 아이돌 (2024.09.27/뉴스데스크/MBC),MBCNEWS,최상위 댓글,@lets_toast,플부사랑해 💙💜💗❤️🖤,3,2024-09-27T13:02:04Z,0,Ugw6Aazo704QIaXBp0Z4AaABAg,OT6uElfCI7o,UC-afAsweQJS9PCPpqNf01Tw,2024-09-27T13:02:04Z,,긍정
노래 잘하는 외계인? 음악방송 1위 하는 버추얼 아이돌 (2024.09.27/뉴스데스크/MBC),MBCNEWS,최상위 댓글,@히히-x5b,모든곡 작사작곡에 안무랑 콘서트 대형도 자기들끼리 하고 라이브 맨날함 방송에서도하고 버블에도 노래불러주고 솔직히 요즘 아이돌보다 소통많이하고 실력도 훨씬좋음 버추얼이라고 무작정 욕하지말구 노래만 들어보셈 일단,4,2024-10-18T23:01:18Z,0,UgwML6pj5ydR6FThNOF4AaABAg,OT6uElfCI7o,UC2G1VEH-T5UWLjWJuKcJhDg,2024-10-18T23:01:18Z,,중립
노래 잘하는 외계인? 음악방송 1위 하는 버추얼 아이돌 (2024.09.27/뉴스데스크/MBC),MBCNEWS,최상위 댓글,@diytoday-z2x,아담삼촌!!,1,2024-09-29T12:40:27Z,0,UgyeCdx7VfVHes6ZABl4AaABAg,OT6uElfCI7o,UCE2HeD4LTSfSc8bjwFy1kmg,2024-09-29T12:40:27Z,,중립
노래 잘하는 외계인? 음악방송 1위 하는 버추얼 아이돌 (2024.09.27/뉴스데스크/MBC),MBCNEWS,최상위 댓글,@turkki_1_kiku,아니 진심 뉴스까지 나올줄 몰라따구여,0,2024-10-05T12:13:31Z,0,UgxzWN0E79UTwgIH9g54AaABAg,OT6uElfCI7o,UC89isYU---SgTlb__DsCogQ,2024-10-05T12:13:31Z,,중립
노래 잘하는 외계인? 음악방송 1위 하는 버추얼 아이돌 (2024.09.27/뉴스데스크/MBC),MBCNEWS,최상위 댓글,@lena-oz,플레이브 시작한지 얼마안됐을 때 굿즈 산 과거의 나자신 칭찬해,1,2024-10-02T17:46:19Z,0,Ugxr-ROxX5xLUmTnG3h4AaABAg,OT6uElfCI7o,UCP0TSi33ZI-q6ofNZy-NFTw,2024-10-02T17:46:19Z,,긍정
노래 잘하는 외계인? 음악방송 1위 하는 버추얼 아이돌 (2024.09.27/뉴스데스크/MBC),MBCNEWS,최상위 댓글,@시임-h2n,정말 좋아요!!!,1,2024-09-27T13:44:50Z,0,UgycFQukDPjREHyNTb14AaABAg,OT6uElfCI7o,UC-3jLdaP40-KhqYyyF9Mffw,2024-09-27T13:44:50Z,,긍정
노래 잘하는 외계인? 음악방송 1위 하는 버추얼 아이돌 (2024.09.27/뉴스데스크/MBC),MBCNEWS,최상위 댓글,@정다정-o9i,와 진짜 플리인 내가 자랑스럽다..,0,2024-09-30T10:11:44Z,0,Ugz6PVonuTi3PagA5dd4AaABAg,OT6uElfCI7o,UC_luih7kS4maJUHY5-TH16g,2024-09-30T10:11:44Z,,중립
노래 잘하는 외계인? 음악방송 1위 하는 버추얼 아이돌 (2024.09.27/뉴스데스크/MBC),MBCNEWS,최상위 댓글,@user-iq1ks6rj6f,플레이브는 정말 외계인일까...ㅋㅋㅋㅋㅋㅋㅋㅋㅋ,1,2024-10-02T16:22:03Z,0,UgwPAwY5dV3YPTomYex4AaABAg,OT6uElfCI7o,UC9ZwauJ6dG9f4UTVSd0N_wg,2024-10-02T16:22:03Z,,중립
노래 잘하는 외계인? 음악방송 1위 하는 버추얼 아이돌 (2024.09.27/뉴스데스크/MBC),MBCNEWS,최상위 댓글,@다비-m5v,플레이브 최고!! 노래도좋고애들 너무멋져요❤,0,2024-10-12T15:00:03Z,0,UgygfMaKmhkQ7sLAYst4AaABAg,OT6uElfCI7o,UC7xqYRutkQ0zLhAJYta9-vA,2024-10-12T15:00:03Z,,긍정
노래 잘하는 외계인? 음악방송 1위 하는 버추얼 아이돌 (2024.09.27/뉴스데스크/MBC),MBCNEWS,최상위 댓글,@seon0ha,💙💜💓🖤💚,2,2024-09-27T12:40:31Z,0,UgxvAyRJsHA2UO-YGCt4AaABAg,OT6uElfCI7o,UCssU99PQz1kC0kHiJiE9zog,2024-09-27T12:40:31Z,,중립
노래 잘하는 외계인? 음악방송 1위 하는 버추얼 아이돌 (2024.09.27/뉴스데스크/MBC),MBCNEWS,최상위 댓글,@Winter_Im,"딱히 버추얼(늙지 않고, 구설없다는 등)이라서 좋아하는 게 아니라 걍 아이돌로써 본업(작곡, 작사, 노래, 춤) 잘하는데, 소통도 재밌고 팬들한테 잘하니까 더 좋은 거임. 특히 노래가 진짜 좋음.",1,2024-09-28T19:08:02Z,0,Ugzcw0Ta14oLPIrG3BF4AaABAg,OT6uElfCI7o,UCOaUv1skPWapRZBisIfK_ug,2024-09-28T19:08:02Z,,긍정
노래 잘하는 외계인? 음악방송 1위 하는 버추얼 아이돌 (2024.09.27/뉴스데스크/MBC),MBCNEWS,최상위 댓글,@예덩이절대지켜,사랑해 내가수들💙💜💗❤️🖤,1,2024-09-27T12:53:15Z,0,UgxFyTLG1SXzAhMTN7t4AaABAg,OT6uElfCI7o,UCy_Xza7NW4StvpxEgQcqtgw,2024-09-27T12:53:15Z,,긍정
노래 잘하는 외계인? 음악방송 1위 하는 버추얼 아이돌 (2024.09.27/뉴스데스크/MBC),MBCNEWS,최상위 댓글,@silverstargamer,플레이브 사랑해💜💜,0,2024-09-30T00:29:51Z,0,Ugwl95R0RXXUL3RmjOh4AaABAg,OT6uElfCI7o,UCeiiDVj0qpkK5fLWsWHsVHg,2024-09-30T00:29:51Z,,긍정
노래 잘하는 외계인? 음악방송 1위 하는 버추얼 아이돌 (2024.09.27/뉴스데스크/MBC),MBCNEWS,최상위 댓글,@Bella-up8hz,신기하네..,1,2024-09-29T02:02:24Z,0,Ugzas9VcUZ5Z4vulXSB4AaABAg,OT6uElfCI7o,UC5MEXwWlGTYa3LgiAIYpUJQ,2024-09-29T02:02:24Z,,중립
노래 잘하는 외계인? 음악방송 1위 하는 버추얼 아이돌 (2024.09.27/뉴스데스크/MBC),MBCNEWS,최상위 댓글,@youngx_x1215,므야 우리애들 뉴스 나왔네,2,2024-09-27T15:22:28Z,0,Ugy9eTzgZikQ5Y5Fwq94AaABAg,OT6uElfCI7o,UCV-rlkF62Fzh4s19X7GndVw,2024-09-27T15:22:28Z,,중립
노래 잘하는 외계인? 음악방송 1위 하는 버추얼 아이돌 (2024.09.27/뉴스데스크/MBC),MBCNEWS,최상위 댓글,@sio-o3j,화이팅,1,2024-10-02T12:14:45Z,0,Ugw9cmJgBdwX33NXvGN4AaABAg,OT6uElfCI7o,UCxoSA26o8j2UWrKTFP299UA,2024-10-02T12:14:45Z,,중립
노래 잘하는 외계인? 음악방송 1위 하는 버추얼 아이돌 (2024.09.27/뉴스데스크/MBC),MBCNEWS,최상위 댓글,@릭플레어-o2x,우리가 소설 영화 드라마를 좋아하는 이유와 같다 실제라서 좋아하는게 아니잖아?,0,2024-10-01T17:04:03Z,0,UgxymcPV3NB-LauTlgR4AaABAg,OT6uElfCI7o,UCl2wA-2uZ5YM1MwKHPEziGw,2024-10-01T17:04:25Z,,긍정
노래 잘하는 외계인? 음악방송 1위 하는 버추얼 아이돌 (2024.09.27/뉴스데스크/MBC),MBCNEWS,최상위 댓글,@eden_doodle,"저도 버츄얼 뭔지도 몰랐던 사람인데  플레이브 오류영상 누가 보여줘서 봤다가 너무 웃겨서 다른영상도 찾아보다보니 어느새 한달이 지나있고 그렇게 플리가 되어있더라고요
본업도 잘하는데 팬들한테 소통도 엄청 잘해줘서 안빠질 수 없었어요 💙💜💗❤️🖤",1,2024-09-28T09:33:20Z,0,UgxkhYGECNA1GTju6m14AaABAg,OT6uElfCI7o,UC8nYRel0o8Qa64YC0gHZXrw,2024-09-28T09:33:20Z,,긍정
노래 잘하는 외계인? 음악방송 1위 하는 버추얼 아이돌 (2024.09.27/뉴스데스크/MBC),MBCNEWS,최상위 댓글,@Alclssha123,"이것도 시대의 흐름이지 ㅋㅋ
처음 우리나라 아이돌 나왔을때 욕안먹었을것같냐 ㅋㅋ
나도 아이돌 노래 괜찮은건 다 듣는데 얼굴도 맴버 이름도 모르는경우 많음
그냥 그런가보다 하면 자언스러워질거다",4,2024-10-01T10:25:51Z,0,UgyBMxJYVZTEF00Fz094AaABAg,OT6uElfCI7o,UCz1hY5ymg23HunR5F6RqSDQ,2024-10-01T10:25:51Z,,중립
노래 잘하는 외계인? 음악방송 1위 하는 버추얼 아이돌 (2024.09.27/뉴스데스크/MBC),MBCNEWS,최상위 댓글,@에겐고양이즈,이세돌 렛츠고,0,2024-10-23T03:56:40Z,0,UgzMhoagn14gNoUy2U54AaABAg,OT6uElfCI7o,UCrZzpzC2_YafVbyzo4aC52A,2024-10-23T03:56:40Z,,중립
노래 잘하는 외계인? 음악방송 1위 하는 버추얼 아이돌 (2024.09.27/뉴스데스크/MBC),MBCNEWS,최상위 댓글,@NeoGreenAlien,카페 예약 페이지 무한 확인하면서 이 뉴스 보는 내가 레전드,1,2024-09-27T16:17:21Z,0,UgxovuKh0Jks647gaFd4AaABAg,OT6uElfCI7o,UCLT900lQh-mq4pTIviQS7AA,2024-09-27T16:17:21Z,,중립
노래 잘하는 외계인? 음악방송 1위 하는 버추얼 아이돌 (2024.09.27/뉴스데스크/MBC),MBCNEWS,최상위 댓글,@nonon-9,노래가 너무 좋아요ㅎㅎ,1,2024-09-28T10:55:12Z,0,Ugy9s4DP6X0vWm-SD614AaABAg,OT6uElfCI7o,UC6L2cTYv8Af0lthuBtAN62Q,2024-09-28T10:55:12Z,,긍정
노래 잘하는 외계인? 음악방송 1위 하는 버추얼 아이돌 (2024.09.27/뉴스데스크/MBC),MBCNEWS,최상위 댓글,@user-sii4869,자랑스럽다!!,0,2024-09-30T22:10:19Z,0,Ugxqjf9b8BnJjngB_Qx4AaABAg,OT6uElfCI7o,UCjvGBLZD1lbTLS8qcOYPsVw,2024-09-30T22:10:19Z,,중립
노래 잘하는 외계인? 음악방송 1위 하는 버추얼 아이돌 (2024.09.27/뉴스데스크/MBC),MBCNEWS,최상위 댓글,@우쭈쭈-u7p,💙💜🩷❤️🖤,1,2024-10-06T18:50:34Z,0,Ugw0ujAoCgv5rwXFC4R4AaABAg,OT6uElfCI7o,UCUxxu4GsXGqQK1HL09w5-jQ,2024-10-06T18:50:34Z,,중립
노래 잘하는 외계인? 음악방송 1위 하는 버추얼 아이돌 (2024.09.27/뉴스데스크/MBC),MBCNEWS,최상위 댓글,@Kre01_12,👊💥,1,2024-09-27T13:42:53Z,0,UgzTJQ3l8YJPjcgK97d4AaABAg,OT6uElfCI7o,UCbyGmWnhXa-v26SKJzV7UAQ,2024-09-27T13:42:53Z,,중립
노래 잘하는 외계인? 음악방송 1위 하는 버추얼 아이돌 (2024.09.27/뉴스데스크/MBC),MBCNEWS,최상위 댓글,@알러뷰뿅뿅-b4d,플리:내가 이렇게 좋아할지 몰랐어요..❤,1,2024-10-03T22:07:30Z,0,Ugy5QIwI072rnVh7gUB4AaABAg,OT6uElfCI7o,UCKhe3betmRNjsSWCkNuMVBg,2024-10-03T22:07:30Z,,긍정
노래 잘하는 외계인? 음악방송 1위 하는 버추얼 아이돌 (2024.09.27/뉴스데스크/MBC),MBCNEWS,최상위 댓글,@뚤뚤-s1c,플레이브 어케 안 좋아하는 데 ..,2,2024-09-28T02:53:51Z,0,UgwOx99vQn-FJPemdsN4AaABAg,OT6uElfCI7o,UCsy_ztmQx2eEWwEh5LIFxxA,2024-09-28T02:53:51Z,,긍정
노래 잘하는 외계인? 음악방송 1위 하는 버추얼 아이돌 (2024.09.27/뉴스데스크/MBC),MBCNEWS,최상위 댓글,@pakinjae,조만간 꼭두각시인형 아이돌 나올듯,2,2024-09-30T19:53:27Z,0,Ugwze2SWtcYzZUyDWIl4AaABAg,OT6uElfCI7o,UCzm-oYpj9G5-j17MNL_JE0w,2024-09-30T19:53:27Z,,중립
노래 잘하는 외계인? 음악방송 1위 하는 버추얼 아이돌 (2024.09.27/뉴스데스크/MBC),MBCNEWS,최상위 댓글,@Rrrrrrr_09119,어떤 모습으로 활동하는지는 중요하지 않다고 생각해요 실력만 있으면 되죠💙💜💗❤️🖤,14,2024-09-27T12:38:44Z,0,UgyfpRM1SFzO0xvhx-l4AaABAg,OT6uElfCI7o,UCpZpE2Zx6dwnDeBd1ZRzKXw,2024-09-27T12:38:44Z,,중립
노래 잘하는 외계인? 음악방송 1위 하는 버추얼 아이돌 (2024.09.27/뉴스데스크/MBC),MBCNEWS,최상위 댓글,@yuurimeow,🙌🏻🙌🏻🙌🏻,0,2024-09-28T02:41:45Z,0,UgzeQb94JUWm7scq2uR4AaABAg,OT6uElfCI7o,UCT2kaJEOK_0oiPchWJOCfTQ,2024-09-28T02:41:45Z,,중립
노래 잘하는 외계인? 음악방송 1위 하는 버추얼 아이돌 (2024.09.27/뉴스데스크/MBC),MBCNEWS,최상위 댓글,@ImnotJanne,Plave 💙💜🩷❤️🖤,1,2024-09-27T14:14:07Z,0,UgwU77bpC435WlwfgKh4AaABAg,OT6uElfCI7o,UCB_riW3-nG1SwgRnLBOw40g,2024-09-27T14:14:07Z,,중립
노래 잘하는 외계인? 음악방송 1위 하는 버추얼 아이돌 (2024.09.27/뉴스데스크/MBC),MBCNEWS,최상위 댓글,@1Punch-3Popcorns,자 이제 로봇 아이돌 등장해주세요.,1,2024-09-27T17:54:43Z,0,UgwHDOjIQ2EPDnb-vvR4AaABAg,OT6uElfCI7o,UCV-BjXRay5dkEmfH3kUtVvA,2024-09-27T17:54:43Z,,중립
노래 잘하는 외계인? 음악방송 1위 하는 버추얼 아이돌 (2024.09.27/뉴스데스크/MBC),MBCNEWS,최상위 댓글,@suwon13,지금 사는 세상 자체가 거대한 메타버스일지도,0,2024-09-27T12:14:52Z,0,UgxFtkIhwKkijbLqTct4AaABAg,OT6uElfCI7o,UCGbxfeEEnKJvYIeUyBRopgg,2024-09-27T12:14:52Z,,중립
노래 잘하는 외계인? 음악방송 1위 하는 버추얼 아이돌 (2024.09.27/뉴스데스크/MBC),MBCNEWS,최상위 댓글,@meow-meso,저런건 절대 성공 못한다고 할라 그랬는데 벌써 팬이 있네....,0,2024-09-30T00:31:29Z,0,UgwxW_HR55-6BLX8AgF4AaABAg,OT6uElfCI7o,UCVoe-fxKdwmnaVDoVIDAOqQ,2024-09-30T00:31:29Z,,중립
노래 잘하는 외계인? 음악방송 1위 하는 버추얼 아이돌 (2024.09.27/뉴스데스크/MBC),MBCNEWS,최상위 댓글,@Artist_z7s-v2z,분명 들어오는 문은 있었는데 출구가 없단 말이야?,1,2024-09-27T23:12:58Z,0,UgwvAQSFIdnSnCnjDVd4AaABAg,OT6uElfCI7o,UCVJEYFOICfZA_-GbB6bMmug,2024-09-27T23:12:58Z,,중립
노래 잘하는 외계인? 음악방송 1위 하는 버추얼 아이돌 (2024.09.27/뉴스데스크/MBC),MBCNEWS,최상위 댓글,@cmzlsp,진짜 우리 플브 많이 사랑해💙💜🩷❤️🖤,0,2024-10-07T22:22:27Z,0,Ugyek5TGGoHdLRI2bEp4AaABAg,OT6uElfCI7o,UCxr_PjNfZopxUBpPT3v-i6g,2024-10-07T22:22:27Z,,긍정
노래 잘하는 외계인? 음악방송 1위 하는 버추얼 아이돌 (2024.09.27/뉴스데스크/MBC),MBCNEWS,최상위 댓글,@MidoLee-d6n,본업 잘하는 가수들,0,2024-10-01T05:19:47Z,0,Ugzaa9w8dsw4c9pk-dF4AaABAg,OT6uElfCI7o,UCyrQY9hsw81JvvzBbjlJ62Q,2024-10-01T05:19:47Z,,중립
노래 잘하는 외계인? 음악방송 1위 하는 버추얼 아이돌 (2024.09.27/뉴스데스크/MBC),MBCNEWS,최상위 댓글,@lockepsy92,ㅋㅋㅋㅋㅋㅋㅋㅋㅋㅋㅋㅋㅋㅋㅋㅋㅋㅋㅋㅋㅋㅋㅋㅋ,0,2024-09-30T03:30:13Z,0,Ugxn5hvVbOoGOXVXmCB4AaABAg,OT6uElfCI7o,UCPVzgEWdLio0Mirdx0tx_0Q,2024-09-30T03:30:13Z,,중립
노래 잘하는 외계인? 음악방송 1위 하는 버추얼 아이돌 (2024.09.27/뉴스데스크/MBC),MBCNEWS,최상위 댓글,@심심행심심해,이게뭐야.. 하는순간 끝난거임 나도그랬거든..😂,0,2024-09-30T12:34:48Z,0,UgzgDE5LrhX_88dSxE54AaABAg,OT6uElfCI7o,UC4Uc9AeM0eizfUPdS-fOzSQ,2024-09-30T12:34:48Z,,중립
노래 잘하는 외계인? 음악방송 1위 하는 버추얼 아이돌 (2024.09.27/뉴스데스크/MBC),MBCNEWS,최상위 댓글,@03hzlpvsz,"PLAVE 에스테틱 카페의 아이디어가 정말 마음에 들어요. Cafe Asterum 433_10, 최고예요! 맛있어요!",3,2024-09-27T12:43:17Z,0,UgxXW8stLvsfSwMuJBl4AaABAg,OT6uElfCI7o,UCQzAgSBF-IKCRmCTVznP5ig,2024-09-27T12:43:17Z,,긍정
노래 잘하는 외계인? 음악방송 1위 하는 버추얼 아이돌 (2024.09.27/뉴스데스크/MBC),MBCNEWS,최상위 댓글,@앙제_a,플리되길 잘했다😊,0,2024-09-30T11:42:53Z,0,UgzZhW_p5wf-aic4mkh4AaABAg,OT6uElfCI7o,UCA8BhFwTiymMCqCGApb75DA,2024-09-30T11:42:53Z,,중립
노래 잘하는 외계인? 음악방송 1위 하는 버추얼 아이돌 (2024.09.27/뉴스데스크/MBC),MBCNEWS,최상위 댓글,@SuKim-l2r,이세돌도 화이팅,1,2024-10-02T13:03:04Z,0,Ugz-itZjP-YmfOZ2Zzl4AaABAg,OT6uElfCI7o,UC6YNRBKwlL8OYb4GB2pmvgg,2024-10-02T13:03:04Z,,중립
노래 잘하는 외계인? 음악방송 1위 하는 버추얼 아이돌 (2024.09.27/뉴스데스크/MBC),MBCNEWS,최상위 댓글,@그립습니다윤어게인,"욕하려는건 아닌데.
뒷모습이 있을거다.무조건",2,2024-10-02T16:00:56Z,0,UgzLVGBbpdO7Vc1v__t4AaABAg,OT6uElfCI7o,UCT2An1g1cK5q_I76Tm0ifvw,2024-10-02T16:00:56Z,,중립
노래 잘하는 외계인? 음악방송 1위 하는 버추얼 아이돌 (2024.09.27/뉴스데스크/MBC),MBCNEWS,최상위 댓글,@최피셔-s9g,노래한번듣고 '어? 노래좋네?' 하고 쇼츠를 뒤적거리다 영상을 보게되고 마지막으로 라방을 보게 되었다면 당신은 플리입니다.,0,2024-10-02T11:25:37Z,0,UgwjmvlVhTKfQO2ZMad4AaABAg,OT6uElfCI7o,UC_WEeuiFvEH70QzPa3CTm5A,2024-10-02T11:25:37Z,,긍정
노래 잘하는 외계인? 음악방송 1위 하는 버추얼 아이돌 (2024.09.27/뉴스데스크/MBC),MBCNEWS,최상위 댓글,@Shongshongbeee,💙💜💗❤️🖤,1,2024-09-27T23:27:09Z,0,UgxgLXSsxBS3Az5jkON4AaABAg,OT6uElfCI7o,UCg5oFJzXc409OT4R6PQ-cfA,2024-09-27T23:27:09Z,,중립
노래 잘하는 외계인? 음악방송 1위 하는 버추얼 아이돌 (2024.09.27/뉴스데스크/MBC),MBCNEWS,최상위 댓글,@Bkakgm,내가 진짜 이렇게 빠질줄 누가 알았겟음..,0,2024-09-28T09:14:10Z,0,Ugyy_Fgh-3hAYRfUtYB4AaABAg,OT6uElfCI7o,UCupa5jvgrzYFxX7ZxBZM2AQ,2024-09-28T09:14:10Z,,중립
노래 잘하는 외계인? 음악방송 1위 하는 버추얼 아이돌 (2024.09.27/뉴스데스크/MBC),MBCNEWS,최상위 댓글,@u_ex_19,얼굴만 예쁜 요즘 아이돌보다 훨 좋지,2,2024-10-03T17:34:26Z,0,Ugzk2CjqwtEJ4cZfFn14AaABAg,OT6uElfCI7o,UCjC7gWhCfU6_QaMrYlVoQug,2024-10-03T17:34:26Z,,중립
노래 잘하는 외계인? 음악방송 1위 하는 버추얼 아이돌 (2024.09.27/뉴스데스크/MBC),MBCNEWS,최상위 댓글,@Pedro-ly5bg,곧 매트릭스 현실판 보겠네,1,2024-10-03T08:38:13Z,0,Ugws2ZB7rx5Y5AJDT6V4AaABAg,OT6uElfCI7o,UChdW0x_GX1Rlj6QBJLA9Usg,2024-10-03T08:38:13Z,,중립
노래 잘하는 외계인? 음악방송 1위 하는 버추얼 아이돌 (2024.09.27/뉴스데스크/MBC),MBCNEWS,최상위 댓글,@Ddoddonga,평플 라쓰고💙💜💗❤️🖤,2,2024-09-27T14:51:27Z,0,UgzypHUkTq8F9f5ixoR4AaABAg,OT6uElfCI7o,UCFVrebHWtIT4Zo6KHovX-Ig,2024-09-27T14:51:27Z,,중립
노래 잘하는 외계인? 음악방송 1위 하는 버추얼 아이돌 (2024.09.27/뉴스데스크/MBC),MBCNEWS,최상위 댓글,@font-12,노래가 넘 좋아요,0,2024-10-01T05:07:34Z,0,UgzknV06GGdYDxLkIlN4AaABAg,OT6uElfCI7o,UCNXQ7sxtwQ9kfYLg2hDN94A,2024-10-01T05:07:34Z,,긍정
노래 잘하는 외계인? 음악방송 1위 하는 버추얼 아이돌 (2024.09.27/뉴스데스크/MBC),MBCNEWS,최상위 댓글,@IDV_RobbieWhite,씹덕스럽긴 하지만 솔찍히 나도 내 최애 아이돌 데뷔하면 덕질 오질 것 같음..,1,2024-10-02T11:13:22Z,0,UgwO3u4QlluMENt9w_94AaABAg,OT6uElfCI7o,UCPLDJpTBszpka9io1xvq7kQ,2024-10-02T11:13:22Z,,중립
노래 잘하는 외계인? 음악방송 1위 하는 버추얼 아이돌 (2024.09.27/뉴스데스크/MBC),MBCNEWS,최상위 댓글,@낚시본능,그립읍니다. 아담행님. 그곳에선 잘계십니까,0,2024-09-28T05:24:30Z,0,UgwK6foi_78dUkw9Gd14AaABAg,OT6uElfCI7o,UC9Bwj1BBBzqcDMR0uJz1lmg,2024-09-28T05:24:30Z,,중립
노래 잘하는 외계인? 음악방송 1위 하는 버추얼 아이돌 (2024.09.27/뉴스데스크/MBC),MBCNEWS,최상위 댓글,@ara_ara131,"Plave, you always be the blueprint. Thank you for comings to our life. Love love💙💜💓❤️🖤",2,2024-09-27T13:15:58Z,0,UgyTjzIzT8GM6jryc6l4AaABAg,OT6uElfCI7o,UCqdGT6m_7-BYw2LbfKDvNWw,2024-09-27T13:15:58Z,,긍정
노래 잘하는 외계인? 음악방송 1위 하는 버추얼 아이돌 (2024.09.27/뉴스데스크/MBC),MBCNEWS,최상위 댓글,@깜냥-u8r,우리 플브는 입구는 있어도 출구는 없습니다 평플 라쓰고💙💜🩷❤️🖤,2,2024-09-27T14:49:32Z,0,UgyQwVUbUjmSjVLJof14AaABAg,OT6uElfCI7o,UCoEvDtK0WzFJbTTLqy7hmpg,2024-09-27T14:49:32Z,,중립
노래 잘하는 외계인? 음악방송 1위 하는 버추얼 아이돌 (2024.09.27/뉴스데스크/MBC),MBCNEWS,최상위 댓글,@font-12,❤,0,2024-10-01T17:03:19Z,0,UgzBZYDox8X4LsV_d6R4AaABAg,OT6uElfCI7o,UCNXQ7sxtwQ9kfYLg2hDN94A,2024-10-01T17:03:19Z,,중립
노래 잘하는 외계인? 음악방송 1위 하는 버추얼 아이돌 (2024.09.27/뉴스데스크/MBC),MBCNEWS,최상위 댓글,@sio-o3j,❤,0,2024-10-02T02:53:16Z,0,Ugzvr2yoaVH9fSv7fXx4AaABAg,OT6uElfCI7o,UCxoSA26o8j2UWrKTFP299UA,2024-10-02T02:53:16Z,,중립
노래 잘하는 외계인? 음악방송 1위 하는 버추얼 아이돌 (2024.09.27/뉴스데스크/MBC),MBCNEWS,최상위 댓글,@도키승키,💙💜💓❤️🖤,1,2024-09-28T05:10:32Z,0,UgyA9C6Jbw0kpf0N6V94AaABAg,OT6uElfCI7o,UCpVAf_uJVRMLMgoHsetRbQA,2024-09-28T05:10:32Z,,중립
노래 잘하는 외계인? 음악방송 1위 하는 버추얼 아이돌 (2024.09.27/뉴스데스크/MBC),MBCNEWS,최상위 댓글,@우리아리-s7p,좋네,0,2024-09-29T09:11:55Z,0,UgzsYJxOIEG1w_hlad94AaABAg,OT6uElfCI7o,UCPaSD5Nude6yEKk6_lBQ9Fw,2024-09-29T09:11:55Z,,긍정
노래 잘하는 외계인? 음악방송 1위 하는 버추얼 아이돌 (2024.09.27/뉴스데스크/MBC),MBCNEWS,최상위 댓글,@font-12,❤,0,2024-10-02T12:09:51Z,0,UgxNP5lHYocfBoMmHmR4AaABAg,OT6uElfCI7o,UCNXQ7sxtwQ9kfYLg2hDN94A,2024-10-02T12:09:51Z,,중립
노래 잘하는 외계인? 음악방송 1위 하는 버추얼 아이돌 (2024.09.27/뉴스데스크/MBC),MBCNEWS,최상위 댓글,@font-12,❤,0,2024-10-02T12:09:35Z,0,UgwzgSAgOUys7SQncWx4AaABAg,OT6uElfCI7o,UCNXQ7sxtwQ9kfYLg2hDN94A,2024-10-02T12:09:35Z,,중립
노래 잘하는 외계인? 음악방송 1위 하는 버추얼 아이돌 (2024.09.27/뉴스데스크/MBC),MBCNEWS,최상위 댓글,@sio-o3j,❤,0,2024-10-02T02:53:46Z,0,UgxYmoVJP39a87idNrd4AaABAg,OT6uElfCI7o,UCxoSA26o8j2UWrKTFP299UA,2024-10-02T02:53:46Z,,중립
노래 잘하는 외계인? 음악방송 1위 하는 버추얼 아이돌 (2024.09.27/뉴스데스크/MBC),MBCNEWS,최상위 댓글,@font-12,❤,0,2024-10-02T12:09:59Z,0,UgyWca29eyygba5VEB94AaABAg,OT6uElfCI7o,UCNXQ7sxtwQ9kfYLg2hDN94A,2024-10-02T12:09:59Z,,중립
노래 잘하는 외계인? 음악방송 1위 하는 버추얼 아이돌 (2024.09.27/뉴스데스크/MBC),MBCNEWS,최상위 댓글,@리오넬김씨-p7g,아담의 후손들이네,0,2024-09-30T14:36:16Z,0,Ugwn0hevnbn_TdG9xjt4AaABAg,OT6uElfCI7o,UCkW1gjKG5aKJE4YPVTrAi-g,2024-09-30T14:36:16Z,,중립
노래 잘하는 외계인? 음악방송 1위 하는 버추얼 아이돌 (2024.09.27/뉴스데스크/MBC),MBCNEWS,최상위 댓글,@phillipsroth8049,흠....음.....외로운사람들이 많나보네....근데 새로운 문화로 자리잡긴 할듯,2,2024-10-01T14:44:59Z,0,Ugzfd0ihLXZVaY0j8zJ4AaABAg,OT6uElfCI7o,UC9XAOEGcTLRybEfHe_QDcdA,2024-10-01T14:44:59Z,,중립
노래 잘하는 외계인? 음악방송 1위 하는 버추얼 아이돌 (2024.09.27/뉴스데스크/MBC),MBCNEWS,최상위 댓글,@SuKim-l2r,나이비스 예쁘네,0,2024-10-02T13:01:52Z,0,Ugws3NU9-XSPdLCDeWN4AaABAg,OT6uElfCI7o,UC6YNRBKwlL8OYb4GB2pmvgg,2024-10-02T13:01:52Z,,중립
노래 잘하는 외계인? 음악방송 1위 하는 버추얼 아이돌 (2024.09.27/뉴스데스크/MBC),MBCNEWS,최상위 댓글,@myonghunchun2871,"수상소감으로  젠슨황 대표님
언리얼 엔지 개발자 분들 감사하다고 꼭 말해라",0,2024-09-28T02:46:15Z,0,Ugxw-sGd1-oH7XYFd_94AaABAg,OT6uElfCI7o,UC1Ma1LzjbFXYilIQjGacnZQ,2024-09-28T02:46:15Z,,긍정
노래 잘하는 외계인? 음악방송 1위 하는 버추얼 아이돌 (2024.09.27/뉴스데스크/MBC),MBCNEWS,최상위 댓글,@ttuttacoldhot,솔직히 플레이브는 성공할수밖에 없었다!,1,2024-10-05T09:40:22Z,0,UgwdXiiuoEfaLzus31t4AaABAg,OT6uElfCI7o,UCSmIM0ZsNhBVhPAA3AxJuKg,2024-10-05T09:40:22Z,,중립
노래 잘하는 외계인? 음악방송 1위 하는 버추얼 아이돌 (2024.09.27/뉴스데스크/MBC),MBCNEWS,최상위 댓글,@꿈꾸는고양이-h5h,"음악중심 썸네일에서 처음 봤던 그 날이 생생합니다. 
시간 때울겸 무심히 유튜브를 들어갔는데 음중이 보였고, 아이돌들 얼굴 왼쪽으로 만화인물이 있어서 '뭐지?' 했지요. 
호기심에 영상을 눌러봤고 그렇게 처음 플레이브를 만나게 됐습니다. 


버추얼은 커녕 아이돌도 관심없었던 제가 단번에 빠져들 정도로 대단한 무대였어요. 
마음을 울리는 노래, 그 노래를 아름답게 표현해낸 안무, 버추얼이기 때문에 가능했던 환상적인 무대연출... 


많은 분들이 버추얼은 사람이 아니라고 오해를 하십니다. 번역시 가상이라고 나오니까 그럴 수 있습니다. 
플레이브의 버추얼은 '무대의상'이라고 보시면 됩니다. 기술이 많이 필요한 의상이죠. 
그 외에는 모두 아티스트 본인의 역량입니다. 노래, 춤, 라이브 및 소통앱에서 하는 말들, 예능식 자체컨텐츠 등등 모두 직접 하는 것입니다. 

버추얼로 쉽게 돈 번다는 둥 악의적으로 얘기하는 분들에게 한 가지 말씀드리자면...
다른 아이돌분들이 예쁘고 멋진 옷을 입고 가뿐하게 춤추며 노래하실 때, 플레이브는 모캡센서가 부착된 불편함을 감수하고 춤과 노래를 소화합니다. 
연습량도 다른 아이돌분들에 뒤쳐지지 않습니다. 자체제작으로 활동하기에 훨씬 더 많은 시간이 필요해요. 

버추얼이라서 쉬운 것은 하나도 없습니다. 오히려 버추얼이라며 평가절하당하는 일이 훨씬 많죠. 
노래하고 싶은 간절함으로 모인 사람들이니 무조건적인 악의는 품지 말아주세요🥲",2,2024-09-28T13:16:38Z,0,UgwLmbw3on7LipJwYIF4AaABAg,OT6uElfCI7o,UCNeSino3CCDLRtDFPJj0LgQ,2024-09-28T13:16:38Z,,중립
노래 잘하는 외계인? 음악방송 1위 하는 버추얼 아이돌 (2024.09.27/뉴스데스크/MBC),MBCNEWS,최상위 댓글,@쁜라인-n5i,테라정복!라쓰고.!ㅣ💙💜💗🖤❤️,2,2024-09-27T13:04:55Z,0,UgzCXppJpQ5BPijEOP94AaABAg,OT6uElfCI7o,UCLOFGjvMgGepMplDBb8RO4g,2024-09-27T13:04:55Z,,중립
노래 잘하는 외계인? 음악방송 1위 하는 버추얼 아이돌 (2024.09.27/뉴스데스크/MBC),MBCNEWS,최상위 댓글,@하짜룽,우왕!!,0,2024-10-11T03:28:37Z,0,UgyhmkpPBR7rtfRchj94AaABAg,OT6uElfCI7o,UCy0d1Xlx1yMxZNFAjZajg7w,2024-10-11T03:28:37Z,,중립
노래 잘하는 외계인? 음악방송 1위 하는 버추얼 아이돌 (2024.09.27/뉴스데스크/MBC),MBCNEWS,최상위 댓글,@user-wlfkfdldi,전직 버추얼 싫어하던 닝겐 플리입니다😅,2,2024-10-15T16:55:37Z,0,UgxdBfvsQ4W24lfZHMF4AaABAg,OT6uElfCI7o,UCDzUde6AV9En1gzV0V5JoaA,2024-10-15T16:55:37Z,,부정
노래 잘하는 외계인? 음악방송 1위 하는 버추얼 아이돌 (2024.09.27/뉴스데스크/MBC),MBCNEWS,최상위 댓글,@kwangholee575,삐리비리빕 시스템 가동준비,0,2024-10-04T05:12:11Z,0,UgwChf_4lJ92oj3yL8l4AaABAg,OT6uElfCI7o,UCWbgGsnUjbxEZGVT-EVxuwQ,2024-10-04T05:12:11Z,,중립
노래 잘하는 외계인? 음악방송 1위 하는 버추얼 아이돌 (2024.09.27/뉴스데스크/MBC),MBCNEWS,최상위 댓글,@국민생각-n4u,20여년전에도 사이버가수들이 있었지...,0,2024-10-01T22:43:12Z,0,UgyZ_t7ecWt_mBrdvWt4AaABAg,OT6uElfCI7o,UCy5gQocgwHzUpz0T__wowow,2024-10-01T22:43:12Z,,중립
노래 잘하는 외계인? 음악방송 1위 하는 버추얼 아이돌 (2024.09.27/뉴스데스크/MBC),MBCNEWS,최상위 댓글,@mywayP,Wow👏👏👏,0,2024-09-27T12:51:47Z,0,UgwNjlm4vqNsHoXNqN54AaABAg,OT6uElfCI7o,UCMRYdBWjBm6WyA5gpTsIO2g,2024-09-27T12:51:47Z,,중립
노래 잘하는 외계인? 음악방송 1위 하는 버추얼 아이돌 (2024.09.27/뉴스데스크/MBC),MBCNEWS,최상위 댓글,@nunupipi1021,"플레이브 없으면 못사는 사람이되.
사랑해 얘들아!!!! 평플!!!
💙💜💗❤️🖤",1,2024-09-27T16:37:47Z,0,UgzVWtdYp0kRo6WZlHN4AaABAg,OT6uElfCI7o,UCFRe0BIs0q0oXm-fvcnn0Eg,2024-09-27T16:37:47Z,,긍정
노래 잘하는 외계인? 음악방송 1위 하는 버추얼 아이돌 (2024.09.27/뉴스데스크/MBC),MBCNEWS,최상위 댓글,@kulira77,오 댓글수가 158개군,0,2024-09-27T13:31:27Z,0,Ugxdd3boHMe6Z-MgW7N4AaABAg,OT6uElfCI7o,UCxBhR6Ny8GlV_y94NlqMfTw,2024-09-27T13:31:27Z,,중립
노래 잘하는 외계인? 음악방송 1위 하는 버추얼 아이돌 (2024.09.27/뉴스데스크/MBC),MBCNEWS,최상위 댓글,@silverho_,wihhh plave,0,2024-09-27T15:03:03Z,0,UgwXpJu6evT7R9pW1lt4AaABAg,OT6uElfCI7o,UC1jV_zqo6Vwfqb8yDaipEOQ,2024-09-27T15:03:03Z,,중립
노래 잘하는 외계인? 음악방송 1위 하는 버추얼 아이돌 (2024.09.27/뉴스데스크/MBC),MBCNEWS,최상위 댓글,@Dundjek12,good,1,2024-10-02T02:55:33Z,0,Ugzapb-qqiFzx5s3V5d4AaABAg,OT6uElfCI7o,UCcA_Car1QlJd3M0LM7YpTHw,2024-10-02T02:55:33Z,,긍정
노래 잘하는 외계인? 음악방송 1위 하는 버추얼 아이돌 (2024.09.27/뉴스데스크/MBC),MBCNEWS,최상위 댓글,@현채빈-f3j,😊,0,2024-09-28T07:47:09Z,0,UgyoUfCKTjXxSV8VjRF4AaABAg,OT6uElfCI7o,UCHwQeaQQQTgG0mq2MFA7x0g,2024-09-28T07:47:09Z,,중립
노래 잘하는 외계인? 음악방송 1위 하는 버추얼 아이돌 (2024.09.27/뉴스데스크/MBC),MBCNEWS,최상위 댓글,@farahmahadi,"Their songs are so good.. there's no skip in their albums.. that's what fans love about them ❤ plus, their personalities also made fans fell in love with them 💙💜💗❤️🖤",3,2024-09-27T12:20:47Z,0,UgzyW3FE-HbrDd4DuHR4AaABAg,OT6uElfCI7o,UCy_L0bCoVkX7onzjKxGJnZQ,2024-09-27T12:20:47Z,,긍정
노래 잘하는 외계인? 음악방송 1위 하는 버추얼 아이돌 (2024.09.27/뉴스데스크/MBC),MBCNEWS,최상위 댓글,@씨박-e9h,"그냥 신기함
어떤걸 좋아하든 남한태 피해만 안준다면 ok지 뭐",2,2024-09-27T13:15:22Z,1,Ugwo-GxzJg_ng8UN4hd4AaABAg,OT6uElfCI7o,UCThd969lcl53RZ50bRaJOkw,2024-09-27T13:15:22Z,,긍정
노래 잘하는 외계인? 음악방송 1위 하는 버추얼 아이돌 (2024.09.27/뉴스데스크/MBC),MBCNEWS,대댓글,@Arianna-h3c,오히려 여기저기 기회될때마다 기부도 많이하고 있습니다~😊,1,2024-09-27T17:38:28Z,0,Ugwo-GxzJg_ng8UN4hd4AaABAg.A8tW-ZIwTsHA8tz6ahz0KS,OT6uElfCI7o,UCvvuoyiwrwD0OEMmw28222w,2024-09-27T17:38:28Z,Ugwo-GxzJg_ng8UN4hd4AaABAg,중립
노래 잘하는 외계인? 음악방송 1위 하는 버추얼 아이돌 (2024.09.27/뉴스데스크/MBC),MBCNEWS,최상위 댓글,@jinnieing,플리가 되길 잘했다 평플❤,0,2024-09-30T11:38:53Z,0,UgzVcX3is_LhDn1JS8l4AaABAg,OT6uElfCI7o,UCPUBkEDPQf-lxgAXH6xAt4Q,2024-09-30T11:38:53Z,,중립
노래 잘하는 외계인? 음악방송 1위 하는 버추얼 아이돌 (2024.09.27/뉴스데스크/MBC),MBCNEWS,최상위 댓글,@리리아나-d8w,플레이브를 좋아하는 팬들은 버추얼이라 좋아하기보다는 그들의 실력을 좋아하는겁니다,4,2024-09-27T12:46:40Z,0,UgwJ_HvtgciJ6rg3-yV4AaABAg,OT6uElfCI7o,UC3YBT3QkLKF-A0fkK8lmPOA,2024-09-27T12:46:40Z,,긍정
노래 잘하는 외계인? 음악방송 1위 하는 버추얼 아이돌 (2024.09.27/뉴스데스크/MBC),MBCNEWS,최상위 댓글,@suuuuuuu10._.,플레이브 어떻게 안좋아하는데~~|,0,2024-09-30T11:38:24Z,0,UgwSgLsLE-hgja_Dj9x4AaABAg,OT6uElfCI7o,UCVGRzq3uMdVyXcyKWWZYLpw,2024-09-30T11:38:24Z,,중립
노래 잘하는 외계인? 음악방송 1위 하는 버추얼 아이돌 (2024.09.27/뉴스데스크/MBC),MBCNEWS,최상위 댓글,@undertype3808,그냥 노래가 좋은거지,1,2024-09-29T08:25:56Z,0,UgzGe6-ZbUvt0GZRmwF4AaABAg,OT6uElfCI7o,UCuoo4IYMIm2UgFVFNBIM0iw,2024-09-29T08:25:56Z,,중립
노래 잘하는 외계인? 음악방송 1위 하는 버추얼 아이돌 (2024.09.27/뉴스데스크/MBC),MBCNEWS,최상위 댓글,@Dundjek12,"I like the song, so I'm listening to it",0,2024-10-01T05:43:43Z,0,Ugxy4xHgyxr-l6hDrcF4AaABAg,OT6uElfCI7o,UCcA_Car1QlJd3M0LM7YpTHw,2024-10-01T05:43:43Z,,중립
노래 잘하는 외계인? 음악방송 1위 하는 버추얼 아이돌 (2024.09.27/뉴스데스크/MBC),MBCNEWS,최상위 댓글,@franco-iw9ev,good!,0,2024-10-01T05:08:55Z,0,UgyqrrOZjFbBgGjQrbt4AaABAg,OT6uElfCI7o,UCefcxR05sfak0oH5A60aziA,2024-10-01T05:08:55Z,,긍정
노래 잘하는 외계인? 음악방송 1위 하는 버추얼 아이돌 (2024.09.27/뉴스데스크/MBC),MBCNEWS,최상위 댓글,@user_gumi1615,문다영 기자님 인터뷰 성공하셨네 ㅎㅎㅎ,0,2024-09-28T08:20:49Z,0,UgzF2Zln89pYvPPSlKp4AaABAg,OT6uElfCI7o,UC-tLBT3Nwkpks24hJqd74CQ,2024-09-28T08:20:49Z,,중립
노래 잘하는 외계인? 음악방송 1위 하는 버추얼 아이돌 (2024.09.27/뉴스데스크/MBC),MBCNEWS,최상위 댓글,@tv-thehunt,플레이브가 뉴스에 나온.....,1,2024-10-03T12:25:22Z,0,Ugya5RXWWfJ1uMsJn6x4AaABAg,OT6uElfCI7o,UCbh_RIkcY9-IrnOhyyyAoxA,2024-10-03T12:25:22Z,,중립
노래 잘하는 외계인? 음악방송 1위 하는 버추얼 아이돌 (2024.09.27/뉴스데스크/MBC),MBCNEWS,최상위 댓글,@고래밥-b6s,아싸ㅏㅏ,0,2024-09-28T00:03:59Z,0,UgwR7xOUbCybo1xj6Od4AaABAg,OT6uElfCI7o,UC_gz9xP0gO8-ePfs3aPWQcw,2024-09-28T00:03:59Z,,중립
노래 잘하는 외계인? 음악방송 1위 하는 버추얼 아이돌 (2024.09.27/뉴스데스크/MBC),MBCNEWS,최상위 댓글,@jinwooshin6025,아이돌을 현실이든 가상이든 어차피 실물 만나기 불가능한건 매한가지니까 별 상관없나보네.,0,2024-09-30T13:44:37Z,0,UgxTLEPLGpt-hjh12i54AaABAg,OT6uElfCI7o,UCSE1u9UA6B5xmFD3qoSpgaw,2024-09-30T13:45:09Z,,중립
노래 잘하는 외계인? 음악방송 1위 하는 버추얼 아이돌 (2024.09.27/뉴스데스크/MBC),MBCNEWS,최상위 댓글,@user-ly3rh8cu8b,노래가좋아요~,0,2024-10-02T11:56:30Z,0,UgwfMOBXoVDW5BdeGD94AaABAg,OT6uElfCI7o,UC224BYvBAnqanpzeqtelCXw,2024-10-02T11:56:30Z,,긍정
노래 잘하는 외계인? 음악방송 1위 하는 버추얼 아이돌 (2024.09.27/뉴스데스크/MBC),MBCNEWS,최상위 댓글,@sio-o3j,😀,0,2024-10-01T05:34:05Z,0,Ugx-mq8CCo8JBX-ij9d4AaABAg,OT6uElfCI7o,UCxoSA26o8j2UWrKTFP299UA,2024-10-01T05:34:05Z,,중립
노래 잘하는 외계인? 음악방송 1위 하는 버추얼 아이돌 (2024.09.27/뉴스데스크/MBC),MBCNEWS,최상위 댓글,@라라-d4m7w,플레이브는 그냥 가상 아이돌이다라고 하기엔 정말 버추얼 4차 산업의 선두이기 때문에 산업의 한 분야를 움직이는 중요한 존재입니다. 돈이 움직이는 방향을 제시한다는 의미라 큰 미래가치가 있다고 생각합니다,1,2024-09-28T04:03:03Z,0,UgwnvGH4E3JUFSKcTTl4AaABAg,OT6uElfCI7o,UCapHOqZErRtl2HYu1fWuIgQ,2024-09-28T04:03:03Z,,중립
노래 잘하는 외계인? 음악방송 1위 하는 버추얼 아이돌 (2024.09.27/뉴스데스크/MBC),MBCNEWS,최상위 댓글,@왕정수-x6s,그렇군,0,2024-09-29T12:45:42Z,0,UgyE25se9Ewpe2cq8oJ4AaABAg,OT6uElfCI7o,UCXpQG7cZdCxBe7jApfwEyWg,2024-09-29T12:45:42Z,,중립
노래 잘하는 외계인? 음악방송 1위 하는 버추얼 아이돌 (2024.09.27/뉴스데스크/MBC),MBCNEWS,최상위 댓글,@TURNOFFYOURNOTEBOOK,ㅋㅋㅋㅋ,0,2024-10-02T16:21:06Z,0,UgzMOhOsLoCkjjB4UeV4AaABAg,OT6uElfCI7o,UCzgGdPHD6SuTRnjkbHbNiyg,2024-10-02T16:21:06Z,,중립
노래 잘하는 외계인? 음악방송 1위 하는 버추얼 아이돌 (2024.09.27/뉴스데스크/MBC),MBCNEWS,최상위 댓글,@rock고래,테라 정복 아주 그냥 라쓰고,1,2024-09-27T12:43:22Z,0,UgxC7VeDxY_zi-4Just4AaABAg,OT6uElfCI7o,UChJRcGHDs4MO0wZO3w9So8Q,2024-09-27T12:43:22Z,,중립
노래 잘하는 외계인? 음악방송 1위 하는 버추얼 아이돌 (2024.09.27/뉴스데스크/MBC),MBCNEWS,최상위 댓글,@sun186,"영상은 아직 어렵긴한데 노래는 진짜 좋더라 
공장 같은 외모보고 뽑는 대형기획사 가수 노래말고 
 더 좋은 가수들 많이 나올것 같아서 좋긴하네요 노래만 듣는 입장에서 오히려 좋아~",0,2024-09-30T10:18:43Z,0,UgysqJGiLAceDH5FQKd4AaABAg,OT6uElfCI7o,UCdI0hktZiH0mTCq_p8KYHxw,2024-09-30T10:18:43Z,,긍정
노래 잘하는 외계인? 음악방송 1위 하는 버추얼 아이돌 (2024.09.27/뉴스데스크/MBC),MBCNEWS,최상위 댓글,@비나이다-y4e,애니 인기많잖아 비슷하지머,1,2024-09-29T13:38:31Z,0,Ugw0TqOrEKNyQNW6ViB4AaABAg,OT6uElfCI7o,UCP5zewfaE9kuCa7zYFCe4Cw,2024-09-29T13:38:31Z,,중립
노래 잘하는 외계인? 음악방송 1위 하는 버추얼 아이돌 (2024.09.27/뉴스데스크/MBC),MBCNEWS,최상위 댓글,@Princessooyeun,가상이라뇨..? 만화캐릭터라뇨..? 아스테룸 외계인들이에요..,0,2024-10-02T06:10:47Z,0,UgzlQwDVN-Iac1Yqgtx4AaABAg,OT6uElfCI7o,UCYtIHSXx47K-wZtIJMtmaSA,2024-10-02T06:10:47Z,,중립
노래 잘하는 외계인? 음악방송 1위 하는 버추얼 아이돌 (2024.09.27/뉴스데스크/MBC),MBCNEWS,최상위 댓글,@yongs3480,이야 이브가 생각나네,0,2024-09-30T01:15:02Z,0,Ugxn30aEJTNEBg2aloh4AaABAg,OT6uElfCI7o,UC9BrGheRhIuhYvZZ4Nl0ibw,2024-09-30T01:15:02Z,,중립
노래 잘하는 외계인? 음악방송 1위 하는 버추얼 아이돌 (2024.09.27/뉴스데스크/MBC),MBCNEWS,최상위 댓글,@twinklej1283,ㅋㅋㅋ,0,2024-10-04T08:20:36Z,0,Ugwci9frcZ7BcbXw5o14AaABAg,OT6uElfCI7o,UCZ5ZS5Kcets3pnlfW2OujUA,2024-10-04T08:20:36Z,,중립
노래 잘하는 외계인? 음악방송 1위 하는 버추얼 아이돌 (2024.09.27/뉴스데스크/MBC),MBCNEWS,최상위 댓글,@SeungyongLEE-we1ri,아담의 손자쯤 되겠네,0,2024-09-28T05:51:39Z,0,UgxFM-Y-wF9pHkwTRjl4AaABAg,OT6uElfCI7o,UCAVmnew2WsjKthbbcVI5SQw,2024-09-28T05:51:39Z,,중립
노래 잘하는 외계인? 음악방송 1위 하는 버추얼 아이돌 (2024.09.27/뉴스데스크/MBC),MBCNEWS,최상위 댓글,@개구라-r9b,아담이 원조다,0,2024-09-29T14:31:51Z,0,UgwLAfcsvh63GDMKX094AaABAg,OT6uElfCI7o,UCTEdxTzjNMYTYZ_VmB2PuPg,2024-09-29T14:31:51Z,,중립
노래 잘하는 외계인? 음악방송 1위 하는 버추얼 아이돌 (2024.09.27/뉴스데스크/MBC),MBCNEWS,최상위 댓글,@Mobalnara,아담의 후예들 ㅋㅋ,0,2024-09-29T22:48:00Z,0,Ugz8rAu_XNInZ56NpxN4AaABAg,OT6uElfCI7o,UCXrQ-UHOP0VJbN15mK6KQ9g,2024-09-29T22:48:00Z,,중립
노래 잘하는 외계인? 음악방송 1위 하는 버추얼 아이돌 (2024.09.27/뉴스데스크/MBC),MBCNEWS,최상위 댓글,@utreeu,"이게 이상한게 아닌게 아이돌은 짜여진 예능에서 보거나, 음악방송에서 노래만 들어서 다른 매력인거같음
버추얼이 성공할 수 있었던이유가 노래는 물론이고, 라이브방송도하고 유튜브영상으로 팬들과 소통해서 그점이 차이점인거 같음",0,2024-09-30T09:44:02Z,0,Ugx508gh5wY1c2DTL7N4AaABAg,OT6uElfCI7o,UCZgiq3tVztqCRA7JnYYwwSg,2024-09-30T09:44:02Z,,중립
노래 잘하는 외계인? 음악방송 1위 하는 버추얼 아이돌 (2024.09.27/뉴스데스크/MBC),MBCNEWS,최상위 댓글,@한상원-j5x,"플레이브까진 게이 아니라고 누가 말함
고로 난 게이 아님",2,2024-10-01T20:54:52Z,0,Ugw1M9_SR6zUJih061V4AaABAg,OT6uElfCI7o,UC7b7LobOMstfv-nmE5VVIuQ,2024-10-01T20:55:34Z,,중립
노래 잘하는 외계인? 음악방송 1위 하는 버추얼 아이돌 (2024.09.27/뉴스데스크/MBC),MBCNEWS,최상위 댓글,@plli_lu23312,노래로 팬사랑을 전해주고 매일 플리 사랑해 플리 보고 싶어 플리 고마워요 팬사랑이 넘쳐서 주어 담아야 할 정도인 아이돌 어디있죠 네 여기있어요 플레이브,0,2025-11-01T13:53:14Z,0,UgyAiKm_1e-e1ESNGBp4AaABAg,OT6uElfCI7o,UCqQ4-vQpc9pTySoYgQkipJg,2025-11-01T13:53:14Z,,긍정
노래 잘하는 외계인? 음악방송 1위 하는 버추얼 아이돌 (2024.09.27/뉴스데스크/MBC),MBCNEWS,최상위 댓글,@nemo7220,그냥 좋은걸 어쩌라구요~,0,2024-09-30T11:45:24Z,0,Ugzq3EWbIkjgI3yMKrx4AaABAg,OT6uElfCI7o,UC4xi_75_0ougi_LcKdaOnEA,2024-09-30T11:45:24Z,,중립
노래 잘하는 외계인? 음악방송 1위 하는 버추얼 아이돌 (2024.09.27/뉴스데스크/MBC),MBCNEWS,최상위 댓글,@ok032890,가상 아니고 애니 캐릭터 아니고 ai아니고 버추얼 아이돌 입니다,0,2024-09-27T12:47:15Z,0,UgwVIpVaxZLs49vpX394AaABAg,OT6uElfCI7o,UCFy4T9i5hiSeXO16FdetUSQ,2024-09-27T12:47:15Z,,중립
노래 잘하는 외계인? 음악방송 1위 하는 버추얼 아이돌 (2024.09.27/뉴스데스크/MBC),MBCNEWS,최상위 댓글,@철산동비둘기,이제 사람들이 직접 춤추고 노래하고 그러는건 구시대적이라고 생각합니다. AI가 발달한 시대에 누구나 능력대로 AI 가상 가수를 창조하는 세상을 만들어 나아가야 합니다. 그게 미래 입니다,0,2024-09-29T16:26:08Z,0,UgyT_HyPjHos5qbi9g94AaABAg,OT6uElfCI7o,UC7AVXHN8swi44VAUxfzYMbA,2024-09-29T16:26:59Z,,중립
노래 잘하는 외계인? 음악방송 1위 하는 버추얼 아이돌 (2024.09.27/뉴스데스크/MBC),MBCNEWS,최상위 댓글,@84세김복자,나라가 망했노 ㅋㅋㅋㅋㅋ,5,2024-10-03T09:47:49Z,0,UgyrBStYNRkqP6z6XOZ4AaABAg,OT6uElfCI7o,UCzs7-PlXjtjJWzCvqb-UDDQ,2024-10-03T09:47:49Z,,중립
노래 잘하는 외계인? 음악방송 1위 하는 버추얼 아이돌 (2024.09.27/뉴스데스크/MBC),MBCNEWS,최상위 댓글,@lhn_1201,테라정복 라쓰고💙💜🩷❤️🖤,0,2024-09-27T13:58:20Z,0,UgwT1p0H-INTpFXQxfx4AaABAg,OT6uElfCI7o,UCcr52i-BGUj-3fs0n9IoHJw,2024-09-27T13:58:20Z,,중립
노래 잘하는 외계인? 음악방송 1위 하는 버추얼 아이돌 (2024.09.27/뉴스데스크/MBC),MBCNEWS,최상위 댓글,@지리네-h1q,"내가 애니 원피스 매니아가 된거랑  비슷한  느낌인건가...가상아이돌  입덕이라는게...
전혀 와닿질  않는다",1,2024-09-29T14:51:54Z,0,Ugyh7xxhoxzEWb9sdiZ4AaABAg,OT6uElfCI7o,UCWyUs2MAQhFl7Q0qlZwlukQ,2024-09-29T14:51:54Z,,중립
노래 잘하는 외계인? 음악방송 1위 하는 버추얼 아이돌 (2024.09.27/뉴스데스크/MBC),MBCNEWS,최상위 댓글,@dusrmavhswltkrl,군대도 안가고 좋다,0,2024-09-29T08:06:26Z,0,UgwdGOOJbe1MmJ3QnHV4AaABAg,OT6uElfCI7o,UCTLMWYDb4gzmjva9CUBgGfw,2024-09-29T08:06:26Z,,중립
노래 잘하는 외계인? 음악방송 1위 하는 버추얼 아이돌 (2024.09.27/뉴스데스크/MBC),MBCNEWS,최상위 댓글,@hba-up7ei,시대는 변했다,0,2024-10-10T23:35:24Z,0,Ugxi3DRcP4tdrMDCAtR4AaABAg,OT6uElfCI7o,UCgQwjj_EQPJjdFKfE10aSWA,2024-10-10T23:35:24Z,,중립
노래 잘하는 외계인? 음악방송 1위 하는 버추얼 아이돌 (2024.09.27/뉴스데스크/MBC),MBCNEWS,최상위 댓글,@Tear-25,"타팬인데 곡 좋고 괜찮던데 원래 3D 쪽 안 좋아함 첫인상 3D 저게 뭐야 ... 오류 영상 알고리즘에 뜸 그후 계속 떠서 그냥 봄, 호쾌하시네 (노아) 웃음소리 진짜 호감이심 그렇게 보다 보니 거의 적응 입모양 움직이는게 좀 낯설긴 함... 이상한 지점에서 꼼꼼한 나란 ...",1,2024-09-28T00:46:55Z,0,Ugx4rG68T-IgcMDAT7N4AaABAg,OT6uElfCI7o,UC_6LxqoKlWRLMucIwpc1PTw,2024-09-28T00:46:55Z,,긍정
노래 잘하는 외계인? 음악방송 1위 하는 버추얼 아이돌 (2024.09.27/뉴스데스크/MBC),MBCNEWS,최상위 댓글,@W_woodss,"This is our biggest flex rn as a plli 😋 we are so loved, spoiled. Thank you plave! Dduks! Vlast!!! Thank you too mbc news! 💙💜💗❤️🖤",2,2024-09-27T14:02:42Z,0,Ugzgn4zUvShqKWO83dx4AaABAg,OT6uElfCI7o,UCCEGl4U27nha3nNh832LWyA,2024-09-27T14:02:42Z,,긍정
노래 잘하는 외계인? 음악방송 1위 하는 버추얼 아이돌 (2024.09.27/뉴스데스크/MBC),MBCNEWS,최상위 댓글,@borni-b,나 남돌은 안좋아하는데 플레이브는 좋아,1,2024-09-29T10:35:55Z,0,UgxV8pFzzhjM5uR2b314AaABAg,OT6uElfCI7o,UCmCyKT7snE9Aw8b9rg1F-WA,2024-09-29T10:35:55Z,,중립
노래 잘하는 외계인? 음악방송 1위 하는 버추얼 아이돌 (2024.09.27/뉴스데스크/MBC),MBCNEWS,최상위 댓글,@Alfred863,아담이 최고다.,0,2024-09-30T01:15:54Z,0,Ugzb-VnaSuTE3fnDu854AaABAg,OT6uElfCI7o,UCzhM6pZr-cwP2-zdlPlxkbw,2024-09-30T01:15:54Z,,긍정
노래 잘하는 외계인? 음악방송 1위 하는 버추얼 아이돌 (2024.09.27/뉴스데스크/MBC),MBCNEWS,최상위 댓글,@다해주께,그들의 외면에 끌린게 아니라 그들의 간절함에 이끌린 것이다,7,2024-09-27T15:26:38Z,0,UgyY_1NEuOrNb7zNCMZ4AaABAg,OT6uElfCI7o,UC6UnCOF8KDqS9QAE8aZT9wQ,2024-09-27T15:26:38Z,,중립
노래 잘하는 외계인? 음악방송 1위 하는 버추얼 아이돌 (2024.09.27/뉴스데스크/MBC),MBCNEWS,최상위 댓글,@애옹애옹애옹잉,"친구한테 플레이브를 좋아하는 이유 중에 내가 좋아하는 웹툰의 그림체라서 그리고 웹툰이 엔딩이 있으면 이거는 없다 예전 스토리 있고 미래 스토리도 있을거니까 라고 말했었는데 그 친구가 ""그럼 이제 네가 좋아하던 그 웹툰 그림이 그대로 움직여서 노래 부르고 춤도 추고 그 뒤에 있는 사람의 성격까지 있어서 설렜겠네"" 말했었는데 웅! 맞아! 그거야🥹",1,2024-10-01T22:19:48Z,0,UgyXZLxI9JOvMEpxYjR4AaABAg,OT6uElfCI7o,UCjeL45pZ4C-qpPsvqB3D-tg,2024-10-01T22:19:48Z,,긍정
노래 잘하는 외계인? 음악방송 1위 하는 버추얼 아이돌 (2024.09.27/뉴스데스크/MBC),MBCNEWS,최상위 댓글,@ZEPETO_JINSOUND,플레이브 영! 원! 하! 라!,0,2024-09-28T08:49:02Z,0,UgxQiJHsgpUgKWHUkgZ4AaABAg,OT6uElfCI7o,UCK1A4aRPdFbWwRgNdfAyM2Q,2024-09-28T08:49:02Z,,중립
노래 잘하는 외계인? 음악방송 1위 하는 버추얼 아이돌 (2024.09.27/뉴스데스크/MBC),MBCNEWS,최상위 댓글,@Eliya91,늙지도 않아 논란도 없어 사생활 보호도돼  안무도 직접하는곳도 있지만 트래킹만따면 댄스트레이너가 따면 다 칼군무가능 죽을때까지 덕질해도 목소리만 유지되면 계속 할 수 있는데 기존 아이돌에 비교하면 장점밖에없지,1,2024-10-01T06:00:46Z,0,UgwxiaBgibA-00vb98R4AaABAg,OT6uElfCI7o,UCWXrq1ZST8skQXLz6VK3FPg,2024-10-01T06:01:13Z,,중립
노래 잘하는 외계인? 음악방송 1위 하는 버추얼 아이돌 (2024.09.27/뉴스데스크/MBC),MBCNEWS,최상위 댓글,@서광진-b9u,"플레이브 어쩌다 좋아하게됨?
??: ...그렇게 됐다..",5,2024-09-28T03:31:16Z,0,Ugwx5ICKji7BjMGsX4d4AaABAg,OT6uElfCI7o,UC1hcgso4myfvaJGlbYKSEZw,2024-09-28T03:31:16Z,,긍정
노래 잘하는 외계인? 음악방송 1위 하는 버추얼 아이돌 (2024.09.27/뉴스데스크/MBC),MBCNEWS,최상위 댓글,@MidoLee-d6n,요아정,0,2024-10-02T12:59:54Z,0,Ugzxzrmd8uYUsO-X03F4AaABAg,OT6uElfCI7o,UCyrQY9hsw81JvvzBbjlJ62Q,2024-10-02T12:59:54Z,,중립
노래 잘하는 외계인? 음악방송 1위 하는 버추얼 아이돌 (2024.09.27/뉴스데스크/MBC),MBCNEWS,최상위 댓글,@아포칼립스-c9n,진짜 덕후들의 세계는 이해 할 수가 없다...,4,2024-10-01T05:47:18Z,0,Ugz6Y22-UbQLuhxnkup4AaABAg,OT6uElfCI7o,UCdbzMtcpCoqc13-TtAZnCrw,2024-10-01T05:47:18Z,,중립
노래 잘하는 외계인? 음악방송 1위 하는 버추얼 아이돌 (2024.09.27/뉴스데스크/MBC),MBCNEWS,최상위 댓글,@망상맨o,세상이 너무 빨리 변하노 ㅎㄷㄷ 길어야 2년본다,0,2024-09-30T13:46:39Z,0,UgyDgUiP7EenY_HSJ0J4AaABAg,OT6uElfCI7o,UCT5hJNuOm2t2pxQA-TfaPsQ,2024-09-30T13:46:39Z,,중립
노래 잘하는 외계인? 음악방송 1위 하는 버추얼 아이돌 (2024.09.27/뉴스데스크/MBC),MBCNEWS,최상위 댓글,@수이밍-k5n,우린땐 이브였지,1,2024-09-27T11:44:45Z,0,Ugy2EzDwh66qYOml7EZ4AaABAg,OT6uElfCI7o,UCW8ux_r72UQJqMilsBvG8lQ,2024-09-27T11:44:45Z,,중립
노래 잘하는 외계인? 음악방송 1위 하는 버추얼 아이돌 (2024.09.27/뉴스데스크/MBC),MBCNEWS,최상위 댓글,@yulwoopop,버츄얼가수 아담은 지금쯤 결혼해서 자식 낳고 잘 살고있으려나..,0,2024-09-29T10:08:08Z,0,UgzZosC5hm_8uH2zwkJ4AaABAg,OT6uElfCI7o,UCDHUSKb40yzV1fJWqzuWhLg,2024-09-29T10:08:08Z,,중립
노래 잘하는 외계인? 음악방송 1위 하는 버추얼 아이돌 (2024.09.27/뉴스데스크/MBC),MBCNEWS,최상위 댓글,@user-xd4yd6mu9c,노래는 진짜 취향인데 한명 논란 때문에 입덕을 못하겠네,0,2024-10-02T08:55:00Z,0,Ugxh0jFknkS0K0kXtyp4AaABAg,OT6uElfCI7o,UC7lBXRKpAH1b31WUX7FcQFA,2024-10-02T08:55:00Z,,중립
노래 잘하는 외계인? 음악방송 1위 하는 버추얼 아이돌 (2024.09.27/뉴스데스크/MBC),MBCNEWS,최상위 댓글,@minseog1,아담 생각 났음,0,2024-09-29T15:06:28Z,0,Ugwt8kgnDnk4skvg6-B4AaABAg,OT6uElfCI7o,UCoiE73JcJiR_Ctbw6xZJ-pQ,2024-09-29T15:06:28Z,,중립
노래 잘하는 외계인? 음악방송 1위 하는 버추얼 아이돌 (2024.09.27/뉴스데스크/MBC),MBCNEWS,최상위 댓글,@이정수-l5t,외계인이 지구침략중,0,2024-10-02T08:51:27Z,0,UgwdZd_mRwF4ccBLlXx4AaABAg,OT6uElfCI7o,UCSDifELBkwJkXt_-PHfuC8Q,2024-10-02T08:51:27Z,,중립
노래 잘하는 외계인? 음악방송 1위 하는 버추얼 아이돌 (2024.09.27/뉴스데스크/MBC),MBCNEWS,최상위 댓글,@Y_useul,"버츄얼이라고 아이돌성 떨어졌으면 이정도 인기 없고, 음방 1위도 못했을 거라고 생각합니다 저는 플리는 아니지만 가끔 영상 몇개 봤던 입장으로서 플레이브 응원합니다",1,2024-10-03T00:34:49Z,0,UgwflFhnjpspZTzUfGB4AaABAg,OT6uElfCI7o,UCzGxCfNUfcikOSqI6PWzHGA,2024-10-03T00:34:49Z,,긍정
노래 잘하는 외계인? 음악방송 1위 하는 버추얼 아이돌 (2024.09.27/뉴스데스크/MBC),MBCNEWS,최상위 댓글,@fishingmeister,아담이 생각나네,0,2024-09-29T23:52:27Z,0,Ugz7ciNqP-Uy26eNn694AaABAg,OT6uElfCI7o,UC-3NgmRRfE9AzwFd_CTQgSw,2024-09-29T23:52:27Z,,중립
노래 잘하는 외계인? 음악방송 1위 하는 버추얼 아이돌 (2024.09.27/뉴스데스크/MBC),MBCNEWS,최상위 댓글,@미쯔딸기워너블,"아스테룸 가는 법 아시나요?
🤍: 플레이브의 펌펍더볼륨이요.
많은 사람 중에 너 하나밖에 안보여~🧡🕺🏻",3,2024-09-27T22:46:33Z,0,UgyIBfVkVgQJh81-mTV4AaABAg,OT6uElfCI7o,UCgMasJXhFNiCeHtxV8xrnMQ,2024-09-27T22:46:33Z,,중립
노래 잘하는 외계인? 음악방송 1위 하는 버추얼 아이돌 (2024.09.27/뉴스데스크/MBC),MBCNEWS,최상위 댓글,@nickname_0wl,근데 댓들 1년넘게 같은 소리만 달려서 이젠 그냥 그러려니 함ㅋㅋ자기가 굳이 찾아와서 욕쓰겠다는데 뭐 말릴것도 없죠🙏,2,2024-10-01T17:19:22Z,0,UgyTNYJcQ5tNneh5H714AaABAg,OT6uElfCI7o,UC4U5G4tBHGWJvxEfW2kC64w,2024-10-01T17:19:22Z,,중립
노래 잘하는 외계인? 음악방송 1위 하는 버추얼 아이돌 (2024.09.27/뉴스데스크/MBC),MBCNEWS,최상위 댓글,@MrDalzze,세상이 많이 변해가는구나 현실을 살아 씹덕아 라는 말도 옛날말이 되겟내,3,2024-09-27T12:53:55Z,0,UgwmzdcZhIzaBLfE-eF4AaABAg,OT6uElfCI7o,UCXqgYcuEl1nyy2KCzGsMLGA,2024-09-27T12:53:55Z,,중립
노래 잘하는 외계인? 음악방송 1위 하는 버추얼 아이돌 (2024.09.27/뉴스데스크/MBC),MBCNEWS,최상위 댓글,@Iliillliiilill,본체가 궁금하지 않은 게 아니라 본체 보면 실망할 것 같아서 굳이..? 싶은가봄,0,2024-09-29T12:34:00Z,0,UgwMcGNwj6cvLT12AuZ4AaABAg,OT6uElfCI7o,UCOq2I-0qFXY-A_LcWOrV_qA,2024-09-29T12:34:00Z,,부정
노래 잘하는 외계인? 음악방송 1위 하는 버추얼 아이돌 (2024.09.27/뉴스데스크/MBC),MBCNEWS,최상위 댓글,@뿐순이ppunsun2,아담 쯧 나는 인제 꼰대가 되었고 ㅠㅠ,1,2024-10-03T13:20:52Z,0,UgyHaDzuGEmUPuyUn1N4AaABAg,OT6uElfCI7o,UCX7u29pWMwBkZciwFDz0EQg,2024-10-03T13:20:52Z,,중립
노래 잘하는 외계인? 음악방송 1위 하는 버추얼 아이돌 (2024.09.27/뉴스데스크/MBC),MBCNEWS,최상위 댓글,@seunggeunkim855,솔직히 개인적인 생각으로 플레이브는 다른 버추얼 팀 보다 소속에서 만든 아이돌이라는 느낌이 듬.,0,2024-09-30T04:56:35Z,0,UgyOR3B_V1XCubEa0md4AaABAg,OT6uElfCI7o,UCnTjwPXEhmPQMFjeOzN69jQ,2024-09-30T04:56:45Z,,중립
노래 잘하는 외계인? 음악방송 1위 하는 버추얼 아이돌 (2024.09.27/뉴스데스크/MBC),MBCNEWS,최상위 댓글,@화려한사춘기,가상이냐 현실이냐가 뭐가 중요하냐 ㅋㅋ 어차피 현실이여도 못만나는건 똑같은데 ㅋㅋ 걍 화면으로 보는건 똑같지 ㅋㅋㅋ,0,2024-09-30T14:42:42Z,0,UgxGIhGrjNNkMwRvbmd4AaABAg,OT6uElfCI7o,UCkRUEuaB6FLGKjvHi1h8Zyw,2024-09-30T14:42:42Z,,중립
노래 잘하는 외계인? 음악방송 1위 하는 버추얼 아이돌 (2024.09.27/뉴스데스크/MBC),MBCNEWS,최상위 댓글,@jshitter,새로운 오타쿠의 시작인가?,1,2024-09-30T01:29:04Z,0,UgynnOOSzLe-87vbyZR4AaABAg,OT6uElfCI7o,UChtmuJPgPt11Ano-YfObm9g,2024-09-30T01:29:04Z,,중립
노래 잘하는 외계인? 음악방송 1위 하는 버추얼 아이돌 (2024.09.27/뉴스데스크/MBC),MBCNEWS,최상위 댓글,@PROUD_to_be_PLLI,"P💙L💜A💓V❤E🖤
      💙💜💓❤️🖤
P💙L💜A💓V❤E🖤",1,2024-09-27T12:52:08Z,0,UgxtUbNfb1l-lpyVKsJ4AaABAg,OT6uElfCI7o,UCBNkkeV9ZxN2Q2ByJTHB5wA,2024-09-27T12:52:08Z,,중립
노래 잘하는 외계인? 음악방송 1위 하는 버추얼 아이돌 (2024.09.27/뉴스데스크/MBC),MBCNEWS,최상위 댓글,@Black_rose0211,"플레이브 안좋아하는 법을 몰라서 평플하려구요...
노래 춤 인성 개그(?)깟시 뭐하나 빠지는게 없는데 어찌 안빠지겠습니까 ㅎㅎ💙💜💗❤️🖤",2,2024-09-27T13:35:59Z,0,Ugw-J28E3Br3TEgbBkF4AaABAg,OT6uElfCI7o,UCVs2HHtWyGyAqxWjY9pERlg,2024-09-27T13:35:59Z,,중립
노래 잘하는 외계인? 음악방송 1위 하는 버추얼 아이돌 (2024.09.27/뉴스데스크/MBC),MBCNEWS,최상위 댓글,@H_uxn,탈덕?그게 뭐죠?,2,2024-09-27T14:38:22Z,0,UgzxdihohCihBXf4Bmx4AaABAg,OT6uElfCI7o,UCElWiCR9vYw4EYY0huFfgUA,2024-09-27T14:38:22Z,,중립
노래 잘하는 외계인? 음악방송 1위 하는 버추얼 아이돌 (2024.09.27/뉴스데스크/MBC),MBCNEWS,최상위 댓글,@류아이-o5p,보컬로이드는 한국이 최초인데 이미 일본이 강대국 됬음 일본의 보컬로이드 수준보면 저건 그냥 화면속 케릭터일뿐...,0,2024-09-29T05:04:39Z,0,UgznA2ST5GXaLy2Wl2N4AaABAg,OT6uElfCI7o,UCDP9KuUQ2ziI2veYj4oK8-g,2024-09-29T05:04:39Z,,중립
노래 잘하는 외계인? 음악방송 1위 하는 버추얼 아이돌 (2024.09.27/뉴스데스크/MBC),MBCNEWS,최상위 댓글,@BP-Paul,이게 웃긴게 그거아닐까 리얼 현실 돌들은 국내 활동 안하고 해외 나가서 돈벌고 있으니… 더 친근한 건 당연히 이쪽이 되는거 아닌가 ㅋㅋㅋ,0,2024-10-05T22:09:55Z,0,Ugwo3BMI0nTQ43k0Zmh4AaABAg,OT6uElfCI7o,UCiA68pBAWRdD7yJMiKlhPrw,2024-10-05T22:09:55Z,,중립
노래 잘하는 외계인? 음악방송 1위 하는 버추얼 아이돌 (2024.09.27/뉴스데스크/MBC),MBCNEWS,최상위 댓글,@진이-n8k1y,이제 세상을 못따라가겠다...많이 바뀌었구나..,3,2024-09-30T01:19:33Z,0,UgxD8Gx5JF8MJAWvz8F4AaABAg,OT6uElfCI7o,UCDiu8pXYwbq9mDILxr87wmQ,2024-09-30T01:19:33Z,,중립
노래 잘하는 외계인? 음악방송 1위 하는 버추얼 아이돌 (2024.09.27/뉴스데스크/MBC),MBCNEWS,최상위 댓글,@최초의댓글러헌터,아담 보고있나,0,2024-09-29T07:59:51Z,0,Ugy4gD59mA86hGC4ufp4AaABAg,OT6uElfCI7o,UCBmTdUKgvFVfbc8CVpwe4Cg,2024-09-29T07:59:51Z,,중립
노래 잘하는 외계인? 음악방송 1위 하는 버추얼 아이돌 (2024.09.27/뉴스데스크/MBC),MBCNEWS,최상위 댓글,@flame0508,현실과 가상을 구분못하네,6,2024-09-28T23:53:14Z,1,UgyPJbU9vXXzFUPTre54AaABAg,OT6uElfCI7o,UCRarFajGbFk78aNgEMzYp3A,2024-09-28T23:53:14Z,,중립
노래 잘하는 외계인? 음악방송 1위 하는 버추얼 아이돌 (2024.09.27/뉴스데스크/MBC),MBCNEWS,대댓글,@이이-s5d,노래가 진짜 와 대박이에요 꼭 한번만 들어보세요!,0,2024-09-29T21:19:24Z,0,UgyPJbU9vXXzFUPTre54AaABAg.A8xDnGPdv3RA8zWzUoZXk9,OT6uElfCI7o,UC3ZAa3B-3VDmtxcmRZI-iFg,2024-09-29T21:19:24Z,UgyPJbU9vXXzFUPTre54AaABAg,긍정
노래 잘하는 외계인? 음악방송 1위 하는 버추얼 아이돌 (2024.09.27/뉴스데스크/MBC),MBCNEWS,최상위 댓글,@냥냥냥먕,노래는 좋던데 난 아직도 잘 모르겠노 어지럽긴 하다,0,2024-09-30T10:37:42Z,0,Ugz2tvudm8ylbhji7854AaABAg,OT6uElfCI7o,UCjog2CAwI5mdhwoAbTyI2kQ,2024-09-30T10:37:42Z,,중립
노래 잘하는 외계인? 음악방송 1위 하는 버추얼 아이돌 (2024.09.27/뉴스데스크/MBC),MBCNEWS,최상위 댓글,@도으노-t7x,"'..지마'
""뭐?""
'좋아하지마'
""무슨 말이야?""
'플레이브 좋아하지 말라고!'


""그거 어떻게 하는건데..""

플레이브 안 좋아하는거 어떻게 하는건데. 어떻게 해야 덜 좋아할 수 있는건데💧",0,2024-09-30T11:50:30Z,0,UgxYVFrVslvzY51YdV94AaABAg,OT6uElfCI7o,UC1W3SubfUsZkU3W8nxLHxBw,2024-09-30T11:50:30Z,,긍정
노래 잘하는 외계인? 음악방송 1위 하는 버추얼 아이돌 (2024.09.27/뉴스데스크/MBC),MBCNEWS,최상위 댓글,@sio-o3j,^^,0,2024-10-02T13:10:57Z,0,Ugy4LSpynvoW8IwzLeN4AaABAg,OT6uElfCI7o,UCxoSA26o8j2UWrKTFP299UA,2024-10-02T13:10:57Z,,중립
노래 잘하는 외계인? 음악방송 1위 하는 버추얼 아이돌 (2024.09.27/뉴스데스크/MBC),MBCNEWS,최상위 댓글,@WOW-f9r,어차피 못볼거 저게나음 ㅋㅋ,2,2024-10-02T16:06:10Z,0,UgzLgupqya1oIv_7_uN4AaABAg,OT6uElfCI7o,UCZm_Kt2Do6urXuTh94RF-NA,2024-10-02T16:06:10Z,,중립
노래 잘하는 외계인? 음악방송 1위 하는 버추얼 아이돌 (2024.09.27/뉴스데스크/MBC),MBCNEWS,최상위 댓글,@황금사과-d7b,???????????????????????,1,2024-09-29T21:38:46Z,0,Ugzc8M-ppYFbZjzocwp4AaABAg,OT6uElfCI7o,UCjyI1Lh4hTkqBPJu1jj0TZQ,2024-09-29T21:38:46Z,,중립
노래 잘하는 외계인? 음악방송 1위 하는 버추얼 아이돌 (2024.09.27/뉴스데스크/MBC),MBCNEWS,최상위 댓글,@머시다냐,이거 주식 사놔라 한국에서 시작 대면 조만간 중국 일본도 거대 자본이 투입 댄다,0,2024-09-30T02:19:26Z,0,UgwzCqhpqCvJj8SfvyR4AaABAg,OT6uElfCI7o,UCgKjbDb7aAHaSX48qz-2JRg,2024-09-30T02:19:26Z,,중립
노래 잘하는 외계인? 음악방송 1위 하는 버추얼 아이돌 (2024.09.27/뉴스데스크/MBC),MBCNEWS,최상위 댓글,@JUNI-love,"그냥 플레이브라 좋아하는거임 그것말곤 설명이 안돼요ㅎ
근데 아무리 말해도 일반인은 세상이 망했네, 허구세상에 빠졌네 하지를 않나, 버추얼계는 이제 우리 세상이네  나오기만하면 플레이브 처럼 대박나겠네 하지를 않나 😅
플레이브고 플리고 여기까지 오려고 얼마나 피눈물 흘렸는데...
우리애들 중간에서 넘 치여서 맘아픔😢",2,2024-09-28T03:16:49Z,0,Ugxdy2Io6XFGX_xeNIh4AaABAg,OT6uElfCI7o,UCS5H3ndGB5g16pwbyu6lHEg,2024-09-28T03:16:49Z,,긍정
노래 잘하는 외계인? 음악방송 1위 하는 버추얼 아이돌 (2024.09.27/뉴스데스크/MBC),MBCNEWS,최상위 댓글,@Sssdd32722,노래 보정안하고 라이브 한거면 인정.,0,2024-10-02T06:26:05Z,0,UgzlhE-cDcBEZW61ACN4AaABAg,OT6uElfCI7o,UCDW3J9VLslya1JZ7kFHq4xQ,2024-10-02T06:26:05Z,,중립
노래 잘하는 외계인? 음악방송 1위 하는 버추얼 아이돌 (2024.09.27/뉴스데스크/MBC),MBCNEWS,최상위 댓글,@EricaHartmann.,"보컬로이드나 버츄얼 아이돌그룹 개무시하고 비웃던놈들
어디로튀었을까나.ㅋㅋ",0,2024-10-03T03:20:41Z,0,Ugx9ntm56Gq1nvRnQ0x4AaABAg,OT6uElfCI7o,UCe1TwZrWqrfWQPkaSMmdxNw,2024-10-03T03:20:41Z,,중립
노래 잘하는 외계인? 음악방송 1위 하는 버추얼 아이돌 (2024.09.27/뉴스데스크/MBC),MBCNEWS,최상위 댓글,@picture_crazy,플레이브가 뭔진 몰라도 베텔기우스는 좋더라 이제 이세돌 보러가야지,0,2025-03-07T14:39:11Z,0,UgwdWEn59_04k_tuEoZ4AaABAg,OT6uElfCI7o,UCFCjFrtHyfjll3jqYpImsCw,2025-03-07T14:39:11Z,,중립
노래 잘하는 외계인? 음악방송 1위 하는 버추얼 아이돌 (2024.09.27/뉴스데스크/MBC),MBCNEWS,최상위 댓글,@용이fp7,난 왜 이해를 할수가 없을까.....ㄷㄷ;;,8,2024-09-29T09:32:58Z,1,UgwYeConqYnQsfWuDXx4AaABAg,OT6uElfCI7o,UCWlm7KJ1JXXNFRvRqt-uyHQ,2024-09-29T09:32:58Z,,중립
노래 잘하는 외계인? 음악방송 1위 하는 버추얼 아이돌 (2024.09.27/뉴스데스크/MBC),MBCNEWS,대댓글,@이이-s5d,아직 낯선분들이 많긴합니다!,0,2024-09-29T21:08:50Z,0,UgwYeConqYnQsfWuDXx4AaABAg.A8yG8Pq82bRA8zVm6sDdBd,OT6uElfCI7o,UC3ZAa3B-3VDmtxcmRZI-iFg,2024-09-29T21:08:50Z,UgwYeConqYnQsfWuDXx4AaABAg,중립
노래 잘하는 외계인? 음악방송 1위 하는 버추얼 아이돌 (2024.09.27/뉴스데스크/MBC),MBCNEWS,최상위 댓글,@김루이스-g3v,현실부적응이냐? 또 다른 상업주의에 휘둘리는 듯…내가 보기엔 아직도 부자연스럽구만… 여전히 별로임.,3,2024-09-29T01:03:48Z,0,UgwLXCRfk8WHyG9jmBx4AaABAg,OT6uElfCI7o,UCtTaZkDBbSRSMGBe6fi1zQA,2024-09-29T01:03:48Z,,부정
노래 잘하는 외계인? 음악방송 1위 하는 버추얼 아이돌 (2024.09.27/뉴스데스크/MBC),MBCNEWS,최상위 댓글,@엘르-q5o,"2010년에 하츠네미쿠 홀로그램 띄워서 오프라인 콘서트에 사람들 꽉 채워진 영상 있었음.
그때 우리나라 반응은,
""일본  쟤네들은 사람 아닌거에 환장한다""면서
실제 여자도 아니고 가상여친 이라면서 씹덕이라고 
 우리나라 사람들이 엄청 비웃었었는데, 

그때 비웃던 애들 다 어디갔냐ㅋㅋㅋㅋㅋㅋㅋㅋㅋㅋ

언제까지 일본 문화 뒤 따라 다닐래",6,2024-10-02T06:32:53Z,0,Ugx0F4Pt6cF3OEx8s-t4AaABAg,OT6uElfCI7o,UC827KaX5n6oTjLMTeEy5C3w,2024-10-02T06:36:33Z,,중립
노래 잘하는 외계인? 음악방송 1위 하는 버추얼 아이돌 (2024.09.27/뉴스데스크/MBC),MBCNEWS,최상위 댓글,@caringisloving-u4q,여기 쓴 댓글들 뭔가 다들 조작같은 느낌…,8,2024-09-29T10:32:49Z,2,UgwyfbXsKcsICE2rs794AaABAg,OT6uElfCI7o,UCary_5M1GR6s8Uty1ONcCqw,2024-09-29T10:32:49Z,,중립
노래 잘하는 외계인? 음악방송 1위 하는 버추얼 아이돌 (2024.09.27/뉴스데스크/MBC),MBCNEWS,대댓글,@이이-s5d,팬들과 플레이브 노래에 공감을 하신분들이 쓰신겁니다! 조작은 없다는걸 알려드리고싶네요,3,2024-09-29T21:06:47Z,0,UgwyfbXsKcsICE2rs794AaABAg.A8yMzkHAOrWA8zVY3cWvrM,OT6uElfCI7o,UC3ZAa3B-3VDmtxcmRZI-iFg,2024-09-29T21:06:47Z,UgwyfbXsKcsICE2rs794AaABAg,중립
노래 잘하는 외계인? 음악방송 1위 하는 버추얼 아이돌 (2024.09.27/뉴스데스크/MBC),MBCNEWS,대댓글,@nickname_0wl,겠냐고요,0,2024-10-01T17:15:38Z,0,UgwyfbXsKcsICE2rs794AaABAg.A8yMzkHAOrWA93EfrWkkKZ,OT6uElfCI7o,UC4U5G4tBHGWJvxEfW2kC64w,2024-10-01T17:15:38Z,UgwyfbXsKcsICE2rs794AaABAg,중립
노래 잘하는 외계인? 음악방송 1위 하는 버추얼 아이돌 (2024.09.27/뉴스데스크/MBC),MBCNEWS,최상위 댓글,@plave_cheer,아무래도 버추얼이다보니까 싫어하는거는 당연한거지만은 플레이브는 아무래도 소리는 진짜이고 무엇보다 노래가 좋기때문에  어느곳에 가든 들리는 노래소리를 듣다보면 그 노래는 플레이브노래가 들릴정도로 대중들은 이미 노래를 들었고 그 노래를 부르는 가수 버추얼 아이돌 플레이브이고 노래는 좋다라는 말을 많이들었기때문에 겉모습만 보고 싫어하지말고 노래를 많이 들어주세요 노래 하나만큼은 자신있으니까요,1,2024-09-27T21:25:08Z,0,UgwWMp8l9SU2sBRDZPt4AaABAg,OT6uElfCI7o,UCeAk4m_Af11zTtsxzKR6Z7Q,2024-09-27T21:25:08Z,,부정
노래 잘하는 외계인? 음악방송 1위 하는 버추얼 아이돌 (2024.09.27/뉴스데스크/MBC),MBCNEWS,최상위 댓글,@냠냠-j5l,신창섭은 왜안나오지,0,2024-09-28T22:14:41Z,0,UgyddG--VhN3gsrF5oh4AaABAg,OT6uElfCI7o,UCmNZ_WnSuv-D3XP6EG574LA,2024-09-28T22:14:41Z,,중립
노래 잘하는 외계인? 음악방송 1위 하는 버추얼 아이돌 (2024.09.27/뉴스데스크/MBC),MBCNEWS,최상위 댓글,@닉뭘로하지-j8x,근데 저렇게 얼굴없는가수?나 저 얼굴이 내얼굴이라고 생각하고 활동 하면 현타 안오나?,1,2024-09-29T05:58:52Z,0,UgwzE9eDNJzyACMFGat4AaABAg,OT6uElfCI7o,UCx8qEzm65A5EV_7FBp_UDNQ,2024-09-29T05:58:52Z,,중립
노래 잘하는 외계인? 음악방송 1위 하는 버추얼 아이돌 (2024.09.27/뉴스데스크/MBC),MBCNEWS,최상위 댓글,@모올_ouo,"오류 및 입덕영상/숏츠로 인식 > 오?노래 좋네 > 와 얘네 커버곡도 미쳤네 실력ㅇㅈ > 실시간라이브? 함 봐볼까? > ㅋㅋㅋ개그맨이잖아?ㅇㅋ 너 밥친구 > ... ""1주년 방송""=평생플리 확정 > new!) 플리가 되셨습니다😁👏🏻🎉🥳",2,2024-09-28T08:03:38Z,0,UgzEkl_3r9zCO_E_pyp4AaABAg,OT6uElfCI7o,UCg1o25RN35ur3vK9ZmhKbAQ,2024-09-28T08:03:38Z,,긍정
노래 잘하는 외계인? 음악방송 1위 하는 버추얼 아이돌 (2024.09.27/뉴스데스크/MBC),MBCNEWS,최상위 댓글,@아아아-v5r5y,가상이니뭐니하면서 이상하게 보는데 드라마나 영화는 사실이라서 좋아하는거임?,2,2024-10-02T19:22:22Z,0,UgxGwGbitITSLEv-2xl4AaABAg,OT6uElfCI7o,UC5JbRkA_h1CBS-gkTnasHuA,2024-10-02T19:22:22Z,,긍정
노래 잘하는 외계인? 음악방송 1위 하는 버추얼 아이돌 (2024.09.27/뉴스데스크/MBC),MBCNEWS,최상위 댓글,@시현h-yeon,뉴스는 저런거 안 찾아보나? 가상 아니라고 요즘 버추얼도 모르네;;,0,2024-09-28T13:48:13Z,0,UgxfJbqAgP_ssAc7rcV4AaABAg,OT6uElfCI7o,UCW-cHC11yQC-FmWQWA17Keg,2024-09-28T13:48:13Z,,중립
노래 잘하는 외계인? 음악방송 1위 하는 버추얼 아이돌 (2024.09.27/뉴스데스크/MBC),MBCNEWS,최상위 댓글,@Ginny_Kim,아담..,0,2024-09-29T13:02:19Z,0,Ugw4SCiC5klXBfR3GDh4AaABAg,OT6uElfCI7o,UC7J-kqHROW3Sqt7wAioD7sw,2024-09-29T13:02:19Z,,중립
노래 잘하는 외계인? 음악방송 1위 하는 버추얼 아이돌 (2024.09.27/뉴스데스크/MBC),MBCNEWS,최상위 댓글,@박주영-g8d,내스탈 아님 근데 피원하모니 투탑은 본인들도 투탑인지 아는지 둘이 같이 영상 올렸네,0,2024-10-02T09:25:58Z,0,Ugyy0zCjUdIn1nkFOtJ4AaABAg,OT6uElfCI7o,UCQ-sq9iN6rksz3CAvo4YOMg,2024-10-02T09:25:58Z,,중립
노래 잘하는 외계인? 음악방송 1위 하는 버추얼 아이돌 (2024.09.27/뉴스데스크/MBC),MBCNEWS,최상위 댓글,@카스트로폴로스-v3h,쟤들은 그럼 하츠네미쿠 만나면 대선배님이라고 불러야 하나? ㅋ,3,2024-09-29T23:00:54Z,0,UgzJRYk9wwBsJsZG9SR4AaABAg,OT6uElfCI7o,UC0gBh1HbXeIBRm3Cila_ZpA,2024-09-29T23:00:54Z,,중립
노래 잘하는 외계인? 음악방송 1위 하는 버추얼 아이돌 (2024.09.27/뉴스데스크/MBC),MBCNEWS,최상위 댓글,@뷰티풀-u8y,ㅋㅋ 쫌,0,2024-09-29T12:47:11Z,0,UgwA8S9g_vgbbmsM0Od4AaABAg,OT6uElfCI7o,UChQdsbYJMjAjBH0UaUa5bwA,2024-09-29T12:47:11Z,,중립
노래 잘하는 외계인? 음악방송 1위 하는 버추얼 아이돌 (2024.09.27/뉴스데스크/MBC),MBCNEWS,최상위 댓글,@번데기기기,으.,0,2025-12-30T04:31:18Z,0,Ugxv0dIHGGftq9M6X294AaABAg,OT6uElfCI7o,UChmqNRzXgbe733QWfY447pw,2025-12-30T04:31:18Z,,중립
노래 잘하는 외계인? 음악방송 1위 하는 버추얼 아이돌 (2024.09.27/뉴스데스크/MBC),MBCNEWS,최상위 댓글,@red-m-g,멤버들 얼굴 다 똑같이 생겼는데 헤어스타일로 구별짓는 애정들도 참 신기하네,4,2024-09-29T23:38:50Z,1,UgzCr_K7fD5ug7YMvpp4AaABAg,OT6uElfCI7o,UC_LFcSJNYuG-m91bDaKpT2Q,2024-09-29T23:38:50Z,,중립
노래 잘하는 외계인? 음악방송 1위 하는 버추얼 아이돌 (2024.09.27/뉴스데스크/MBC),MBCNEWS,대댓글,@user-vjycfcgh,다 다르게 생겼는디요,0,2024-10-10T13:17:36Z,0,UgzCr_K7fD5ug7YMvpp4AaABAg.A8zlwe8wRfWA9PzaIfZ5JT,OT6uElfCI7o,UCJR6QWsz623MlOdN2coLfzA,2024-10-10T13:17:36Z,UgzCr_K7fD5ug7YMvpp4AaABAg,중립
노래 잘하는 외계인? 음악방송 1위 하는 버추얼 아이돌 (2024.09.27/뉴스데스크/MBC),MBCNEWS,최상위 댓글,@짱.77H_댓글부대_감별사,우린 이걸 정신병이라고 해요,9,2024-09-30T15:10:31Z,0,Ugy_f8-yjJ5u2AvdtSJ4AaABAg,OT6uElfCI7o,UCGlWOBpYRdzdz_c2pZSUG_g,2024-09-30T15:10:31Z,,중립
노래 잘하는 외계인? 음악방송 1위 하는 버추얼 아이돌 (2024.09.27/뉴스데스크/MBC),MBCNEWS,최상위 댓글,@jeawoongjang4003,"사람들도 양산형같은 그룹에 질린거지 이게 같은 맥략이긴한데 가수의 본질은 음악이나 노래임 근데 요즘 나오는 대부분은 겉모습이나 예능 이런걸로 주로 팔아먹기식임 
그래서 아직도 빅뱅 2ne1 동방신기 샤이니 비스트 이런애들이 실력있는 아이돌이야기할떄 매번나오는거고 냉정하게 인기는 물론 타그룹에 비해적었지만 실력적으로 지금 천상지희보다 좋은 그룹도 안보이고 개인으론 있겠지만 이게 요즘 가요판특인데 한 아이돌그룹이 10이라치면 그중노래를 가수처럼잘하는 멤버1~2정도 나머지 8~9는 그냥 외모팔이용임
이게 우리나라 가요판특인데 음악적 실력이나 가창력이 좋은가수가 나오는게아닌 계속 양산형 아이돌들만 나오니까 경쟁사에서 외모가 좋은아이들이나오면 다른회사도 외모위주로 뽑게되고 악순환의 반복임 그사이에 노래 정말잘하는애끼어넣고 일본인 친구에게 일본인분들이 한국아이돌 왜 좋아하냐고 물으니까 대부분 자국 가수에서 볼수없는 이쁘고 멋진외모때문이라고하더라  하긴 일본 현시점 고티어들이나 유명가수들보면 외적으론 안보고 데뷔하는거긴해 예를들어 요네즈켄시 요아소비 아이묭 킹누 청사과등등 아 교주도있는데 교주님은  잘생기기도했지 ㅋㅋㅋ
그리고 하다못해 얼굴안까고 나오는 가수도 실력이 있다면 탑 티어가 될수있다고 보여준 ado도있고 그외에도 실력이나 음악으로 데뷔한 애들 즞토마요 요루시카 야마등등있고",1,2024-10-01T11:07:57Z,0,UgwgKffgY0ua-fCdiaZ4AaABAg,OT6uElfCI7o,UCftNoyCCkxmy1Yw1_06AH3Q,2024-10-01T11:07:57Z,,긍정
노래 잘하는 외계인? 음악방송 1위 하는 버추얼 아이돌 (2024.09.27/뉴스데스크/MBC),MBCNEWS,최상위 댓글,@알레르기-p7f,수상소감으로 엔비디아 직원들 에픽게임즈 직원들 에게 꼭 감사하다고 전해라..,1,2024-09-30T01:23:57Z,0,UgxcqoPY0dhmwctUctl4AaABAg,OT6uElfCI7o,UCeJxGWdnxf6HRDpIBrJXp5w,2024-09-30T01:23:57Z,,긍정
노래 잘하는 외계인? 음악방송 1위 하는 버추얼 아이돌 (2024.09.27/뉴스데스크/MBC),MBCNEWS,최상위 댓글,@dutong-N.ssadaegi,덩 밟았네~ 덩~,1,2024-10-01T14:19:40Z,0,Ugytr4U6yJbXw37PPk94AaABAg,OT6uElfCI7o,UCaiTT9aD9mjWPrmCMnrvCzQ,2024-10-01T14:19:40Z,,중립
노래 잘하는 외계인? 음악방송 1위 하는 버추얼 아이돌 (2024.09.27/뉴스데스크/MBC),MBCNEWS,최상위 댓글,@카스트로폴로스-v3h,일본에선 이미 한참전 아니 몇십년전에 해서 유행 끌던건데 한국은 이제야 한다는게 참,0,2024-09-29T22:59:37Z,1,Ugw8fAOHgpgLzvSJ_c14AaABAg,OT6uElfCI7o,UC0gBh1HbXeIBRm3Cila_ZpA,2024-09-29T22:59:37Z,,중립
노래 잘하는 외계인? 음악방송 1위 하는 버추얼 아이돌 (2024.09.27/뉴스데스크/MBC),MBCNEWS,대댓글,@cab06215,그래서 뭐 일본이 선진국이니까 이런 점은 받아들여야 한다고? 방구석에서 나와서 세상을 봐 친구야 허구한 날 제식갤 이런 것만 보니까 대가리가 맛탱이가 갔지 에휴…,0,2024-09-30T05:34:12Z,0,Ugw8fAOHgpgLzvSJ_c14AaABAg.A8zhSR95H8bA9-PbY5Tw-4,OT6uElfCI7o,UCG2qLzkfoa6fxqt2I--dLQQ,2024-09-30T05:34:12Z,Ugw8fAOHgpgLzvSJ_c14AaABAg,중립
노래 잘하는 외계인? 음악방송 1위 하는 버추얼 아이돌 (2024.09.27/뉴스데스크/MBC),MBCNEWS,최상위 댓글,@룸84,미쳐 돌아가는 구나 세상이,2,2024-10-01T07:41:33Z,0,UgxTvnYo5fxhQHyY8hN4AaABAg,OT6uElfCI7o,UCrll-dfdY_bz-tfrHLzj_sg,2024-10-01T07:41:33Z,,중립
노래 잘하는 외계인? 음악방송 1위 하는 버추얼 아이돌 (2024.09.27/뉴스데스크/MBC),MBCNEWS,최상위 댓글,@마늘맛캔디,참 이해 안되네..,1,2024-09-27T22:52:43Z,0,UgwF_1XoUP2PLsBfEBh4AaABAg,OT6uElfCI7o,UC-WFxESWHuN6tMjZK6w0pzw,2024-09-27T22:52:43Z,,중립
노래 잘하는 외계인? 음악방송 1위 하는 버추얼 아이돌 (2024.09.27/뉴스데스크/MBC),MBCNEWS,최상위 댓글,@gsimi9304,팬들은 본체가 궁금하진 않은걸까? 컨셉도 재미있고 외형적으로 원하는 만큼 효과를 넣을 수 있으니 신기한데. 시간이 지나면 본체는 사람이다 보니 변할텐데 그러면 본체가 중요하지 않다고 하면 캐릭터는 남아있고 본체가 바뀐다고 하면 괜찮은건가?  재미있는데 뭔가 여러 생각을 나눌 부분들이 있을듯,1,2024-10-03T03:59:06Z,2,UgyWXf4TOwHZI8hDwX54AaABAg,OT6uElfCI7o,UCg2jacByP7WU73k0Fe_3UdQ,2024-10-03T03:59:06Z,,중립
노래 잘하는 외계인? 음악방송 1위 하는 버추얼 아이돌 (2024.09.27/뉴스데스크/MBC),MBCNEWS,대댓글,@user-분홍올챙이,사실 본체 다 알려져 있어요… 2.5세대 망돌이었어서 구글링만해도 바로 나옵니다!,2,2024-10-04T08:40:18Z,0,UgyWXf4TOwHZI8hDwX54AaABAg.A96y6_QHwGJA9A24zsogZ0,OT6uElfCI7o,UC2h1q_iJ_7xx7HsEmmb2S1g,2024-10-04T08:40:18Z,UgyWXf4TOwHZI8hDwX54AaABAg,중립
노래 잘하는 외계인? 음악방송 1위 하는 버추얼 아이돌 (2024.09.27/뉴스데스크/MBC),MBCNEWS,대댓글,@nickname_0wl,⁠@user-분홍올챙이저기 플리분 죄송한데 본체 유포 금지에요..ㅠㅠ팬이라면 애들 신상 지켜줘야 할 것 같습니다..,1,2024-10-17T16:56:59Z,0,UgyWXf4TOwHZI8hDwX54AaABAg.A96y6_QHwGJA9hPGCoIaik,OT6uElfCI7o,UC4U5G4tBHGWJvxEfW2kC64w,2024-10-17T16:56:59Z,UgyWXf4TOwHZI8hDwX54AaABAg,중립
노래 잘하는 외계인? 음악방송 1위 하는 버추얼 아이돌 (2024.09.27/뉴스데스크/MBC),MBCNEWS,최상위 댓글,@tmk7454,구설에 오르지 않는건 아닙니다~,2,2024-09-28T06:42:17Z,0,UgyeSFsMiOP18Bj6EG54AaABAg,OT6uElfCI7o,UCrGgBqKfN4mt_jukQYcdtXw,2024-09-28T06:42:17Z,,중립
노래 잘하는 외계인? 음악방송 1위 하는 버추얼 아이돌 (2024.09.27/뉴스데스크/MBC),MBCNEWS,최상위 댓글,@dev-programmer84,"유교 탈레반 국가에서는 본체랑 분리하는게 유리하지,
아마 본체가 bts 누구지, 그 정도 음주운전 사건을 내도 여기는 아무 상관 없겠지,",0,2024-09-29T14:28:44Z,0,UgyjQQa5X3GAaQ27gOp4AaABAg,OT6uElfCI7o,UCd6xY5HyF_-YcBI_YbabCoA,2024-09-29T14:28:44Z,,중립
노래 잘하는 외계인? 음악방송 1위 하는 버추얼 아이돌 (2024.09.27/뉴스데스크/MBC),MBCNEWS,최상위 댓글,@kodkd-u9u,플레이브 대박나자...!!,2,2024-09-29T04:27:38Z,0,UgztoZLygMxdU7pgRPR4AaABAg,OT6uElfCI7o,UCk8Ac6dztIrsXZB28FG3ppg,2024-09-29T04:27:38Z,,긍정
노래 잘하는 외계인? 음악방송 1위 하는 버추얼 아이돌 (2024.09.27/뉴스데스크/MBC),MBCNEWS,최상위 댓글,@김진우-d4x8b,돈은되냐,1,2024-09-29T21:15:28Z,0,Ugz-Bd-gDZtoFFiA4J54AaABAg,OT6uElfCI7o,UC_PRxZ8zCsUoNueiHH_koHQ,2024-09-29T21:15:28Z,,중립
노래 잘하는 외계인? 음악방송 1위 하는 버추얼 아이돌 (2024.09.27/뉴스데스크/MBC),MBCNEWS,최상위 댓글,@leeji1w,난 플레이브가 한국만의 건전한 덕후문화를 만드는데 앞장서고 있다고 생각한다. 왜색묻은 음지애들이랑은 같은 선상에 놓지말아라. 댓글보니 구분들을 못하는데 개네랑은 다르다. 애네는 한국의 기술력과 한국의 웹툰그림체로 만든 케이팝 버츄얼 아이돌이다. 방송부터가 욕설하나 없는 양지방송임.,6,2024-09-28T14:12:43Z,0,Ugw0iQSvFWlEFa0JImx4AaABAg,OT6uElfCI7o,UCPLRCyFs1oVvaOnG29OQGbQ,2024-09-28T14:12:43Z,,중립
노래 잘하는 외계인? 음악방송 1위 하는 버추얼 아이돌 (2024.09.27/뉴스데스크/MBC),MBCNEWS,최상위 댓글,@휘파휘파,펭수처럼 진짜 사람은 따로있는건가??,0,2024-09-29T23:02:33Z,1,Ugw1Te8i0DtqbAbryYJ4AaABAg,OT6uElfCI7o,UCbvzyj7Pyy9DR-kF1O8CH9w,2024-09-29T23:02:33Z,,중립
노래 잘하는 외계인? 음악방송 1위 하는 버추얼 아이돌 (2024.09.27/뉴스데스크/MBC),MBCNEWS,대댓글,@SY-xt6tz,네 사이버 펭수같은 느낌이에요,0,2024-10-01T08:09:02Z,0,Ugw1Te8i0DtqbAbryYJ4AaABAg.A8zhmzRImdUA92G7LpBscu,OT6uElfCI7o,UCqV9Ofrg23VDINQmoukhtkw,2024-10-01T08:09:02Z,Ugw1Te8i0DtqbAbryYJ4AaABAg,중립
노래 잘하는 외계인? 음악방송 1위 하는 버추얼 아이돌 (2024.09.27/뉴스데스크/MBC),MBCNEWS,최상위 댓글,@kim피트,플레이브 영원하자💙💜🩷❤️🖤,2,2024-09-27T15:00:22Z,0,UgwhvE3cKOu6bdAjHp94AaABAg,OT6uElfCI7o,UCFjX8mceo5F-IrGQxb99-XA,2024-09-27T15:00:22Z,,중립
노래 잘하는 외계인? 음악방송 1위 하는 버추얼 아이돌 (2024.09.27/뉴스데스크/MBC),MBCNEWS,최상위 댓글,@yenow,스밍빨로 밤에 10위 딸깍했다가 평일 오전되면 귀신같이 50위로 내려간다는 그 그룹,7,2024-10-03T17:46:31Z,0,Ugz850M0NIdbPTEZaql4AaABAg,OT6uElfCI7o,UCIcWEWIY97Ji8OVm8_1X1ng,2024-10-03T17:46:31Z,,중립
노래 잘하는 외계인? 음악방송 1위 하는 버추얼 아이돌 (2024.09.27/뉴스데스크/MBC),MBCNEWS,최상위 댓글,@비보-e7l,에햐 정병이다 이건.,4,2024-09-29T23:47:00Z,0,Ugy98DZyUaWFcwvkszR4AaABAg,OT6uElfCI7o,UC0cif04ymBXTF6qPgqnGIiA,2024-09-29T23:47:00Z,,중립
노래 잘하는 외계인? 음악방송 1위 하는 버추얼 아이돌 (2024.09.27/뉴스데스크/MBC),MBCNEWS,최상위 댓글,@miu-miung,메이브는 왜 안뜸?,0,2024-09-30T01:27:54Z,0,Ugw8I_EU4--yA5hI5r94AaABAg,OT6uElfCI7o,UCdIe0wAr6IjAG8rzLSXWiDQ,2024-09-30T01:27:54Z,,중립
노래 잘하는 외계인? 음악방송 1위 하는 버추얼 아이돌 (2024.09.27/뉴스데스크/MBC),MBCNEWS,최상위 댓글,@SuKim-l2r,ㅇㅇㄴ인가? 요즘 나오는 애들 또 있던데 요즘 유행인가보네,0,2024-10-01T06:01:46Z,0,Ugy1y8Al04tAfEuEikB4AaABAg,OT6uElfCI7o,UC6YNRBKwlL8OYb4GB2pmvgg,2024-10-01T06:01:46Z,,중립
노래 잘하는 외계인? 음악방송 1위 하는 버추얼 아이돌 (2024.09.27/뉴스데스크/MBC),MBCNEWS,최상위 댓글,@hopefulsz,로보캅 폴리~,1,2024-10-06T16:49:04Z,0,UgyqJPzGcnTaUVR652Z4AaABAg,OT6uElfCI7o,UCfIQpTue67eEMKvI_5LsqKw,2024-10-06T16:49:04Z,,중립
노래 잘하는 외계인? 음악방송 1위 하는 버추얼 아이돌 (2024.09.27/뉴스데스크/MBC),MBCNEWS,최상위 댓글,@Dundjek12,노래가 좋아요,0,2024-10-02T12:10:34Z,0,UgyE0QaMhqa6wH3UiQp4AaABAg,OT6uElfCI7o,UCcA_Car1QlJd3M0LM7YpTHw,2024-10-02T12:10:34Z,,긍정
노래 잘하는 외계인? 음악방송 1위 하는 버추얼 아이돌 (2024.09.27/뉴스데스크/MBC),MBCNEWS,최상위 댓글,@일치얼짱-t4j,다른 버추얼아이돌 이야기 할거면 다 이야기 하고 플레이브만 이야기 할거면 플레이브만 이야기 하면 좋았을텐데 플레이브 이야기에 끼워넣은 느낌이네요,2,2024-09-27T12:19:35Z,0,UgxAuw9OAmlVB3qGaIp4AaABAg,OT6uElfCI7o,UC-9FYc2zMg1XF1EJFgHluVg,2024-09-27T12:19:35Z,,중립
노래 잘하는 외계인? 음악방송 1위 하는 버추얼 아이돌 (2024.09.27/뉴스데스크/MBC),MBCNEWS,최상위 댓글,@gwtdtm14wpmpm256,신원이 불분명한 애들을 빨아준다는게 개 신기하네 ㅋㅋㅋㅋㅋㅋㅋㅋㅋㅋㅋㅋ,6,2024-10-03T08:01:47Z,0,UgzgWSyKNZnqVatyMY54AaABAg,OT6uElfCI7o,UCEB7Kog4ITt595WtNDSBdAg,2024-10-03T08:01:47Z,,중립
노래 잘하는 외계인? 음악방송 1위 하는 버추얼 아이돌 (2024.09.27/뉴스데스크/MBC),MBCNEWS,최상위 댓글,@wolf1004roy,와 뉴스에 플레이브가 나오다니🥹🥹🥹 여섯번째 여름 너무 좋아서 아직까지도 듣고 있는데☺️🌊,1,2024-09-29T12:10:23Z,0,UgyRKHd1NF9v8GwLzel4AaABAg,OT6uElfCI7o,UC-ATubZUs1oppGAg9P2PCiQ,2024-09-29T12:10:23Z,,긍정
노래 잘하는 외계인? 음악방송 1위 하는 버추얼 아이돌 (2024.09.27/뉴스데스크/MBC),MBCNEWS,최상위 댓글,@giseuk,"이건 그냥 궁금한건데... 나이비스는 버추얼아이돌이 아니라 ai가수 아니었나요???? 외형이 버추얼이면 버추얼아이돌인건지..
아니면 아직 명확한 구분이 안된걸까요?",0,2024-09-27T15:45:39Z,1,UgxuOnF5AW2ecAFWGbB4AaABAg,OT6uElfCI7o,UCWLyEbgDcnVtiaOXo4_Ts5w,2024-09-27T15:47:09Z,,중립
노래 잘하는 외계인? 음악방송 1위 하는 버추얼 아이돌 (2024.09.27/뉴스데스크/MBC),MBCNEWS,대댓글,@Arianna-h3c,버추얼뜻이 가상이란 의미라서 AI가수랑 같이 쓰는거라고 하더군요~,0,2024-09-27T17:41:35Z,0,UgxuOnF5AW2ecAFWGbB4AaABAg.A8tmCBj4Pv1A8tzTMqD0SX,OT6uElfCI7o,UCvvuoyiwrwD0OEMmw28222w,2024-09-27T17:41:35Z,UgxuOnF5AW2ecAFWGbB4AaABAg,중립
노래 잘하는 외계인? 음악방송 1위 하는 버추얼 아이돌 (2024.09.27/뉴스데스크/MBC),MBCNEWS,최상위 댓글,@gmvisck,엔간히 돈 쓸데 없는 갑다,3,2024-10-01T10:14:11Z,0,UgxGnMzRhNpN4vcBKGR4AaABAg,OT6uElfCI7o,UCjb5-3p0CJP7kn3KHynpHow,2024-10-01T10:14:11Z,,중립
노래 잘하는 외계인? 음악방송 1위 하는 버추얼 아이돌 (2024.09.27/뉴스데스크/MBC),MBCNEWS,최상위 댓글,@김환-h9q,실화냐...,2,2024-09-27T22:16:14Z,0,UgzpILqFY_DKuBjWnEF4AaABAg,OT6uElfCI7o,UCCVEzOKOZF1ykoA-31jADew,2024-09-27T22:16:14Z,,중립
노래 잘하는 외계인? 음악방송 1위 하는 버추얼 아이돌 (2024.09.27/뉴스데스크/MBC),MBCNEWS,최상위 댓글,@기태박-n2g,시대는 변화한다 예전에 아담인가있었는데 그때는 먼가 이질감이있었는데 이건 신선하네,0,2024-09-30T06:19:28Z,0,UgwINJgcpkLoKxBtCCV4AaABAg,OT6uElfCI7o,UCZDqElYOuOnZ7u_7xCQ8A5w,2024-09-30T06:19:28Z,,중립
노래 잘하는 외계인? 음악방송 1위 하는 버추얼 아이돌 (2024.09.27/뉴스데스크/MBC),MBCNEWS,최상위 댓글,@까만젤리,"머리색: 💙남예준 , 💛한노아, 💗채밤비, 🩶도은호, 🖤유하민 입니다!
플레이브 많은 사랑 부탁드려요!!
평플 라쓰고!!!!!!!!",3,2024-09-27T12:46:04Z,0,Ugx-zRKzKsLRiY3kTfF4AaABAg,OT6uElfCI7o,UCslGaEyA3O3-SfRVWJ3-QQw,2024-09-27T12:46:04Z,,긍정
노래 잘하는 외계인? 음악방송 1위 하는 버추얼 아이돌 (2024.09.27/뉴스데스크/MBC),MBCNEWS,최상위 댓글,@성이름-t7v2e,지금까지 본 뉴스 중에서 가장 안 불편했음. 그치그치 하고 보게 되네 감사하다,1,2024-09-29T11:10:34Z,0,UgwxaXtsjZSfOnMgDmx4AaABAg,OT6uElfCI7o,UCnLkeBZNHJey4H90PhS1oXg,2024-09-29T11:10:34Z,,긍정
노래 잘하는 외계인? 음악방송 1위 하는 버추얼 아이돌 (2024.09.27/뉴스데스크/MBC),MBCNEWS,최상위 댓글,@sghka8199,"하츠네미쿠랑 결혼하는건 정병 오타쿠 
내가 하는건 순수한 팬심.",0,2024-09-28T03:58:32Z,3,UgxT86opg5wCpvJzoXN4AaABAg,OT6uElfCI7o,UCtZyS80LbPWTC8GO4fRoF6Q,2024-09-28T03:58:32Z,,중립
노래 잘하는 외계인? 음악방송 1위 하는 버추얼 아이돌 (2024.09.27/뉴스데스크/MBC),MBCNEWS,대댓글,@mulmanD,일단 하츠네 미쿠가 누군지 모름...님 결혼생활 응원할게요😋,1,2024-09-28T09:25:52Z,0,UgxT86opg5wCpvJzoXN4AaABAg.A8v544e4421A8vfXTpEj5o,OT6uElfCI7o,UCnbdMf1uz9Fc_7yZKpyBSqw,2024-09-28T09:25:52Z,UgxT86opg5wCpvJzoXN4AaABAg,긍정
노래 잘하는 외계인? 음악방송 1위 하는 버추얼 아이돌 (2024.09.27/뉴스데스크/MBC),MBCNEWS,대댓글,@sghka8199,@mulmanD 오 갑자기 레즈커플이 되었네요ㅋㅋㅋㅋ,0,2024-09-28T10:05:56Z,0,UgxT86opg5wCpvJzoXN4AaABAg.A8v544e4421A8vk6uNMH3L,OT6uElfCI7o,UCtZyS80LbPWTC8GO4fRoF6Q,2024-09-28T10:05:56Z,UgxT86opg5wCpvJzoXN4AaABAg,중립
노래 잘하는 외계인? 음악방송 1위 하는 버추얼 아이돌 (2024.09.27/뉴스데스크/MBC),MBCNEWS,대댓글,@mulmanD,​@sghka8199 님 성적취향 존중합니다!!,0,2024-10-10T12:57:16Z,0,UgxT86opg5wCpvJzoXN4AaABAg.A8v544e4421A9PxGNA5QIp,OT6uElfCI7o,UCnbdMf1uz9Fc_7yZKpyBSqw,2024-10-10T12:57:16Z,UgxT86opg5wCpvJzoXN4AaABAg,중립
노래 잘하는 외계인? 음악방송 1위 하는 버추얼 아이돌 (2024.09.27/뉴스데스크/MBC),MBCNEWS,최상위 댓글,@Nizalmorine,그래도 ..차은우가 더 잘생긴듯,1,2024-09-30T02:55:29Z,0,UgyiFzzLYpS-fnJjG_t4AaABAg,OT6uElfCI7o,UC3RMAOyb6zX5WjeiWyWK_QQ,2024-09-30T02:55:29Z,,중립
노래 잘하는 외계인? 음악방송 1위 하는 버추얼 아이돌 (2024.09.27/뉴스데스크/MBC),MBCNEWS,최상위 댓글,@jhs5922,음악 애니 캐릭터 좋아하는거랑 같게 생각하면 되지 않을까?,0,2024-09-30T09:00:09Z,0,UgzqKgg1H1UMYMQRDxF4AaABAg,OT6uElfCI7o,UCcOKoEMOor9JPEEEh99ToRw,2024-09-30T09:00:09Z,,긍정
노래 잘하는 외계인? 음악방송 1위 하는 버추얼 아이돌 (2024.09.27/뉴스데스크/MBC),MBCNEWS,최상위 댓글,@맹그로-d9c,조심해 그러다 바이러스 걸린다~ 아담형님 말씀 조언 잘 듣고~,0,2024-09-30T06:24:11Z,0,Ugyrbbq6fR_4Khel0jl4AaABAg,OT6uElfCI7o,UCakeOHh3MgNVyHcRcT-HWUw,2024-09-30T06:24:11Z,,중립
노래 잘하는 외계인? 음악방송 1위 하는 버추얼 아이돌 (2024.09.27/뉴스데스크/MBC),MBCNEWS,최상위 댓글,@OrCa.99,실물 진짜... 할많하않 ㅎㅎ,1,2024-10-04T19:56:15Z,0,UgzAjSRg9o53nB8jQUZ4AaABAg,OT6uElfCI7o,UCCm1kLXP5xBo08PEdMxbhFg,2024-10-04T19:56:15Z,,중립
노래 잘하는 외계인? 음악방송 1위 하는 버추얼 아이돌 (2024.09.27/뉴스데스크/MBC),MBCNEWS,최상위 댓글,@아이민36,플레이브 보다는 나이비스가 더...,0,2024-09-28T13:54:46Z,1,UgzDzruSS7vHSnMxaVV4AaABAg,OT6uElfCI7o,UCW1zjD3fwxoNhRDo_FQtFug,2024-09-28T13:54:46Z,,중립
노래 잘하는 외계인? 음악방송 1위 하는 버추얼 아이돌 (2024.09.27/뉴스데스크/MBC),MBCNEWS,대댓글,@ohh581,참고로 나이비스는 ai입니다,2,2024-09-29T11:41:29Z,0,UgzDzruSS7vHSnMxaVV4AaABAg.A8w9IxeqakpA8yUqh3QBMf,OT6uElfCI7o,UC0Kf21WcSTLzm06SuPFH-_Q,2024-09-29T11:41:29Z,UgzDzruSS7vHSnMxaVV4AaABAg,중립
노래 잘하는 외계인? 음악방송 1위 하는 버추얼 아이돌 (2024.09.27/뉴스데스크/MBC),MBCNEWS,최상위 댓글,@배성진-q3y,ㅋㅋㅋㅋㅋㅋㅋㅋㅋㅋㅋㅋㅋㅋ,0,2024-09-30T06:19:12Z,0,UgxECyg2uhkDv6X1SXZ4AaABAg,OT6uElfCI7o,UCrdMn8LCcPqcoRL3NDU59gA,2024-09-30T06:19:12Z,,중립
노래 잘하는 외계인? 음악방송 1위 하는 버추얼 아이돌 (2024.09.27/뉴스데스크/MBC),MBCNEWS,최상위 댓글,@blackheaven3202,그러면 뭐하냐...,1,2024-09-28T09:22:48Z,1,UgyDh4Ecg3EAGDYWX_B4AaABAg,OT6uElfCI7o,UCRV5dLqXQfVR5-D6HvTpXnA,2024-09-28T09:22:48Z,,중립
노래 잘하는 외계인? 음악방송 1위 하는 버추얼 아이돌 (2024.09.27/뉴스데스크/MBC),MBCNEWS,대댓글,@이이-s5d,뭐든 열심히하면 좋죠,0,2024-09-29T21:23:51Z,0,UgyDh4Ecg3EAGDYWX_B4AaABAg.A8vfB7pDG__A8zXV-ywHiq,OT6uElfCI7o,UC3ZAa3B-3VDmtxcmRZI-iFg,2024-09-29T21:23:51Z,UgyDh4Ecg3EAGDYWX_B4AaABAg,중립
노래 잘하는 외계인? 음악방송 1위 하는 버추얼 아이돌 (2024.09.27/뉴스데스크/MBC),MBCNEWS,최상위 댓글,@Dr_John_Parker,아담 형님... 그곳에서 보고계십니까?,1,2024-09-30T05:58:45Z,0,Ugxwc7QCCK5ORGAbO4R4AaABAg,OT6uElfCI7o,UCgGg4FB_aOgwQHDq_L8aaNw,2024-09-30T05:58:45Z,,중립
노래 잘하는 외계인? 음악방송 1위 하는 버추얼 아이돌 (2024.09.27/뉴스데스크/MBC),MBCNEWS,최상위 댓글,@wayback-home,시발 세상이 너무 발전을 해버렸어…,2,2024-09-28T03:46:49Z,0,UgzF-0ZaZlWFVyB8Ja94AaABAg,OT6uElfCI7o,UC6wyr2MRUjp2WW6_5lkrCbw,2024-09-28T03:46:49Z,,중립
노래 잘하는 외계인? 음악방송 1위 하는 버추얼 아이돌 (2024.09.27/뉴스데스크/MBC),MBCNEWS,최상위 댓글,@황태자-l2c,확실해졌어 세상이 날 속인 중이야,1,2024-09-30T09:25:19Z,0,UgymfLRUGIZRd1CHCZJ4AaABAg,OT6uElfCI7o,UCYZBCD8uCAdtS5K4S2TE1Eg,2024-09-30T09:25:19Z,,중립
노래 잘하는 외계인? 음악방송 1위 하는 버추얼 아이돌 (2024.09.27/뉴스데스크/MBC),MBCNEWS,최상위 댓글,@eo1y.0,모든 테라인들이 플레이브를 인정해주는 날까지 라쓰고💙💜🩷❤️🖤,0,2024-09-28T04:51:16Z,0,Ugwt5uFV8KRA_cCEqGl4AaABAg,OT6uElfCI7o,UCzv4FbhfgsxVodohMGUnnUA,2024-09-28T04:51:16Z,,중립
노래 잘하는 외계인? 음악방송 1위 하는 버추얼 아이돌 (2024.09.27/뉴스데스크/MBC),MBCNEWS,최상위 댓글,@뭘보노-280,우왁굳이 쏘아올린 ㅈㄴ 큰 공,2,2024-10-01T12:48:32Z,0,Ugy5OGm3y0KEN1D-Oyh4AaABAg,OT6uElfCI7o,UCk8m6_tB3k5aXwYV6euCedA,2024-10-01T12:48:32Z,,중립
노래 잘하는 외계인? 음악방송 1위 하는 버추얼 아이돌 (2024.09.27/뉴스데스크/MBC),MBCNEWS,최상위 댓글,@IOSTTEMPLE,"ㅋㅋㅋ모자눌러쓰고 마스크 쓰고
자랑스럽네",0,2024-10-01T05:04:39Z,0,UgyE2-Iq36xWfcFe3D54AaABAg,OT6uElfCI7o,UCTNMNf1ZmOcpsYOrXfKCQJg,2024-10-01T05:04:39Z,,중립
노래 잘하는 외계인? 음악방송 1위 하는 버추얼 아이돌 (2024.09.27/뉴스데스크/MBC),MBCNEWS,최상위 댓글,@ATHG,아담도 부활시켜주세요😊,0,2024-09-28T01:36:14Z,0,UgxJY6_F9wFeT5gSpY14AaABAg,OT6uElfCI7o,UCIMIcvws77QPoBCBpu4UByw,2024-09-28T01:36:14Z,,중립
노래 잘하는 외계인? 음악방송 1위 하는 버추얼 아이돌 (2024.09.27/뉴스데스크/MBC),MBCNEWS,최상위 댓글,@먹구름지나면,가수든 배우든  노력 성실함 열정 으로  꿈을 찾아가  근데  가상 이런노력도없이  만들어진  상품   과연 이게 올바른 방향 일까!??,0,2024-09-30T05:10:00Z,0,UgwYqkqHSQUtmyvlT5J4AaABAg,OT6uElfCI7o,UCdDXFcWknbVrmtXxVQ1VDHQ,2024-09-30T05:10:18Z,,중립
노래 잘하는 외계인? 음악방송 1위 하는 버추얼 아이돌 (2024.09.27/뉴스데스크/MBC),MBCNEWS,최상위 댓글,@트루-n1l,에휴..,0,2025-12-21T01:43:44Z,0,UgySLuhyU0Gsq_lVhxR4AaABAg,OT6uElfCI7o,UCdybhgzbM0zYiI9kT4a_aIw,2025-12-21T01:43:44Z,,중립
노래 잘하는 외계인? 음악방송 1위 하는 버추얼 아이돌 (2024.09.27/뉴스데스크/MBC),MBCNEWS,최상위 댓글,@kunclass,신은 하나님뿐. 예수님 믿고 구원 받으세요.,0,2024-09-30T11:41:47Z,0,Ugzda0puWjRD932JY_V4AaABAg,OT6uElfCI7o,UCMeoyySWJYhm6DcI6f219tA,2024-09-30T11:41:47Z,,중립
노래 잘하는 외계인? 음악방송 1위 하는 버추얼 아이돌 (2024.09.27/뉴스데스크/MBC),MBCNEWS,최상위 댓글,@HKR-y9l,"ㅋㅋㅋㅋㅋㅋㅋㅋㅋㅋㅋㅋ
바보들 많네",4,2024-09-30T02:03:01Z,0,UgwM2zsFpKtSxcLYz_J4AaABAg,OT6uElfCI7o,UCbZUd_BwTynGd1x7YqWpk_w,2024-09-30T02:03:01Z,,중립
노래 잘하는 외계인? 음악방송 1위 하는 버추얼 아이돌 (2024.09.27/뉴스데스크/MBC),MBCNEWS,최상위 댓글,@볼수록-t7n,ㅋㅋㅋㅋ,0,2024-09-30T07:13:26Z,0,UgzXm9O8GLdrXzp3I3N4AaABAg,OT6uElfCI7o,UCu0qCfo55N6AzsHDHy98WSQ,2024-09-30T07:13:26Z,,중립
노래 잘하는 외계인? 음악방송 1위 하는 버추얼 아이돌 (2024.09.27/뉴스데스크/MBC),MBCNEWS,최상위 댓글,@handsum04,아담의 자식들인가?????,0,2024-09-30T09:42:25Z,0,UgzZL1eqElUrx8vIrDF4AaABAg,OT6uElfCI7o,UC2H1p59p7b6tHYK3RmXKqLA,2024-09-30T09:42:25Z,,중립
노래 잘하는 외계인? 음악방송 1위 하는 버추얼 아이돌 (2024.09.27/뉴스데스크/MBC),MBCNEWS,최상위 댓글,@liwon5908,흐음 ;;; 적응 안되네 하--,0,2024-09-30T07:00:10Z,0,Ugzxq8up3P608DkeVF54AaABAg,OT6uElfCI7o,UC9MPGbgJBDOemtTZ1iE8VtQ,2024-09-30T07:00:10Z,,중립
노래 잘하는 외계인? 음악방송 1위 하는 버추얼 아이돌 (2024.09.27/뉴스데스크/MBC),MBCNEWS,최상위 댓글,@user-coaht,가상이라서 괜찮아..? 가상이라서 좋은거야..알못들아..,0,2024-10-04T00:11:56Z,0,Ugy4YGIreOORmyD9D6x4AaABAg,OT6uElfCI7o,UCyXVqXhRMfJQeJJol792k7g,2024-10-04T00:11:56Z,,중립
노래 잘하는 외계인? 음악방송 1위 하는 버추얼 아이돌 (2024.09.27/뉴스데스크/MBC),MBCNEWS,최상위 댓글,@상록수-g5v,아담의 후예들인가~,0,2024-09-30T05:45:34Z,0,Ugx6VhzuX4DIp5Ag5ip4AaABAg,OT6uElfCI7o,UC2ViMYp6ICOgxlgKqM8cMGQ,2024-09-30T05:45:34Z,,중립
노래 잘하는 외계인? 음악방송 1위 하는 버추얼 아이돌 (2024.09.27/뉴스데스크/MBC),MBCNEWS,최상위 댓글,@가손공언점개웃기네징,Kpop의 새로운 도전은 아니지 모션 캡쳐만 더 했을 뿐 이죠,0,2024-09-30T07:02:47Z,0,UgzeMM4dgTWnsYXPwFR4AaABAg,OT6uElfCI7o,UC3dAJLlonPv62IVU2Z1WL9g,2024-09-30T07:02:47Z,,중립
노래 잘하는 외계인? 음악방송 1위 하는 버추얼 아이돌 (2024.09.27/뉴스데스크/MBC),MBCNEWS,최상위 댓글,@슈퍼쌰이,늙지도 않고 사고 칠 일도 없고.. AI면 다국어도 바로 되겠네... 세계정복도 가능할 듯.,0,2024-09-30T04:51:54Z,0,Ugx3O6TD8tt_ljbA2NF4AaABAg,OT6uElfCI7o,UCOUA8r-Jt6TMGP5HZVr7mXA,2024-09-30T04:51:54Z,,중립
노래 잘하는 외계인? 음악방송 1위 하는 버추얼 아이돌 (2024.09.27/뉴스데스크/MBC),MBCNEWS,최상위 댓글,@user-lz3jx9vj3h,이거 트위터 정병픽 아닌가요? ㅋㅋㅋ,0,2024-09-30T07:20:32Z,0,UgyaKu4pZPv0zFzHGwl4AaABAg,OT6uElfCI7o,UC0ax2ZzEfgb81BHmXoiI1fQ,2024-09-30T07:20:32Z,,중립
노래 잘하는 외계인? 음악방송 1위 하는 버추얼 아이돌 (2024.09.27/뉴스데스크/MBC),MBCNEWS,최상위 댓글,@봉숙민,뒤에진짜사람 이가? ㅡ노랠랑 춤?,0,2024-09-30T06:43:29Z,0,UgxECugoBwczeP6wHfR4AaABAg,OT6uElfCI7o,UCJC_AKndJxVKrb37d-shpEg,2024-09-30T06:43:29Z,,중립
노래 잘하는 외계인? 음악방송 1위 하는 버추얼 아이돌 (2024.09.27/뉴스데스크/MBC),MBCNEWS,최상위 댓글,@Shipjeanou,0:32 0:59 1:06  밤비컷,2,2024-09-27T15:37:38Z,0,Ugy1_-v9UkSi921G-hl4AaABAg,OT6uElfCI7o,UCIJ0GwWTuSyXRTCvJBj4uoA,2024-09-27T15:37:38Z,,중립
노래 잘하는 외계인? 음악방송 1위 하는 버추얼 아이돌 (2024.09.27/뉴스데스크/MBC),MBCNEWS,최상위 댓글,@user-vl3cu3po8x,이분들 실물 보신분 계신가요?😮,0,2024-09-29T09:34:25Z,0,UgzZEUcquCXb3IMYNFp4AaABAg,OT6uElfCI7o,UClYwbsl_ZMQCCkS06WnT2LA,2024-09-29T09:34:25Z,,중립
노래 잘하는 외계인? 음악방송 1위 하는 버추얼 아이돌 (2024.09.27/뉴스데스크/MBC),MBCNEWS,최상위 댓글,@이용순-y2e,그래도 역시 사람이   직접 춤 추는 모습이  아름다워요.   인간 모습은 AI가  따라 갈 수는 없다고 봅니다. 만화도 마찬가지고,0,2024-09-28T05:09:01Z,2,Ugzk5zCuuQZO1kfHrt54AaABAg,OT6uElfCI7o,UCTQRYCrznOnp7SfN8pP99YA,2024-09-28T05:09:01Z,,중립
노래 잘하는 외계인? 음악방송 1위 하는 버추얼 아이돌 (2024.09.27/뉴스데스크/MBC),MBCNEWS,대댓글,@방구석둥이-f1g,AI가 아니랍니다,4,2024-09-28T07:27:27Z,0,Ugzk5zCuuQZO1kfHrt54AaABAg.A8vD8FdfklVA8vSz91ElmM,OT6uElfCI7o,UCQ5ypXsxurM9kTPHPhEFulA,2024-09-28T07:27:27Z,Ugzk5zCuuQZO1kfHrt54AaABAg,중립
노래 잘하는 외계인? 음악방송 1위 하는 버추얼 아이돌 (2024.09.27/뉴스데스크/MBC),MBCNEWS,대댓글,@이이-s5d,진짜 사람이 직접 추는 모습이 참 아름다운 것 같아요 플레이브 멤버가 직접 춤 제작하시는거 알고 계시나요?? 모션캡쳐라는 기술을 통해 실제 사람이 추는것을 방송으로 내보내는거랍니다 실제 사람 맞아요,0,2024-09-29T21:25:42Z,0,Ugzk5zCuuQZO1kfHrt54AaABAg.A8vD8FdfklVA8zXhZ-tt7f,OT6uElfCI7o,UC3ZAa3B-3VDmtxcmRZI-iFg,2024-09-29T21:25:42Z,Ugzk5zCuuQZO1kfHrt54AaABAg,중립
노래 잘하는 외계인? 음악방송 1위 하는 버추얼 아이돌 (2024.09.27/뉴스데스크/MBC),MBCNEWS,최상위 댓글,@점례박-x5l,에휴...,3,2024-09-30T05:29:48Z,0,UgwUCoE1LN_JjcvGACZ4AaABAg,OT6uElfCI7o,UC7TGHJyPoFVN0XpEuo1kqFA,2024-09-30T05:29:48Z,,중립
노래 잘하는 외계인? 음악방송 1위 하는 버추얼 아이돌 (2024.09.27/뉴스데스크/MBC),MBCNEWS,최상위 댓글,@김동건-x1g,한심하다 한심해..,6,2025-02-01T11:09:25Z,0,Ugxdambr1BjInASHvUR4AaABAg,OT6uElfCI7o,UCH4XwXXpxaVCXWhvbkxtsoA,2025-02-01T11:09:25Z,,중립
노래 잘하는 외계인? 음악방송 1위 하는 버추얼 아이돌 (2024.09.27/뉴스데스크/MBC),MBCNEWS,최상위 댓글,@온유-y6p,이제 ㄹㅇ 오타쿠 시대네 인싸가 아싸꺼 다 가져간다던데 팩트였네,0,2024-09-30T09:35:03Z,0,UgwZW8CSKv2BLbEdX4h4AaABAg,OT6uElfCI7o,UCz_--1_0iJ2qnvcy2whNqNg,2024-09-30T09:35:03Z,,중립
노래 잘하는 외계인? 음악방송 1위 하는 버추얼 아이돌 (2024.09.27/뉴스데스크/MBC),MBCNEWS,최상위 댓글,@theghst5147,이세계아이돌인가 그거랑 비슷한 건가,0,2024-09-28T02:02:48Z,0,UgzuXFDrYkM3k6FDCYl4AaABAg,OT6uElfCI7o,UCKIyXqiqNmhwMAMmO4QNFcw,2024-09-28T02:02:48Z,,중립
노래 잘하는 외계인? 음악방송 1위 하는 버추얼 아이돌 (2024.09.27/뉴스데스크/MBC),MBCNEWS,최상위 댓글,@Lily_Fox777,버츄얼 이면 이세돌이지,0,2024-10-01T05:40:37Z,0,UgxDaIzwyU3HFCKnKJZ4AaABAg,OT6uElfCI7o,UCK3yi_Ix-87hVi5yKo8p7XQ,2024-10-01T05:40:37Z,,중립
노래 잘하는 외계인? 음악방송 1위 하는 버추얼 아이돌 (2024.09.27/뉴스데스크/MBC),MBCNEWS,최상위 댓글,@1kddjflkck2,아담이 사이버 가수 1호 아니냐???,0,2024-09-30T06:20:46Z,0,UgzLzvguXcgJY9DPRkJ4AaABAg,OT6uElfCI7o,UCsBbsD1HtGGOD-QF1HmyT8g,2024-09-30T06:20:46Z,,중립
노래 잘하는 외계인? 음악방송 1위 하는 버추얼 아이돌 (2024.09.27/뉴스데스크/MBC),MBCNEWS,최상위 댓글,@polyartstudio5427,세상이 나를 몰카 하나?,2,2024-09-30T05:55:33Z,1,Ugwou7hbCIgAp7tdej14AaABAg,OT6uElfCI7o,UCulhp_z41dBeP3ZiHDYuw5Q,2024-09-30T05:55:33Z,,중립
노래 잘하는 외계인? 음악방송 1위 하는 버추얼 아이돌 (2024.09.27/뉴스데스크/MBC),MBCNEWS,대댓글,@SY-xt6tz,그쪽이 뭐라고 몰카함?,0,2024-10-01T08:08:06Z,0,Ugwou7hbCIgAp7tdej14AaABAg.A9-S2pSvT6TA92G0Z3N1g7,OT6uElfCI7o,UCqV9Ofrg23VDINQmoukhtkw,2024-10-01T08:08:06Z,Ugwou7hbCIgAp7tdej14AaABAg,중립
노래 잘하는 외계인? 음악방송 1위 하는 버추얼 아이돌 (2024.09.27/뉴스데스크/MBC),MBCNEWS,최상위 댓글,@BBaSSo1,아담..,0,2024-10-09T15:42:19Z,0,UgyGeicoN1Nk9VKNF-l4AaABAg,OT6uElfCI7o,UC7c-ZwWVhk5DSXiR3dwxPuQ,2024-10-09T15:42:19Z,,중립
노래 잘하는 외계인? 음악방송 1위 하는 버추얼 아이돌 (2024.09.27/뉴스데스크/MBC),MBCNEWS,최상위 댓글,@1492to,임영웅이랑 뭐가 다른건지,3,2024-10-03T18:17:08Z,0,UgySVTd8bU1dSLV--wZ4AaABAg,OT6uElfCI7o,UC7jGSVSoqkVlOhTOSGjpCDA,2024-10-03T18:17:08Z,,중립
노래 잘하는 외계인? 음악방송 1위 하는 버추얼 아이돌 (2024.09.27/뉴스데스크/MBC),MBCNEWS,최상위 댓글,@개추-q8m,이거랑 일본에서 미소녀 캐릭터 좋아하는 오타쿠랑 뭐가다른거냐?,0,2024-09-30T11:17:42Z,0,UgxX5d4aaR965GIl0QB4AaABAg,OT6uElfCI7o,UCP2h8ZBoe334bLKZ8JsQyBQ,2024-09-30T11:17:42Z,,긍정
노래 잘하는 외계인? 음악방송 1위 하는 버추얼 아이돌 (2024.09.27/뉴스데스크/MBC),MBCNEWS,최상위 댓글,@sunnykim-intp,"PC통신 시절에는 개인정보보호법이 없었고, 그때 사용하는 사람들에게 공유 동의서를 내밀지도 않았으므로, 개인정보 공유 동의를 해주지 않았을텐데 그 기록 동의 받고 하는 것 맞나요? 두번째로 소개한 아이돌이 합법이면 개인정보보호법을 더 강화할 필요가 있을 것 같네요. 개인정보 악용하는 기업들을 조사해볼 필요가 있는 것 같아요. 근데 버츄얼 좋아하는 것은 문제될 것은 없는데, 세상이 좀 변하긴 하였네요. 하지만 아직은 저는 버츄얼에 이질감을 많이 느껴지긴 하는데, 음악성이 있다면 버츄얼이든 아니든 관계없다는 것은 음악자체가 사랑받고 있다는 근거인 것 같아요. 버츄얼이 플러스 점수가 되는지? 아니면 마이너스 점수인데 음악성이 있어서 그 마이너스 점수까지 넘은 것인지에 대해서요. 즉 음악성은 반박못하는 아이돌인것 같네요. 한국에서 오타쿠프로그램 시청률이 0.2%정도 IPTV에서 찍히는 것을 보면 음악성으로 버추얼의 단점을 극복한 것 같아요.",2,2024-09-27T18:31:43Z,0,UgxmtGiOe80Rdf7Rxw54AaABAg,OT6uElfCI7o,UCBsvaphAZxM3d6VjsZq7feQ,2024-09-27T18:37:06Z,,긍정
노래 잘하는 외계인? 음악방송 1위 하는 버추얼 아이돌 (2024.09.27/뉴스데스크/MBC),MBCNEWS,최상위 댓글,@influenceer166,한심하다 가상인물에 유치그자체,3,2024-09-29T04:35:23Z,1,Ugxr7vi8_6-WzWGUhkN4AaABAg,OT6uElfCI7o,UCIU5u_FqzFGdoVImxJltH6w,2024-09-29T04:35:23Z,,중립
노래 잘하는 외계인? 음악방송 1위 하는 버추얼 아이돌 (2024.09.27/뉴스데스크/MBC),MBCNEWS,대댓글,@이이-s5d,노래가 정말 좋아요 들어보세요,0,2024-09-29T21:13:13Z,0,Ugxr7vi8_6-WzWGUhkN4AaABAg.A8xj4nK3nAWA8zWH9Xi6zV,OT6uElfCI7o,UC3ZAa3B-3VDmtxcmRZI-iFg,2024-09-29T21:13:13Z,Ugxr7vi8_6-WzWGUhkN4AaABAg,긍정
노래 잘하는 외계인? 음악방송 1위 하는 버추얼 아이돌 (2024.09.27/뉴스데스크/MBC),MBCNEWS,최상위 댓글,@user-dc4br6ob7e,정신들좀 차리자,5,2024-09-29T14:05:54Z,3,Ugz6RO10pYe30dT7NTR4AaABAg,OT6uElfCI7o,UCHGDg-f7K46kZIunLsLfm-w,2024-09-29T14:05:54Z,,중립
노래 잘하는 외계인? 음악방송 1위 하는 버추얼 아이돌 (2024.09.27/뉴스데스크/MBC),MBCNEWS,대댓글,@이이-s5d,아무래도 아직 낯선 분들이 많을것이라고 생각합니다 하지만 당신처럼 낯선분들을 설득하는게 플레이브와 플리들의 숙제라고 생각합니다 부정적으로 생각하지 마시고 이런게 있구나~ 정도로만 생각해주세요!,1,2024-09-29T21:05:36Z,0,Ugz6RO10pYe30dT7NTR4AaABAg.A8ykNUfaYTiA8zVPR_k_Mg,OT6uElfCI7o,UC3ZAa3B-3VDmtxcmRZI-iFg,2024-09-29T21:05:36Z,Ugz6RO10pYe30dT7NTR4AaABAg,중립
노래 잘하는 외계인? 음악방송 1위 하는 버추얼 아이돌 (2024.09.27/뉴스데스크/MBC),MBCNEWS,대댓글,@user-dc4br6ob7e,@이이-s5d 알겠습니다 죄송합니다 무례했네요 이해해 볼게요,1,2024-09-30T11:22:46Z,0,Ugz6RO10pYe30dT7NTR4AaABAg.A8ykNUfaYTiA901VSSCKao,OT6uElfCI7o,UCHGDg-f7K46kZIunLsLfm-w,2024-09-30T11:22:46Z,Ugz6RO10pYe30dT7NTR4AaABAg,중립
노래 잘하는 외계인? 음악방송 1위 하는 버추얼 아이돌 (2024.09.27/뉴스데스크/MBC),MBCNEWS,대댓글,@이이-s5d,@user-dc4br6ob7e 감사합니다!! 좋은하루 보내세요~~,0,2024-10-01T04:06:55Z,0,Ugz6RO10pYe30dT7NTR4AaABAg.A8ykNUfaYTiA91pQ0jnn58,OT6uElfCI7o,UC3ZAa3B-3VDmtxcmRZI-iFg,2024-10-01T04:06:55Z,Ugz6RO10pYe30dT7NTR4AaABAg,긍정
노래 잘하는 외계인? 음악방송 1위 하는 버추얼 아이돌 (2024.09.27/뉴스데스크/MBC),MBCNEWS,최상위 댓글,@77Daegu-Hong_Uncle,"""아담""의 후예들인가?",0,2024-09-27T17:45:13Z,0,Ugza9RkIRzDc-vjGnOJ4AaABAg,OT6uElfCI7o,UCO-gff7LUXoKlYyLzBTu9RQ,2024-09-27T17:45:13Z,,중립
노래 잘하는 외계인? 음악방송 1위 하는 버추얼 아이돌 (2024.09.27/뉴스데스크/MBC),MBCNEWS,최상위 댓글,@she-hh9or,"실제 뒤에서는 어떻게 생겼을까 ㅋㅋㅋㅋ
작가나 목소리",0,2024-09-29T08:23:39Z,2,UgxtCZRL4L-5w3q8aO14AaABAg,OT6uElfCI7o,UCVX0GOKh9wJ2cwY-N527unw,2024-09-29T08:23:39Z,,중립
노래 잘하는 외계인? 음악방송 1위 하는 버추얼 아이돌 (2024.09.27/뉴스데스크/MBC),MBCNEWS,대댓글,@dan0xl-0,뒤에 얼굴 기대하고 좋아하는게 아닙니다,0,2024-09-29T08:28:59Z,0,UgxtCZRL4L-5w3q8aO14AaABAg.A8y8CgL7qbhA8y8om0KRZZ,OT6uElfCI7o,UCzIFEIxFBxQedIWoQRUqb_Q,2024-09-29T08:28:59Z,UgxtCZRL4L-5w3q8aO14AaABAg,긍정
노래 잘하는 외계인? 음악방송 1위 하는 버추얼 아이돌 (2024.09.27/뉴스데스크/MBC),MBCNEWS,대댓글,@hyhaa,약간 오타쿠들이 애니 케릭 환장하는 느낌으로 좋아하는거 아닐까 싶네요,0,2024-09-29T22:31:54Z,0,UgxtCZRL4L-5w3q8aO14AaABAg.A8y8CgL7qbhA8zeHRcvaIQ,OT6uElfCI7o,UCoAqV0lQ6aDZrfCcJP-HSUg,2024-09-29T22:31:54Z,UgxtCZRL4L-5w3q8aO14AaABAg,긍정
노래 잘하는 외계인? 음악방송 1위 하는 버추얼 아이돌 (2024.09.27/뉴스데스크/MBC),MBCNEWS,최상위 댓글,@ParkHS-h2b,오타쿠를 겨냥했네,3,2024-09-30T02:35:28Z,0,UgxrQ8GsW2V4PNnL14V4AaABAg,OT6uElfCI7o,UC52VXnbL1z7CT6C2ZOqCVJg,2024-09-30T02:35:28Z,,중립
노래 잘하는 외계인? 음악방송 1위 하는 버추얼 아이돌 (2024.09.27/뉴스데스크/MBC),MBCNEWS,최상위 댓글,@브로콜리-o5j,아담이 원조,0,2024-09-30T04:47:34Z,0,UgzKCb_lfIUN4EG9Jgp4AaABAg,OT6uElfCI7o,UCT43e8F9fhAbBfVsgVwswUw,2024-09-30T04:47:34Z,,중립
노래 잘하는 외계인? 음악방송 1위 하는 버추얼 아이돌 (2024.09.27/뉴스데스크/MBC),MBCNEWS,최상위 댓글,@계란후라이-m9p,사고 쳐서 나락 갈 일 은 없겠네 ㅋㅋㅋㅋ,0,2024-09-29T15:38:33Z,0,UgwHLIhGSzSG8j6XWIl4AaABAg,OT6uElfCI7o,UCoaUx5nFQa424E4R9P51QsA,2024-09-29T15:38:33Z,,중립
노래 잘하는 외계인? 음악방송 1위 하는 버추얼 아이돌 (2024.09.27/뉴스데스크/MBC),MBCNEWS,최상위 댓글,@귄펭-z8i,보여지는 캐릭터 따로 춤추는 진짜 사람 따로인게 조금 불편하네ㅣ 차라리 백프로 가짜라면 몰입할듯,0,2024-09-30T06:09:37Z,0,Ugy1e82U2S412Xhh0dh4AaABAg,OT6uElfCI7o,UCAVOVsGD_EVV2xhIvb6A__w,2024-09-30T06:09:37Z,,중립
노래 잘하는 외계인? 음악방송 1위 하는 버추얼 아이돌 (2024.09.27/뉴스데스크/MBC),MBCNEWS,최상위 댓글,@cab06215,음지에서 나오지 말아라 제발…,2,2024-09-30T05:31:51Z,0,UgxDyPCl6fSQICZCRtx4AaABAg,OT6uElfCI7o,UCG2qLzkfoa6fxqt2I--dLQQ,2024-09-30T05:31:51Z,,중립
노래 잘하는 외계인? 음악방송 1위 하는 버추얼 아이돌 (2024.09.27/뉴스데스크/MBC),MBCNEWS,최상위 댓글,@FunnyTV-wn2cg,나이비스 ㅇㅈㄹ ㅋㅋㅋㅋ,0,2024-10-06T00:58:23Z,0,UgwN1YbrdSAs8fP0Ead4AaABAg,OT6uElfCI7o,UCPyTcNjL0Bqmj6yiRQ3B5SQ,2024-10-06T00:58:23Z,,중립
노래 잘하는 외계인? 음악방송 1위 하는 버추얼 아이돌 (2024.09.27/뉴스데스크/MBC),MBCNEWS,최상위 댓글,@NTS-e2k,댓글창 뭔 댓글부대 동원해서 적은거같냐...ㅋㅋㅋ,2,2024-10-10T16:39:18Z,1,UgxdRGQBXHFYExRm0OZ4AaABAg,OT6uElfCI7o,UCy3RHAzNRCulEhi3QgsTDlQ,2024-10-10T16:39:18Z,,중립
노래 잘하는 외계인? 음악방송 1위 하는 버추얼 아이돌 (2024.09.27/뉴스데스크/MBC),MBCNEWS,대댓글,@리주-z5d,응 아니야ㅠㅠ,5,2024-10-12T11:58:54Z,0,UgxdRGQBXHFYExRm0OZ4AaABAg.A9QLfZuRJOSA9V-A_IoIU-,OT6uElfCI7o,UCG9t7TTziRC3w51yguWGqnA,2024-10-12T11:58:54Z,UgxdRGQBXHFYExRm0OZ4AaABAg,중립
노래 잘하는 외계인? 음악방송 1위 하는 버추얼 아이돌 (2024.09.27/뉴스데스크/MBC),MBCNEWS,최상위 댓글,@정헤비-p9j,짜치네,3,2024-10-05T09:13:40Z,0,UgzmMco7XkIObtfQWhp4AaABAg,OT6uElfCI7o,UCRstldUj44s_NA1gGRV3rQQ,2024-10-05T09:13:40Z,,중립
노래 잘하는 외계인? 음악방송 1위 하는 버추얼 아이돌 (2024.09.27/뉴스데스크/MBC),MBCNEWS,최상위 댓글,@aa-dt6sk,노래나 목소리는 좋은 거 같은데 숏츠에서 캐릭터 움직이고 표정 짓는 거 너무 기괴했음;;,2,2024-09-28T10:44:54Z,1,UgxNZNnu_pOZiuwvnUB4AaABAg,OT6uElfCI7o,UCL28Sp2_Dc1y3sOljtyEKYw,2024-09-28T10:44:54Z,,중립
노래 잘하는 외계인? 음악방송 1위 하는 버추얼 아이돌 (2024.09.27/뉴스데스크/MBC),MBCNEWS,대댓글,@이이-s5d,아직 낯설으셔서 그런 것 같아요ㅠㅠ,0,2024-09-29T21:23:17Z,0,UgxNZNnu_pOZiuwvnUB4AaABAg.A8vo_L7H-3xA8zXQx8jgGr,OT6uElfCI7o,UC3ZAa3B-3VDmtxcmRZI-iFg,2024-09-29T21:23:17Z,UgxNZNnu_pOZiuwvnUB4AaABAg,중립
노래 잘하는 외계인? 음악방송 1위 하는 버추얼 아이돌 (2024.09.27/뉴스데스크/MBC),MBCNEWS,최상위 댓글,@userqwe-12,"플레이브 노래 좋긴 한데, 버츄얼이 약간만 더 자연스러웠으면 좋겠음ㅠㅠ.❤ 왠지 이상하게 이세돌은 거리낌이 없는데 유독 얘네들만 그랭..",2,2024-09-29T03:49:44Z,8,Ugwb3-e2oQ-d-lLbp6d4AaABAg,OT6uElfCI7o,UCXga2H011pR5jLL0F9q-Low,2024-09-29T03:49:44Z,,중립
노래 잘하는 외계인? 음악방송 1위 하는 버추얼 아이돌 (2024.09.27/뉴스데스크/MBC),MBCNEWS,대댓글,@하입__0,사람마다 다른거지 뭘 또 비교질을ㅋㅋㅋ 님 프로필에 우왁굳은 지우고 그런말 하세요ㅜ 누구팬인지 뻔히 보이잖아❤ 이세돌좋고 플레이브도 좋음 비교질 그만!ㅎ,7,2024-09-29T05:50:11Z,0,Ugwb3-e2oQ-d-lLbp6d4AaABAg.A8xdrQdFkuRA8xrdbwcnfG,OT6uElfCI7o,UCbT5UhW8Ow9radma2m6fSwQ,2024-09-29T05:50:11Z,Ugwb3-e2oQ-d-lLbp6d4AaABAg,중립
노래 잘하는 외계인? 음악방송 1위 하는 버추얼 아이돌 (2024.09.27/뉴스데스크/MBC),MBCNEWS,대댓글,@userqwe-12,@하입__0 내 프로필에 우왁굳 없는데요..? 실력이나 사람 비교질 보단 그냥 그 버츄얼 겉모습이 저한텐 그래보일 뿐.. 플레이브 찐으로 엄청 좋아하는 사람들에겐 실례일수도 있겠네요. 개취였음ㅈㅅ..,0,2024-09-29T11:04:39Z,0,Ugwb3-e2oQ-d-lLbp6d4AaABAg.A8xdrQdFkuRA8yQcrHeqRj,OT6uElfCI7o,UCXga2H011pR5jLL0F9q-Low,2024-09-29T18:35:58Z,Ugwb3-e2oQ-d-lLbp6d4AaABAg,긍정
노래 잘하는 외계인? 음악방송 1위 하는 버추얼 아이돌 (2024.09.27/뉴스데스크/MBC),MBCNEWS,대댓글,@Bba-x6h,​@userqwe-12ㅋㅋㅋㅋㅋㅋ재생목록에 있어요ㅋㅋ,4,2024-09-29T11:39:55Z,0,Ugwb3-e2oQ-d-lLbp6d4AaABAg.A8xdrQdFkuRA8yUf9FQPMZ,OT6uElfCI7o,UCWk0oJS1PrmorByPGXAZTwQ,2024-09-29T11:39:55Z,Ugwb3-e2oQ-d-lLbp6d4AaABAg,중립
노래 잘하는 외계인? 음악방송 1위 하는 버추얼 아이돌 (2024.09.27/뉴스데스크/MBC),MBCNEWS,대댓글,@userqwe-12,@Bba-x6h ㅁㅊㅋㅋㅋㅋ저거 재생목록으로 눌린줄도 몰랐음. 근데 저거 딱 하나가지고 저래서 저는 당황스러움ㅠㅜ  이세돌 영상도 없는데 뭔소린가 싶었어요ㅋㅋ,0,2024-09-29T18:32:54Z,0,Ugwb3-e2oQ-d-lLbp6d4AaABAg.A8xdrQdFkuRA8zDvxBfiKS,OT6uElfCI7o,UCXga2H011pR5jLL0F9q-Low,2024-09-29T18:32:54Z,Ugwb3-e2oQ-d-lLbp6d4AaABAg,중립
노래 잘하는 외계인? 음악방송 1위 하는 버추얼 아이돌 (2024.09.27/뉴스데스크/MBC),MBCNEWS,대댓글,@이이-s5d,@userqwe-12하지만 비교하듯이 댓글을 다시면 님과 관련없는 이세돌분들과 플레이브 팬들의 감정만 안좋아지는걸요😢,0,2024-09-29T21:14:26Z,0,Ugwb3-e2oQ-d-lLbp6d4AaABAg.A8xdrQdFkuRA8zWQ1HnUeX,OT6uElfCI7o,UC3ZAa3B-3VDmtxcmRZI-iFg,2024-09-29T21:14:26Z,Ugwb3-e2oQ-d-lLbp6d4AaABAg,중립
노래 잘하는 외계인? 음악방송 1위 하는 버추얼 아이돌 (2024.09.27/뉴스데스크/MBC),MBCNEWS,최상위 댓글,@미소-hi,세상 참 희안하게 돌아가네..,1,2024-09-28T08:55:41Z,2,Ugyxq5kraM7yMf-W3bl4AaABAg,OT6uElfCI7o,UCLW6iHlx9ZGDoH1q5Nq5ZhA,2024-09-28T08:55:41Z,,중립
노래 잘하는 외계인? 음악방송 1위 하는 버추얼 아이돌 (2024.09.27/뉴스데스크/MBC),MBCNEWS,대댓글,@쨔잉-16.5,맞춤법 무슨일,0,2024-09-28T10:48:22Z,0,Ugyxq5kraM7yMf-W3bl4AaABAg.A8vc4UOWSkdA8voynv61lv,OT6uElfCI7o,UCg4wOddgBn8iE_AWAegFbvw,2024-09-28T10:48:22Z,Ugyxq5kraM7yMf-W3bl4AaABAg,중립
노래 잘하는 외계인? 음악방송 1위 하는 버추얼 아이돌 (2024.09.27/뉴스데스크/MBC),MBCNEWS,대댓글,@이이-s5d,세상이 멈춰있진 않으니까요 이렇게 된 김에 플레이브 노래 한번 들어보세요,0,2024-09-29T21:24:15Z,0,Ugyxq5kraM7yMf-W3bl4AaABAg.A8vc4UOWSkdA8zXXy1MGo6,OT6uElfCI7o,UC3ZAa3B-3VDmtxcmRZI-iFg,2024-09-29T21:24:15Z,Ugyxq5kraM7yMf-W3bl4AaABAg,중립
노래 잘하는 외계인? 음악방송 1위 하는 버추얼 아이돌 (2024.09.27/뉴스데스크/MBC),MBCNEWS,최상위 댓글,@user-ty5te4mx6b,본체 사람들 논란 보니까 뭐 빨고싶은 마음도 안드는데 흐린눈 하고 좋아하는거 진짜 대단하다,1,2024-10-01T03:56:26Z,0,UgwupKa8QTomI3ID0tB4AaABAg,OT6uElfCI7o,UCgrIv2BQuCFQK7EeY5iiFhA,2024-10-01T03:56:26Z,,긍정
노래 잘하는 외계인? 음악방송 1위 하는 버추얼 아이돌 (2024.09.27/뉴스데스크/MBC),MBCNEWS,최상위 댓글,@peacemercy7276,가수 좋아할때는 꼭 중국공산당이 얼마나 점령하고 있는지 확인해야한다... 특히 카카오엔터는 중국공산당에 점령당함... SM도 중국이 점차 지분 늘려가는중... ㄷㄷ 케이팝이 동북공정에 방해된다는거 알고 몇년전부터 케이팝을 씨팝으로 만드려고 발악중이다... 이번에 뉴진스도 중국자본에 통째로 삼켜질뻔했지.. 민희진이 팔으려고 해서,1,2024-09-30T06:40:54Z,0,Ugx6JKtcpFHeWBJeHQB4AaABAg,OT6uElfCI7o,UCpHh59FwiUQLV7LXRZwDWdg,2024-09-30T06:41:53Z,,긍정
노래 잘하는 외계인? 음악방송 1위 하는 버추얼 아이돌 (2024.09.27/뉴스데스크/MBC),MBCNEWS,최상위 댓글,@비가와-e4e,라이브도 아니고 얼마든지 조작해서 노래낼수있고 범죄이력이나 사고를 알수도 없는데 왜 굳이... 살아있는 사람이 나은거지.20년 전에 사이버가수라면서 아담 루시아가 반짝하다 망했는데...또 나왔네,1,2024-09-28T14:12:28Z,1,Ugw0gMFDqijj5yJIQCh4AaABAg,OT6uElfCI7o,UC8G6uenYehkoHAgOEEObmQQ,2024-09-28T14:12:28Z,,중립
노래 잘하는 외계인? 음악방송 1위 하는 버추얼 아이돌 (2024.09.27/뉴스데스크/MBC),MBCNEWS,대댓글,@이이-s5d,보니까 가요계를 잘 아시는 분이시니 라이브를 들어보시면 전혀 조작이 아니란걸 느끼실거예요!,0,2024-09-29T21:21:43Z,0,Ugw0gMFDqijj5yJIQCh4AaABAg.A8wBKdC6hq9A8zXFPdlUMZ,OT6uElfCI7o,UC3ZAa3B-3VDmtxcmRZI-iFg,2024-09-29T21:21:43Z,Ugw0gMFDqijj5yJIQCh4AaABAg,중립
노래 잘하는 외계인? 음악방송 1위 하는 버추얼 아이돌 (2024.09.27/뉴스데스크/MBC),MBCNEWS,최상위 댓글,@jiji5285,어이가없네   인형과  결혼하는  사람과  똑같네,2,2024-09-28T02:04:40Z,0,UgwI8BwAy3BqXCgUpVh4AaABAg,OT6uElfCI7o,UCVbCK68YxnJ2VYSSvm3HoSw,2024-09-28T02:04:40Z,,중립
노래 잘하는 외계인? 음악방송 1위 하는 버추얼 아이돌 (2024.09.27/뉴스데스크/MBC),MBCNEWS,최상위 댓글,@아몰랑키키,"말세다 말세야
세상이 어떻게 돌아가는거냐",3,2024-09-28T04:48:30Z,4,Ugz1x6QRGENSPvSzECJ4AaABAg,OT6uElfCI7o,UCghAzbYd7iiz59z8HK4RFwQ,2024-09-28T04:48:30Z,,중립
노래 잘하는 외계인? 음악방송 1위 하는 버추얼 아이돌 (2024.09.27/뉴스데스크/MBC),MBCNEWS,대댓글,@겨자씨-hhsfhhj,세상 돌아가는걸 모르시네.. ㅉㅉ,10,2024-09-28T04:52:16Z,0,Ugz1x6QRGENSPvSzECJ4AaABAg.A8vAmzeYeMyA8vBDddofA9,OT6uElfCI7o,UCScf0DZCCk_-9QnkIwvqILg,2024-09-28T04:52:16Z,Ugz1x6QRGENSPvSzECJ4AaABAg,중립
노래 잘하는 외계인? 음악방송 1위 하는 버추얼 아이돌 (2024.09.27/뉴스데스크/MBC),MBCNEWS,대댓글,@dkkfooo9466,그러니까 집안에만 있지 말고 밖을 좀 나오라고~,1,2024-09-28T06:51:10Z,0,Ugz1x6QRGENSPvSzECJ4AaABAg.A8vAmzeYeMyA8vOpTC444-,OT6uElfCI7o,UCMHcWtkqMhZqy8fv-qsa-5w,2024-09-28T06:51:10Z,Ugz1x6QRGENSPvSzECJ4AaABAg,중립
노래 잘하는 외계인? 음악방송 1위 하는 버추얼 아이돌 (2024.09.27/뉴스데스크/MBC),MBCNEWS,대댓글,@mulmanD,말세입니다!!!! 그렇게 알고 쭉 뒤쳐져서 사세오!!!🫶,0,2024-09-28T09:24:57Z,0,Ugz1x6QRGENSPvSzECJ4AaABAg.A8vAmzeYeMyA8vfQldEQ_J,OT6uElfCI7o,UCnbdMf1uz9Fc_7yZKpyBSqw,2024-09-28T09:24:57Z,Ugz1x6QRGENSPvSzECJ4AaABAg,중립
노래 잘하는 외계인? 음악방송 1위 하는 버추얼 아이돌 (2024.09.27/뉴스데스크/MBC),MBCNEWS,대댓글,@이이-s5d,세상에 돌아가죠 아무래도 자전을 하니까…,0,2024-09-29T21:26:17Z,0,Ugz1x6QRGENSPvSzECJ4AaABAg.A8vAmzeYeMyA8zXlrFOeMk,OT6uElfCI7o,UC3ZAa3B-3VDmtxcmRZI-iFg,2024-09-29T21:26:17Z,Ugz1x6QRGENSPvSzECJ4AaABAg,중립
노래 잘하는 외계인? 음악방송 1위 하는 버추얼 아이돌 (2024.09.27/뉴스데스크/MBC),MBCNEWS,최상위 댓글,@zsdaxc4567,"요즘 가요계 방향성이 많이 바뀌었어요.홍대 상권을 먹여살리는 지하아이돌들 공연도 많고 저렇게 3디 캐릭터들로 버추얼아이돌 도 많죠.이세계 아이돌이라는 걸그룹.플레이브라는 보이그룹이 제일 인기 많습니다.
보고 계십니까 아담 형님?..",8,2024-09-27T11:45:25Z,0,Ugz-4BWKNlSIEVm_sih4AaABAg,OT6uElfCI7o,UCnMK6qFb3x2k1USdYKmTuDw,2024-09-27T11:56:05Z,,중립
노래 잘하는 외계인? 음악방송 1위 하는 버추얼 아이돌 (2024.09.27/뉴스데스크/MBC),MBCNEWS,최상위 댓글,@백업-m3u,보컬로이드랑 뭐가 다른거지,1,2024-09-29T09:42:55Z,1,Ugxt44Y7KrNw_0UNtzR4AaABAg,OT6uElfCI7o,UC_DklEqjKf7k8QZoxfGqdog,2024-09-29T09:42:55Z,,중립
노래 잘하는 외계인? 음악방송 1위 하는 버추얼 아이돌 (2024.09.27/뉴스데스크/MBC),MBCNEWS,대댓글,@이이-s5d,보컬로이드는 한 사람의 목소리로 높낮이를 조정해 노래를 만드는 것으로 알고있습니다! 하지만 버추얼은 그냥 탈쓴 인간이라고 생각하시면 쉬울 것 같아요:),0,2024-09-29T21:07:39Z,0,Ugxt44Y7KrNw_0UNtzR4AaABAg.A8yHHGvJ8IBA8zVdLKymuQ,OT6uElfCI7o,UC3ZAa3B-3VDmtxcmRZI-iFg,2024-09-29T21:07:39Z,Ugxt44Y7KrNw_0UNtzR4AaABAg,중립
노래 잘하는 외계인? 음악방송 1위 하는 버추얼 아이돌 (2024.09.27/뉴스데스크/MBC),MBCNEWS,최상위 댓글,@ackJin,저 노래 하는 애들은 현타 안 오려나??,3,2024-10-03T17:25:05Z,1,Ugw5hNPxp-A6nBZcmlx4AaABAg,OT6uElfCI7o,UCfwA1KHqtz2Wv4Pp_FioQDQ,2024-10-03T17:25:05Z,,중립
노래 잘하는 외계인? 음악방송 1위 하는 버추얼 아이돌 (2024.09.27/뉴스데스크/MBC),MBCNEWS,대댓글,@user-pg8jj1yx5o,본인들이 좋아서 하는걸테니까용,3,2024-10-07T10:10:16Z,0,Ugw5hNPxp-A6nBZcmlx4AaABAg.A98PLoyPLQCA9Hvl_dGouP,OT6uElfCI7o,UC1gftDfJ14sbLGIkI9hOxyQ,2024-10-07T10:10:16Z,Ugw5hNPxp-A6nBZcmlx4AaABAg,긍정
노래 잘하는 외계인? 음악방송 1위 하는 버추얼 아이돌 (2024.09.27/뉴스데스크/MBC),MBCNEWS,최상위 댓글,@jjshim1,"때가 어느땐데 저런 버츄얼아이돌이냐 ㅋㅋㅋㅋㅋㅋㅋㅋㅋㅋㅋ
언리얼 엔진이라도 돌리든지 ㅎㅎㅎㅎㅎㅎㅎㅎㅎㅎㅎㅎㅎㅎㅎㅎㅎㅎㅎ",0,2024-09-30T04:53:56Z,3,UgzsKdbjdxG2nguS1Vd4AaABAg,OT6uElfCI7o,UCLNcsYKfNfhGAJSfIXP_OBg,2024-09-30T04:53:56Z,,중립
노래 잘하는 외계인? 음악방송 1위 하는 버추얼 아이돌 (2024.09.27/뉴스데스크/MBC),MBCNEWS,대댓글,@소다-q5o,플레이브 언리얼 엔진인데요,6,2024-10-01T07:08:27Z,0,UgzsKdbjdxG2nguS1Vd4AaABAg.A9-L-YMLZaoA929BjAT-x-,OT6uElfCI7o,UCMm9i24Mn4HreKo7KlDOlfQ,2024-10-01T07:08:27Z,UgzsKdbjdxG2nguS1Vd4AaABAg,중립
노래 잘하는 외계인? 음악방송 1위 하는 버추얼 아이돌 (2024.09.27/뉴스데스크/MBC),MBCNEWS,대댓글,@SY-xt6tz,아는척 실패!,0,2024-10-01T08:08:23Z,0,UgzsKdbjdxG2nguS1Vd4AaABAg.A9-L-YMLZaoA92G2eeUUzE,OT6uElfCI7o,UCqV9Ofrg23VDINQmoukhtkw,2024-10-01T08:08:23Z,UgzsKdbjdxG2nguS1Vd4AaABAg,중립
노래 잘하는 외계인? 음악방송 1위 하는 버추얼 아이돌 (2024.09.27/뉴스데스크/MBC),MBCNEWS,대댓글,@nickname_0wl,ㅋㅋㅋㅋ아는척하다 망한거 개웃기네ㅠㅠ,1,2024-10-01T17:14:30Z,0,UgzsKdbjdxG2nguS1Vd4AaABAg.A9-L-YMLZaoA93EYTrfN8f,OT6uElfCI7o,UC4U5G4tBHGWJvxEfW2kC64w,2024-10-01T17:14:30Z,UgzsKdbjdxG2nguS1Vd4AaABAg,중립
노래 잘하는 외계인? 음악방송 1위 하는 버추얼 아이돌 (2024.09.27/뉴스데스크/MBC),MBCNEWS,최상위 댓글,@JUN._.0928,관심없는 뉴스 차단요,0,2024-10-12T15:55:17Z,1,Ugzo2fMRt2xPy_p6vk14AaABAg,OT6uElfCI7o,UCC9oV1HRrlGCj2XM_LkVwew,2024-10-12T15:55:17Z,,중립
노래 잘하는 외계인? 음악방송 1위 하는 버추얼 아이돌 (2024.09.27/뉴스데스크/MBC),MBCNEWS,대댓글,@하입__0,어쩌라고,5,2024-10-14T06:42:46Z,0,Ugzo2fMRt2xPy_p6vk14AaABAg.A9VQDye-hB3A9Z__yl9Ho1,OT6uElfCI7o,UCbT5UhW8Ow9radma2m6fSwQ,2024-10-14T06:42:46Z,Ugzo2fMRt2xPy_p6vk14AaABAg,중립
노래 잘하는 외계인? 음악방송 1위 하는 버추얼 아이돌 (2024.09.27/뉴스데스크/MBC),MBCNEWS,최상위 댓글,@강강중강약-y4g,이런거까지 일본 따라 가네 ㅎㅎㅎㅎㅎㅎㅎㅎㅎㅎㅎㅎ,0,2024-09-30T08:09:51Z,0,UgwiniPYiqfkLEJp12Z4AaABAg,OT6uElfCI7o,UCdGqTFdThJ6nXOCr_lbqxEQ,2024-09-30T08:09:51Z,,중립
노래 잘하는 외계인? 음악방송 1위 하는 버추얼 아이돌 (2024.09.27/뉴스데스크/MBC),MBCNEWS,최상위 댓글,@jj-xn2oj,...엑소 개오글거리는 초능력컨셉이 제일 이해 안가는 거였는데 요즘은 더 이해 안되는 것들이 나오는군 세상은 요지경,2,2024-09-28T16:18:49Z,1,Ugzn0vjbrn5zNJmcd9x4AaABAg,OT6uElfCI7o,UCCU2DsAbzhNojK4wYe1qxmA,2024-09-28T16:18:49Z,,중립
노래 잘하는 외계인? 음악방송 1위 하는 버추얼 아이돌 (2024.09.27/뉴스데스크/MBC),MBCNEWS,대댓글,@AnjaiHina0807,각자의 취향입니다.존중 해주세요.,0,2024-09-29T01:18:54Z,0,Ugzn0vjbrn5zNJmcd9x4AaABAg.A8wPn5FoQ-jA8xNajj08Pi,OT6uElfCI7o,UCuIMQ0TAFwnrUlkTd7b2_Vw,2024-09-29T01:18:54Z,Ugzn0vjbrn5zNJmcd9x4AaABAg,중립
노래 잘하는 외계인? 음악방송 1위 하는 버추얼 아이돌 (2024.09.27/뉴스데스크/MBC),MBCNEWS,최상위 댓글,@ieremdnrvn,"노래는 별론디 나름 먹고 살려고 노력하는 것 같아서
기특?!",0,2024-09-30T05:43:11Z,0,Ugyh519no731yFJQFot4AaABAg,OT6uElfCI7o,UCHo6KzGd8vmJCWRFLYrOp8g,2024-09-30T05:43:11Z,,중립
노래 잘하는 외계인? 음악방송 1위 하는 버추얼 아이돌 (2024.09.27/뉴스데스크/MBC),MBCNEWS,최상위 댓글,@하나름,하이브 진짜 돈 많이 쓴다 각종 매체로 바이럴하네,1,2024-10-05T04:14:45Z,0,UgzNr8Bor6pRz-ucLzt4AaABAg,OT6uElfCI7o,UCgZEJYIBRZbfY69GkvolHNw,2024-10-05T04:14:45Z,,중립
노래 잘하는 외계인? 음악방송 1위 하는 버추얼 아이돌 (2024.09.27/뉴스데스크/MBC),MBCNEWS,최상위 댓글,@너와나-q6d,도대체 이게 뭔질 웃겨,0,2024-09-28T07:41:42Z,1,UgyPoZqK6mGrArAIFvZ4AaABAg,OT6uElfCI7o,UCpQ-bNUU3h_HTJ9OdpSFY8A,2024-09-28T07:41:42Z,,긍정
노래 잘하는 외계인? 음악방송 1위 하는 버추얼 아이돌 (2024.09.27/뉴스데스크/MBC),MBCNEWS,대댓글,@쨔잉-16.5,플레이브!!,0,2024-09-28T10:47:00Z,0,UgyPoZqK6mGrArAIFvZ4AaABAg.A8vUbc2Vc6OA8voomVsJMk,OT6uElfCI7o,UCg4wOddgBn8iE_AWAegFbvw,2024-09-28T10:47:00Z,UgyPoZqK6mGrArAIFvZ4AaABAg,중립
노래 잘하는 외계인? 음악방송 1위 하는 버추얼 아이돌 (2024.09.27/뉴스데스크/MBC),MBCNEWS,최상위 댓글,@just2895,끔찍하다,2,2024-09-28T10:04:07Z,3,UgyJp_tiOGJOVJgcD9R4AaABAg,OT6uElfCI7o,UCRhbGPgW3Ev1NIAz9GJbiBA,2024-09-28T10:04:07Z,,중립
노래 잘하는 외계인? 음악방송 1위 하는 버추얼 아이돌 (2024.09.27/뉴스데스크/MBC),MBCNEWS,대댓글,@쨔잉-16.5,안바빠??,1,2024-09-28T10:06:09Z,0,UgyJp_tiOGJOVJgcD9R4AaABAg.A8vjuiCqF-tA8vk8WfZZ5A,OT6uElfCI7o,UCg4wOddgBn8iE_AWAegFbvw,2024-09-28T10:06:09Z,UgyJp_tiOGJOVJgcD9R4AaABAg,중립
노래 잘하는 외계인? 음악방송 1위 하는 버추얼 아이돌 (2024.09.27/뉴스데스크/MBC),MBCNEWS,대댓글,@inyourmildsmile,니가?,0,2024-09-28T10:42:06Z,0,UgyJp_tiOGJOVJgcD9R4AaABAg.A8vjuiCqF-tA8voFqD3NNG,OT6uElfCI7o,UCbiz2WN17mD-0D_qgqnFo3w,2024-09-28T10:42:06Z,UgyJp_tiOGJOVJgcD9R4AaABAg,중립
노래 잘하는 외계인? 음악방송 1위 하는 버추얼 아이돌 (2024.09.27/뉴스데스크/MBC),MBCNEWS,대댓글,@kabute2823,pinutok ka nalang sana sa kama,0,2024-09-28T11:17:13Z,0,UgyJp_tiOGJOVJgcD9R4AaABAg.A8vjuiCqF-tA8vsH0bJWXZ,OT6uElfCI7o,UCmltJ6sJypdakFCzLJfQszg,2024-09-28T11:17:13Z,UgyJp_tiOGJOVJgcD9R4AaABAg,중립
노래 잘하는 외계인? 음악방송 1위 하는 버추얼 아이돌 (2024.09.27/뉴스데스크/MBC),MBCNEWS,최상위 댓글,@NewJeansssss,실제 얼굴은 과연..,4,2024-10-26T01:47:08Z,6,UgykwGYV3OyIn2k7Vat4AaABAg,OT6uElfCI7o,UCIPWFrybfJ-JG1nljLw43aQ,2024-10-26T01:47:08Z,,중립
노래 잘하는 외계인? 음악방송 1위 하는 버추얼 아이돌 (2024.09.27/뉴스데스크/MBC),MBCNEWS,대댓글,@리주-z5d,잘생김,4,2024-10-26T14:55:02Z,0,UgykwGYV3OyIn2k7Vat4AaABAg.AA1xI8FYV85AA3MSvH4z67,OT6uElfCI7o,UCG9t7TTziRC3w51yguWGqnA,2024-10-26T14:55:02Z,UgykwGYV3OyIn2k7Vat4AaABAg,중립
노래 잘하는 외계인? 음악방송 1위 하는 버추얼 아이돌 (2024.09.27/뉴스데스크/MBC),MBCNEWS,대댓글,@Nossam1,@리주-z5d니가 뭘 아노 코드 뽑으면 바로 사라지는 애들인데 ㅋㅋ,5,2024-11-17T11:05:27Z,0,UgykwGYV3OyIn2k7Vat4AaABAg.AA1xI8FYV85AAwafedAGmc,OT6uElfCI7o,UCRU-Q8eZ0FUQR4YdqJtNEPg,2024-11-17T11:05:27Z,UgykwGYV3OyIn2k7Vat4AaABAg,중립
노래 잘하는 외계인? 음악방송 1위 하는 버추얼 아이돌 (2024.09.27/뉴스데스크/MBC),MBCNEWS,대댓글,@리주-z5d,@Nossam1 본체를 봤으니까 ㅂddㅏㄱ아,2,2024-11-17T11:14:47Z,0,UgykwGYV3OyIn2k7Vat4AaABAg.AA1xI8FYV85AAwbjvrsStX,OT6uElfCI7o,UCG9t7TTziRC3w51yguWGqnA,2024-11-17T11:14:47Z,UgykwGYV3OyIn2k7Vat4AaABAg,중립
노래 잘하는 외계인? 음악방송 1위 하는 버추얼 아이돌 (2024.09.27/뉴스데스크/MBC),MBCNEWS,대댓글,@Nossam1,@리주-z5d 정전나면 안보이는 애들 빨아주는거 보니 사이즈 딱 나오노,0,2024-11-17T11:17:51Z,0,UgykwGYV3OyIn2k7Vat4AaABAg.AA1xI8FYV85AAwc5Oz-eqZ,OT6uElfCI7o,UCRU-Q8eZ0FUQR4YdqJtNEPg,2024-11-17T11:17:51Z,UgykwGYV3OyIn2k7Vat4AaABAg,중립
노래 잘하는 외계인? 음악방송 1위 하는 버추얼 아이돌 (2024.09.27/뉴스데스크/MBC),MBCNEWS,대댓글,@Kindactor,@리주-z5d본체 어디서봄? 나도 볼래,0,2025-01-15T15:45:49Z,0,UgykwGYV3OyIn2k7Vat4AaABAg.AA1xI8FYV85ADK0ej2i64a,OT6uElfCI7o,UCZhFnDtkiUdb_8CYn0M3JTg,2025-01-15T15:45:49Z,UgykwGYV3OyIn2k7Vat4AaABAg,중립
노래 잘하는 외계인? 음악방송 1위 하는 버추얼 아이돌 (2024.09.27/뉴스데스크/MBC),MBCNEWS,최상위 댓글,@나반짝-f8c,"이야,,, 실제 아이돌 가수 힘들 것어~~",0,2024-10-06T16:02:30Z,0,UgzqEpZjP4wQ4zlJbnJ4AaABAg,OT6uElfCI7o,UCZjda7jeIxZAgY4RgjW3aeA,2024-10-06T16:02:30Z,,중립
노래 잘하는 외계인? 음악방송 1위 하는 버추얼 아이돌 (2024.09.27/뉴스데스크/MBC),MBCNEWS,최상위 댓글,@마카롱-g3e,잘 모르겠지만 가수가 아니라 성우가 아닐까 생각이 드는... 어떤 모습일지라도 실제모습으로 활동하는게 더 좋은것 같습니다,0,2025-03-09T08:58:00Z,0,UgzJcScMX7h2p3X75iB4AaABAg,OT6uElfCI7o,UCy6B0S5JnBQuT5zYZDi3WFQ,2025-03-09T08:58:00Z,,중립
노래 잘하는 외계인? 음악방송 1위 하는 버추얼 아이돌 (2024.09.27/뉴스데스크/MBC),MBCNEWS,최상위 댓글,@nanco-b8t,"보컬로이드 같은 건가??
한때 카가미네 쌍둥이 팠던 입장이라 할 말은 없지만 신기하긴 하네",0,2024-10-09T02:22:59Z,1,UgwlqR1uLKugmL9ih094AaABAg,OT6uElfCI7o,UCnBdx43rOrd7lD42mmYZhZA,2024-10-09T02:23:34Z,,중립
노래 잘하는 외계인? 음악방송 1위 하는 버추얼 아이돌 (2024.09.27/뉴스데스크/MBC),MBCNEWS,대댓글,@wolheun,"보컬로이드는 Ai 버추얼 아이돌은 실제 사람!

근데 마지막에 나오는 나이비스는 AI인데 왜 버추얼이라고 하는지 모르겠음",4,2024-10-09T08:35:07Z,0,UgwlqR1uLKugmL9ih094AaABAg.A9MEstIBCFFA9MuTTFwZxZ,OT6uElfCI7o,UC2rfYWPkRgEtspzmrvQi2lw,2024-10-09T08:35:07Z,UgwlqR1uLKugmL9ih094AaABAg,중립
노래 잘하는 외계인? 음악방송 1위 하는 버추얼 아이돌 (2024.09.27/뉴스데스크/MBC),MBCNEWS,최상위 댓글,@반듯-one,가상이랑결혼도하긋넹...-0-점점퇴보.....,1,2024-09-27T20:13:49Z,0,UgxKRx_xpi-0DnO5oz54AaABAg,OT6uElfCI7o,UCfN5EemRCJEKxlMOv6uRNow,2024-09-27T20:13:49Z,,중립
노래 잘하는 외계인? 음악방송 1위 하는 버추얼 아이돌 (2024.09.27/뉴스데스크/MBC),MBCNEWS,최상위 댓글,@너와나-q6d,생방을 못할듯,0,2024-09-28T07:42:01Z,2,UgxCTuM6aV0Yr8d7M-J4AaABAg,OT6uElfCI7o,UCpQ-bNUU3h_HTJ9OdpSFY8A,2024-09-28T07:42:01Z,,중립
노래 잘하는 외계인? 음악방송 1위 하는 버추얼 아이돌 (2024.09.27/뉴스데스크/MBC),MBCNEWS,대댓글,@inyourmildsmile,뉴스에 라방 나오잖음 냅다 댓글 써버리네,2,2024-09-28T10:42:58Z,0,UgxCTuM6aV0Yr8d7M-J4AaABAg.A8vUdr5IIMWA8voMExwUQB,OT6uElfCI7o,UCbiz2WN17mD-0D_qgqnFo3w,2024-09-28T10:42:58Z,UgxCTuM6aV0Yr8d7M-J4AaABAg,중립
노래 잘하는 외계인? 음악방송 1위 하는 버추얼 아이돌 (2024.09.27/뉴스데스크/MBC),MBCNEWS,대댓글,@쨔잉-16.5,생방 많이해용 주 2회!,0,2024-09-28T10:46:50Z,0,UgxCTuM6aV0Yr8d7M-J4AaABAg.A8vUdr5IIMWA8vonWad0kl,OT6uElfCI7o,UCg4wOddgBn8iE_AWAegFbvw,2024-09-28T10:46:50Z,UgxCTuM6aV0Yr8d7M-J4AaABAg,중립
노래 잘하는 외계인? 음악방송 1위 하는 버추얼 아이돌 (2024.09.27/뉴스데스크/MBC),MBCNEWS,최상위 댓글,@파란꿈-f8g,qwerty 가짜아이돌이 음...,0,2024-10-08T06:45:27Z,0,Ugz1TJkm2dcopXbcyJF4AaABAg,OT6uElfCI7o,UCvbAyJwKF0hwDVV_0bYUY1g,2024-10-08T06:45:27Z,,중립
노래 잘하는 외계인? 음악방송 1위 하는 버추얼 아이돌 (2024.09.27/뉴스데스크/MBC),MBCNEWS,최상위 댓글,@user-bh4ko4ef3t,목소리는 누구인가,1,2024-09-27T11:45:03Z,1,UgydZGhmlcdEHvRArK14AaABAg,OT6uElfCI7o,UCrcDEmcOr5mJdMnkXzVPlRw,2024-09-27T11:45:03Z,,중립
노래 잘하는 외계인? 음악방송 1위 하는 버추얼 아이돌 (2024.09.27/뉴스데스크/MBC),MBCNEWS,대댓글,@zsdaxc4567,목소리는 실제 청년들입니다.,7,2024-09-27T11:45:56Z,0,UgydZGhmlcdEHvRArK14AaABAg.A8tLf0iGwSUA8tLlW5-SXR,OT6uElfCI7o,UCnMK6qFb3x2k1USdYKmTuDw,2024-09-27T11:45:56Z,UgydZGhmlcdEHvRArK14AaABAg,중립
노래 잘하는 외계인? 음악방송 1위 하는 버추얼 아이돌 (2024.09.27/뉴스데스크/MBC),MBCNEWS,최상위 댓글,@공중화장실벽돌갈취왕,요요욤병,1,2024-10-10T13:34:25Z,0,UgzpkeuxT3tCVHTUQSt4AaABAg,OT6uElfCI7o,UCNpMfVUq0SNEakUO72CPTTQ,2024-10-10T13:34:25Z,,중립
노래 잘하는 외계인? 음악방송 1위 하는 버추얼 아이돌 (2024.09.27/뉴스데스크/MBC),MBCNEWS,최상위 댓글,@vote5ga,멤버 교체할 생각은 없나? 여혐에 폭력적인 가사 본인이 쓴거라며 평소에 무슨 생각을 가지고 있길래 그런 가사를 썼던거고 팬들 대부분 여성일텐데 이게 아무렇지 않나?,0,2024-10-02T03:36:46Z,0,UgzjHMOuVYExIIZjbRh4AaABAg,OT6uElfCI7o,UCQO4GpR9SYUb0ZLasH-rplg,2024-10-02T03:36:46Z,,중립
노래 잘하는 외계인? 음악방송 1위 하는 버추얼 아이돌 (2024.09.27/뉴스데스크/MBC),MBCNEWS,최상위 댓글,@amil8600,이세계아이돌이 더 뛰어나고 팬층도 퀄리티 높으면 개추,1,2024-09-29T09:23:33Z,1,UgznydzdBDcvt5BLh1R4AaABAg,OT6uElfCI7o,UCiqkEkn4tcJ9_TJUknuDejg,2024-09-29T09:23:33Z,,중립
노래 잘하는 외계인? 음악방송 1위 하는 버추얼 아이돌 (2024.09.27/뉴스데스크/MBC),MBCNEWS,대댓글,@이이-s5d,"이세계 아이돌분들도 정말 좋은 노래가 많죠! 한분 한분 정말 매력 넘치셔서 저도 이세돌분들 노래를 자주 듣습니다!
플레이브도 좋은 노래와 좋은 퀄리티이니 꼭 한번 관심있게 봐주세요!! 이세돌 플레이브 화이팅!!!",1,2024-09-29T21:10:10Z,0,UgznydzdBDcvt5BLh1R4AaABAg.A8yF3P7fWnCA8zVvt1CcSP,OT6uElfCI7o,UC3ZAa3B-3VDmtxcmRZI-iFg,2024-09-29T21:10:10Z,UgznydzdBDcvt5BLh1R4AaABAg,중립
노래 잘하는 외계인? 음악방송 1위 하는 버추얼 아이돌 (2024.09.27/뉴스데스크/MBC),MBCNEWS,최상위 댓글,@jkstar467,매트릭스의시작.,0,2024-09-27T11:39:58Z,0,Ugzzge8ArextHo58v994AaABAg,OT6uElfCI7o,UCyA7QYVYTT68GZn-x49GI_Q,2024-09-27T11:39:58Z,,중립
노래 잘하는 외계인? 음악방송 1위 하는 버추얼 아이돌 (2024.09.27/뉴스데스크/MBC),MBCNEWS,최상위 댓글,@니힐래야,본체야 평생 나오지 말아죠,0,2024-09-27T12:52:50Z,0,UgyJAiYB28M97o9NB3J4AaABAg,OT6uElfCI7o,UC6neq3bJL-OU6WcSZEXUeQw,2024-09-27T12:52:50Z,,중립
노래 잘하는 외계인? 음악방송 1위 하는 버추얼 아이돌 (2024.09.27/뉴스데스크/MBC),MBCNEWS,최상위 댓글,@gargamel-bh5cd,"과도기같음... 차라리 캐릭터, 컨셉, 목소리 등등 전부 다 설정으로 나온 가상캐면 만화캐릭터처럼 생각할텐데 얘네 팬들을 보면 이 버츄얼돌 뒤에 있는 실제 인물들을 좋아함. 그들의 성격, 그들의 서사 등등.. 왜 저런 가상캐를 좋아하냐고 하면 가상캐가 아니라 실존인물들이다, 라고 대답하고 실존인물인데 캐릭터 뒤에 있으니 병크 터뜨려도 편하겠다, 라며 비꼬는 사람들한텐 가상캐기때문에 병크에서 자유롭다고 대답함. 이 모호함이 기존 아이돌팬들에게 상당한 거부감을 주는 것 같고 기술적으로도 아직 애매해서 볼 때 어색하기도함 지금은 노래가 괜찮아서 음원사이트 결과가 좋은 것 같은데 대중적으로 인식이 자리잡으려면 좀 더 시간이 필요할 듯",1,2024-09-27T11:47:44Z,7,UgziVhkW_d9Hg9pPdah4AaABAg,OT6uElfCI7o,UCJlUokA9rzS9MlTpnDaKXeg,2024-09-27T11:47:44Z,,긍정
노래 잘하는 외계인? 음악방송 1위 하는 버추얼 아이돌 (2024.09.27/뉴스데스크/MBC),MBCNEWS,대댓글,@noah_remember,ai인 나이비스와 다르게 플레이브는 시연자(사람) 있기때문에 일반 아이돌과 리스크는 동일하게 받습니다~,8,2024-09-27T12:22:44Z,0,UgziVhkW_d9Hg9pPdah4AaABAg.A8tLykmwVHBA8tPz2b_61a,OT6uElfCI7o,UC4uBGyntZ29R2_uTw27uq-A,2024-09-27T12:22:44Z,UgziVhkW_d9Hg9pPdah4AaABAg,중립
노래 잘하는 외계인? 음악방송 1위 하는 버추얼 아이돌 (2024.09.27/뉴스데스크/MBC),MBCNEWS,대댓글,@gargamel-bh5cd,@noah_remember 그걸 팬들조차 구분을 못하는 것 같다는 거지요,0,2024-09-27T12:36:57Z,0,UgziVhkW_d9Hg9pPdah4AaABAg.A8tLykmwVHBA8tRbBXL2q-,OT6uElfCI7o,UCJlUokA9rzS9MlTpnDaKXeg,2024-09-27T12:36:57Z,UgziVhkW_d9Hg9pPdah4AaABAg,중립
노래 잘하는 외계인? 음악방송 1위 하는 버추얼 아이돌 (2024.09.27/뉴스데스크/MBC),MBCNEWS,대댓글,@Ai-0889-r5x,내동년배.다.플레이브좋아한다.,1,2024-09-27T12:37:27Z,0,UgziVhkW_d9Hg9pPdah4AaABAg.A8tLykmwVHBA8tRetIq9ux,OT6uElfCI7o,UCG3zjPlJYQDi-69HDm5sVjA,2024-09-27T12:37:27Z,UgziVhkW_d9Hg9pPdah4AaABAg,긍정
노래 잘하는 외계인? 음악방송 1위 하는 버추얼 아이돌 (2024.09.27/뉴스데스크/MBC),MBCNEWS,대댓글,@noah_remember,@gargamel-bh5cd 돌판 유입이 생기면서 대부분 구분합니다. 리스크가 있다는 걸 알기 때문에 리스크가 없다라는 말은 팬들이 가장 싫어하는 말이에요ㅠ저도 그렇고요,5,2024-09-27T13:50:37Z,0,UgziVhkW_d9Hg9pPdah4AaABAg.A8tLykmwVHBA8t_1gWIc2h,OT6uElfCI7o,UC4uBGyntZ29R2_uTw27uq-A,2024-09-27T13:50:37Z,UgziVhkW_d9Hg9pPdah4AaABAg,부정
노래 잘하는 외계인? 음악방송 1위 하는 버추얼 아이돌 (2024.09.27/뉴스데스크/MBC),MBCNEWS,대댓글,@Arianna-h3c,@gargamel-bh5cd 해외에선 이미 버추얼의 인기가 엄청나고.. 한국의 버추얼아이돌 기술이 해외시장에서도 대단한 기술력이라고 칭찬받고 있는데... 왜 정작 한국에선 기술이 애매하다.. 인식자리잡으려면 멀었다.. 부정적인 소리만 하실까요... 그냥 응원해주시면 안되나요.,3,2024-09-27T17:47:24Z,0,UgziVhkW_d9Hg9pPdah4AaABAg.A8tLykmwVHBA8u-80C_0BM,OT6uElfCI7o,UCvvuoyiwrwD0OEMmw28222w,2024-09-27T17:47:24Z,UgziVhkW_d9Hg9pPdah4AaABAg,긍정
노래 잘하는 외계인? 음악방송 1위 하는 버추얼 아이돌 (2024.09.27/뉴스데스크/MBC),MBCNEWS,최상위 댓글,@a_kkang,이런걸 뉴스라고 ..-_-,1,2024-09-27T11:40:27Z,0,UgwgfomfvZWYJBmea8p4AaABAg,OT6uElfCI7o,UC4s6Ln1dwmYoW3Z9o4DzdPw,2024-09-27T11:40:27Z,,중립
