동영상 제목,채널명,댓글 유형,작성자,댓글 내용,좋아요,작성일시,대댓글 수,댓글 ID,동영상 ID,작성자 채널 ID,수정일시,상위 댓글 ID,감성
버추얼 아이돌 인기가 이정도? '이세계 아이돌' 역대 펀딩 88억 돌파/ KNN,KNN NEWS,최상위 댓글,@흥분의도가니-n9j,솔직히 안나오는게 이상하긴했어ㅋㅋㅋ 88억이 옆집 개이름도아니고ㅋㅋㅋㅋㅋㅋㅋㅋㅋㅋㅋㅋㅋㅋㅋㅋㅋㅋ,2415,2024-11-27T12:34:50Z,58,Ugzwncz0gmsnJ255in14AaABAg,Av1zma6uJco,UC7UujFsIK0AEfWDnRMM0dLw,2024-11-27T12:34:50Z,,중립
버추얼 아이돌 인기가 이정도? '이세계 아이돌' 역대 펀딩 88억 돌파/ KNN,KNN NEWS,대댓글,@덕현-x5c,부끄럽다 차라리 야동을 봐라 ㅉ,0,2024-11-28T02:46:09Z,0,Ugzwncz0gmsnJ255in14AaABAg.ABLVr0sgHTTABN1HGRozpa,Av1zma6uJco,UCKk3rt9MLe1U0zDmcXWTx-g,2024-11-28T02:46:09Z,Ugzwncz0gmsnJ255in14AaABAg,중립
버추얼 아이돌 인기가 이정도? '이세계 아이돌' 역대 펀딩 88억 돌파/ KNN,KNN NEWS,대댓글,@죄와벌,ㅋㅋㅋ 동덕도 54억못모았는데,307,2024-11-28T02:46:46Z,0,Ugzwncz0gmsnJ255in14AaABAg.ABLVr0sgHTTABN1Lr9Tozv,Av1zma6uJco,UCiHFDtX5rVPJmQmPX1aQQrQ,2024-11-28T02:46:46Z,Ugzwncz0gmsnJ255in14AaABAg,중립
버추얼 아이돌 인기가 이정도? '이세계 아이돌' 역대 펀딩 88억 돌파/ KNN,KNN NEWS,대댓글,@더블웨하스,@죄와벌ㅋㅋㅋㅋㅋㅋ,33,2024-11-28T02:48:43Z,0,Ugzwncz0gmsnJ255in14AaABAg.ABLVr0sgHTTABN1_341oam,Av1zma6uJco,UC3seNjs8BwPfIB9AWNBVbZw,2024-11-28T02:48:43Z,Ugzwncz0gmsnJ255in14AaABAg,중립
버추얼 아이돌 인기가 이정도? '이세계 아이돌' 역대 펀딩 88억 돌파/ KNN,KNN NEWS,대댓글,@이지훈-r5q,ㄹㅇㅋㅋ,8,2024-11-28T03:07:51Z,0,Ugzwncz0gmsnJ255in14AaABAg.ABLVr0sgHTTABN3lBXQj44,Av1zma6uJco,UC4IOaShfiX_AY9i8Rt9CLmg,2024-11-28T03:07:51Z,Ugzwncz0gmsnJ255in14AaABAg,중립
버추얼 아이돌 인기가 이정도? '이세계 아이돌' 역대 펀딩 88억 돌파/ KNN,KNN NEWS,대댓글,@ljh0707-k,@죄와벌 감히 거지 ㄴㅕㄴ들이 우리 남성의 타쿠들을 무시하면 안되지,0,2024-11-28T03:24:06Z,0,Ugzwncz0gmsnJ255in14AaABAg.ABLVr0sgHTTABN5cBXkdU6,Av1zma6uJco,UCSYoZjJ_6V4GrRbkVCvamyA,2024-11-28T03:24:06Z,Ugzwncz0gmsnJ255in14AaABAg,중립
버추얼 아이돌 인기가 이정도? '이세계 아이돌' 역대 펀딩 88억 돌파/ KNN,KNN NEWS,최상위 댓글,@아무거나-l7h,88억은 진짜 처음봤을때 내가 잘못봤나 싶은 금액이었지ㅋㅋㅋㅋㅋ,1469,2024-11-27T15:22:18Z,7,UgzVVc9suvC7thyvQ-14AaABAg,Av1zma6uJco,UCu_CIIgsEIbtlvp4b6itfeA,2024-11-27T15:22:18Z,,중립
버추얼 아이돌 인기가 이정도? '이세계 아이돌' 역대 펀딩 88억 돌파/ KNN,KNN NEWS,대댓글,@IamQ-q7x,왁굳형 얼마나 커버린거야....,15,2024-12-02T14:44:03Z,0,UgzVVc9suvC7thyvQ-14AaABAg.ABLo0f6muWrABYbbkTf4S2,Av1zma6uJco,UCJY7wafG-fm_3kmn18QFC4g,2024-12-02T14:44:03Z,UgzVVc9suvC7thyvQ-14AaABAg,중립
버추얼 아이돌 인기가 이정도? '이세계 아이돌' 역대 펀딩 88억 돌파/ KNN,KNN NEWS,대댓글,@Mister_7519,킹아~,3,2024-12-02T23:00:23Z,0,UgzVVc9suvC7thyvQ-14AaABAg.ABLo0f6muWrABZVQ4I2F8F,Av1zma6uJco,UCSlvnfQ5dhvdNjU0IUk1q7g,2024-12-02T23:00:23Z,UgzVVc9suvC7thyvQ-14AaABAg,중립
버추얼 아이돌 인기가 이정도? '이세계 아이돌' 역대 펀딩 88억 돌파/ KNN,KNN NEWS,대댓글,@GOSHi999,킹애~,2,2024-12-03T11:04:04Z,0,UgzVVc9suvC7thyvQ-14AaABAg.ABLo0f6muWrAB_nEXs0yZP,Av1zma6uJco,UCEA2vvqg0TtQZ_5QXdoeJOg,2024-12-03T11:04:04Z,UgzVVc9suvC7thyvQ-14AaABAg,중립
버추얼 아이돌 인기가 이정도? '이세계 아이돌' 역대 펀딩 88억 돌파/ KNN,KNN NEWS,대댓글,@고독한찬미,모두 잠수 준비!,0,2024-12-04T08:27:10Z,0,UgzVVc9suvC7thyvQ-14AaABAg.ABLo0f6muWrABc54CiO_Nz,Av1zma6uJco,UCVRrZzn4QRnHNHnbdPKDBSg,2024-12-04T08:27:10Z,UgzVVc9suvC7thyvQ-14AaABAg,중립
버추얼 아이돌 인기가 이정도? '이세계 아이돌' 역대 펀딩 88억 돌파/ KNN,KNN NEWS,대댓글,@asdf74290,형 어디까지 가....,2,2024-12-05T17:48:30Z,0,UgzVVc9suvC7thyvQ-14AaABAg.ABLo0f6muWrABff6PGPRj9,Av1zma6uJco,UCwFXaBvLCMElxF0u_DTUKYA,2024-12-05T17:48:30Z,UgzVVc9suvC7thyvQ-14AaABAg,중립
버추얼 아이돌 인기가 이정도? '이세계 아이돌' 역대 펀딩 88억 돌파/ KNN,KNN NEWS,최상위 댓글,@Hyj-j3d,88억이면 1020한테만 인기있는게 아니잖아 ㅋㅋㅋㅋ 개쩌네,1030,2024-11-28T04:45:57Z,32,Ugz7eTmMfHfrRmlDiFh4AaABAg,Av1zma6uJco,UCxodlHleFV87TLP46aqCc0g,2024-11-28T04:45:57Z,,중립
버추얼 아이돌 인기가 이정도? '이세계 아이돌' 역대 펀딩 88억 돌파/ KNN,KNN NEWS,대댓글,@선물초보투자자,10  20대가 그만한 돈 내기 힘들지 ㅋㅋ,97,2024-11-28T06:11:41Z,0,Ugz7eTmMfHfrRmlDiFh4AaABAg.ABNEzeOouufABNOndMe-qn,Av1zma6uJco,UC6bBllMv-yFcY4JubGHVbOQ,2024-11-28T06:11:41Z,Ugz7eTmMfHfrRmlDiFh4AaABAg,중립
버추얼 아이돌 인기가 이정도? '이세계 아이돌' 역대 펀딩 88억 돌파/ KNN,KNN NEWS,대댓글,@bank144,사실상 부모지갑을 어떻게 여느냐가 관건이긴해,11,2024-11-28T06:55:16Z,0,Ugz7eTmMfHfrRmlDiFh4AaABAg.ABNEzeOouufABNTmsM09z3,Av1zma6uJco,UCBxEi0Sw-T-NDR60QfA1GBg,2024-11-28T06:55:16Z,Ugz7eTmMfHfrRmlDiFh4AaABAg,중립
버추얼 아이돌 인기가 이정도? '이세계 아이돌' 역대 펀딩 88억 돌파/ KNN,KNN NEWS,대댓글,@ddy888,3040에도 인기가 꽤나 있는듯 부모지갑은 한계가 있기도 하고,124,2024-11-28T08:26:08Z,0,Ugz7eTmMfHfrRmlDiFh4AaABAg.ABNEzeOouufABNdBPxklbM,Av1zma6uJco,UCKdMCoiPxNNg806JYIENc0A,2024-11-28T08:26:08Z,Ugz7eTmMfHfrRmlDiFh4AaABAg,중립
버추얼 아이돌 인기가 이정도? '이세계 아이돌' 역대 펀딩 88억 돌파/ KNN,KNN NEWS,대댓글,@RGB0912,분명 20대였는데 어느새 30대가 됨,37,2024-11-28T09:02:58Z,0,Ugz7eTmMfHfrRmlDiFh4AaABAg.ABNEzeOouufABNhPAQPmxf,Av1zma6uJco,UCuUSaED64qt0y24cYnzaFqw,2024-11-28T09:02:58Z,Ugz7eTmMfHfrRmlDiFh4AaABAg,중립
버추얼 아이돌 인기가 이정도? '이세계 아이돌' 역대 펀딩 88억 돌파/ KNN,KNN NEWS,대댓글,@헬조센,????3040 :  그래...  1020  너네들이 한거로하면 되는거야...씹덕은 익숙하니까..,26,2024-11-28T16:10:14Z,0,Ugz7eTmMfHfrRmlDiFh4AaABAg.ABNEzeOouufABOTI_Ul_oN,Av1zma6uJco,UC0s_zfYyUBrMcGfz7zDuIow,2024-11-28T16:10:14Z,Ugz7eTmMfHfrRmlDiFh4AaABAg,중립
버추얼 아이돌 인기가 이정도? '이세계 아이돌' 역대 펀딩 88억 돌파/ KNN,KNN NEWS,최상위 댓글,@현준-z3b2d,"""충성도 높은 팬층""ㅋㅋㅋㅋㅋㅋㅋㅋㅋㅋ",295,2024-11-28T12:55:50Z,10,Ugx1SSgRDu-2ZOUNNUt4AaABAg,Av1zma6uJco,UC8MNrQ4vFTspg97no9l0Dvw,2024-11-28T12:55:50Z,,중립
버추얼 아이돌 인기가 이정도? '이세계 아이돌' 역대 펀딩 88억 돌파/ KNN,KNN NEWS,대댓글,@아리가또라베스크-i6p,충신 인증 ㅋㅋㅋㅋㅋㅋㅋㅋㅋㅋㅋㅋㅋㅋㅋㅋ,20,2024-11-28T16:42:39Z,0,Ugx1SSgRDu-2ZOUNNUt4AaABAg.ABO72kOcuEuABOX-vtryE4,Av1zma6uJco,UCzS_BQ9EvOQo90TnV2POsRg,2024-11-28T16:42:39Z,Ugx1SSgRDu-2ZOUNNUt4AaABAg,중립
버추얼 아이돌 인기가 이정도? '이세계 아이돌' 역대 펀딩 88억 돌파/ KNN,KNN NEWS,대댓글,@RikuAn,ㅋㅋㅋㅋㅋㅋㅋㅋ,2,2024-11-29T15:43:43Z,0,Ugx1SSgRDu-2ZOUNNUt4AaABAg.ABO72kOcuEuABR-3C9QaPV,Av1zma6uJco,UCiyQi7L7RXs7_WPKm9R-WsQ,2024-11-29T15:43:43Z,Ugx1SSgRDu-2ZOUNNUt4AaABAg,중립
버추얼 아이돌 인기가 이정도? '이세계 아이돌' 역대 펀딩 88억 돌파/ KNN,KNN NEWS,대댓글,@김몰루-p8h,우끼끼,3,2024-11-30T01:31:13Z,0,Ugx1SSgRDu-2ZOUNNUt4AaABAg.ABO72kOcuEuABS2IDrQyy0,Av1zma6uJco,UCbCPWoSezxMX8_4zwafGvKA,2024-11-30T01:31:13Z,Ugx1SSgRDu-2ZOUNNUt4AaABAg,중립
버추얼 아이돌 인기가 이정도? '이세계 아이돌' 역대 펀딩 88억 돌파/ KNN,KNN NEWS,대댓글,@민2-q4m,형 우리 충신이래,10,2024-12-01T13:15:42Z,0,Ugx1SSgRDu-2ZOUNNUt4AaABAg.ABO72kOcuEuABVshqAlfyl,Av1zma6uJco,UCAVVsWkBQ6fSA7RhNeW0CwA,2024-12-01T13:15:42Z,Ugx1SSgRDu-2ZOUNNUt4AaABAg,중립
버추얼 아이돌 인기가 이정도? '이세계 아이돌' 역대 펀딩 88억 돌파/ KNN,KNN NEWS,대댓글,@GOSHi999,와 나 충신됬어 형,5,2024-12-01T15:11:19Z,0,Ugx1SSgRDu-2ZOUNNUt4AaABAg.ABO72kOcuEuABW4whTkaRp,Av1zma6uJco,UCEA2vvqg0TtQZ_5QXdoeJOg,2024-12-01T15:11:19Z,Ugx1SSgRDu-2ZOUNNUt4AaABAg,중립
버추얼 아이돌 인기가 이정도? '이세계 아이돌' 역대 펀딩 88억 돌파/ KNN,KNN NEWS,최상위 댓글,@준-d5x1y,목표금액이 2천만원인데 88억 ㅋㅋㅋㅋ 왁굳형은 무슨 생각이 들까? ㅋㅋ,399,2024-11-28T04:03:29Z,5,UgxoVuifLAUNaw1cge94AaABAg,Av1zma6uJco,UCeWHs4vtH9oyYM4NAbc5PMg,2024-11-28T04:03:29Z,,중립
버추얼 아이돌 인기가 이정도? '이세계 아이돌' 역대 펀딩 88억 돌파/ KNN,KNN NEWS,대댓글,@Birdvirus282,???: 으음 88억이야? 으음 킹애,91,2024-11-28T04:59:10Z,0,UgxoVuifLAUNaw1cge94AaABAg.ABNA7iCFKJkABNGV_HXaZF,Av1zma6uJco,UCacT4qIYZ650dXman3x6kNw,2024-11-28T04:59:10Z,UgxoVuifLAUNaw1cge94AaABAg,중립
버추얼 아이돌 인기가 이정도? '이세계 아이돌' 역대 펀딩 88억 돌파/ KNN,KNN NEWS,대댓글,@clearmush344,그건 일부러 펀딩사이트 어그로 끌려고 많이하는 수법이긴해~ 첫 펀딩 40억인데 2천만원이라 생각하고 올리진 않겟지,12,2024-11-29T22:24:32Z,0,UgxoVuifLAUNaw1cge94AaABAg.ABNA7iCFKJkABRhvrkDGPH,Av1zma6uJco,UCfZedo-UVmvXCTPj3QtHYeQ,2024-11-29T22:24:32Z,UgxoVuifLAUNaw1cge94AaABAg,중립
버추얼 아이돌 인기가 이정도? '이세계 아이돌' 역대 펀딩 88억 돌파/ KNN,KNN NEWS,대댓글,@Napalm47,형님 굿즈수량계산할때만 객관안 박살나서 수량 준나 적음,10,2024-12-01T16:24:06Z,0,UgxoVuifLAUNaw1cge94AaABAg.ABNA7iCFKJkABWDGmLTlYJ,Av1zma6uJco,UCwGolMYJaZfcWXZuyN_5U5g,2024-12-01T16:24:06Z,UgxoVuifLAUNaw1cge94AaABAg,긍정
버추얼 아이돌 인기가 이정도? '이세계 아이돌' 역대 펀딩 88억 돌파/ KNN,KNN NEWS,대댓글,@오리너구리-blue,어? 뉴스떴어?(영상을 객관안으로 본후)으음 킹애 에...다음,9,2024-12-05T08:43:43Z,0,UgxoVuifLAUNaw1cge94AaABAg.ABNA7iCFKJkABeglLACgUX,Av1zma6uJco,UCR1eZrlbsR91oqRGbNDG7PQ,2024-12-05T08:43:43Z,UgxoVuifLAUNaw1cge94AaABAg,중립
버추얼 아이돌 인기가 이정도? '이세계 아이돌' 역대 펀딩 88억 돌파/ KNN,KNN NEWS,대댓글,@Bobby_Firmino_9,"​@Birdvirus282
으음 테헹 88억원이야? 미쳤네?
예 뭐 감사합니다 킹애",9,2024-12-16T13:32:41Z,0,UgxoVuifLAUNaw1cge94AaABAg.ABNA7iCFKJkAC6X_QYvjV8,Av1zma6uJco,UCWeRBMfY_zzOsDId1qtI8xA,2024-12-16T13:32:41Z,UgxoVuifLAUNaw1cge94AaABAg,긍정
버추얼 아이돌 인기가 이정도? '이세계 아이돌' 역대 펀딩 88억 돌파/ KNN,KNN NEWS,최상위 댓글,@jhgyudfgd,첫번째가 40억쯤 했었는데 바로 두번째에서 2배를 벌어들이네 ㅋㅋㅋㅋㅋㅋㅋㅋㅋㅋㅋㅋㅋ 현대 팝업스토어도 수십억이였다는데 진짜 대단하긴 하구나,1045,2024-11-27T15:29:26Z,11,Ugw4F0AZ59FhVRqGtrV4AaABAg,Av1zma6uJco,UCYiE20eamo7j-Pbq373e-tQ,2024-11-27T15:29:26Z,,중립
버추얼 아이돌 인기가 이정도? '이세계 아이돌' 역대 펀딩 88억 돌파/ KNN,KNN NEWS,대댓글,@앤드류-2class_agent,"유입된지 얼마 안 되신거 같은데, 일단 뮤비부터 잡숴 보세요",29,2024-11-27T15:36:32Z,0,Ugw4F0AZ59FhVRqGtrV4AaABAg.ABLopt2jWGqABLpdr8Ma4M,Av1zma6uJco,UC20lZ2fjx68Edt6YvxHmY1g,2024-11-27T15:36:32Z,Ugw4F0AZ59FhVRqGtrV4AaABAg,중립
버추얼 아이돌 인기가 이정도? '이세계 아이돌' 역대 펀딩 88억 돌파/ KNN,KNN NEWS,대댓글,@작가자선한,한번더 기획했다가는 진짜로 100억돌파할듯,31,2024-11-27T22:13:40Z,0,Ugw4F0AZ59FhVRqGtrV4AaABAg.ABLopt2jWGqABMY5TSGITg,Av1zma6uJco,UC1HWYSNf7numdRsCI2HL81g,2024-11-27T22:13:40Z,Ugw4F0AZ59FhVRqGtrV4AaABAg,중립
버추얼 아이돌 인기가 이정도? '이세계 아이돌' 역대 펀딩 88억 돌파/ KNN,KNN NEWS,대댓글,@룰루랄라-w9q,수십억원?,16,2024-11-27T22:28:38Z,0,Ugw4F0AZ59FhVRqGtrV4AaABAg.ABLopt2jWGqABMZo76fg_n,Av1zma6uJco,UCeusYQzWI0MUmguNuaAL18w,2024-11-27T22:28:38Z,Ugw4F0AZ59FhVRqGtrV4AaABAg,중립
버추얼 아이돌 인기가 이정도? '이세계 아이돌' 역대 펀딩 88억 돌파/ KNN,KNN NEWS,대댓글,@kjmin1004,와! 스시버거!,26,2024-11-27T22:52:55Z,0,Ugw4F0AZ59FhVRqGtrV4AaABAg.ABLopt2jWGqABMb_yxSji7,Av1zma6uJco,UCJ3OBLmBqTFao1sb-Px0Log,2024-11-27T22:52:55Z,Ugw4F0AZ59FhVRqGtrV4AaABAg,중립
버추얼 아이돌 인기가 이정도? '이세계 아이돌' 역대 펀딩 88억 돌파/ KNN,KNN NEWS,대댓글,@plantece,@룰루랄라-w9q 현대 팝업때 매출 38억으로 기억합니다.,1,2024-11-28T01:01:39Z,0,Ugw4F0AZ59FhVRqGtrV4AaABAg.ABLopt2jWGqABMqJqrVPXP,Av1zma6uJco,UCPv7pB-d3Hm1NP_bw3hmUWA,2024-11-28T01:01:39Z,Ugw4F0AZ59FhVRqGtrV4AaABAg,중립
버추얼 아이돌 인기가 이정도? '이세계 아이돌' 역대 펀딩 88억 돌파/ KNN,KNN NEWS,최상위 댓글,@최호영-k6v,형이봤에서 보겠구만 그때 다시보자구,817,2024-11-27T14:48:40Z,5,UgyZGY9iXiexWU22c8d4AaABAg,Av1zma6uJco,UCyUnzO8fpQMl80pdmUiXkPQ,2024-11-27T14:48:52Z,,중립
버추얼 아이돌 인기가 이정도? '이세계 아이돌' 역대 펀딩 88억 돌파/ KNN,KNN NEWS,대댓글,@히오0,🎉🎉🎉😂😂😂😂,0,2024-11-28T08:33:37Z,0,UgyZGY9iXiexWU22c8d4AaABAg.ABLkA0_-SJKABNe2DGHEnD,Av1zma6uJco,UCAOAPYFjriC3_d8uN8naN9Q,2024-11-28T08:33:37Z,UgyZGY9iXiexWU22c8d4AaABAg,중립
버추얼 아이돌 인기가 이정도? '이세계 아이돌' 역대 펀딩 88억 돌파/ KNN,KNN NEWS,대댓글,@서현-l5d9m,멋지당.,0,2024-11-28T09:02:18Z,0,UgyZGY9iXiexWU22c8d4AaABAg.ABLkA0_-SJKABNhKJ7vn1A,Av1zma6uJco,UCA8NjllW2H9PoUDa0b5NYuA,2024-11-28T09:02:18Z,UgyZGY9iXiexWU22c8d4AaABAg,긍정
버추얼 아이돌 인기가 이정도? '이세계 아이돌' 역대 펀딩 88억 돌파/ KNN,KNN NEWS,대댓글,@Fried_Apple,어~감사합니다~킹애,3,2024-11-29T00:15:05Z,0,UgyZGY9iXiexWU22c8d4AaABAg.ABLkA0_-SJKABPKmgo7hOX,Av1zma6uJco,UCT0CJnDQfOYprn36YhY6adw,2024-11-29T00:15:05Z,UgyZGY9iXiexWU22c8d4AaABAg,긍정
버추얼 아이돌 인기가 이정도? '이세계 아이돌' 역대 펀딩 88억 돌파/ KNN,KNN NEWS,대댓글,@VIichan_RANE,형이봤에 보내겠습니다ㅋㅋㅋ,0,2024-12-01T09:57:29Z,0,UgyZGY9iXiexWU22c8d4AaABAg.ABLkA0_-SJKABVX16fGUXi,Av1zma6uJco,UCwH9f0nhcalCRR4ewTdWhUA,2024-12-01T09:57:29Z,UgyZGY9iXiexWU22c8d4AaABAg,중립
버추얼 아이돌 인기가 이정도? '이세계 아이돌' 역대 펀딩 88억 돌파/ KNN,KNN NEWS,대댓글,@GOSHi999,형이봤에서 왔어요 ㅋㅋㅋㅋ,0,2024-12-01T15:10:57Z,0,UgyZGY9iXiexWU22c8d4AaABAg.ABLkA0_-SJKABW4tz76f5J,Av1zma6uJco,UCEA2vvqg0TtQZ_5QXdoeJOg,2024-12-01T15:10:57Z,UgyZGY9iXiexWU22c8d4AaABAg,중립
버추얼 아이돌 인기가 이정도? '이세계 아이돌' 역대 펀딩 88억 돌파/ KNN,KNN NEWS,최상위 댓글,@Coming-through,난 뉴스에서 이세돌보다 형이름나올때가 너무웃겨 우왁굳ㅋㅋㅋㅋㅋㅋ닉네임 진짜 독특햌ㅋㅋㅋㅋㅋㅋ,307,2024-11-27T15:57:29Z,0,Ugzh56Fpok-xp82NKg54AaABAg,Av1zma6uJco,UC_bfioaOYsSYlQldjIENnuw,2024-11-27T15:57:29Z,,긍정
버추얼 아이돌 인기가 이정도? '이세계 아이돌' 역대 펀딩 88억 돌파/ KNN,KNN NEWS,최상위 댓글,@曺宗模,우리는 이세돌 세계에서 살고있다...,157,2024-11-27T20:51:11Z,0,UgzSSCd5iHxquy3Sw2R4AaABAg,Av1zma6uJco,UCrPCzbZz4EaRxQw3e1uac_g,2024-11-27T20:51:11Z,,중립
버추얼 아이돌 인기가 이정도? '이세계 아이돌' 역대 펀딩 88억 돌파/ KNN,KNN NEWS,최상위 댓글,@SU-JANG,분탕치러 오는데 펀딩 88억 찍어서 팬들은 아무도 안긁힘ㅋㅋㅋ,19,2024-11-28T07:26:57Z,0,UgwSrnK14g47eAKa7IF4AaABAg,Av1zma6uJco,UCBklsvatvCWAxfRKcN0SEvg,2024-11-28T07:26:57Z,,중립
버추얼 아이돌 인기가 이정도? '이세계 아이돌' 역대 펀딩 88억 돌파/ KNN,KNN NEWS,최상위 댓글,@toiki-f5o,참..이게신기한게 한방송인이 이만큼 파장을 일으키는게 진짜 쉽지않은건데..지성과 경험그리고 도전한다는것이 중요하다는것을 뼈저리게느낌,520,2024-11-27T15:18:03Z,2,UgzNR5-W_PQKDWg3CSd4AaABAg,Av1zma6uJco,UCQRa2Y_WMsknro2A0i1pMzg,2024-11-27T15:18:03Z,,중립
버추얼 아이돌 인기가 이정도? '이세계 아이돌' 역대 펀딩 88억 돌파/ KNN,KNN NEWS,대댓글,@kopats-h2c,킹아,0,2024-11-30T00:39:36Z,0,UgzNR5-W_PQKDWg3CSd4AaABAg.ABLnXURsqUGABRxO5kHuIp,Av1zma6uJco,UCHURx353I0RiCrD1DXbFP3w,2024-11-30T00:39:36Z,UgzNR5-W_PQKDWg3CSd4AaABAg,중립
버추얼 아이돌 인기가 이정도? '이세계 아이돌' 역대 펀딩 88억 돌파/ KNN,KNN NEWS,대댓글,@QEADRYFHUP,형도 이정도로 뜰줄은 몰랐겠짘ㅋㅋㅋㅋ,0,2024-12-02T07:10:11Z,0,UgzNR5-W_PQKDWg3CSd4AaABAg.ABLnXURsqUGABXnfcjBegf,Av1zma6uJco,UCf--rAxQrqdSKKXbFZWJqzg,2024-12-02T07:10:11Z,UgzNR5-W_PQKDWg3CSd4AaABAg,중립
버추얼 아이돌 인기가 이정도? '이세계 아이돌' 역대 펀딩 88억 돌파/ KNN,KNN NEWS,최상위 댓글,@pointman4313,허 거의 100억원 이라니 아주 좋군요. 킹애.,879,2024-11-27T10:24:39Z,26,UgzI_uIIHQktkG0gbwJ4AaABAg,Av1zma6uJco,UCC-0JIcQ22eVDbyhAGbrIMw,2024-11-27T10:24:39Z,,중립
버추얼 아이돌 인기가 이정도? '이세계 아이돌' 역대 펀딩 88억 돌파/ KNN,KNN NEWS,대댓글,@신정미-c2d,근하하하하하,16,2024-11-27T21:22:35Z,0,UgzI_uIIHQktkG0gbwJ4AaABAg.ABLGxVpVd0aABMSFRfBJ-h,Av1zma6uJco,UCfrD8vdqtqJJUrrqD2KeTUQ,2024-11-27T21:22:35Z,UgzI_uIIHQktkG0gbwJ4AaABAg,중립
버추얼 아이돌 인기가 이정도? '이세계 아이돌' 역대 펀딩 88억 돌파/ KNN,KNN NEWS,대댓글,@hyunjun4095,⁠모두잠수준비 깊은저 한남속 깃치마을 허버허버스폰지밥 광대얼굴 드릉드릉 스폰지밥 허버허버와 군적금 희망이 보글보글~~ 다시는이세돌을 무시하지마라~~🎉🎉,2,2024-11-27T21:48:24Z,0,UgzI_uIIHQktkG0gbwJ4AaABAg.ABLGxVpVd0aABMVCU9_DTD,Av1zma6uJco,UCjzmwRqsgvUllcVnM8oNHZw,2024-11-27T21:48:24Z,UgzI_uIIHQktkG0gbwJ4AaABAg,중립
버추얼 아이돌 인기가 이정도? '이세계 아이돌' 역대 펀딩 88억 돌파/ KNN,KNN NEWS,대댓글,@제피야,12억 올려치기는 에바지,70,2024-11-27T22:14:14Z,0,UgzI_uIIHQktkG0gbwJ4AaABAg.ABLGxVpVd0aABMY9cfw17P,Av1zma6uJco,UCBYciiFhYq-qKrmAOLa76ow,2024-11-27T22:14:14Z,UgzI_uIIHQktkG0gbwJ4AaABAg,중립
버추얼 아이돌 인기가 이정도? '이세계 아이돌' 역대 펀딩 88억 돌파/ KNN,KNN NEWS,대댓글,@세영홍-q3w,@제피야키보드 제한 없었음 됐을수도,56,2024-11-27T23:00:12Z,0,UgzI_uIIHQktkG0gbwJ4AaABAg.ABLGxVpVd0aABMcQJCRjAw,Av1zma6uJco,UC9OrAm3wDRdLMn8LhcXpENw,2024-11-27T23:00:12Z,UgzI_uIIHQktkG0gbwJ4AaABAg,중립
버추얼 아이돌 인기가 이정도? '이세계 아이돌' 역대 펀딩 88억 돌파/ KNN,KNN NEWS,대댓글,@xkrh.0,ㅋㅋㅋㅋㅋㅋㅋㅋㅋㅋ이지까까죠?,0,2024-11-27T23:25:44Z,0,UgzI_uIIHQktkG0gbwJ4AaABAg.ABLGxVpVd0aABMfLMcC0ZP,Av1zma6uJco,UCIDgsrPiRKqS60ZyZBccBYg,2024-11-27T23:25:44Z,UgzI_uIIHQktkG0gbwJ4AaABAg,중립
버추얼 아이돌 인기가 이정도? '이세계 아이돌' 역대 펀딩 88억 돌파/ KNN,KNN NEWS,최상위 댓글,@dharmabodhi5447,"수상하게 기사내용이 디테일하다
hoxy? ㅋㅋㅋ",275,2024-11-27T16:13:49Z,9,UgwTVODnIWVoAKjJkHB4AaABAg,Av1zma6uJco,UCQtSHqDtpYabD2hM8z9kSTA,2024-11-27T16:13:49Z,,중립
버추얼 아이돌 인기가 이정도? '이세계 아이돌' 역대 펀딩 88억 돌파/ KNN,KNN NEWS,대댓글,@Isha_wkun,만물팬치설,60,2024-11-27T16:41:11Z,0,UgwTVODnIWVoAKjJkHB4AaABAg.ABLtut-2qZyABLx2R_LQo9,Av1zma6uJco,UCg82amSFlnu78P1xK5laG2A,2024-11-27T16:41:11Z,UgwTVODnIWVoAKjJkHB4AaABAg,중립
버추얼 아이돌 인기가 이정도? '이세계 아이돌' 역대 펀딩 88억 돌파/ KNN,KNN NEWS,대댓글,@Jing_zzang,그렇다기엔 썸내일 ai로 때운게 너무 성의없음,36,2024-11-27T18:03:59Z,0,UgwTVODnIWVoAKjJkHB4AaABAg.ABLtut-2qZyABM5WpL6ea6,Av1zma6uJco,UCXjaqc56d2koTWDynaBOaDA,2024-11-27T18:03:59Z,UgwTVODnIWVoAKjJkHB4AaABAg,중립
버추얼 아이돌 인기가 이정도? '이세계 아이돌' 역대 펀딩 88억 돌파/ KNN,KNN NEWS,대댓글,@Kktrnoo,팬아트 아님?,5,2024-11-27T19:31:30Z,0,UgwTVODnIWVoAKjJkHB4AaABAg.ABLtut-2qZyABMFXjZ88jU,Av1zma6uJco,UC0-wrCpfyTKBI1AyXJb7qRg,2024-11-27T19:31:30Z,UgwTVODnIWVoAKjJkHB4AaABAg,중립
버추얼 아이돌 인기가 이정도? '이세계 아이돌' 역대 펀딩 88억 돌파/ KNN,KNN NEWS,대댓글,@Britto6221,보도자료 뿌려줌,1,2024-11-27T20:53:09Z,0,UgwTVODnIWVoAKjJkHB4AaABAg.ABLtut-2qZyABMOspl0KZz,Av1zma6uJco,UCdbQovOCfHOknivhRcZRgFA,2024-11-27T20:53:09Z,UgwTVODnIWVoAKjJkHB4AaABAg,중립
버추얼 아이돌 인기가 이정도? '이세계 아이돌' 역대 펀딩 88억 돌파/ KNN,KNN NEWS,대댓글,@Han-rasen,내 객관안(정확도 80%)가 말해준다 저거 AI아님.,5,2024-11-27T22:31:56Z,0,UgwTVODnIWVoAKjJkHB4AaABAg.ABLtut-2qZyABM_BOwUA1T,Av1zma6uJco,UCLZJuXhTi1qhbk_kiVcv1aA,2024-11-27T22:31:56Z,UgwTVODnIWVoAKjJkHB4AaABAg,중립
버추얼 아이돌 인기가 이정도? '이세계 아이돌' 역대 펀딩 88억 돌파/ KNN,KNN NEWS,최상위 댓글,@묵직-e2p,"남의 주머니에서 돈쓰게 만드는게 쉬운게 아니지
그만큼 매력이 있다는거",16,2024-12-01T04:55:25Z,0,UgzV1uQ5TV2CVXbMSoF4AaABAg,Av1zma6uJco,UCYGoXwZgwGL8BndSFV0aWNQ,2024-12-01T04:55:25Z,,중립
버추얼 아이돌 인기가 이정도? '이세계 아이돌' 역대 펀딩 88억 돌파/ KNN,KNN NEWS,최상위 댓글,@kchm5264,뉴스까지 나올 정도면 확실히 미래 산업의 첫단추가 화려하게 잘 성장중이라는 이야기네,175,2024-11-27T18:58:15Z,18,UgyDjqd8upxzK-7FrDt4AaABAg,Av1zma6uJco,UCaj2Z6Sg2F7W-YnsAYGOjtw,2024-11-27T18:58:15Z,,중립
버추얼 아이돌 인기가 이정도? '이세계 아이돌' 역대 펀딩 88억 돌파/ KNN,KNN NEWS,대댓글,@미즈키-k9d,하지만 트위치 뒤져서 성장가능성 팍죽었죠?,7,2024-11-28T07:28:46Z,0,UgyDjqd8upxzK-7FrDt4AaABAg.ABMBjKO54g4ABNXcEse4Gg,Av1zma6uJco,UCxHj1G8kVbOISZwG4lNUs-g,2024-11-28T07:28:46Z,UgyDjqd8upxzK-7FrDt4AaABAg,중립
버추얼 아이돌 인기가 이정도? '이세계 아이돌' 역대 펀딩 88억 돌파/ KNN,KNN NEWS,대댓글,@미즈키-k9d,이러니까 우리나라 통신사들이 ㅂㅅ라고 욕을 먹는거임,7,2024-11-28T07:29:06Z,0,UgyDjqd8upxzK-7FrDt4AaABAg.ABMBjKO54g4ABNXecVOAGJ,Av1zma6uJco,UCxHj1G8kVbOISZwG4lNUs-g,2024-11-28T07:29:06Z,UgyDjqd8upxzK-7FrDt4AaABAg,중립
버추얼 아이돌 인기가 이정도? '이세계 아이돌' 역대 펀딩 88억 돌파/ KNN,KNN NEWS,대댓글,@dd-ci1lv,"한국 통신사가 트위치 조지면서 글로벌 쪽으론 못나감 ㅋㅋㅋ 회선 수준은 2군이라.트래픽 요금 내야하고, 인터넷 속도는 전세계 30위권이라 답 없음. 추가 해저케이블공사는 이미 설치할 곳도 얼마없어서 투자도 못함 ㅋㅋ 한국은 인터넷 후진국이라 미래산업절대 못이끌어나감. 내수로는 인구수 줄어서 답없고 해외로는 나가지도 멋하는 2군 케이블이라 미래가 없음.",14,2024-11-28T10:49:49Z,0,UgyDjqd8upxzK-7FrDt4AaABAg.ABMBjKO54g4ABNtchpkZvz,Av1zma6uJco,UC65bNMj5fnMbA7fGYGfd93Q,2024-11-28T10:50:21Z,UgyDjqd8upxzK-7FrDt4AaABAg,중립
버추얼 아이돌 인기가 이정도? '이세계 아이돌' 역대 펀딩 88억 돌파/ KNN,KNN NEWS,대댓글,@dsanlijasdnlksadnk,@Kimmrolls only내수가 어떻게 미래산업이 될 수가 있음,11,2024-11-28T16:07:53Z,0,UgyDjqd8upxzK-7FrDt4AaABAg.ABMBjKO54g4ABOT1OsTyQ1,Av1zma6uJco,UC7qPYZGCp-FdxsLxzk33nRg,2026-02-02T21:43:16Z,UgyDjqd8upxzK-7FrDt4AaABAg,중립
버추얼 아이돌 인기가 이정도? '이세계 아이돌' 역대 펀딩 88억 돌파/ KNN,KNN NEWS,대댓글,@RedundancyID,​@Kimmrolls미래산업의 뜻을 모르나....??,2,2024-11-29T00:53:23Z,0,UgyDjqd8upxzK-7FrDt4AaABAg.ABMBjKO54g4ABPPAFQTbCW,Av1zma6uJco,UCG5uX-WOOL0wNXw63lBNtIw,2026-02-02T18:26:43Z,UgyDjqd8upxzK-7FrDt4AaABAg,중립
버추얼 아이돌 인기가 이정도? '이세계 아이돌' 역대 펀딩 88억 돌파/ KNN,KNN NEWS,최상위 댓글,@cowdragone,이걸 보고 리셀러들이 더욱 몰려올 생각을 하니 소름이 끼치네,148,2024-11-27T17:20:51Z,5,UgzIscuVBQSIfcDV-Bp4AaABAg,Av1zma6uJco,UC6CKmFsk_7jZj5HLqBLNebg,2024-11-27T17:20:51Z,,중립
버추얼 아이돌 인기가 이정도? '이세계 아이돌' 역대 펀딩 88억 돌파/ KNN,KNN NEWS,대댓글,@ghost-exist-in-everywhere,어림도 없지 되팔렘들 정상화시켜버렸구~,7,2024-11-28T15:55:17Z,0,UgzIscuVBQSIfcDV-Bp4AaABAg.ABM0_uhZ9B_ABORa2TnsI1,Av1zma6uJco,UCIE89tGkhGcK6rIT33YmU-g,2024-11-28T15:55:17Z,UgzIscuVBQSIfcDV-Bp4AaABAg,중립
버추얼 아이돌 인기가 이정도? '이세계 아이돌' 역대 펀딩 88억 돌파/ KNN,KNN NEWS,대댓글,@TYMCCK,이미 끝나지 않았나 펀딩,1,2024-11-29T01:12:36Z,0,UgzIscuVBQSIfcDV-Bp4AaABAg.ABM0_uhZ9B_ABPRN-CvwC5,Av1zma6uJco,UCDg6hWrZV4S8maD0Glnfteg,2024-11-29T01:12:36Z,UgzIscuVBQSIfcDV-Bp4AaABAg,중립
버추얼 아이돌 인기가 이정도? '이세계 아이돌' 역대 펀딩 88억 돌파/ KNN,KNN NEWS,대댓글,@cowdragone,@TYMCCK 다음에 또 이런 펀딩 있을지도 모르죠,0,2024-11-29T22:42:02Z,0,UgzIscuVBQSIfcDV-Bp4AaABAg.ABM0_uhZ9B_ABRjw1_Vc_5,Av1zma6uJco,UC6CKmFsk_7jZj5HLqBLNebg,2024-11-29T22:42:02Z,UgzIscuVBQSIfcDV-Bp4AaABAg,중립
버추얼 아이돌 인기가 이정도? '이세계 아이돌' 역대 펀딩 88억 돌파/ KNN,KNN NEWS,대댓글,@Napalm47,"근데 주문제작이라 살 사람들 이미 다 사서 리셀가 딱히 안 높을걸?
제한수량도 아니고",2,2024-12-01T16:25:28Z,0,UgzIscuVBQSIfcDV-Bp4AaABAg.ABM0_uhZ9B_ABWDQgIaDpi,Av1zma6uJco,UCwGolMYJaZfcWXZuyN_5U5g,2024-12-01T16:25:28Z,UgzIscuVBQSIfcDV-Bp4AaABAg,중립
버추얼 아이돌 인기가 이정도? '이세계 아이돌' 역대 펀딩 88억 돌파/ KNN,KNN NEWS,대댓글,@시브,​@Napalm47그 키보드...,0,2024-12-03T06:25:48Z,0,UgzIscuVBQSIfcDV-Bp4AaABAg.ABM0_uhZ9B_AB_IOPww49W,Av1zma6uJco,UCfDErrVKJCHd1NYGbbxexZQ,2024-12-03T06:25:48Z,UgzIscuVBQSIfcDV-Bp4AaABAg,중립
버추얼 아이돌 인기가 이정도? '이세계 아이돌' 역대 펀딩 88억 돌파/ KNN,KNN NEWS,최상위 댓글,@maryangchi,올인원세트 펀딩완료 뿌듯😊,77,2024-11-27T16:01:45Z,0,UgyCkMKe0gNo5SeyNlB4AaABAg,Av1zma6uJco,UC45NtlVR7jtxYjjZzvjz2kg,2024-11-27T16:01:45Z,,중립
버추얼 아이돌 인기가 이정도? '이세계 아이돌' 역대 펀딩 88억 돌파/ KNN,KNN NEWS,최상위 댓글,@겜창인생-g1o,???:신세계의 신이 되는거다,7,2024-11-27T16:29:03Z,0,Ugz_3viD3GIJU6P0DBV4AaABAg,Av1zma6uJco,UC41bWYeaIcNbxReSA1USFww,2024-11-27T16:29:03Z,,중립
버추얼 아이돌 인기가 이정도? '이세계 아이돌' 역대 펀딩 88억 돌파/ KNN,KNN NEWS,최상위 댓글,@나가리-y1v,진짜 교묘하게 말해서 이미지 어떻게든 깍아내리려고 하는 음습함 애들 많네 트리 조작을 진짜로 믿는 아이들처럼,4,2026-01-10T07:25:32Z,0,UgzZ0r3U5JemwJQp8F14AaABAg,Av1zma6uJco,UCO12lZSLxAcqc9-olGsRE8w,2026-01-10T07:25:32Z,,중립
버추얼 아이돌 인기가 이정도? '이세계 아이돌' 역대 펀딩 88억 돌파/ KNN,KNN NEWS,최상위 댓글,@나그네-n3j,댓글보기가 무서웠어...,10,2024-11-27T17:36:37Z,0,UgyDm8iM41JrXvCHeGN4AaABAg,Av1zma6uJco,UC_Ce-AunzUng-uO3rbABLZg,2024-11-27T17:36:37Z,,중립
버추얼 아이돌 인기가 이정도? '이세계 아이돌' 역대 펀딩 88억 돌파/ KNN,KNN NEWS,최상위 댓글,@TheObscureAtom,"It goes 박진영, 이수만, 방시혁, 오영택 Let's Go",351,2024-11-27T16:00:05Z,15,UgxlZ8RRbk4HWmR7ret4AaABAg,Av1zma6uJco,UCXkQns92SyIQMGMIcc0R0FA,2024-11-27T16:00:05Z,,중립
버추얼 아이돌 인기가 이정도? '이세계 아이돌' 역대 펀딩 88억 돌파/ KNN,KNN NEWS,대댓글,@user-zx6ez4kk8w,방돼지는 나가라,0,2024-11-28T04:41:53Z,0,UgxlZ8RRbk4HWmR7ret4AaABAg.ABLsLJ9WSnJABNEWz557J0,Av1zma6uJco,UCuTY3hm07wAVxRUJ5bOWidg,2024-11-28T04:41:53Z,UgxlZ8RRbk4HWmR7ret4AaABAg,중립
버추얼 아이돌 인기가 이정도? '이세계 아이돌' 역대 펀딩 88억 돌파/ KNN,KNN NEWS,대댓글,@Tsukino_sie,방시혁은 빼주세요 😕,61,2024-11-28T05:33:20Z,0,UgxlZ8RRbk4HWmR7ret4AaABAg.ABLsLJ9WSnJABNKPklHrHI,Av1zma6uJco,UC4i9rkS_hJRVr4zkBL1BUQA,2024-11-28T05:33:20Z,UgxlZ8RRbk4HWmR7ret4AaABAg,중립
버추얼 아이돌 인기가 이정도? '이세계 아이돌' 역대 펀딩 88억 돌파/ KNN,KNN NEWS,대댓글,@yourlifeisiron998,@다고그렇 ㅋ,0,2024-11-28T06:23:44Z,0,UgxlZ8RRbk4HWmR7ret4AaABAg.ABLsLJ9WSnJABNQAvROMfZ,Av1zma6uJco,UCkVy7hepWfkzVbY8VKL0wFw,2025-12-05T20:59:46Z,UgxlZ8RRbk4HWmR7ret4AaABAg,중립
버추얼 아이돌 인기가 이정도? '이세계 아이돌' 역대 펀딩 88억 돌파/ KNN,KNN NEWS,대댓글,@user-od1ly4vi2g,잘 가다가 이런 인간들이 그룹 욕 먹이는거지 대부분 그룹들 욕먹이는 건 멤버들이 아니라 오히려 팬덤임 이세돌 팬덤은 잼민이들 비율이 많아서 특히 이런 애들 많고,5,2024-11-28T06:56:54Z,0,UgxlZ8RRbk4HWmR7ret4AaABAg.ABLsLJ9WSnJABNTyqvoDmh,Av1zma6uJco,UCsYocfIyFn1rcNyoLhxR0Ew,2024-11-28T07:05:22Z,UgxlZ8RRbk4HWmR7ret4AaABAg,중립
버추얼 아이돌 인기가 이정도? '이세계 아이돌' 역대 펀딩 88억 돌파/ KNN,KNN NEWS,대댓글,@b-2spirit623,​@user-od1ly4vi2g근데 이거는 그냥 농담으로 말하는거 아닌가? bts 봉준호 손흥민 누구 let's go 같은거,16,2024-11-28T08:15:00Z,0,UgxlZ8RRbk4HWmR7ret4AaABAg.ABLsLJ9WSnJABNbupJeaHs,Av1zma6uJco,UCdgMZQ9X_oSb0xhmiEfdj_w,2024-11-28T08:15:00Z,UgxlZ8RRbk4HWmR7ret4AaABAg,중립
버추얼 아이돌 인기가 이정도? '이세계 아이돌' 역대 펀딩 88억 돌파/ KNN,KNN NEWS,최상위 댓글,@xgg0000,조회수 중 팬치가 반이라는...,15,2024-11-27T23:04:26Z,0,Ugy43beHON2AlYYP4L94AaABAg,Av1zma6uJco,UCRzZD9f2ca2SfKysXb8wTjw,2024-11-27T23:04:36Z,,중립
버추얼 아이돌 인기가 이정도? '이세계 아이돌' 역대 펀딩 88억 돌파/ KNN,KNN NEWS,최상위 댓글,@Mosiggang_yee,충성스러운 이파리 ㅋㅋㅋㅋㅋ,7,2024-11-27T16:05:32Z,0,Ugz1t1H9MAeZcZ2Urfp4AaABAg,Av1zma6uJco,UCJueIpoSJ-CrNyIxSSBQGKg,2024-11-27T16:05:32Z,,중립
버추얼 아이돌 인기가 이정도? '이세계 아이돌' 역대 펀딩 88억 돌파/ KNN,KNN NEWS,최상위 댓글,@heeyounhwang6572,처음엔 딸냄들과 소통하려고 접했지. 그러다 나도 재밌게 본다.,111,2024-11-27T23:51:52Z,4,UgwVTWrjH_RIDTx4ig94AaABAg,Av1zma6uJco,UCT0LQn1oSVul-nEeeARwYYA,2024-11-27T23:51:52Z,,긍정
버추얼 아이돌 인기가 이정도? '이세계 아이돌' 역대 펀딩 88억 돌파/ KNN,KNN NEWS,대댓글,@Bqz124,딸들이좋아하것어유,16,2024-11-28T02:13:59Z,0,UgwVTWrjH_RIDTx4ig94AaABAg.ABMiKm2bplYABMyaau7eu8,Av1zma6uJco,UCQAN_bMKb9kM3jf9f1pno_Q,2024-11-28T02:13:59Z,UgwVTWrjH_RIDTx4ig94AaABAg,긍정
버추얼 아이돌 인기가 이정도? '이세계 아이돌' 역대 펀딩 88억 돌파/ KNN,KNN NEWS,대댓글,@하골,많이 좋아해 주십쇼. 감사합니다,13,2024-11-28T04:22:58Z,0,UgwVTWrjH_RIDTx4ig94AaABAg.ABMiKm2bplYABNCMSb0oPv,Av1zma6uJco,UC2BKWlhpweqOIlosbO_BRBw,2024-11-28T04:22:58Z,UgwVTWrjH_RIDTx4ig94AaABAg,긍정
버추얼 아이돌 인기가 이정도? '이세계 아이돌' 역대 펀딩 88억 돌파/ KNN,KNN NEWS,대댓글,@헬조센,딸버지 따흐흐흑,4,2024-11-28T16:21:58Z,0,UgwVTWrjH_RIDTx4ig94AaABAg.ABMiKm2bplYABOUdU97-X_,Av1zma6uJco,UC0s_zfYyUBrMcGfz7zDuIow,2024-11-28T16:21:58Z,UgwVTWrjH_RIDTx4ig94AaABAg,중립
버추얼 아이돌 인기가 이정도? '이세계 아이돌' 역대 펀딩 88억 돌파/ KNN,KNN NEWS,대댓글,@민2-q4m,"편견을 가지지 않고 따님들을 이해해주시는 모습, 대단하세요!",3,2024-12-01T13:18:53Z,0,UgwVTWrjH_RIDTx4ig94AaABAg.ABMiKm2bplYABVt4EK_VTC,Av1zma6uJco,UCAVVsWkBQ6fSA7RhNeW0CwA,2024-12-01T13:18:53Z,UgwVTWrjH_RIDTx4ig94AaABAg,중립
버추얼 아이돌 인기가 이정도? '이세계 아이돌' 역대 펀딩 88억 돌파/ KNN,KNN NEWS,최상위 댓글,@Quid_butler,수십억원도 우왁굳 앞에선 스시버거구나..,6,2024-11-28T07:31:49Z,0,UgyqCYMicyRQqRsTeHV4AaABAg,Av1zma6uJco,UColL9Prom9aze7yXdhqB0RQ,2024-11-28T07:31:49Z,,중립
버추얼 아이돌 인기가 이정도? '이세계 아이돌' 역대 펀딩 88억 돌파/ KNN,KNN NEWS,최상위 댓글,@Bite_U,이제 버추얼을 이용한 엔터테인 산업이 더 커지겠네..,30,2024-11-27T16:03:48Z,0,UgyiezySKNogM__lS4B4AaABAg,Av1zma6uJco,UCODwHRqAK_A8_Yt8NqvWmKQ,2024-11-27T16:03:48Z,,중립
버추얼 아이돌 인기가 이정도? '이세계 아이돌' 역대 펀딩 88억 돌파/ KNN,KNN NEWS,최상위 댓글,@tekken8ball,이파리 인게 자랑스러운 이 한때,120,2024-11-27T14:33:35Z,0,UgxNU8E-ESn5urtRMEJ4AaABAg,Av1zma6uJco,UCXv3RE3bqBdDHwIYQAP1qpw,2024-11-27T14:33:35Z,,중립
버추얼 아이돌 인기가 이정도? '이세계 아이돌' 역대 펀딩 88억 돌파/ KNN,KNN NEWS,최상위 댓글,@babo119,반찬가게에 반응 언제 올라오려나?ㅋㅋㅋㅋㅋㅋㅋ,5,2024-11-27T15:29:27Z,0,UgzymdWS4tWWjFAh9jB4AaABAg,Av1zma6uJco,UCKeMsIJC4g4TBGgRXQYVXpw,2024-11-27T15:29:27Z,,중립
버추얼 아이돌 인기가 이정도? '이세계 아이돌' 역대 펀딩 88억 돌파/ KNN,KNN NEWS,최상위 댓글,@은유하-y1d,"이세돌이 숲에와서 좋은사람이면
😊앞으로도 승승장구하쟈!!",12,2024-11-27T23:52:18Z,0,UgyACwX7dUGdWRcio054AaABAg,Av1zma6uJco,UC_rgYd9vcF6SI2jWwP1C6mQ,2024-12-03T14:40:27Z,,중립
버추얼 아이돌 인기가 이정도? '이세계 아이돌' 역대 펀딩 88억 돌파/ KNN,KNN NEWS,최상위 댓글,@Pirate_King_gosegu,오 정말 대단한분들이군요 ?,8,2024-11-28T04:30:39Z,0,Ugyaf_R2IP8nDE5mU5J4AaABAg,Av1zma6uJco,UCJWKYZo0dGAqSY8IdUTEbyw,2024-11-28T04:30:39Z,,중립
버추얼 아이돌 인기가 이정도? '이세계 아이돌' 역대 펀딩 88억 돌파/ KNN,KNN NEWS,최상위 댓글,@uqbusuwh271su,인기제일이긴해,180,2024-11-27T11:54:24Z,7,UgwXlIS0hw76L2jOkgV4AaABAg,Av1zma6uJco,UCI5x9wlIyJuHJ4I5YRdgg7g,2024-11-27T11:54:24Z,,중립
버추얼 아이돌 인기가 이정도? '이세계 아이돌' 역대 펀딩 88억 돌파/ KNN,KNN NEWS,대댓글,@uqbusuwh271su,ㅇㅈ?,1,2024-11-28T09:05:42Z,0,UgwXlIS0hw76L2jOkgV4AaABAg.ABLRDw6oQOJABNhi1cYQ1H,Av1zma6uJco,UCI5x9wlIyJuHJ4I5YRdgg7g,2024-11-28T09:05:42Z,UgwXlIS0hw76L2jOkgV4AaABAg,중립
버추얼 아이돌 인기가 이정도? '이세계 아이돌' 역대 펀딩 88억 돌파/ KNN,KNN NEWS,대댓글,@딱콩버터,누구세용?,0,2024-11-28T09:55:31Z,0,UgwXlIS0hw76L2jOkgV4AaABAg.ABLRDw6oQOJABNnQ4bk3h4,Av1zma6uJco,UCqrK1HgrRIpDMVQWZyCTtMg,2024-11-28T09:55:31Z,UgwXlIS0hw76L2jOkgV4AaABAg,중립
버추얼 아이돌 인기가 이정도? '이세계 아이돌' 역대 펀딩 88억 돌파/ KNN,KNN NEWS,대댓글,@onlylilpa.VIichan700,킹아,0,2024-11-28T10:11:34Z,0,UgwXlIS0hw76L2jOkgV4AaABAg.ABLRDw6oQOJABNpFbixFGk,Av1zma6uJco,UCqOsO8s-YWMjmjRrZotyheQ,2024-11-28T10:11:34Z,UgwXlIS0hw76L2jOkgV4AaABAg,중립
버추얼 아이돌 인기가 이정도? '이세계 아이돌' 역대 펀딩 88억 돌파/ KNN,KNN NEWS,대댓글,@uqbusuwh271su,@딱콩버터 그러게용,0,2024-11-28T11:33:14Z,0,UgwXlIS0hw76L2jOkgV4AaABAg.ABLRDw6oQOJABNyai1ci7p,Av1zma6uJco,UCI5x9wlIyJuHJ4I5YRdgg7g,2024-11-28T11:33:14Z,UgwXlIS0hw76L2jOkgV4AaABAg,중립
버추얼 아이돌 인기가 이정도? '이세계 아이돌' 역대 펀딩 88억 돌파/ KNN,KNN NEWS,대댓글,@김찬우-b4d,모두 잠수준비,0,2024-11-28T15:23:23Z,0,UgwXlIS0hw76L2jOkgV4AaABAg.ABLRDw6oQOJABONwPeW4gQ,Av1zma6uJco,UCjtMSvlMScbSTDx7pSx8kjA,2024-11-28T15:23:23Z,UgwXlIS0hw76L2jOkgV4AaABAg,중립
버추얼 아이돌 인기가 이정도? '이세계 아이돌' 역대 펀딩 88억 돌파/ KNN,KNN NEWS,최상위 댓글,@uiuiiiiiii,역시 형이야.,52,2024-11-27T15:29:59Z,0,UgysnrJxRzKWodpQahh4AaABAg,Av1zma6uJco,UCOQV6efyIh7es4w38IG3Gqg,2024-11-27T15:29:59Z,,중립
버추얼 아이돌 인기가 이정도? '이세계 아이돌' 역대 펀딩 88억 돌파/ KNN,KNN NEWS,최상위 댓글,@ISEGYEIDOL-FANS,다음에는 ㄹㅇ 100억 찍겠네,74,2024-11-27T15:56:23Z,7,UgwmvbCf_KgPMEyX2DZ4AaABAg,Av1zma6uJco,UCMJgrza8FHZFTk_dX3-p7Tg,2024-11-27T15:56:23Z,,중립
버추얼 아이돌 인기가 이정도? '이세계 아이돌' 역대 펀딩 88억 돌파/ KNN,KNN NEWS,대댓글,@ddabog,ㄴㄴ 지금이 고점임,0,2024-12-01T14:47:03Z,0,UgwmvbCf_KgPMEyX2DZ4AaABAg.ABLrvGthdVlABW29vtaYZA,Av1zma6uJco,UCl2FdRA4VcZG-2GLXwlHJeA,2024-12-01T14:47:03Z,UgwmvbCf_KgPMEyX2DZ4AaABAg,중립
버추얼 아이돌 인기가 이정도? '이세계 아이돌' 역대 펀딩 88억 돌파/ KNN,KNN NEWS,대댓글,@난난-j9m,@ddabog 첫 펀딩으로 40억 신기록 세웠는데 두번쨰 펀딩이 88억이면 100억은 그냥 뚫을거 같은디?,2,2024-12-03T15:45:45Z,0,UgwmvbCf_KgPMEyX2DZ4AaABAg.ABLrvGthdVlABaITbA7eTe,Av1zma6uJco,UCJIKTlVHaEw9cq7A7nuNsPg,2024-12-03T15:45:45Z,UgwmvbCf_KgPMEyX2DZ4AaABAg,중립
버추얼 아이돌 인기가 이정도? '이세계 아이돌' 역대 펀딩 88억 돌파/ KNN,KNN NEWS,대댓글,@marangf,"​​@난난-j9m 이번 올인원 세트 가격이 저번보다 더 나가는 거 때문도 있고
또 피규어 세트 더 시킨 사람이나 키보드,키캡 같에 따로 구매해야되는 굿즈들도 있었으니 
못 뚫을 확률이 높음",0,2024-12-05T00:06:18Z,0,UgwmvbCf_KgPMEyX2DZ4AaABAg.ABLrvGthdVlABdlYYzE6mL,Av1zma6uJco,UCFhKpV--hGVjC6h33JZMXXw,2024-12-05T00:10:22Z,UgwmvbCf_KgPMEyX2DZ4AaABAg,긍정
버추얼 아이돌 인기가 이정도? '이세계 아이돌' 역대 펀딩 88억 돌파/ KNN,KNN NEWS,대댓글,@ddabog,@marangf 막말로 이세돌 화력이 옛날보다 약해졌다 생각하는거 나뿐인가..?,0,2024-12-11T13:50:02Z,0,UgwmvbCf_KgPMEyX2DZ4AaABAg.ABLrvGthdVlABuga4tqN7Y,Av1zma6uJco,UCl2FdRA4VcZG-2GLXwlHJeA,2024-12-11T13:50:02Z,UgwmvbCf_KgPMEyX2DZ4AaABAg,중립
버추얼 아이돌 인기가 이정도? '이세계 아이돌' 역대 펀딩 88억 돌파/ KNN,KNN NEWS,대댓글,@ビップ_vip,​@marangf키보드 제한 아니 었음 바로 뚫었음,0,2024-12-25T15:40:00Z,0,UgwmvbCf_KgPMEyX2DZ4AaABAg.ABLrvGthdVlACTwIkioSKr,Av1zma6uJco,UCu4Imz5Rxpkwvwe4jKfp37g,2024-12-25T15:40:00Z,UgwmvbCf_KgPMEyX2DZ4AaABAg,중립
버추얼 아이돌 인기가 이정도? '이세계 아이돌' 역대 펀딩 88억 돌파/ KNN,KNN NEWS,최상위 댓글,@cml3496,"???: ""자 이번 키보드 수량은 10000개 한정입니다. 좀 많죠 그래도?""",89,2024-11-27T20:10:17Z,12,Ugx3ppv4_dxRsLyS66N4AaABAg,Av1zma6uJco,UCPAjInpYuwTW6d12TXAYxXQ,2024-11-27T20:10:17Z,,중립
버추얼 아이돌 인기가 이정도? '이세계 아이돌' 역대 펀딩 88억 돌파/ KNN,KNN NEWS,대댓글,@nepakim,응 20분만에 다나갔어 ㅠ,10,2024-11-27T20:48:24Z,0,Ugx3ppv4_dxRsLyS66N4AaABAg.ABMJynnWqfOABMOL-fogFr,Av1zma6uJco,UCTTtS0uufFl0wAL6Kd5Qq9w,2024-11-27T20:48:24Z,Ugx3ppv4_dxRsLyS66N4AaABAg,중립
버추얼 아이돌 인기가 이정도? '이세계 아이돌' 역대 펀딩 88억 돌파/ KNN,KNN NEWS,대댓글,@신정미-c2d,돌려까기 잘하네 여기,4,2024-11-27T21:26:50Z,0,Ugx3ppv4_dxRsLyS66N4AaABAg.ABMJynnWqfOABMSjV3vrzB,Av1zma6uJco,UCfrD8vdqtqJJUrrqD2KeTUQ,2024-11-27T21:26:50Z,Ugx3ppv4_dxRsLyS66N4AaABAg,중립
버추얼 아이돌 인기가 이정도? '이세계 아이돌' 역대 펀딩 88억 돌파/ KNN,KNN NEWS,대댓글,@gkseodus1755,아오..,2,2024-11-28T02:03:41Z,0,Ugx3ppv4_dxRsLyS66N4AaABAg.ABMJynnWqfOABMxQHX_9MT,Av1zma6uJco,UC26oIXEmuusy6fAwtk9zEOg,2024-11-28T02:03:41Z,Ugx3ppv4_dxRsLyS66N4AaABAg,중립
버추얼 아이돌 인기가 이정도? '이세계 아이돌' 역대 펀딩 88억 돌파/ KNN,KNN NEWS,대댓글,@이광일-h9t,아 짜증 ㅠㅠ,0,2024-11-28T02:28:03Z,0,Ugx3ppv4_dxRsLyS66N4AaABAg.ABMJynnWqfOABN-Ch4npKi,Av1zma6uJco,UC2n-UKJlGzQ-LIgqRb9w8Xg,2024-11-28T02:28:03Z,Ugx3ppv4_dxRsLyS66N4AaABAg,부정
버추얼 아이돌 인기가 이정도? '이세계 아이돌' 역대 펀딩 88억 돌파/ KNN,KNN NEWS,대댓글,@탱이곰-t4k,야아아아아악!!!!,0,2024-11-28T02:58:36Z,0,Ugx3ppv4_dxRsLyS66N4AaABAg.ABMJynnWqfOABN2hOOY7vC,Av1zma6uJco,UCyJuvKRwng21a6uLj4F-4TA,2024-11-28T02:58:36Z,Ugx3ppv4_dxRsLyS66N4AaABAg,중립
버추얼 아이돌 인기가 이정도? '이세계 아이돌' 역대 펀딩 88억 돌파/ KNN,KNN NEWS,최상위 댓글,@mimimin8769,"생소하고 낯선 문화였던 버츄얼인데..
국내에 버츄얼그룹도 점점 늘어나고 팬층도 커지는거 보면 신기하고 좋네요.
모든 버츄얼분들과 팬분들 행복한 덕질하시고 응원합니다.

펀딩 88억 축하드려요.🎉",126,2024-11-28T02:32:01Z,12,Ugxm8E8RAgB3Zwc1uIp4AaABAg,Av1zma6uJco,UCWf48LpxikIVytvuvGK6VoA,2024-11-28T02:36:32Z,,긍정
버추얼 아이돌 인기가 이정도? '이세계 아이돌' 역대 펀딩 88억 돌파/ KNN,KNN NEWS,대댓글,@bank144,솔직히 우왁굳 이세돌 사라지면 이어지지않고 끊킬거 같음,1,2024-11-28T06:58:23Z,0,Ugxm8E8RAgB3Zwc1uIp4AaABAg.ABN-ep6QRz6ABNU8gm1zvi,Av1zma6uJco,UCBxEi0Sw-T-NDR60QfA1GBg,2024-11-28T06:58:23Z,Ugxm8E8RAgB3Zwc1uIp4AaABAg,중립
버추얼 아이돌 인기가 이정도? '이세계 아이돌' 역대 펀딩 88억 돌파/ KNN,KNN NEWS,대댓글,@유리그릇-r1v,​@bank144  ㅋㅋ 그건 니 생각이고,11,2024-11-28T08:13:40Z,0,Ugxm8E8RAgB3Zwc1uIp4AaABAg.ABN-ep6QRz6ABNbl6-7-Vv,Av1zma6uJco,UCeCXnlHGzrCHHcwSgbMO0pw,2024-11-28T08:13:40Z,Ugxm8E8RAgB3Zwc1uIp4AaABAg,중립
버추얼 아이돌 인기가 이정도? '이세계 아이돌' 역대 펀딩 88억 돌파/ KNN,KNN NEWS,대댓글,@ddy888,@bank144 우왁굳은 이세돌 사라져도 아무 영향 없음..ㅇㅇ 이세돌 팬층이 대부분 왁굳에서 유입된건데,2,2024-11-28T08:27:01Z,0,Ugxm8E8RAgB3Zwc1uIp4AaABAg.ABN-ep6QRz6ABNdHnCoC1r,Av1zma6uJco,UCKdMCoiPxNNg806JYIENc0A,2024-11-28T08:27:01Z,Ugxm8E8RAgB3Zwc1uIp4AaABAg,중립
버추얼 아이돌 인기가 이정도? '이세계 아이돌' 역대 펀딩 88억 돌파/ KNN,KNN NEWS,대댓글,@bank144,@ddy888 아니 우왁굳하고 이세돌 계승할 버튜버 마땅히 없어보인다고,12,2024-11-28T08:28:47Z,0,Ugxm8E8RAgB3Zwc1uIp4AaABAg.ABN-ep6QRz6ABNdUnqYJxv,Av1zma6uJco,UCBxEi0Sw-T-NDR60QfA1GBg,2024-11-28T08:28:47Z,Ugxm8E8RAgB3Zwc1uIp4AaABAg,중립
버추얼 아이돌 인기가 이정도? '이세계 아이돌' 역대 펀딩 88억 돌파/ KNN,KNN NEWS,대댓글,@ddy888,@bank144 ㅇㅎ 확실히 걔네 사라지면 버튜버 타격이 꽤나 크긴 할듯,1,2024-11-28T08:35:15Z,0,Ugxm8E8RAgB3Zwc1uIp4AaABAg.ABN-ep6QRz6ABNeE8uJlKD,Av1zma6uJco,UCKdMCoiPxNNg806JYIENc0A,2024-11-28T08:35:15Z,Ugxm8E8RAgB3Zwc1uIp4AaABAg,중립
버추얼 아이돌 인기가 이정도? '이세계 아이돌' 역대 펀딩 88억 돌파/ KNN,KNN NEWS,최상위 댓글,@미로준_MIROJUN282,35000명중 1명이 나인게 너무 자랑스럽다😊,30,2024-11-27T14:51:10Z,0,UgwUCYaoNvG66V1Jlnt4AaABAg,Av1zma6uJco,UCgM3p3CWsBKgeTcLC5OpGNA,2024-11-29T00:53:38Z,,중립
버추얼 아이돌 인기가 이정도? '이세계 아이돌' 역대 펀딩 88억 돌파/ KNN,KNN NEWS,최상위 댓글,@Decléma23,역시 형이야,8,2024-11-27T16:05:23Z,0,UgwDyw3d9OGtbqd2_sB4AaABAg,Av1zma6uJco,UCyci7wByrjWsAB1JyYzQcvg,2024-11-27T16:05:23Z,,중립
버추얼 아이돌 인기가 이정도? '이세계 아이돌' 역대 펀딩 88억 돌파/ KNN,KNN NEWS,최상위 댓글,@tjq8824,이러한 문화컨탠츠좀 팍팍밀어주자!!,37,2024-11-27T15:16:18Z,0,UgwxsekXY64jHWJ1lMJ4AaABAg,Av1zma6uJco,UC-4bcqyl2GAEVy5YmMpqOrw,2024-11-27T15:16:18Z,,중립
버추얼 아이돌 인기가 이정도? '이세계 아이돌' 역대 펀딩 88억 돌파/ KNN,KNN NEWS,최상위 댓글,@Matsutoki15,썸네일이 익숙하구먼요~~👀😮☺,4,2024-11-28T04:06:14Z,0,UgzkfAzVaJZAZ2b9TXZ4AaABAg,Av1zma6uJco,UCNpUUjKnotiGpmtr0wgWyYg,2024-11-28T04:06:14Z,,중립
버추얼 아이돌 인기가 이정도? '이세계 아이돌' 역대 펀딩 88억 돌파/ KNN,KNN NEWS,최상위 댓글,@khk8636,"1020이라니 40대도 출근길에 이세돌 노래 듣습니다.
저슷 키링~~키링~~",2,2024-11-28T12:35:34Z,0,UgzyuWumA-DRnTABoEt4AaABAg,Av1zma6uJco,UCXWVOZOlj2tfTrUy5fNnsQA,2024-11-28T12:35:34Z,,중립
버추얼 아이돌 인기가 이정도? '이세계 아이돌' 역대 펀딩 88억 돌파/ KNN,KNN NEWS,최상위 댓글,@seti4507,어떻게든 긁고싶어하는 분탕들과 그럼에도 관심은 ㅈ도안주는 이파리들의 분위기차이가 너무 웃김ㅋㅋㅋㅋ,225,2024-11-27T16:18:16Z,30,Ugxbty6pOXPETdnzkX94AaABAg,Av1zma6uJco,UCnMroytr7V8zVrDJoPZZaZg,2024-11-27T16:18:16Z,,중립
버추얼 아이돌 인기가 이정도? '이세계 아이돌' 역대 펀딩 88억 돌파/ KNN,KNN NEWS,대댓글,@AdmiralAlexeiStukov,"팬치들이 다른 커뮤니티서는 멘탈갑인것 같음
방종때만 울지",63,2024-11-27T19:38:58Z,0,Ugxbty6pOXPETdnzkX94AaABAg.ABLuQV4bElGABMGOT7ZFpj,Av1zma6uJco,UCQdeX551PFYdwU8GmyTz04g,2024-11-27T19:38:58Z,Ugxbty6pOXPETdnzkX94AaABAg,중립
버추얼 아이돌 인기가 이정도? '이세계 아이돌' 역대 펀딩 88억 돌파/ KNN,KNN NEWS,대댓글,@user-cd4sz6wt1w,그스그청 ㅋㅋㅋㅋㅋㅋㅋㅋㅋㅋㅋ,15,2024-11-27T19:59:22Z,0,Ugxbty6pOXPETdnzkX94AaABAg.ABLuQV4bElGABMIiuXTHW0,Av1zma6uJco,UC16MBSaUpA3kUnzN5Y52lzw,2024-11-27T19:59:22Z,Ugxbty6pOXPETdnzkX94AaABAg,중립
버추얼 아이돌 인기가 이정도? '이세계 아이돌' 역대 펀딩 88억 돌파/ KNN,KNN NEWS,대댓글,@신정미-c2d,근하하하하하,15,2024-11-27T21:23:37Z,0,Ugxbty6pOXPETdnzkX94AaABAg.ABLuQV4bElGABMSN0OY7cF,Av1zma6uJco,UCfrD8vdqtqJJUrrqD2KeTUQ,2024-11-27T21:23:37Z,Ugxbty6pOXPETdnzkX94AaABAg,중립
버추얼 아이돌 인기가 이정도? '이세계 아이돌' 역대 펀딩 88억 돌파/ KNN,KNN NEWS,대댓글,@somebodytoldme7777,분탕들 대부분 중국 통일전선부에 지령받은 우마오당 댓글부대,1,2024-11-27T21:37:42Z,0,Ugxbty6pOXPETdnzkX94AaABAg.ABLuQV4bElGABMTzB-OiHK,Av1zma6uJco,UCWjov1ihhqaEJesSgH9Hx-g,2024-11-27T21:37:42Z,Ugxbty6pOXPETdnzkX94AaABAg,중립
버추얼 아이돌 인기가 이정도? '이세계 아이돌' 역대 펀딩 88억 돌파/ KNN,KNN NEWS,대댓글,@청윤-r3w,근데 사실 이 방송사 알고리즘상 우리들리 볼만한 뉴스만 많이 만드는건 사실임 나도 펀딩했고 팬인데 팩트는 그게 맞음..,14,2024-11-27T23:07:37Z,0,Ugxbty6pOXPETdnzkX94AaABAg.ABLuQV4bElGABMdGiWtC87,Av1zma6uJco,UCRXQ2vF5Nv3_0HCYm5RTRUA,2024-11-27T23:07:37Z,Ugxbty6pOXPETdnzkX94AaABAg,중립
버추얼 아이돌 인기가 이정도? '이세계 아이돌' 역대 펀딩 88억 돌파/ KNN,KNN NEWS,최상위 댓글,@dmgxz,이거참... 양지로 올라가버리면 ㅋㅋㅋ 기분이 좋잖아!!,141,2024-11-27T15:10:32Z,5,Ugwa0uSmxIK4S6Po1OV4AaABAg,Av1zma6uJco,UCDz-C3zU5CGlfaZU1hGyXEA,2024-11-27T15:10:32Z,,중립
버추얼 아이돌 인기가 이정도? '이세계 아이돌' 역대 펀딩 88억 돌파/ KNN,KNN NEWS,대댓글,@준빈-d9q,''더 마이너 하게 더 심해로'',12,2024-11-27T21:35:48Z,0,Ugwa0uSmxIK4S6Po1OV4AaABAg.ABLmfPwiQjBABMTlCq1UGj,Av1zma6uJco,UC15BJ66jF4uRl5OxwXusyIA,2024-11-27T21:35:48Z,Ugwa0uSmxIK4S6Po1OV4AaABAg,중립
버추얼 아이돌 인기가 이정도? '이세계 아이돌' 역대 펀딩 88억 돌파/ KNN,KNN NEWS,대댓글,@hyunjun4095,⁠모두잠수준비 깊은저 한남속 깃치마을 허버허버스폰지밥 광대얼굴 드릉드릉 스폰지밥 허버허버와 군적금 희망이 보글보글~~ 다시는이세돌을 무시하지마라~~,0,2024-11-27T21:41:53Z,0,Ugwa0uSmxIK4S6Po1OV4AaABAg.ABLmfPwiQjBABMUShl1HlF,Av1zma6uJco,UCjzmwRqsgvUllcVnM8oNHZw,2024-11-27T21:41:53Z,Ugwa0uSmxIK4S6Po1OV4AaABAg,중립
버추얼 아이돌 인기가 이정도? '이세계 아이돌' 역대 펀딩 88억 돌파/ KNN,KNN NEWS,대댓글,@AUTUMM-s1n,몸이...몸이 달아오르고 있잖아!!,3,2024-11-28T05:43:07Z,0,Ugwa0uSmxIK4S6Po1OV4AaABAg.ABLmfPwiQjBABNLXQHnXxN,Av1zma6uJco,UCMuk4c1VkFQYKExdLlIiUbQ,2024-11-28T05:43:07Z,Ugwa0uSmxIK4S6Po1OV4AaABAg,중립
버추얼 아이돌 인기가 이정도? '이세계 아이돌' 역대 펀딩 88억 돌파/ KNN,KNN NEWS,대댓글,@gooddream365,제하하하하,1,2024-11-28T07:15:21Z,0,Ugwa0uSmxIK4S6Po1OV4AaABAg.ABLmfPwiQjBABNW4vyQP2_,Av1zma6uJco,UCytCRfz9j_E2QjhfIA6pPmA,2024-11-28T07:15:21Z,Ugwa0uSmxIK4S6Po1OV4AaABAg,중립
버추얼 아이돌 인기가 이정도? '이세계 아이돌' 역대 펀딩 88억 돌파/ KNN,KNN NEWS,대댓글,@기영-r7r,킹하하하하!!! 오영택 대체 무슨 짓을 한 거냐!!! 내 몸이.. 달아오르고 있잖냐..!!,0,2024-11-28T23:05:22Z,0,Ugwa0uSmxIK4S6Po1OV4AaABAg.ABLmfPwiQjBABPCo85JCxV,Av1zma6uJco,UCnEcAPJbcHk6RWDXhyk1pCg,2024-11-28T23:05:22Z,Ugwa0uSmxIK4S6Po1OV4AaABAg,중립
버추얼 아이돌 인기가 이정도? '이세계 아이돌' 역대 펀딩 88억 돌파/ KNN,KNN NEWS,최상위 댓글,@노하라신노스케-c3s,킹아1!!!!!! 이세돌 흥해라~~!!!! 캬~~~~~,6,2024-11-27T15:14:16Z,0,UgwuYMiDYBnDTtODTn94AaABAg,Av1zma6uJco,UC4VJbS5r1H-auQaNm1dpebQ,2024-11-27T15:14:16Z,,중립
버추얼 아이돌 인기가 이정도? '이세계 아이돌' 역대 펀딩 88억 돌파/ KNN,KNN NEWS,최상위 댓글,@사냥이과하면사냥당한,캬ㅑㅑㅑㅑㅑ 우리아이돌 또또 나왔다!!! 킹아 !!,5,2024-11-27T23:48:05Z,0,Ugyu-Bss2DKsJvIR--J4AaABAg,Av1zma6uJco,UCHs0_bQEApoRk5-sUNQif3w,2024-11-27T23:48:05Z,,중립
버추얼 아이돌 인기가 이정도? '이세계 아이돌' 역대 펀딩 88억 돌파/ KNN,KNN NEWS,최상위 댓글,@duckmin22,나도 팬치긴 한데 진짜 경이롭더라...몇십억대를 이렇게 뽑아낼 줄 몰랐어 ㄷㄷ,2,2024-11-28T00:02:39Z,0,UgxX6bLu_Yjvy3dDknN4AaABAg,Av1zma6uJco,UCKvPvz1AyjwRcDdliwTeXuQ,2024-11-28T00:02:39Z,,중립
버추얼 아이돌 인기가 이정도? '이세계 아이돌' 역대 펀딩 88억 돌파/ KNN,KNN NEWS,최상위 댓글,@nromal_person,형 이게 우리야^^7,17,2024-11-27T15:11:33Z,0,UgzHCBj0vxAqw7NR9Kx4AaABAg,Av1zma6uJco,UC9wixJAfKd2jytKeNVdgIEQ,2024-11-27T15:11:33Z,,중립
버추얼 아이돌 인기가 이정도? '이세계 아이돌' 역대 펀딩 88억 돌파/ KNN,KNN NEWS,최상위 댓글,@You-8181,우리 이세돌이 뭐 어때서!!!!!!!!,20,2024-11-27T16:28:55Z,0,UgwhqfGrc5ngiUosOHh4AaABAg,Av1zma6uJco,UC2mc6p9xzkYg9FZYPTP8R2g,2024-11-27T16:28:55Z,,중립
버추얼 아이돌 인기가 이정도? '이세계 아이돌' 역대 펀딩 88억 돌파/ KNN,KNN NEWS,최상위 댓글,@spaceneat,캐릭터도 개성있는데 노래도 좋아서 아주 좋음,5,2024-11-28T08:10:42Z,0,UgzxQs8Gom7kVTzy4Pt4AaABAg,Av1zma6uJco,UCmd4UWVSRxUPrXFgzXbiXzw,2024-11-28T08:10:42Z,,긍정
버추얼 아이돌 인기가 이정도? '이세계 아이돌' 역대 펀딩 88억 돌파/ KNN,KNN NEWS,최상위 댓글,@모음집만듦,88억은 ㅅㅂㅋㅋㅋㅋㅋ ㅈㄴ어케했냐ㅋㅋㅋㅋㅋㅋㅋㅋㅋㅋㅋㅋㅋㅋㅋ,2,2024-11-28T13:54:18Z,0,UgwtFfiyvygYLDViYo14AaABAg,Av1zma6uJco,UCbq9fGZu2kFpZ2aYkuO8kjg,2024-11-28T13:54:18Z,,중립
버추얼 아이돌 인기가 이정도? '이세계 아이돌' 역대 펀딩 88억 돌파/ KNN,KNN NEWS,최상위 댓글,@babyahab,저기 내돈이 포함된게 자랑스럽다,2,2024-11-28T03:39:40Z,0,UgyoCVhKwsw6C0Rcz2p4AaABAg,Av1zma6uJco,UC5KuOo8-H24kifRGEKqqzyQ,2024-11-28T03:39:40Z,,중립
버추얼 아이돌 인기가 이정도? '이세계 아이돌' 역대 펀딩 88억 돌파/ KNN,KNN NEWS,최상위 댓글,@coco0962,왜 30은 빼...,307,2024-11-27T15:34:05Z,39,UgwD3nLQzcksvL6R8o14AaABAg,Av1zma6uJco,UC6mrh9VsI1KlyqnUbkltGpw,2024-11-27T15:34:05Z,,중립
버추얼 아이돌 인기가 이정도? '이세계 아이돌' 역대 펀딩 88억 돌파/ KNN,KNN NEWS,대댓글,@crew1241,3흐흑..,22,2024-11-27T21:55:35Z,0,UgwD3nLQzcksvL6R8o14AaABAg.ABLpMufSt_hABMW14E3Wxc,Av1zma6uJco,UCiCpz80hIpGy-nSc8AKCYGQ,2024-11-27T21:55:35Z,UgwD3nLQzcksvL6R8o14AaABAg,중립
버추얼 아이돌 인기가 이정도? '이세계 아이돌' 역대 펀딩 88억 돌파/ KNN,KNN NEWS,대댓글,@아무임-s4q,30이 다른 세대에 비해 비중이 적으니깐..,16,2024-11-27T23:12:57Z,0,UgwD3nLQzcksvL6R8o14AaABAg.ABLpMufSt_hABMdsjUkiAE,Av1zma6uJco,UCOwiMZBab85Wce8ieYvN4oA,2024-11-27T23:12:57Z,UgwD3nLQzcksvL6R8o14AaABAg,중립
버추얼 아이돌 인기가 이정도? '이세계 아이돌' 역대 펀딩 88억 돌파/ KNN,KNN NEWS,대댓글,@kyle__kim,​@아무임-s4q요샌 1030이라하고 구매력이 월등히 뛰어나서 30도 붙임,8,2024-11-28T00:05:53Z,0,UgwD3nLQzcksvL6R8o14AaABAg.ABLpMufSt_hABMjwQXXlyN,Av1zma6uJco,UC0VbuZmdXrURT7sf9fTCUWQ,2024-11-28T00:05:53Z,UgwD3nLQzcksvL6R8o14AaABAg,중립
버추얼 아이돌 인기가 이정도? '이세계 아이돌' 역대 펀딩 88억 돌파/ KNN,KNN NEWS,대댓글,@Snow_Flake-cd3sl,ㄹㅇㅋㅋ 30은 웁니다 엉엉,0,2024-11-28T00:17:47Z,0,UgwD3nLQzcksvL6R8o14AaABAg.ABLpMufSt_hABMlIZJzi8P,Av1zma6uJco,UCdE3oCDiFC97wML-BvaOLfw,2024-11-28T00:17:47Z,UgwD3nLQzcksvL6R8o14AaABAg,중립
버추얼 아이돌 인기가 이정도? '이세계 아이돌' 역대 펀딩 88억 돌파/ KNN,KNN NEWS,대댓글,@adoken_01,ㄹㅇ 저기다 돈 때려박은건 30이 더 많을거임 우린 참지않는 나이라고,28,2024-11-28T00:24:03Z,0,UgwD3nLQzcksvL6R8o14AaABAg.ABLpMufSt_hABMm0WfKwzf,Av1zma6uJco,UC_r3AvKkUDtIfOTyV1EbcPQ,2024-11-28T00:24:03Z,UgwD3nLQzcksvL6R8o14AaABAg,중립
버추얼 아이돌 인기가 이정도? '이세계 아이돌' 역대 펀딩 88억 돌파/ KNN,KNN NEWS,최상위 댓글,@이민구-e8w,역시 이세돌 이파리여서 행복하다,5,2024-11-27T15:15:05Z,0,UgwcUHSPHfBrAXEWxLx4AaABAg,Av1zma6uJco,UC93o7P5w477JkUAZ10YuPRg,2024-11-27T15:15:05Z,,중립
버추얼 아이돌 인기가 이정도? '이세계 아이돌' 역대 펀딩 88억 돌파/ KNN,KNN NEWS,최상위 댓글,@둘기-사랑해,앞으로는 얼마나 발전할까.....,94,2024-11-27T16:30:28Z,9,UgwbdAPZ6HbRZuZpSlp4AaABAg,Av1zma6uJco,UChXtr3FRP34pLXhL3PPBqLA,2024-11-27T16:30:28Z,,중립
버추얼 아이돌 인기가 이정도? '이세계 아이돌' 역대 펀딩 88억 돌파/ KNN,KNN NEWS,대댓글,@뮐-y6p,세계의 무대로!!!!!!,1,2024-11-28T04:44:31Z,0,UgwbdAPZ6HbRZuZpSlp4AaABAg.ABLvopLtH-LABNEpH49QON,Av1zma6uJco,UCZ2KAQP9JAml4ECCr-Vqscg,2024-11-28T04:44:31Z,UgwbdAPZ6HbRZuZpSlp4AaABAg,중립
버추얼 아이돌 인기가 이정도? '이세계 아이돌' 역대 펀딩 88억 돌파/ KNN,KNN NEWS,대댓글,@ITZ_COOL_PIZZZA,k-홀로라이브,1,2024-11-28T06:21:40Z,0,UgwbdAPZ6HbRZuZpSlp4AaABAg.ABLvopLtH-LABNPwhl3W3V,Av1zma6uJco,UCe2w4RWwd4kfc5McrsXOnfA,2024-11-28T06:21:40Z,UgwbdAPZ6HbRZuZpSlp4AaABAg,중립
버추얼 아이돌 인기가 이정도? '이세계 아이돌' 역대 펀딩 88억 돌파/ KNN,KNN NEWS,대댓글,@kimgichan.,"얼굴같은걸 공개 못하니 현실에서 공연하는것도 한개가 있을꺼고, 아마 진짜 아이돌들 바로 아래까지가 리미트일꺼 같네요",1,2024-11-30T16:29:44Z,0,UgwbdAPZ6HbRZuZpSlp4AaABAg.ABLvopLtH-LABTe7BpdUwn,Av1zma6uJco,UCbkPx1vUyi9TTRYWi1Aeo7w,2024-11-30T16:29:44Z,UgwbdAPZ6HbRZuZpSlp4AaABAg,중립
버추얼 아이돌 인기가 이정도? '이세계 아이돌' 역대 펀딩 88억 돌파/ KNN,KNN NEWS,대댓글,@민2-q4m,저는 음방에서 한번 봤음 좋겠어용ㅠ,0,2024-12-01T13:16:35Z,0,UgwbdAPZ6HbRZuZpSlp4AaABAg.ABLvopLtH-LABVsoInBqLp,Av1zma6uJco,UCAVVsWkBQ6fSA7RhNeW0CwA,2024-12-01T13:16:35Z,UgwbdAPZ6HbRZuZpSlp4AaABAg,중립
버추얼 아이돌 인기가 이정도? '이세계 아이돌' 역대 펀딩 88억 돌파/ KNN,KNN NEWS,대댓글,@Napalm47,​@kimgichan. 이세페 했는디...,0,2024-12-01T16:26:03Z,0,UgwbdAPZ6HbRZuZpSlp4AaABAg.ABLvopLtH-LABWDV5Bamjq,Av1zma6uJco,UCwGolMYJaZfcWXZuyN_5U5g,2024-12-01T16:26:03Z,UgwbdAPZ6HbRZuZpSlp4AaABAg,중립
버추얼 아이돌 인기가 이정도? '이세계 아이돌' 역대 펀딩 88억 돌파/ KNN,KNN NEWS,최상위 댓글,@GonGon_215,감사합니다.. 저희 이세돌 다뤄주셔서 너무 감사합니다🥲,1,2024-12-06T12:08:17Z,0,UgyYSOJC2O6MMPuO4aJ4AaABAg,Av1zma6uJco,UCuu04aRi-cYtTHRkrOiOLnA,2024-12-06T12:08:17Z,,긍정
버추얼 아이돌 인기가 이정도? '이세계 아이돌' 역대 펀딩 88억 돌파/ KNN,KNN NEWS,최상위 댓글,@capybara_314,"형 제발 한정상품 수량좀 늘려줘
물론 난 키보드 샀어 형 사랑해",2,2024-11-28T00:24:51Z,0,UgxW59MItnGj0CJd5CF4AaABAg,Av1zma6uJco,UCeuwVosDbvSkRnY_Xg1HVhA,2024-11-28T00:24:51Z,,긍정
버추얼 아이돌 인기가 이정도? '이세계 아이돌' 역대 펀딩 88억 돌파/ KNN,KNN NEWS,최상위 댓글,@chanluv16,88억원 중 154만원치 기여했습니다 킹애.,346,2024-11-27T15:11:37Z,45,Ugy-Qq6iXZEKt3plocR4AaABAg,Av1zma6uJco,UCvHSPfjF3Qy560qrLt6cAYg,2024-11-27T15:11:37Z,,중립
버추얼 아이돌 인기가 이정도? '이세계 아이돌' 역대 펀딩 88억 돌파/ KNN,KNN NEWS,대댓글,@무언가수상한사람,도대체 뭘 샀는데;; 난 키보드에 키캡 다 사서 27 썼는데,26,2024-11-27T15:22:46Z,0,Ugy-Qq6iXZEKt3plocR4AaABAg.ABLmnQO-SIpABLo41GegR4,Av1zma6uJco,UCVplvj_KrEOTQ7qqI4dhVbw,2024-11-27T15:22:46Z,Ugy-Qq6iXZEKt3plocR4AaABAg,중립
버추얼 아이돌 인기가 이정도? '이세계 아이돌' 역대 펀딩 88억 돌파/ KNN,KNN NEWS,대댓글,@rogna3641,@무언가수상한사람 사용 하는거랑 소장용이랑 전시용이랑 스페어 2셋 하면 나옴,39,2024-11-27T15:26:08Z,0,Ugy-Qq6iXZEKt3plocR4AaABAg.ABLmnQO-SIpABLoSiEvMre,Av1zma6uJco,UC8quXu5JsLJzRRa8hzi3YCg,2024-11-27T15:26:08Z,Ugy-Qq6iXZEKt3plocR4AaABAg,중립
버추얼 아이돌 인기가 이정도? '이세계 아이돌' 역대 펀딩 88억 돌파/ KNN,KNN NEWS,대댓글,@cun089,하나씩만 다사도 57만4800원인데 레게노...,46,2024-11-27T15:26:59Z,0,Ugy-Qq6iXZEKt3plocR4AaABAg.ABLmnQO-SIpABLoYypG_QL,Av1zma6uJco,UCRA7LBFuMdx6_GBxXyH02dQ,2024-11-27T15:26:59Z,Ugy-Qq6iXZEKt3plocR4AaABAg,중립
버추얼 아이돌 인기가 이정도? '이세계 아이돌' 역대 펀딩 88억 돌파/ KNN,KNN NEWS,대댓글,@user-jt3wc8wc7t,4만원만 더 기여하시죠,15,2024-11-27T15:30:00Z,0,Ugy-Qq6iXZEKt3plocR4AaABAg.ABLmnQO-SIpABLou0zTpD-,Av1zma6uJco,UCEw0zp3ZrlNwt0Oyzz4A0Hg,2024-11-27T15:30:00Z,Ugy-Qq6iXZEKt3plocR4AaABAg,중립
버추얼 아이돌 인기가 이정도? '이세계 아이돌' 역대 펀딩 88억 돌파/ KNN,KNN NEWS,대댓글,@nevergive_up516,둘바 ​@user-jt3wc8wc7t,0,2024-11-27T15:41:57Z,0,Ugy-Qq6iXZEKt3plocR4AaABAg.ABLmnQO-SIpABLqG_ZYLKT,Av1zma6uJco,UCxlnx9o4ynRxMsTHGflbVog,2024-11-27T15:41:57Z,Ugy-Qq6iXZEKt3plocR4AaABAg,중립
버추얼 아이돌 인기가 이정도? '이세계 아이돌' 역대 펀딩 88억 돌파/ KNN,KNN NEWS,최상위 댓글,@Min-f4z,이세돌 너무 좋아,66,2024-11-27T13:12:20Z,1,UgyCXr7jnBW0sZdZmRR4AaABAg,Av1zma6uJco,UCkW3EGXEQvQrumZK8G4wmeA,2024-11-27T13:12:20Z,,긍정
버추얼 아이돌 인기가 이정도? '이세계 아이돌' 역대 펀딩 88억 돌파/ KNN,KNN NEWS,대댓글,@hyunjun4095,⁠모두잠수준비 깊은저 한남속 깃치마을 허버허버스폰지밥 광대얼굴 드릉드릉 스폰지밥 허버허버와 군적금 희망이 보글보글~~ 다시는이세돌을 무시하지마라~~,0,2024-11-27T21:41:13Z,0,UgyCXr7jnBW0sZdZmRR4AaABAg.ABL_8hT6uq1ABMUNmKmLDo,Av1zma6uJco,UCjzmwRqsgvUllcVnM8oNHZw,2024-11-27T21:41:13Z,UgyCXr7jnBW0sZdZmRR4AaABAg,중립
버추얼 아이돌 인기가 이정도? '이세계 아이돌' 역대 펀딩 88억 돌파/ KNN,KNN NEWS,최상위 댓글,@zwz-w4b,취향존중합니다 각자 즐길거 알아서 즐기면 되는거죠,41,2024-11-28T12:43:53Z,6,UgxtUn9kRrrsJJzthuF4AaABAg,Av1zma6uJco,UCdSoCJFZXnH6n3xlBJsnmZA,2024-11-28T12:43:53Z,,중립
버추얼 아이돌 인기가 이정도? '이세계 아이돌' 역대 펀딩 88억 돌파/ KNN,KNN NEWS,대댓글,@VIichan_RANE,@zwz-w4b 이런 분들이 멋지신 분들이신거죠 취존해주시는 분들,6,2024-12-01T10:01:07Z,0,UgxtUn9kRrrsJJzthuF4AaABAg.ABO5g8RdNXfABVXRh90bP9,Av1zma6uJco,UCwH9f0nhcalCRR4ewTdWhUA,2024-12-01T10:01:07Z,UgxtUn9kRrrsJJzthuF4AaABAg,긍정
버추얼 아이돌 인기가 이정도? '이세계 아이돌' 역대 펀딩 88억 돌파/ KNN,KNN NEWS,대댓글,@오리너구리-blue,"ㄹㅇ 걍 취존하면 되지
왜 꼭 나와서 긁을려고 하는 사람이 있는지...",3,2024-12-05T09:00:07Z,0,UgxtUn9kRrrsJJzthuF4AaABAg.ABO5g8RdNXfABeidMrOBZ0,Av1zma6uJco,UCR1eZrlbsR91oqRGbNDG7PQ,2024-12-05T09:00:07Z,UgxtUn9kRrrsJJzthuF4AaABAg,중립
버추얼 아이돌 인기가 이정도? '이세계 아이돌' 역대 펀딩 88억 돌파/ KNN,KNN NEWS,대댓글,@허재승-g8k,감사합니다 ㅎㅎ,1,2025-02-27T22:42:37Z,0,UgxtUn9kRrrsJJzthuF4AaABAg.ABO5g8RdNXfAF3UY8UHWFy,Av1zma6uJco,UCxh2P8CGDs6x5RQ7uqzZjbg,2025-02-27T22:42:37Z,UgxtUn9kRrrsJJzthuF4AaABAg,긍정
버추얼 아이돌 인기가 이정도? '이세계 아이돌' 역대 펀딩 88억 돌파/ KNN,KNN NEWS,대댓글,@hayeop,멋지다...이런분들이 착한 일반인이죠,0,2025-05-24T07:38:17Z,0,UgxtUn9kRrrsJJzthuF4AaABAg.ABO5g8RdNXfAIVJPskHU7l,Av1zma6uJco,UCcDk2qq35N_DQHo3-glIiZg,2025-05-24T07:38:17Z,UgxtUn9kRrrsJJzthuF4AaABAg,긍정
버추얼 아이돌 인기가 이정도? '이세계 아이돌' 역대 펀딩 88억 돌파/ KNN,KNN NEWS,대댓글,@안락하늘소,​@VIichan_RANE그런데 팬덤은,0,2025-06-14T17:31:34Z,0,UgxtUn9kRrrsJJzthuF4AaABAg.ABO5g8RdNXfAJMS-Zqy5GK,Av1zma6uJco,UCAMXakm2Hz0OrMW9gY7KiGg,2025-06-14T17:31:34Z,UgxtUn9kRrrsJJzthuF4AaABAg,중립
버추얼 아이돌 인기가 이정도? '이세계 아이돌' 역대 펀딩 88억 돌파/ KNN,KNN NEWS,최상위 댓글,@user-Sg7ok6ew71,"""팬덤명 이파리를 중심으로 한 충성도 높은 팬층""",2,2024-11-29T08:24:36Z,0,UgyLBNNDkO2XzaaaYv94AaABAg,Av1zma6uJco,UCCaaBfqv6u3jwK64woMHhQQ,2024-11-29T08:24:36Z,,중립
버추얼 아이돌 인기가 이정도? '이세계 아이돌' 역대 펀딩 88억 돌파/ KNN,KNN NEWS,최상위 댓글,@구구구-e2r,와 씹덕은 ㄹㅇ돈이되네 하긴 결혼포기하고 사는 시대에 자기 취미에 다 쓰는거지..,2,2024-11-30T13:09:39Z,0,UgxwkK7TEVJuoJtEqwp4AaABAg,Av1zma6uJco,UCSBiBlfJUygRezeOKMEzh3g,2024-11-30T13:09:39Z,,중립
버추얼 아이돌 인기가 이정도? '이세계 아이돌' 역대 펀딩 88억 돌파/ KNN,KNN NEWS,최상위 댓글,@user-gf9vg846h1,찐따욕하지만 댓글로악플다는애들이 진짜 레전드찐따같긴하네,4,2025-11-21T11:57:44Z,0,UgyMO6wmgzb0RQxHv5V4AaABAg,Av1zma6uJco,UCJ30AakDMyoi0SpMABGt4qw,2025-11-21T11:57:44Z,,중립
버추얼 아이돌 인기가 이정도? '이세계 아이돌' 역대 펀딩 88억 돌파/ KNN,KNN NEWS,최상위 댓글,@100호-o3j,왁타버스 무한도전 같이 잼있음,4,2024-11-27T15:03:29Z,0,UgxU-WHGDijbylEmadp4AaABAg,Av1zma6uJco,UC1JG5MdCaz6v_66K25FaTCg,2024-11-27T15:03:29Z,,중립
버추얼 아이돌 인기가 이정도? '이세계 아이돌' 역대 펀딩 88억 돌파/ KNN,KNN NEWS,최상위 댓글,@Yeopgun,이세돌 앞으로도 영원하자~,49,2024-11-27T15:04:07Z,1,UgyrZJ-Yv9VL-EdLsOl4AaABAg,Av1zma6uJco,UC3puoRxi-FrgdK8jWBcExWg,2024-11-27T15:04:07Z,,중립
버추얼 아이돌 인기가 이정도? '이세계 아이돌' 역대 펀딩 88억 돌파/ KNN,KNN NEWS,대댓글,@hyunjun4095,⁠모두잠수준비 깊은저 한남속 깃치마을 허버허버스폰지밥 광대얼굴 드릉드릉 스폰지밥 허버허버와 군적금 희망이 보글보글~~ 다시는이세돌을 무시하지마라~~,0,2024-11-27T21:41:28Z,0,UgyrZJ-Yv9VL-EdLsOl4AaABAg.ABLlwUZfzW5ABMUPl3F-iL,Av1zma6uJco,UCjzmwRqsgvUllcVnM8oNHZw,2024-11-27T21:41:28Z,UgyrZJ-Yv9VL-EdLsOl4AaABAg,중립
버추얼 아이돌 인기가 이정도? '이세계 아이돌' 역대 펀딩 88억 돌파/ KNN,KNN NEWS,최상위 댓글,@노노노-u4c,하... 이거 보니 키보드 사고 싶었는데 순식간에 매진 돼서 댕빡쳤던거 생각나네 ㅜㅜ,1,2025-03-03T13:36:19Z,0,UgzV_T2HrFUBSA5Fgh54AaABAg,Av1zma6uJco,UCqJR0Aop9HyKvoKXp2f1iKg,2025-03-03T13:36:51Z,,중립
버추얼 아이돌 인기가 이정도? '이세계 아이돌' 역대 펀딩 88억 돌파/ KNN,KNN NEWS,최상위 댓글,@유닛이었던_유닛,진짜 팬이지만 내가 잘못본건 줄 암..,2,2024-12-04T15:01:45Z,0,UgwYcu4cwQHT3kY1zQl4AaABAg,Av1zma6uJco,UConyH7ff_bCR1Ddy39ZFNKQ,2024-12-04T15:01:45Z,,중립
버추얼 아이돌 인기가 이정도? '이세계 아이돌' 역대 펀딩 88억 돌파/ KNN,KNN NEWS,최상위 댓글,@whwRkTlqkf0901,이세돌 항상 행복했으면 조켄네~🫶🏻,2,2024-12-01T10:12:39Z,0,UgxZI-jgAdl8JGnGpmF4AaABAg,Av1zma6uJco,UC7C9hjCw64cZdOHIftay_iw,2024-12-01T10:12:39Z,,중립
버추얼 아이돌 인기가 이정도? '이세계 아이돌' 역대 펀딩 88억 돌파/ KNN,KNN NEWS,최상위 댓글,@인형뽑기-u3d,"취향존중
문화와 기계가 발달해서
기존 없던게 생겨나듯이
새로운것으로 받아들일수 있다생각 
물론 거기에 잘못된발언이나 행동력으로 나락은 한순간일수있단점, 레드오션 현재진행중으로 앞으로 캐릭, 개성에 따른 빈부격차급 인지도

제일 중요한건 실제 연예인 아이돌들봐도 그렇고 마찬가지로 '수명'이란게 있어서 짧으면 짧았지 
너무 깊게 빠져들지 않으면 괜찮을까싶음 
깊게 빠져들다 매몰비용(시간or금전)에 만족이면 다행이지만 후회하지않았으면 함

특정 팬은 없지만 (논란 어느정도 있으면 손절치고) 재미있으면 편집된 짧은것들 두루두루 영상 보는데 딱 요정도에서 개인적으로 만족 나락이면 손절치거나 자연스리 수명끝나거면 다른볼일보고",12,2024-11-28T05:57:48Z,0,UgyCWnHOxHHmd-WPB9t4AaABAg,Av1zma6uJco,UCo0jqW2UGmUkmbtzoLRPGcw,2024-11-28T06:00:53Z,,중립
버추얼 아이돌 인기가 이정도? '이세계 아이돌' 역대 펀딩 88억 돌파/ KNN,KNN NEWS,최상위 댓글,@왜그래그러게,살기 힘들다고 난리지만 이런기사나  여행기사보면 아직은 살만한가보다,6,2024-11-27T22:33:49Z,1,Ugybd6NZrvrRtlxfZp94AaABAg,Av1zma6uJco,UCIw-9p2-WrkXMB-VDTRuheA,2024-11-27T22:33:49Z,,중립
버추얼 아이돌 인기가 이정도? '이세계 아이돌' 역대 펀딩 88억 돌파/ KNN,KNN NEWS,대댓글,@AroU_,좋은 취미생활이있으면 또 그로인해 힘도내고 굿즈살려고 돈도 더벌고 그러는거죠,0,2024-11-28T12:04:18Z,0,Ugybd6NZrvrRtlxfZp94AaABAg.ABM_P6VXxKTABO19KJqng-,Av1zma6uJco,UC8GZyFFEuvGNRMxyMNSfGpw,2024-11-28T12:04:18Z,Ugybd6NZrvrRtlxfZp94AaABAg,긍정
버추얼 아이돌 인기가 이정도? '이세계 아이돌' 역대 펀딩 88억 돌파/ KNN,KNN NEWS,최상위 댓글,@jibaglyeongdulgi,진짜 덕질하길 잘했다 이세돌 영원하자,0,2024-11-28T03:04:32Z,0,Ugw2yjyNtPUUVDQ29N54AaABAg,Av1zma6uJco,UCNFkBfBg78cBAZfEKfxG2Lw,2024-11-28T03:04:32Z,,중립
버추얼 아이돌 인기가 이정도? '이세계 아이돌' 역대 펀딩 88억 돌파/ KNN,KNN NEWS,최상위 댓글,@HolyMoleeyGuacamolyee,이세돌 멤버분들 한명한명이 방송 입담도 재밌어서 라디오처럼 틀어놓고 보기좋음ㅋㅋ,1,2024-11-28T12:20:47Z,0,Ugze31dtIWwgFrjg9hd4AaABAg,Av1zma6uJco,UCSxtAehbsYBfKOgu4hNCxCg,2024-11-28T12:20:47Z,,긍정
버추얼 아이돌 인기가 이정도? '이세계 아이돌' 역대 펀딩 88억 돌파/ KNN,KNN NEWS,최상위 댓글,@clay_snipper,역싶짱세돌이야,17,2024-11-28T11:13:30Z,0,Ugw7ouOmSdISQiELvXV4AaABAg,Av1zma6uJco,UCaCZSrBILC5F__sIIUYgtVw,2024-11-28T11:13:30Z,,긍정
버추얼 아이돌 인기가 이정도? '이세계 아이돌' 역대 펀딩 88억 돌파/ KNN,KNN NEWS,최상위 댓글,@user_mollulu300,저 기록을 달성시킨 이파리들 대단..,5,2024-11-27T16:03:45Z,0,UgxR8e9YfjN2QdgcPB54AaABAg,Av1zma6uJco,UCwUudH2Nkz-FbbzmY4n1RIw,2024-11-27T16:18:27Z,,중립
버추얼 아이돌 인기가 이정도? '이세계 아이돌' 역대 펀딩 88억 돌파/ KNN,KNN NEWS,최상위 댓글,@윤진-p6s,난 진짜 잘 모르겠다....;,2,2024-11-28T02:12:43Z,0,Ugzamlf-IHMdoc_vqc14AaABAg,Av1zma6uJco,UCrM_waNWBCRL2bp_NJL766w,2024-11-28T02:12:43Z,,중립
버추얼 아이돌 인기가 이정도? '이세계 아이돌' 역대 펀딩 88억 돌파/ KNN,KNN NEWS,최상위 댓글,@user-ds5bz3mi3r,이러다 놀면 뭐하니에서 사상 최초로 버튜버 출연하겠다 ㅋㅋㅋㅋ😂,2,2024-11-29T05:51:14Z,0,UgycFFYywz0-B7HFWjJ4AaABAg,Av1zma6uJco,UCGZk5Sw6j09dmmDKOttgY4Q,2024-11-29T05:51:14Z,,중립
버추얼 아이돌 인기가 이정도? '이세계 아이돌' 역대 펀딩 88억 돌파/ KNN,KNN NEWS,최상위 댓글,@ZACK0706,압도적으로 갱신 해버렸네,0,2024-11-27T23:01:51Z,0,UgxpZYEXOXbhXiDHZet4AaABAg,Av1zma6uJco,UCB6FHQtSZ5ghvtDbi4k01Pg,2024-11-27T23:01:51Z,,중립
버추얼 아이돌 인기가 이정도? '이세계 아이돌' 역대 펀딩 88억 돌파/ KNN,KNN NEWS,최상위 댓글,@gyugyu_1,버츄얼 안티팬 멸종위기,3,2024-12-23T07:22:52Z,0,Ugx2i3N8SP9ICvYKLdt4AaABAg,Av1zma6uJco,UC_lEcU8wHNzUlXFXk7fqz8w,2024-12-23T07:22:52Z,,중립
버추얼 아이돌 인기가 이정도? '이세계 아이돌' 역대 펀딩 88억 돌파/ KNN,KNN NEWS,최상위 댓글,@benu_4,"이미 일본에선 버츄얼 인기도가 엄청 커서 
방송도 나오고 진짜 별에 별거 다 하던데 
아마 한국에서도 곧 있으면 버츄얼이 하나의 브랜드?로 크게 자리 잡을 듯",73,2024-11-27T15:42:41Z,42,UgyXfKzNZF8W_k5Z1lZ4AaABAg,Av1zma6uJco,UCpmyuAbs2tFi5lQ-VjfNnxQ,2024-11-27T15:42:41Z,,중립
버추얼 아이돌 인기가 이정도? '이세계 아이돌' 역대 펀딩 88억 돌파/ KNN,KNN NEWS,대댓글,@양치기,이세돌 말고는 너무 음지라... 심지어 왁굳님도 이세돌은 계속 음지에 있어야된다고 하시니ㅋㅋㅋㅜ,26,2024-11-27T16:15:08Z,0,UgyXfKzNZF8W_k5Z1lZ4AaABAg.ABLqLvCkOqlABLu3W1Gh8T,Av1zma6uJco,UC3N1pyx_lGXA1XFrWS193vQ,2024-11-27T16:15:08Z,UgyXfKzNZF8W_k5Z1lZ4AaABAg,중립
버추얼 아이돌 인기가 이정도? '이세계 아이돌' 역대 펀딩 88억 돌파/ KNN,KNN NEWS,대댓글,@jinwolhi,​@양치기그거는 이세돌 초반아닌가 지금은 다르죠,5,2024-11-27T16:17:53Z,0,UgyXfKzNZF8W_k5Z1lZ4AaABAg.ABLqLvCkOqlABLuNgdOQz6,Av1zma6uJco,UCfU1LoJT6d2E_JIULtp8hRA,2024-11-27T16:17:53Z,UgyXfKzNZF8W_k5Z1lZ4AaABAg,중립
버추얼 아이돌 인기가 이정도? '이세계 아이돌' 역대 펀딩 88억 돌파/ KNN,KNN NEWS,대댓글,@everxero_miryu0096,"​@jinwolhi 며칠전 방송에서도 왁굳님이 ""아냐! 우리아직 음지에 있어야해!""라고 해서요ㅋㅋ",16,2024-11-27T16:28:08Z,0,UgyXfKzNZF8W_k5Z1lZ4AaABAg.ABLqLvCkOqlABLvYqehyJt,Av1zma6uJco,UC4xmON1PZ9ALOpM0jbGLdJw,2024-11-27T16:28:08Z,UgyXfKzNZF8W_k5Z1lZ4AaABAg,중립
버추얼 아이돌 인기가 이정도? '이세계 아이돌' 역대 펀딩 88억 돌파/ KNN,KNN NEWS,대댓글,@주머니씨,"대표적으로 양지에 있는 한국 버츄얼 하면 플햄인데, 왁굳님은 이세돌의 방향을 공중파 나오는 아이돌 이런 것 보다  인터넷 방송인으로 보고 계심. 음지에 있어야 한다는 말이 그런 뜻 아닐까?",23,2024-11-27T16:58:19Z,0,UgyXfKzNZF8W_k5Z1lZ4AaABAg.ABLqLvCkOqlABLz-rgnDYN,Av1zma6uJco,UC4CLZKNDRS4JLExMpIrnXZQ,2024-11-27T16:58:19Z,UgyXfKzNZF8W_k5Z1lZ4AaABAg,중립
버추얼 아이돌 인기가 이정도? '이세계 아이돌' 역대 펀딩 88억 돌파/ KNN,KNN NEWS,대댓글,@shining_cats,"지금 양지에서 활동하고 있는 플레이브 분들이 계시죠
얼마전에 마마에 나오셨던데",14,2024-11-27T17:10:09Z,0,UgyXfKzNZF8W_k5Z1lZ4AaABAg.ABLqLvCkOqlABM-MXBaEdg,Av1zma6uJco,UCc6_aRKn4vyulY7KKUtQ1MA,2024-11-27T17:10:39Z,UgyXfKzNZF8W_k5Z1lZ4AaABAg,중립
버추얼 아이돌 인기가 이정도? '이세계 아이돌' 역대 펀딩 88억 돌파/ KNN,KNN NEWS,최상위 댓글,@갈치군,이세돌이 누군지 몰라도 참으로 모시깽한일이네요~,2,2024-12-01T05:04:07Z,0,UgxD0Buxtq05kUtYsJJ4AaABAg,Av1zma6uJco,UCAWQkpWHbPr0D8viYgxl52Q,2024-12-01T05:04:07Z,,중립
버추얼 아이돌 인기가 이정도? '이세계 아이돌' 역대 펀딩 88억 돌파/ KNN,KNN NEWS,최상위 댓글,@알잘딱깔센하자,형 이게 우리야ㅋㅋ,1,2024-11-27T22:25:57Z,0,UgwBJ4ylt1fjPFZyM0x4AaABAg,Av1zma6uJco,UCKnmVcyuBBjJ__4gtQckflQ,2024-11-27T22:25:57Z,,중립
버추얼 아이돌 인기가 이정도? '이세계 아이돌' 역대 펀딩 88억 돌파/ KNN,KNN NEWS,최상위 댓글,@B둘기,이것이 팬치와 이파리의 능력이다,2,2024-12-05T11:42:40Z,0,UgxqZo9lwUzIlul0WnZ4AaABAg,Av1zma6uJco,UCzzx0eIpWepK-D4xUmSSo2g,2024-12-05T11:42:40Z,,중립
버추얼 아이돌 인기가 이정도? '이세계 아이돌' 역대 펀딩 88억 돌파/ KNN,KNN NEWS,최상위 댓글,@111_roentgenium,이분들이 누군진 모르겠지만 MZ세대들이 대단하네요~ 킹애,23,2024-11-27T15:58:33Z,2,Ugw7FodvHLyfxgYBGRB4AaABAg,Av1zma6uJco,UCnXyEq52LG9dlerCM8Fpggw,2024-11-27T15:58:33Z,,중립
버추얼 아이돌 인기가 이정도? '이세계 아이돌' 역대 펀딩 88억 돌파/ KNN,KNN NEWS,대댓글,@onlylilpa.VIichan700,킹아,0,2024-11-28T10:16:30Z,0,Ugw7FodvHLyfxgYBGRB4AaABAg.ABLsA6FNmBgABNpoi9m8Ii,Av1zma6uJco,UCqOsO8s-YWMjmjRrZotyheQ,2024-11-28T10:16:30Z,Ugw7FodvHLyfxgYBGRB4AaABAg,중립
버추얼 아이돌 인기가 이정도? '이세계 아이돌' 역대 펀딩 88억 돌파/ KNN,KNN NEWS,대댓글,@hayeop,프사는 보고말하는겁니까?ㅋㅋㅋㅋㅋㅋ,0,2025-05-24T07:39:05Z,0,Ugw7FodvHLyfxgYBGRB4AaABAg.ABLsA6FNmBgAIVJVgigZ75,Av1zma6uJco,UCcDk2qq35N_DQHo3-glIiZg,2025-05-24T07:39:05Z,Ugw7FodvHLyfxgYBGRB4AaABAg,중립
버추얼 아이돌 인기가 이정도? '이세계 아이돌' 역대 펀딩 88억 돌파/ KNN,KNN NEWS,최상위 댓글,@탄소융합체,괜찮아 악성 댓글들아 우리는 품을 수 있어,55,2024-11-27T16:34:02Z,25,UgwUSGTiHsWK3MnmNLB4AaABAg,Av1zma6uJco,UC8Ld03iLoy8X3AnzNscki2g,2024-11-27T16:34:02Z,,중립
버추얼 아이돌 인기가 이정도? '이세계 아이돌' 역대 펀딩 88억 돌파/ KNN,KNN NEWS,대댓글,@AdmiralAlexeiStukov,품어,16,2024-11-27T19:39:55Z,0,UgwUSGTiHsWK3MnmNLB4AaABAg.ABLwE3e-omwABMGVMKJccc,Av1zma6uJco,UCQdeX551PFYdwU8GmyTz04g,2024-11-27T19:39:55Z,UgwUSGTiHsWK3MnmNLB4AaABAg,중립
버추얼 아이돌 인기가 이정도? '이세계 아이돌' 역대 펀딩 88억 돌파/ KNN,KNN NEWS,대댓글,@복치-l7t,만두만두만두만두!!,8,2024-11-27T20:21:05Z,0,UgwUSGTiHsWK3MnmNLB4AaABAg.ABLwE3e-omwABMLCxvdGJm,Av1zma6uJco,UChUEV7lB7XXQZgtSJtnVU1Q,2024-11-27T20:21:05Z,UgwUSGTiHsWK3MnmNLB4AaABAg,중립
버추얼 아이돌 인기가 이정도? '이세계 아이돌' 역대 펀딩 88억 돌파/ KNN,KNN NEWS,대댓글,@신정미-c2d,근하하하하하,8,2024-11-27T21:24:05Z,0,UgwUSGTiHsWK3MnmNLB4AaABAg.ABLwE3e-omwABMSQKZ3VDJ,Av1zma6uJco,UCfrD8vdqtqJJUrrqD2KeTUQ,2024-11-27T21:24:05Z,UgwUSGTiHsWK3MnmNLB4AaABAg,중립
버추얼 아이돌 인기가 이정도? '이세계 아이돌' 역대 펀딩 88억 돌파/ KNN,KNN NEWS,대댓글,@hyunjun4095,⁠모두잠수준비 깊은저 한남속 깃치마을 허버허버스폰지밥 광대얼굴 드릉드릉 스폰지밥 허버허버와 군적금 희망이 보글보글~~ 다시는이세돌을 무시하지마라~~,0,2024-11-27T21:41:41Z,0,UgwUSGTiHsWK3MnmNLB4AaABAg.ABLwE3e-omwABMURHi3P7i,Av1zma6uJco,UCjzmwRqsgvUllcVnM8oNHZw,2024-11-27T21:41:41Z,UgwUSGTiHsWK3MnmNLB4AaABAg,중립
버추얼 아이돌 인기가 이정도? '이세계 아이돌' 역대 펀딩 88억 돌파/ KNN,KNN NEWS,대댓글,@BunningLena,둘박궤!!,6,2024-11-27T21:46:33Z,0,UgwUSGTiHsWK3MnmNLB4AaABAg.ABLwE3e-omwABMUzzvmfZR,Av1zma6uJco,UCh4tTt-J3gsKcp2jXS_GnDA,2024-11-27T21:46:33Z,UgwUSGTiHsWK3MnmNLB4AaABAg,중립
버추얼 아이돌 인기가 이정도? '이세계 아이돌' 역대 펀딩 88억 돌파/ KNN,KNN NEWS,최상위 댓글,@Y디제,"솔직히 버츄얼 좋아하는 거 왜 하는지 모르겠는 1인이었는데, 어쩌다보니 노래 듣게 됐는데, 아이네였나 노래 개잘해서 좀 찾아봤었음. 좀 찾아보다가 방송도 재밌게 잘하고, 노래도 웬만한 가수만큼 함. 그러다 키딩 나오고 했었던 것 같은데, 영상 퀄이 좋았던 걸로 암. 노래도 괜찮았음. 그래서 그때 좀 편견이 깨졌다고 해야하나. 왜 좋아하고 인기라는지 이해가 좀 갔었음.ㅋㅋ 
그냥 다들 하나의 장르로 봤음 함. 가수가 여러개 있잖어. 래퍼, 아이돌, 발라더 이런 식으로. 난 얘네가 버츄얼 아이돌 이라는 가수의 장르를 만들었다고 생각함. 머글 입장에서는 솔직히 걍 아이돌이라고 하기에는 조금 다른 것 같고, 그렇다고 마냥 스트리머라고 하기에는 가요계에 좀 영향력이 있고. 어쨌든 나름 신선한 경험이었음. 키딩이후로는 소식을 잘 못 듣긴 했는데, 음 계속 잘 되고 있었나봄 ㅋㅋ
아무튼 이세돌 파이팅 하시길",38,2024-11-27T17:59:10Z,6,Ugxkv3LFo_veN33haQZ4AaABAg,Av1zma6uJco,UCdresCKjXSt7EnoAiQuPfQA,2024-11-27T17:59:10Z,,긍정
버추얼 아이돌 인기가 이정도? '이세계 아이돌' 역대 펀딩 88억 돌파/ KNN,KNN NEWS,대댓글,@linus3zetq,좋게 봐주셔서 감사해요 :),0,2024-11-27T18:14:32Z,0,Ugxkv3LFo_veN33haQZ4AaABAg.ABM4yabuSUjABM6ix8vcQT,Av1zma6uJco,UCuqGwpJ7WftqBImD44UUH9Q,2024-11-27T18:14:32Z,Ugxkv3LFo_veN33haQZ4AaABAg,긍정
버추얼 아이돌 인기가 이정도? '이세계 아이돌' 역대 펀딩 88억 돌파/ KNN,KNN NEWS,대댓글,@Azukari1222,감사합니다~~,0,2024-11-27T20:25:02Z,0,Ugxkv3LFo_veN33haQZ4AaABAg.ABM4yabuSUjABMLem4NDtI,Av1zma6uJco,UCFABBlTgsZjyNPW7cJsOyhw,2024-11-27T20:25:02Z,Ugxkv3LFo_veN33haQZ4AaABAg,긍정
버추얼 아이돌 인기가 이정도? '이세계 아이돌' 역대 펀딩 88억 돌파/ KNN,KNN NEWS,대댓글,@뽀또0221,"가요계가 망했다는 증거임
옛날 00년대만 해도 노래실력이 우선이었는데
걸그룹 보이그룹 등장하더니 점점 비주얼 우선으로 봐서 실력 퇴화됨.
그래서 이런 실력자가 버튜버로 나오고 있는게 아닐까 생각함",5,2024-11-27T20:25:32Z,0,Ugxkv3LFo_veN33haQZ4AaABAg.ABM4yabuSUjABMLiZx2v0u,Av1zma6uJco,UCnStSdXUNmNrc1zb7AKmNYg,2024-11-27T20:25:32Z,Ugxkv3LFo_veN33haQZ4AaABAg,중립
버추얼 아이돌 인기가 이정도? '이세계 아이돌' 역대 펀딩 88억 돌파/ KNN,KNN NEWS,대댓글,@slow__cow3047,​@뽀또022100년대도 얼굴보고 뽑았었음 양아치 출신도 많고,0,2024-11-27T23:16:59Z,0,Ugxkv3LFo_veN33haQZ4AaABAg.ABM4yabuSUjABMeLFwVAX8,Av1zma6uJco,UCWohrNkYg2G_fQuGpzUNrSg,2024-11-27T23:16:59Z,Ugxkv3LFo_veN33haQZ4AaABAg,중립
버추얼 아이돌 인기가 이정도? '이세계 아이돌' 역대 펀딩 88억 돌파/ KNN,KNN NEWS,대댓글,@이유노-c2o,​@뽀또0221옛날엔 그냥 잘하는 사람도 실력이 별로였는ㄷ...,3,2024-11-28T03:43:17Z,0,Ugxkv3LFo_veN33haQZ4AaABAg.ABM4yabuSUjABN7oen8N73,Av1zma6uJco,UCk4fmeK4AUea_eQGcwMpjiw,2024-11-28T03:43:17Z,Ugxkv3LFo_veN33haQZ4AaABAg,부정
버추얼 아이돌 인기가 이정도? '이세계 아이돌' 역대 펀딩 88억 돌파/ KNN,KNN NEWS,최상위 댓글,@테마0814,아니 욕하던 애들마저 인정을 해버리는 ㅋㅋㅋㅋㅋㅋㅋㅋㅋㅋㅋㅋㅋㅋㅋㅋㅋㅋㅋㅋㅋㅋㅋ ㅁㅊㅋㅋㅋㅋㅋㅋㅋㅋㅋㅋㅋㅋㅋㅋㅋㅋㅋㅋ,0,2024-11-30T10:31:51Z,0,UgztBJJK5MT_n5wo6fl4AaABAg,Av1zma6uJco,UCyTfpV2pMJ0f9z7KAlEqocQ,2024-11-30T10:31:51Z,,중립
버추얼 아이돌 인기가 이정도? '이세계 아이돌' 역대 펀딩 88억 돌파/ KNN,KNN NEWS,최상위 댓글,@클로로-k1s,와 이세돌 이정도 였구나... 웬만한 아이돌 안부럽네;;,1,2024-11-27T17:41:22Z,0,Ugx7-wc3Dky05RQgXhd4AaABAg,Av1zma6uJco,UCEimEWCv7vgqsVXx1WSrNiQ,2024-11-27T17:41:22Z,,중립
버추얼 아이돌 인기가 이정도? '이세계 아이돌' 역대 펀딩 88억 돌파/ KNN,KNN NEWS,최상위 댓글,@간장맛초코렛,스텔라이브 빠돌이지만... 업계 최정상은 저 쪽 이라는거 인정하겠습니다...미쳤네,61,2024-11-28T05:15:55Z,11,Ugw00Q-b0Qg_uT9c2dd4AaABAg,Av1zma6uJco,UCjV26lahciYFH9MLEPeoOGQ,2024-11-28T05:15:55Z,,중립
버추얼 아이돌 인기가 이정도? '이세계 아이돌' 역대 펀딩 88억 돌파/ KNN,KNN NEWS,대댓글,@isegye4ever,스텔라이브도 최고👍,36,2024-11-28T05:41:08Z,0,Ugw00Q-b0Qg_uT9c2dd4AaABAg.ABNIQFW9ooAABNLIt_f3DF,Av1zma6uJco,UCvVm5-UYNSVMhyUwo3mk4kQ,2024-11-28T05:41:08Z,Ugw00Q-b0Qg_uT9c2dd4AaABAg,긍정
버추얼 아이돌 인기가 이정도? '이세계 아이돌' 역대 펀딩 88억 돌파/ KNN,KNN NEWS,대댓글,@ITZ_COOL_PIZZZA,디질게~,1,2024-11-28T06:24:44Z,0,Ugw00Q-b0Qg_uT9c2dd4AaABAg.ABNIQFW9ooAABNQIGcNYJk,Av1zma6uJco,UCe2w4RWwd4kfc5McrsXOnfA,2024-11-28T06:24:44Z,Ugw00Q-b0Qg_uT9c2dd4AaABAg,중립
버추얼 아이돌 인기가 이정도? '이세계 아이돌' 역대 펀딩 88억 돌파/ KNN,KNN NEWS,대댓글,@bank144,우왁굳없으면 한국 버튜버는 나가리지,5,2024-11-28T07:02:25Z,0,Ugw00Q-b0Qg_uT9c2dd4AaABAg.ABNIQFW9ooAABNUbBxPQBQ,Av1zma6uJco,UCBxEi0Sw-T-NDR60QfA1GBg,2024-11-28T07:02:25Z,Ugw00Q-b0Qg_uT9c2dd4AaABAg,중립
버추얼 아이돌 인기가 이정도? '이세계 아이돌' 역대 펀딩 88억 돌파/ KNN,KNN NEWS,대댓글,@lilkimchi8084,스텔도 최고죠 :),16,2024-11-28T08:18:05Z,0,Ugw00Q-b0Qg_uT9c2dd4AaABAg.ABNIQFW9ooAABNcGUhxW2U,Av1zma6uJco,UCxin1eLZRDaUQenWq64Z4IA,2024-11-28T08:18:05Z,Ugw00Q-b0Qg_uT9c2dd4AaABAg,긍정
버추얼 아이돌 인기가 이정도? '이세계 아이돌' 역대 펀딩 88억 돌파/ KNN,KNN NEWS,대댓글,@arikari84,스텔라이브도 👍👍👍,14,2024-11-28T11:15:49Z,0,Ugw00Q-b0Qg_uT9c2dd4AaABAg.ABNIQFW9ooAABNwbArc3Tx,Av1zma6uJco,UCuJ7CPKAoOaKudGSL-g_DiA,2024-11-28T11:15:49Z,Ugw00Q-b0Qg_uT9c2dd4AaABAg,중립
버추얼 아이돌 인기가 이정도? '이세계 아이돌' 역대 펀딩 88억 돌파/ KNN,KNN NEWS,최상위 댓글,@INEwslove,"캬 이거지~ 
그니까 저기에 제57만원이 있는거죠?",6,2024-11-28T03:36:16Z,2,UgxynRnLcMg2zUeGlwp4AaABAg,Av1zma6uJco,UCicVtNhq025vJMInhIIFqwA,2024-11-28T03:36:24Z,,중립
버추얼 아이돌 인기가 이정도? '이세계 아이돌' 역대 펀딩 88억 돌파/ KNN,KNN NEWS,대댓글,@사람-h5v1m,ㄷㄷ,3,2024-11-28T04:06:11Z,0,UgxynRnLcMg2zUeGlwp4AaABAg.ABN70IB105vABNAROheBBw,Av1zma6uJco,UCeCvq_MtllKVhaInwDtYS0w,2024-11-28T04:06:11Z,UgxynRnLcMg2zUeGlwp4AaABAg,중립
버추얼 아이돌 인기가 이정도? '이세계 아이돌' 역대 펀딩 88억 돌파/ KNN,KNN NEWS,대댓글,@onlylilpa.VIichan700,ㄷㄷ,2,2024-11-28T10:18:55Z,0,UgxynRnLcMg2zUeGlwp4AaABAg.ABN70IB105vABNq5M7TFLe,Av1zma6uJco,UCqOsO8s-YWMjmjRrZotyheQ,2024-11-28T10:18:55Z,UgxynRnLcMg2zUeGlwp4AaABAg,중립
버추얼 아이돌 인기가 이정도? '이세계 아이돌' 역대 펀딩 88억 돌파/ KNN,KNN NEWS,최상위 댓글,@KMS-P,88억원중 0원 맡은 죄인입니다.,21,2024-11-27T15:53:39Z,11,UgxEjMB2lfKy9_YsxA94AaABAg,Av1zma6uJco,UCCslLgvREijFgQf--6TAF9g,2024-11-27T15:53:39Z,,중립
버추얼 아이돌 인기가 이정도? '이세계 아이돌' 역대 펀딩 88억 돌파/ KNN,KNN NEWS,대댓글,@user-cd4sz6wt1w,"@KMS-P ㄱㅊ 저도 
돈이 없는걸 우짭니까
유튜브 조회수는 올려줄 수 있지만 ㅠㅜ",2,2024-11-27T22:03:18Z,0,UgxEjMB2lfKy9_YsxA94AaABAg.ABLrbEI0FwHABMWu_fPe-m,Av1zma6uJco,UC16MBSaUpA3kUnzN5Y52lzw,2024-11-27T22:03:18Z,UgxEjMB2lfKy9_YsxA94AaABAg,중립
버추얼 아이돌 인기가 이정도? '이세계 아이돌' 역대 펀딩 88억 돌파/ KNN,KNN NEWS,대댓글,@PLG_1KR,바빠서 사는거 깜빡함 근데 돈도 없음 ㅠ,0,2024-11-27T23:29:20Z,0,UgxEjMB2lfKy9_YsxA94AaABAg.ABLrbEI0FwHABMfklJ4jmY,Av1zma6uJco,UCcxrrQtFyOFf8hhR4SXZdyw,2024-11-27T23:29:20Z,UgxEjMB2lfKy9_YsxA94AaABAg,중립
버추얼 아이돌 인기가 이정도? '이세계 아이돌' 역대 펀딩 88억 돌파/ KNN,KNN NEWS,대댓글,@ヨンジュベ,나중에 기회가 있을 겁니다 화이팅,0,2024-11-28T01:37:14Z,0,UgxEjMB2lfKy9_YsxA94AaABAg.ABLrbEI0FwHABMuOS3RH22,Av1zma6uJco,UCK_N3zDWSIELky8XZLQO4BA,2024-11-28T01:37:14Z,UgxEjMB2lfKy9_YsxA94AaABAg,중립
버추얼 아이돌 인기가 이정도? '이세계 아이돌' 역대 펀딩 88억 돌파/ KNN,KNN NEWS,대댓글,@MagicalHBG,죄인이라니 당치도 않은 말씀...,0,2024-11-28T02:36:15Z,0,UgxEjMB2lfKy9_YsxA94AaABAg.ABLrbEI0FwHABN08kUU-ys,Av1zma6uJco,UCzC3jWuPfvK4unhjD6fnNcQ,2024-11-28T02:36:15Z,UgxEjMB2lfKy9_YsxA94AaABAg,중립
버추얼 아이돌 인기가 이정도? '이세계 아이돌' 역대 펀딩 88억 돌파/ KNN,KNN NEWS,대댓글,@ITZ_COOL_PIZZZA,한명 추가,0,2024-11-28T06:25:28Z,0,UgxEjMB2lfKy9_YsxA94AaABAg.ABLrbEI0FwHABNQNerYpbK,Av1zma6uJco,UCe2w4RWwd4kfc5McrsXOnfA,2024-11-28T06:25:28Z,UgxEjMB2lfKy9_YsxA94AaABAg,중립
버추얼 아이돌 인기가 이정도? '이세계 아이돌' 역대 펀딩 88억 돌파/ KNN,KNN NEWS,최상위 댓글,@soul_8818,"2007년 대학교에서 만화과 에서 그림그리고 원피스 블리치 보던 시절 버튜버는 상상도 못했는데
사건사고 많은 소통 안되는 아이돌보단 소통 많이 하는 버츄얼들이 좋긴한듯 각자만의 굿즈도 있고 ㅋㅋ
세상이 바뀌어 이제는  온라인 덕질세상된지 꾀됬지 이젠..
이세계 아이돌말고도 방송잘하는 버튜버 참많더라",2,2024-11-30T08:01:06Z,0,UgwG-PnlF-wcFy_t0T14AaABAg,Av1zma6uJco,UCBMfpHU8eAnIdCYBBpRe9uw,2024-11-30T08:01:06Z,,긍정
버추얼 아이돌 인기가 이정도? '이세계 아이돌' 역대 펀딩 88억 돌파/ KNN,KNN NEWS,최상위 댓글,@oxxasd2w,"취향이 되었든 다른 무언가가 되었든 존중 해야 하는거임
근데 남들이 취향에 안맞아서 안본다고 이걸 까지는 말자",1,2024-12-05T23:45:42Z,0,UgwhCgqfESs_CtoMEaB4AaABAg,Av1zma6uJco,UCv_Oa8noE1tZcNKlY1ZoQEw,2024-12-05T23:46:46Z,,중립
버추얼 아이돌 인기가 이정도? '이세계 아이돌' 역대 펀딩 88억 돌파/ KNN,KNN NEWS,최상위 댓글,@김인미-b7k,와 이세돌 뉴스 나왔다!!,4,2024-11-27T15:56:43Z,0,UgxHZKBaVVdGNLxweul4AaABAg,Av1zma6uJco,UCxvUBjBjoxGM1zHEKXPiLcQ,2024-11-27T15:56:43Z,,중립
버추얼 아이돌 인기가 이정도? '이세계 아이돌' 역대 펀딩 88억 돌파/ KNN,KNN NEWS,최상위 댓글,@시쿠민,이세돌이 뭐긴 .. 알파고 이긴 바둑기사 아니야,4,2024-11-28T00:13:54Z,1,UgynHzFHJLzKf5feTM54AaABAg,Av1zma6uJco,UC6AY_2aQU_Y0AOh5_t_bf5Q,2024-11-28T00:13:54Z,,중립
버추얼 아이돌 인기가 이정도? '이세계 아이돌' 역대 펀딩 88억 돌파/ KNN,KNN NEWS,대댓글,@amare295,맞지,0,2024-12-04T07:54:06Z,0,UgynHzFHJLzKf5feTM54AaABAg.ABMkrAp8I4iABc1HzZD9Vt,Av1zma6uJco,UCJV-2UdfHmWhDl2xTo-Y86Q,2024-12-04T07:54:06Z,UgynHzFHJLzKf5feTM54AaABAg,중립
버추얼 아이돌 인기가 이정도? '이세계 아이돌' 역대 펀딩 88억 돌파/ KNN,KNN NEWS,최상위 댓글,@토야-x6q,이파리들 팬치들 자랑스럽다.. 우리 이세돌 사랑해😍 킹아~💜💛💙💗🩵💚,17,2024-11-27T16:28:32Z,1,UgwhtOjEXKBOKKq7fvB4AaABAg,Av1zma6uJco,UCZQQrtvFRtw6sR8fouo48rw,2024-11-27T16:28:32Z,,긍정
버추얼 아이돌 인기가 이정도? '이세계 아이돌' 역대 펀딩 88억 돌파/ KNN,KNN NEWS,대댓글,@onlylilpa.VIichan700,킹아,1,2024-11-28T10:12:39Z,0,UgwhtOjEXKBOKKq7fvB4AaABAg.ABLvagfWr4PABNpNV-B3so,Av1zma6uJco,UCqOsO8s-YWMjmjRrZotyheQ,2024-11-28T10:12:39Z,UgwhtOjEXKBOKKq7fvB4AaABAg,중립
버추얼 아이돌 인기가 이정도? '이세계 아이돌' 역대 펀딩 88억 돌파/ KNN,KNN NEWS,최상위 댓글,@기류갓즈마,KING OH ~~~~~~~,2,2024-11-27T19:08:49Z,0,UgxcjOXFdgFhhPmDckd4AaABAg,Av1zma6uJco,UCE0v2bl_Ggm-8-T9UjoeJ5g,2024-11-27T19:08:49Z,,중립
버추얼 아이돌 인기가 이정도? '이세계 아이돌' 역대 펀딩 88억 돌파/ KNN,KNN NEWS,최상위 댓글,@케이-l1s,다른거 다 떠나서 자꾸 굳즈를 합리적인 가격으로 판매하는게.. 다른 회사 끼면 프리미엄 좀 붙긴하지만 인기에 비해 정말 저렴한 가격책정,1,2024-11-28T08:03:29Z,0,UgwRGXVjp-A7Ye3ORpB4AaABAg,Av1zma6uJco,UC5DECzmaXNGoEth3ScSs86Q,2024-11-28T08:03:29Z,,중립
버추얼 아이돌 인기가 이정도? '이세계 아이돌' 역대 펀딩 88억 돌파/ KNN,KNN NEWS,최상위 댓글,@grandcastleable,진짜 말세다 말세,6,2024-11-29T02:18:15Z,0,Ugy38mqdOTp066Mi98h4AaABAg,Av1zma6uJco,UCBSVw2w9uV80jx-StQCdGtw,2024-11-29T02:18:15Z,,중립
버추얼 아이돌 인기가 이정도? '이세계 아이돌' 역대 펀딩 88억 돌파/ KNN,KNN NEWS,최상위 댓글,@ComedyAlice,88억? 서브컬쳐가 돈이 되는 세상이구나. 아직은 어색하고 낯설지만 앞으로 이런 문화 서브컬쳐들이 생겨날 신호탄이라고 봐야될 듯. 신기한 구경 하고 갑니다,4,2024-11-28T05:53:34Z,0,UgyWNwuZh1ZNlkdTZ2h4AaABAg,Av1zma6uJco,UCvd16E6uJoV3UtGhl24V2PQ,2024-11-28T05:53:34Z,,중립
버추얼 아이돌 인기가 이정도? '이세계 아이돌' 역대 펀딩 88억 돌파/ KNN,KNN NEWS,최상위 댓글,@nang_in,트위치에서 방송할때가 좋았는데... 지금 있는곳 다른 방송인들만 만나면 욕이 너무 많아 ㅠ 유튜브에서만 볼게요,13,2024-11-27T16:01:45Z,0,UgxnR5DNZ-sokemMhTh4AaABAg,Av1zma6uJco,UC02kI4tEGtOJJKegOI3Bw8A,2024-11-27T16:01:45Z,,중립
버추얼 아이돌 인기가 이정도? '이세계 아이돌' 역대 펀딩 88억 돌파/ KNN,KNN NEWS,최상위 댓글,@뭉뭉이-y9q,역시 형은 천재야~ 킹애,2,2024-11-28T14:55:53Z,0,Ugxuz3hKAq3lZ3vmKVx4AaABAg,Av1zma6uJco,UCTEgbd6JtCoL8yPOw4sUrow,2024-11-28T14:55:53Z,,중립
버추얼 아이돌 인기가 이정도? '이세계 아이돌' 역대 펀딩 88억 돌파/ KNN,KNN NEWS,최상위 댓글,@Raman-r3r5g,형 성공했구나 뉴스에도 언급나오고....👍,1,2024-11-28T04:40:43Z,0,Ugy1dH7qqhE1c4bsDWd4AaABAg,Av1zma6uJco,UC1kVKEzQRfRFw2Vobo5go4g,2024-11-28T04:40:43Z,,중립
버추얼 아이돌 인기가 이정도? '이세계 아이돌' 역대 펀딩 88억 돌파/ KNN,KNN NEWS,최상위 댓글,@사냥이과하면사냥당한,잠만 썸네일 마지막 글자가 158?,12,2024-11-28T00:00:08Z,7,UgwoHH2sdXNhKrz-zud4AaABAg,Av1zma6uJco,UCHs0_bQEApoRk5-sUNQif3w,2024-11-28T00:00:08Z,,중립
버추얼 아이돌 인기가 이정도? '이세계 아이돌' 역대 펀딩 88억 돌파/ KNN,KNN NEWS,대댓글,@nnamrrr,그 숫자,1,2024-11-28T04:08:10Z,0,UgwoHH2sdXNhKrz-zud4AaABAg.ABMjHLe9aCLABNAf0EEI8V,Av1zma6uJco,UCh2ZBWNQe-dY-pxTs6UyELg,2024-11-28T04:08:10Z,UgwoHH2sdXNhKrz-zud4AaABAg,중립
버추얼 아이돌 인기가 이정도? '이세계 아이돌' 역대 펀딩 88억 돌파/ KNN,KNN NEWS,대댓글,@mosin-e5f,쉿!,1,2024-11-28T06:01:19Z,0,UgwoHH2sdXNhKrz-zud4AaABAg.ABMjHLe9aCLABNNbhEhHRU,Av1zma6uJco,UC4I0HPh7bV-6o1GeSO4d4RA,2024-11-28T06:01:19Z,UgwoHH2sdXNhKrz-zud4AaABAg,중립
버추얼 아이돌 인기가 이정도? '이세계 아이돌' 역대 펀딩 88억 돌파/ KNN,KNN NEWS,대댓글,@ITZ_COOL_PIZZZA,😅,1,2024-11-28T06:25:02Z,0,UgwoHH2sdXNhKrz-zud4AaABAg.ABMjHLe9aCLABNQKUHjmgY,Av1zma6uJco,UCe2w4RWwd4kfc5McrsXOnfA,2024-11-28T06:25:02Z,UgwoHH2sdXNhKrz-zud4AaABAg,중립
버추얼 아이돌 인기가 이정도? '이세계 아이돌' 역대 펀딩 88억 돌파/ KNN,KNN NEWS,대댓글,@수면바지-o3h,158이 뭐임? 1557은 아는데 ㅋㅋ,0,2024-11-28T06:41:34Z,0,UgwoHH2sdXNhKrz-zud4AaABAg.ABMjHLe9aCLABNSDYSePhZ,Av1zma6uJco,UCrbWwjnnqWkvg4bHwrLAgiA,2024-11-28T06:41:34Z,UgwoHH2sdXNhKrz-zud4AaABAg,중립
버추얼 아이돌 인기가 이정도? '이세계 아이돌' 역대 펀딩 88억 돌파/ KNN,KNN NEWS,대댓글,@mosin-e5f,@수면바지-o3h 님 그러다 쥐도새도모르게 주금,1,2024-11-28T06:44:34Z,0,UgwoHH2sdXNhKrz-zud4AaABAg.ABMjHLe9aCLABNSZW4b2Uo,Av1zma6uJco,UC4I0HPh7bV-6o1GeSO4d4RA,2024-11-28T06:44:34Z,UgwoHH2sdXNhKrz-zud4AaABAg,중립
버추얼 아이돌 인기가 이정도? '이세계 아이돌' 역대 펀딩 88억 돌파/ KNN,KNN NEWS,최상위 댓글,@DOBAKIN,"솔직히 댓글 부정적인줄 알고 안보고 있었는데 이파리가 대부분이긴 하지만 일반인분들도 존중해주셔서 신기하네요

앞으로도 계속 커지길",13,2025-01-01T13:41:45Z,0,UgzbO-SJdJ6z7dAaJEB4AaABAg,Av1zma6uJco,UCCTgFCSUnTCPIK3CfJopkpg,2025-01-01T13:41:45Z,,중립
버추얼 아이돌 인기가 이정도? '이세계 아이돌' 역대 펀딩 88억 돌파/ KNN,KNN NEWS,최상위 댓글,@oriss6144,우욱,3,2024-11-29T05:34:44Z,0,UgxfsKJYVVO-M7A5uVR4AaABAg,Av1zma6uJco,UCG5jwwTzc6QT_3azUmcrWnw,2024-11-29T05:34:44Z,,중립
버추얼 아이돌 인기가 이정도? '이세계 아이돌' 역대 펀딩 88억 돌파/ KNN,KNN NEWS,최상위 댓글,@pinksolejelly1128,키보드 인당 3개는 좀 짜치긴했다.. 리셀러들 매크로로 바로 3개씩 가져가던데,2,2024-11-27T23:20:28Z,0,UgyUGbJlNohOuyjrdSV4AaABAg,Av1zma6uJco,UCw-cTmUkuZxQkDuWfLFhzJw,2024-11-27T23:20:28Z,,중립
버추얼 아이돌 인기가 이정도? '이세계 아이돌' 역대 펀딩 88억 돌파/ KNN,KNN NEWS,최상위 댓글,@woomoo_j,100억이 안되?다음엔 무조건이다 킹아!,3,2024-11-27T21:56:01Z,1,UgzD5kGd6srMo_OaKgJ4AaABAg,Av1zma6uJco,UCV6bjFKvxlJT82uuUOfgAog,2024-11-27T21:56:12Z,,중립
버추얼 아이돌 인기가 이정도? '이세계 아이돌' 역대 펀딩 88억 돌파/ KNN,KNN NEWS,대댓글,@hyunjun4095,모두 잠수 준비 네 드릉드릉 잘안들어오우 네 허버허버 오우 깊은저 한남속 깃치마을 드릉드릉스폰지밪 광대얼굴에 식데도 보성이도 모두친구 허버허버스폰지밥 군적금과 희망이 보글보글 스폰지밥 다시는 이세돌을 무시하지마라😊,0,2024-11-27T21:57:56Z,0,UgzD5kGd6srMo_OaKgJ4AaABAg.ABMW4Cn1C0wABMWIGxGMHc,Av1zma6uJco,UCjzmwRqsgvUllcVnM8oNHZw,2024-11-27T21:57:56Z,UgzD5kGd6srMo_OaKgJ4AaABAg,중립
버추얼 아이돌 인기가 이정도? '이세계 아이돌' 역대 펀딩 88억 돌파/ KNN,KNN NEWS,최상위 댓글,@loyalPretzel,개인적으로 입덕부정기를 겪은 이파리로서 아이돌은 노래를 잘해야지! 라는 생각을 가지고 있었는데요. 요즘 나오는 왠만한 아이돌들보다 라이브를 잘해서 입덕하게 됬습니다. 오히려 버츄얼이라 노래에 더 집중할 수 있는듯 하네요. 킹애,8,2024-11-27T23:58:55Z,1,UgwkVU5KOW6f7eEDl5F4AaABAg,Av1zma6uJco,UCzOKZFLLv402YQFTl5PYs8Q,2024-11-27T23:58:55Z,,중립
버추얼 아이돌 인기가 이정도? '이세계 아이돌' 역대 펀딩 88억 돌파/ KNN,KNN NEWS,대댓글,@사주테라피-k3g,노래잘하시더라구용 저도 편견 있었는데 노래 듣고 깨졌어요 응원합니다,1,2024-11-28T05:08:51Z,0,UgwkVU5KOW6f7eEDl5F4AaABAg.ABMj8NtqCPUABNHbT6WM8E,Av1zma6uJco,UCGIqLoxfCFx-lp7f0snF1Iw,2024-11-28T05:08:51Z,UgwkVU5KOW6f7eEDl5F4AaABAg,긍정
버추얼 아이돌 인기가 이정도? '이세계 아이돌' 역대 펀딩 88억 돌파/ KNN,KNN NEWS,최상위 댓글,@be.ddulgyie,역시 왁굳형이야,2,2024-12-05T08:49:32Z,0,Ugy4rvq9aOpcopti6M94AaABAg,Av1zma6uJco,UCDl7qLAZHeyZON1RJ0gr7OA,2024-12-05T08:49:32Z,,중립
버추얼 아이돌 인기가 이정도? '이세계 아이돌' 역대 펀딩 88억 돌파/ KNN,KNN NEWS,최상위 댓글,@skjddjs,진짜 왜 보냐 이런 거ㅋㅋㅋ 육수들 와우,2,2024-11-29T08:16:01Z,0,UgwLiYac70P1659QDfN4AaABAg,Av1zma6uJco,UCgvElPYUyYvHjJjpCOzS_vA,2024-11-29T08:16:01Z,,중립
버추얼 아이돌 인기가 이정도? '이세계 아이돌' 역대 펀딩 88억 돌파/ KNN,KNN NEWS,최상위 댓글,@마리사다제,"지나가다가 썸네일 보고 뇌정지왔다
knn에서 이걸 다루네 ㅋㅋㅋㅋㅋㅋㅋ",0,2024-11-28T00:58:43Z,0,UgxEFmm0IranfV_hjFl4AaABAg,Av1zma6uJco,UCszoQy9gdBQ51J8sMd_rLRQ,2024-11-28T00:58:43Z,,중립
버추얼 아이돌 인기가 이정도? '이세계 아이돌' 역대 펀딩 88억 돌파/ KNN,KNN NEWS,최상위 댓글,@바다-r4n,"처음엔 잘 몰랐는데 리와인드, 겨울봄, 어나더월드, 키딩, 오버 노래 보고 빠져버린 1인입니다..ㅎㅎ",4,2024-11-28T04:00:54Z,2,Ugymqp1sEDVcRLNakqd4AaABAg,Av1zma6uJco,UCExoO40_vOPITnGEbKFBsXA,2024-11-28T04:07:49Z,,중립
버추얼 아이돌 인기가 이정도? '이세계 아이돌' 역대 펀딩 88억 돌파/ KNN,KNN NEWS,대댓글,@whaqldl4197,반갑습니다. 저도 그 중 하나입니다.,0,2024-12-29T00:19:31Z,0,Ugymqp1sEDVcRLNakqd4AaABAg.ABN9plwauGWACba8UGVR6M,Av1zma6uJco,UC6sxPdzkaoxNQZRZy9ea6OA,2024-12-29T00:19:48Z,Ugymqp1sEDVcRLNakqd4AaABAg,중립
버추얼 아이돌 인기가 이정도? '이세계 아이돌' 역대 펀딩 88억 돌파/ KNN,KNN NEWS,대댓글,@앤드류-2class_agent,🎉🎉🎉🎉🎉🎉🎉🎉,0,2025-01-01T13:49:24Z,0,Ugymqp1sEDVcRLNakqd4AaABAg.ABN9plwauGWACklCuiiQbq,Av1zma6uJco,UC20lZ2fjx68Edt6YvxHmY1g,2025-01-01T13:49:24Z,Ugymqp1sEDVcRLNakqd4AaABAg,중립
버추얼 아이돌 인기가 이정도? '이세계 아이돌' 역대 펀딩 88억 돌파/ KNN,KNN NEWS,최상위 댓글,@zekeyeager4510,"ㅋㅋㅋㅋ지들모르면 다 이상한거래
조금이라도 알아보고 욕하면 타격감이라도 있는데 지 모르는거=이상한거 마인드로 무지성 까기하니깐 그냥 한심한...😂",4,2024-11-28T11:52:20Z,0,UgwXde7nHf7lg11qg794AaABAg,Av1zma6uJco,UCoK3mU31b5lIDzXY6IeWtzw,2024-11-28T11:52:20Z,,중립
버추얼 아이돌 인기가 이정도? '이세계 아이돌' 역대 펀딩 88억 돌파/ KNN,KNN NEWS,최상위 댓글,@foxhiyu,"저긴 팬들이 이미지다망침 ㅋㅋ
저거 좋아하는사람들은 다른주제 이야기하고있는데 하나같이 다 이세돌이야기만하더라..",4,2024-11-29T07:18:15Z,0,UgxjJRIuu2yz85lsTmp4AaABAg,Av1zma6uJco,UCgOu3gltFYVZvJPR4hXPTcQ,2024-11-29T07:18:46Z,,긍정
버추얼 아이돌 인기가 이정도? '이세계 아이돌' 역대 펀딩 88억 돌파/ KNN,KNN NEWS,최상위 댓글,@아조시,와.. 버추얼이 대체 뭐길래 펀딩이 80억이 넘게 막 모시깽 했냐 무셔라 아 킹아입니다 대음~,1,2024-11-27T19:40:53Z,0,UgwF0-g7hyfziYAwn_t4AaABAg,Av1zma6uJco,UCcOuHaxfv-5iAOHONoezJiA,2024-11-27T19:40:53Z,,중립
버추얼 아이돌 인기가 이정도? '이세계 아이돌' 역대 펀딩 88억 돌파/ KNN,KNN NEWS,최상위 댓글,@bongye080,오죽하면 읍내핫걸 아이네님의 입에서 9억이 별거아니다(?)라는 말까지 나오겠어,1,2024-11-28T02:45:02Z,0,UgxeMcLlXb9_vcncmhN4AaABAg,Av1zma6uJco,UCADcj68EGRKrITtLbmozfOg,2024-11-28T02:45:02Z,,중립
버추얼 아이돌 인기가 이정도? '이세계 아이돌' 역대 펀딩 88억 돌파/ KNN,KNN NEWS,최상위 댓글,@한준-w5f,키딩이 이세돌 노래였구나 곡 퀄리티가 요즘 인기 걸그룹이랑 비교해도 안꿀리거나 더 나은데 이정도면 버츄얼 호불호를 떠나서 인정할 건 해야될듯,12,2025-03-11T15:14:01Z,0,UgwFtung3sHU6YpywWh4AaABAg,Av1zma6uJco,UCLzM9M-eQ0yy9Ac4e1yN1DA,2025-03-11T15:14:01Z,,중립
버추얼 아이돌 인기가 이정도? '이세계 아이돌' 역대 펀딩 88억 돌파/ KNN,KNN NEWS,최상위 댓글,@김이름-i4d2c,애초에 이세계 아이돌이란 버츄얼 아이돌이 주로 팬덤이 1020이 아니라 인방 시청자라 펀딩 모금이야 수금하듯 쉽게 모을 수 있음,9,2024-11-27T22:00:34Z,3,Ugx3o7J6430WNI2ETxt4AaABAg,Av1zma6uJco,UCHYaDgGB-TT8HUyjPtz2gbg,2024-11-27T22:00:34Z,,중립
버추얼 아이돌 인기가 이정도? '이세계 아이돌' 역대 펀딩 88억 돌파/ KNN,KNN NEWS,대댓글,@바다거북_st,30대도 분명 많은데,2,2024-11-27T22:59:32Z,0,Ugx3o7J6430WNI2ETxt4AaABAg.ABMWaZLbzDMABMcLRbMYjn,Av1zma6uJco,UCBOmmEJR7Y4bGC1BrFqip7A,2024-11-27T22:59:32Z,Ugx3o7J6430WNI2ETxt4AaABAg,중립
버추얼 아이돌 인기가 이정도? '이세계 아이돌' 역대 펀딩 88억 돌파/ KNN,KNN NEWS,대댓글,@초코보달린다,할아버지들 눈에는 진짜 아기들이나 좋아하겠다 싶으셨겠지ㅋㅋㅋ,1,2024-11-27T23:08:04Z,0,Ugx3o7J6430WNI2ETxt4AaABAg.ABMWaZLbzDMABMdJxdUFfT,Av1zma6uJco,UC2gkqZ9usBWgd59WzDExYtQ,2024-11-27T23:08:10Z,Ugx3o7J6430WNI2ETxt4AaABAg,긍정
버추얼 아이돌 인기가 이정도? '이세계 아이돌' 역대 펀딩 88억 돌파/ KNN,KNN NEWS,대댓글,@cerercse671,30이상 까지 넣으면 미래 사업이라는 느낌이 안드니까 의도만 봤을 땐 그럴식으로 바이럴 하는거지...,0,2024-11-28T04:15:54Z,0,Ugx3o7J6430WNI2ETxt4AaABAg.ABMWaZLbzDMABNBYbBfFQ6,Av1zma6uJco,UCdw3FfSeC7kMIZ27T9nnmmg,2024-11-28T04:15:54Z,Ugx3o7J6430WNI2ETxt4AaABAg,중립
버추얼 아이돌 인기가 이정도? '이세계 아이돌' 역대 펀딩 88억 돌파/ KNN,KNN NEWS,최상위 댓글,@PastrlCat,"버츄얼이든 현실 가수든 모두 좋아하는 노래로 각자의 자리에서 
팬들을 위해 자신의 꿈을 위해 노력 하는 것 뿐이지 전혀 다르지 않다고 생각해요 
물론 저는 스텔라이브 팬이지만 이세계 아이돌도 같은 꿈을 위해 나아가는게 
그리고 이세계 아이돌이 이렇게 뉴스에 나올 정도로 성장 했다는 것에 고맙고 멋있다고 생각이 들어요. 
모두가 멋진 별이 되었네요.",4,2024-11-29T04:23:51Z,0,Ugy_gxWPdOoBnoDbDzp4AaABAg,Av1zma6uJco,UCdVObctuhfqvZaRBrulkJDQ,2024-11-29T04:23:51Z,,긍정
버추얼 아이돌 인기가 이정도? '이세계 아이돌' 역대 펀딩 88억 돌파/ KNN,KNN NEWS,최상위 댓글,@RedundancyID,"이런건 양지로 끌어올리면서 게임, 인터넷 방송은 열심히 제재하는 우리나라 국회의원들의 갈라치기에 동참하는 기자 여러분들 너무 멋져요~",2,2024-11-29T00:55:34Z,0,UgxFstGrK-HusVLawqF4AaABAg,Av1zma6uJco,UCG5uX-WOOL0wNXw63lBNtIw,2024-11-29T00:55:34Z,,중립
버추얼 아이돌 인기가 이정도? '이세계 아이돌' 역대 펀딩 88억 돌파/ KNN,KNN NEWS,최상위 댓글,@한잔의선율,이거 키보드가 한정 판매가 아니었다면 어디까지 올라갔으려나,0,2024-11-27T22:09:18Z,0,UgzdQxqD9miFeT1i7IZ4AaABAg,Av1zma6uJco,UCEB6qL49FepURjU4nohP_CA,2024-11-27T22:09:18Z,,중립
버추얼 아이돌 인기가 이정도? '이세계 아이돌' 역대 펀딩 88억 돌파/ KNN,KNN NEWS,최상위 댓글,@조강현그리고스릴로,나 호날두 팬인데 100만원 후원했다,4,2024-11-28T00:10:32Z,1,UgxBezDoBxaUCjA4QS14AaABAg,Av1zma6uJco,UCl9d_foDMpQQAlwQHp242LA,2024-11-28T00:10:32Z,,중립
버추얼 아이돌 인기가 이정도? '이세계 아이돌' 역대 펀딩 88억 돌파/ KNN,KNN NEWS,대댓글,@고독한찬미,오늘도 메벤을 눈팅하는 신창섭,0,2024-11-28T06:20:09Z,0,UgxBezDoBxaUCjA4QS14AaABAg.ABMkTSrOOi-ABNPldOxcjp,Av1zma6uJco,UCVRrZzn4QRnHNHnbdPKDBSg,2024-11-28T06:20:09Z,UgxBezDoBxaUCjA4QS14AaABAg,중립
버추얼 아이돌 인기가 이정도? '이세계 아이돌' 역대 펀딩 88억 돌파/ KNN,KNN NEWS,최상위 댓글,@ABCA-u1r,4050세대 : 이게 뭐시여?,20,2024-11-27T22:40:57Z,11,UgyRc-Ut1w6hjKJKHy14AaABAg,Av1zma6uJco,UCtomQRUNLxiqGv6-p9URkjw,2024-11-27T22:40:57Z,,중립
버추얼 아이돌 인기가 이정도? '이세계 아이돌' 역대 펀딩 88억 돌파/ KNN,KNN NEWS,대댓글,@똥냄새향수,너무 잘 알지,0,2024-11-27T23:14:34Z,0,UgyRc-Ut1w6hjKJKHy14AaABAg.ABMaDRZy-qoABMe3dz3P4p,Av1zma6uJco,UCB7L3qGnkMBruodANyTkngg,2024-11-27T23:14:34Z,UgyRc-Ut1w6hjKJKHy14AaABAg,중립
버추얼 아이돌 인기가 이정도? '이세계 아이돌' 역대 펀딩 88억 돌파/ KNN,KNN NEWS,대댓글,@jameslee8541,50대 인데도 잘 알고 있습니다.,1,2024-11-27T23:47:07Z,0,UgyRc-Ut1w6hjKJKHy14AaABAg.ABMaDRZy-qoABMhmz2NakZ,Av1zma6uJco,UCIKeO2FDHw8ZwzEhEDQLYSw,2024-11-27T23:47:07Z,UgyRc-Ut1w6hjKJKHy14AaABAg,중립
버추얼 아이돌 인기가 이정도? '이세계 아이돌' 역대 펀딩 88억 돌파/ KNN,KNN NEWS,대댓글,@하하하9x,30대도 이딴게? 이럼 ㅋㅋㅋㅋ,2,2024-11-28T00:01:12Z,0,UgyRc-Ut1w6hjKJKHy14AaABAg.ABMaDRZy-qoABMjP6zAoZb,Av1zma6uJco,UCUNFGTxPJdUx939-x8nUSXg,2024-11-28T00:01:12Z,UgyRc-Ut1w6hjKJKHy14AaABAg,중립
버추얼 아이돌 인기가 이정도? '이세계 아이돌' 역대 펀딩 88억 돌파/ KNN,KNN NEWS,대댓글,@Lucky_beaver,​@하하하9x30대인데 좋아하는걸 노래는 다 챙겨 듣는다고! 생방은 안보지만,0,2024-11-28T00:47:42Z,0,UgyRc-Ut1w6hjKJKHy14AaABAg.ABMaDRZy-qoABMoig3pWvU,Av1zma6uJco,UCnEgPQoMSgpCjio4hYeM8SQ,2024-11-28T00:47:42Z,UgyRc-Ut1w6hjKJKHy14AaABAg,긍정
버추얼 아이돌 인기가 이정도? '이세계 아이돌' 역대 펀딩 88억 돌파/ KNN,KNN NEWS,대댓글,@plantece,@하하하9x 40대인데 샀음,0,2024-11-28T01:03:18Z,0,UgyRc-Ut1w6hjKJKHy14AaABAg.ABMaDRZy-qoABMqW1JXGeP,Av1zma6uJco,UCPv7pB-d3Hm1NP_bw3hmUWA,2024-11-28T01:03:18Z,UgyRc-Ut1w6hjKJKHy14AaABAg,중립
버추얼 아이돌 인기가 이정도? '이세계 아이돌' 역대 펀딩 88억 돌파/ KNN,KNN NEWS,최상위 댓글,@VIichan_RANE,"마법소녀 이세계아이돌, 차원을 넘어 이세계아이돌 펀딩 가격 합계 130억 ㄷㄷ 이대로만 가서 4집도 흥하자!! 화이팅!!!",8,2024-12-01T11:20:15Z,9,UgylJZSTNWJpe8Edw_54AaABAg,Av1zma6uJco,UCwH9f0nhcalCRR4ewTdWhUA,2024-12-01T11:20:15Z,,중립
버추얼 아이돌 인기가 이정도? '이세계 아이돌' 역대 펀딩 88억 돌파/ KNN,KNN NEWS,대댓글,@굴천지,허버허버 힘조 사건의 지평선 카사나리우,0,2024-12-02T06:46:58Z,0,UgylJZSTNWJpe8Edw_54AaABAg.ABVfVKRPAkiABXl0Wg0mGz,Av1zma6uJco,UCAgzqaUq_JbF-FV-XMcAO0A,2024-12-02T06:46:58Z,UgylJZSTNWJpe8Edw_54AaABAg,중립
버추얼 아이돌 인기가 이정도? '이세계 아이돌' 역대 펀딩 88억 돌파/ KNN,KNN NEWS,대댓글,@정성원-t1o,​@굴천지칸나 스텔 빠지고 이세돌 잘돼니까 긁히니?,0,2024-12-04T07:04:51Z,0,UgylJZSTNWJpe8Edw_54AaABAg.ABVfVKRPAkiABbweH76OMc,Av1zma6uJco,UCOyFCDJhAqNVwSY4S3xWZGw,2024-12-04T07:04:51Z,UgylJZSTNWJpe8Edw_54AaABAg,중립
버추얼 아이돌 인기가 이정도? '이세계 아이돌' 역대 펀딩 88억 돌파/ KNN,KNN NEWS,대댓글,@amare295,​@정성원-t1o말 그렇게 할거니 착한 파리파리야,0,2024-12-04T07:50:06Z,0,UgylJZSTNWJpe8Edw_54AaABAg.ABVfVKRPAkiABc0pkW3r27,Av1zma6uJco,UCJV-2UdfHmWhDl2xTo-Y86Q,2024-12-04T07:50:06Z,UgylJZSTNWJpe8Edw_54AaABAg,중립
버추얼 아이돌 인기가 이정도? '이세계 아이돌' 역대 펀딩 88억 돌파/ KNN,KNN NEWS,대댓글,@굴천지,​@정성원-t1o방송 안 키는데다가 켜도 노잼이라서 청자수 갈리는 이세돌 팬이 할 말은 아니지 ㅇㅇ,0,2024-12-04T07:55:24Z,0,UgylJZSTNWJpe8Edw_54AaABAg.ABVfVKRPAkiABc1R_Yvtth,Av1zma6uJco,UCAgzqaUq_JbF-FV-XMcAO0A,2024-12-04T07:55:24Z,UgylJZSTNWJpe8Edw_54AaABAg,중립
버추얼 아이돌 인기가 이정도? '이세계 아이돌' 역대 펀딩 88억 돌파/ KNN,KNN NEWS,대댓글,@mellowhana,​@굴천지 메보 따잇 ㅋㅋㅋㅋㅋ,0,2024-12-04T08:00:55Z,0,UgylJZSTNWJpe8Edw_54AaABAg.ABVfVKRPAkiABc23xt2g8h,Av1zma6uJco,UCHQg4nUP8eIpiq67Q0VyBnw,2024-12-04T08:00:55Z,UgylJZSTNWJpe8Edw_54AaABAg,중립
버추얼 아이돌 인기가 이정도? '이세계 아이돌' 역대 펀딩 88억 돌파/ KNN,KNN NEWS,최상위 댓글,@minjikim4387,끔찍하고 무서움.,2,2024-11-29T06:55:55Z,0,Ugzyi6vuMQgaFXIyM1N4AaABAg,Av1zma6uJco,UCMA2kGmeGVzYV7aD9wgBvlA,2024-11-29T06:55:55Z,,중립
버추얼 아이돌 인기가 이정도? '이세계 아이돌' 역대 펀딩 88억 돌파/ KNN,KNN NEWS,최상위 댓글,@이런씨부레,이세돌이 이제서야 뉴스에나오는게 신기할따름 ..인터넷 방송에선 이미 큰틀을잡고있는데 ㄷㄷ,0,2024-11-27T17:58:30Z,0,UgwMIrq7-G6TM5-Q4oN4AaABAg,Av1zma6uJco,UCmJDPljye5l-x4sv-tkzOBQ,2024-11-27T17:58:30Z,,중립
버추얼 아이돌 인기가 이정도? '이세계 아이돌' 역대 펀딩 88억 돌파/ KNN,KNN NEWS,최상위 댓글,@cun089,요즘은 이세돌이 바둑기사가 아니라 이세계 아이돌인가보네요~ 처음알았는데 한번 찾아봐야겠네요 킹아~,28,2024-11-27T12:53:33Z,22,Ugw6xJnIp1u_izmQcZh4AaABAg,Av1zma6uJco,UCRA7LBFuMdx6_GBxXyH02dQ,2024-11-27T12:53:33Z,,중립
버추얼 아이돌 인기가 이정도? '이세계 아이돌' 역대 펀딩 88억 돌파/ KNN,KNN NEWS,대댓글,@공부용계정-w3i,이런거 ㅈㄴ 오그라드는데 안하면 안됨?,11,2024-11-27T15:10:25Z,0,Ugw6xJnIp1u_izmQcZh4AaABAg.ABLY-8qdINeABLmeabX86r,Av1zma6uJco,UCa4ZZ6h7mJL9s63qYMavn6Q,2024-11-27T15:10:25Z,Ugw6xJnIp1u_izmQcZh4AaABAg,중립
버추얼 아이돌 인기가 이정도? '이세계 아이돌' 역대 펀딩 88억 돌파/ KNN,KNN NEWS,대댓글,@re9ular_meeting,​@공부용계정-w3i재밌는데...,13,2024-11-27T15:12:30Z,0,Ugw6xJnIp1u_izmQcZh4AaABAg.ABLY-8qdINeABLmttDC5v0,Av1zma6uJco,UCerjFcUfMq1NcDv83-G9XRA,2024-11-27T15:12:30Z,Ugw6xJnIp1u_izmQcZh4AaABAg,긍정
버추얼 아이돌 인기가 이정도? '이세계 아이돌' 역대 펀딩 88억 돌파/ KNN,KNN NEWS,대댓글,@이래오-b3u,@공부용계정-w3i 공부용 계정 이러고 꼴깝 떠는게 더 오그라들어,0,2024-11-27T15:22:48Z,0,Ugw6xJnIp1u_izmQcZh4AaABAg.ABLY-8qdINeABLo4EN3gSZ,Av1zma6uJco,UCjf4g_UFyebRMi_7Iz3DM7Q,2024-11-27T15:22:48Z,Ugw6xJnIp1u_izmQcZh4AaABAg,중립
버추얼 아이돌 인기가 이정도? '이세계 아이돌' 역대 펀딩 88억 돌파/ KNN,KNN NEWS,대댓글,@공부용계정-w3i,@이거맞음-t1n 아니 걍 '킹아~' 이딴거 좀 하지 말라고;; 원댓 누가봐도 그냥 대댓이 '~ 그러게여 이세돌 처음듣는데 대단하네여 킹아~' 이딴거 바라는 게 뻔한데 ㅈㄴ 오그라든다고 ㅅㅂ,2,2024-11-27T15:24:00Z,0,Ugw6xJnIp1u_izmQcZh4AaABAg.ABLY-8qdINeABLoD0Jrup0,Av1zma6uJco,UCa4ZZ6h7mJL9s63qYMavn6Q,2025-06-03T20:36:55Z,Ugw6xJnIp1u_izmQcZh4AaABAg,중립
버추얼 아이돌 인기가 이정도? '이세계 아이돌' 역대 펀딩 88억 돌파/ KNN,KNN NEWS,대댓글,@원샷-p8q,레알 공부나하세요,1,2024-11-27T15:25:17Z,0,Ugw6xJnIp1u_izmQcZh4AaABAg.ABLY-8qdINeABLoMWlDJp5,Av1zma6uJco,UCgRDo7emRTVAYl3Yk6bBMlQ,2024-11-27T15:25:17Z,Ugw6xJnIp1u_izmQcZh4AaABAg,중립
버추얼 아이돌 인기가 이정도? '이세계 아이돌' 역대 펀딩 88억 돌파/ KNN,KNN NEWS,최상위 댓글,@김태현-i3i,왁굳형 반응  :  어.. 그래 얘들아.. 펀딩 고맙고 역시 팬치다 킹애~,6,2024-11-27T15:30:54Z,1,Ugyamv4nvMfO4_Jhhst4AaABAg,Av1zma6uJco,UCSqTle4xAdC4SgTvERKRTnw,2024-11-27T15:30:54Z,,중립
버추얼 아이돌 인기가 이정도? '이세계 아이돌' 역대 펀딩 88억 돌파/ KNN,KNN NEWS,대댓글,@merong3330,형이 '역시 팬치다' 라는 말을 할리가 없어,0,2024-11-28T05:59:19Z,0,Ugyamv4nvMfO4_Jhhst4AaABAg.ABLp-cRzjZUABNNO6Z-FCR,Av1zma6uJco,UCg1H4JRZudPP7Qsn3NpNUAA,2024-11-28T05:59:19Z,Ugyamv4nvMfO4_Jhhst4AaABAg,중립
버추얼 아이돌 인기가 이정도? '이세계 아이돌' 역대 펀딩 88억 돌파/ KNN,KNN NEWS,최상위 댓글,@SujdSj,정작 일반인은 아 이런 것도 있구나하고 걍 넘어가는데 이런 거에 긁혀서 댓글 다는 애들은 분탕충이거나 같은 씹덕이라는 게 ㅋㅋㅋ,19,2024-11-27T21:42:39Z,10,UgwfVgZai6ROSje3zMB4AaABAg,Av1zma6uJco,UCAy163qDDYbmiBk1tT4pZ2g,2024-11-27T21:42:39Z,,중립
버추얼 아이돌 인기가 이정도? '이세계 아이돌' 역대 펀딩 88억 돌파/ KNN,KNN NEWS,대댓글,@hyunjun4095,⁠모두잠수준비 깊은저 한남속 깃치마을 허버허버스폰지밥 광대얼굴 드릉드릉 스폰지밥 허버허버와 군적금 희망이 보글보글~~ 다시는이세돌을 무시하지마라~~,3,2024-11-27T21:47:53Z,0,UgwfVgZai6ROSje3zMB4AaABAg.ABMUYM6yEVQABMV8khPInN,Av1zma6uJco,UCjzmwRqsgvUllcVnM8oNHZw,2024-11-27T21:47:53Z,UgwfVgZai6ROSje3zMB4AaABAg,중립
버추얼 아이돌 인기가 이정도? '이세계 아이돌' 역대 펀딩 88억 돌파/ KNN,KNN NEWS,대댓글,@Ytb-h4e,​@hyunjun4095 분탕충의 예시.,1,2024-11-27T22:50:22Z,0,UgwfVgZai6ROSje3zMB4AaABAg.ABMUYM6yEVQABMbILL6g6J,Av1zma6uJco,UCBAayVVkqhrjJuGmg8LZ-bg,2024-11-27T22:50:22Z,UgwfVgZai6ROSje3zMB4AaABAg,중립
버추얼 아이돌 인기가 이정도? '이세계 아이돌' 역대 펀딩 88억 돌파/ KNN,KNN NEWS,대댓글,@oysterhole,근데 페미는 팩트인데 왜 이악믈고 무시해?,3,2024-11-28T01:03:08Z,0,UgwfVgZai6ROSje3zMB4AaABAg.ABMUYM6yEVQABMqUoHIJ8C,Av1zma6uJco,UC82mFbAgX8mHp5mrzEPkQbw,2024-11-28T01:03:08Z,UgwfVgZai6ROSje3zMB4AaABAg,중립
버추얼 아이돌 인기가 이정도? '이세계 아이돌' 역대 펀딩 88억 돌파/ KNN,KNN NEWS,대댓글,@흥분의도가니-n9j,@oysterhole 아 네,2,2024-11-28T01:31:49Z,0,UgwfVgZai6ROSje3zMB4AaABAg.ABMUYM6yEVQABMtlmxmE0E,Av1zma6uJco,UC7UujFsIK0AEfWDnRMM0dLw,2024-11-28T01:31:49Z,UgwfVgZai6ROSje3zMB4AaABAg,중립
버추얼 아이돌 인기가 이정도? '이세계 아이돌' 역대 펀딩 88억 돌파/ KNN,KNN NEWS,대댓글,@Ytb-h4e,"@oysterhole  차라리 세상 모든 여자, 너희 어머니까지도 ㅍㅁ라 하지 그러냐 ㅉ",0,2024-11-28T01:43:49Z,0,UgwfVgZai6ROSje3zMB4AaABAg.ABMUYM6yEVQABMv8jL753q,Av1zma6uJco,UCBAayVVkqhrjJuGmg8LZ-bg,2024-11-28T01:43:49Z,UgwfVgZai6ROSje3zMB4AaABAg,중립
버추얼 아이돌 인기가 이정도? '이세계 아이돌' 역대 펀딩 88억 돌파/ KNN,KNN NEWS,최상위 댓글,@겨울싫엉,이게 진짜 대단한게 각잡고 아이돌 키워서 프로듀싱해야지 이게 아니라 그저 수많은 컨텐츠들 중 하나였다는게 더 대단한듯 ㅋㅋㅋㅋㅋ,0,2024-11-28T06:02:14Z,0,UgwLUlPryp9cEMtHugt4AaABAg,Av1zma6uJco,UCHAvPSCzbOct_1M9ITXN2Aw,2024-11-28T06:02:14Z,,중립
버추얼 아이돌 인기가 이정도? '이세계 아이돌' 역대 펀딩 88억 돌파/ KNN,KNN NEWS,최상위 댓글,@MMmn313,1020뿐만 아니라 30까지도 인기가 많아요.... 30대도 껴주세요...,1,2024-11-28T07:59:38Z,0,UgwWKFPNUJbat797t8h4AaABAg,Av1zma6uJco,UCOHPwv0hA29DKS4Soc_D4cA,2024-11-28T07:59:38Z,,중립
버추얼 아이돌 인기가 이정도? '이세계 아이돌' 역대 펀딩 88억 돌파/ KNN,KNN NEWS,최상위 댓글,@성이름-g3i4t,옛날엔 재밌었는데 점차 팬덤이 아니라 광신도들이 많아지니까 스트리머가 아니라 유사 연예인 방송돼서 하차함,11,2024-11-28T23:31:20Z,5,Ugz2dfYE_YEuJ-onLjR4AaABAg,Av1zma6uJco,UCLToJgc7pDcSd-u6E1BvIFg,2024-11-28T23:31:20Z,,긍정
버추얼 아이돌 인기가 이정도? '이세계 아이돌' 역대 펀딩 88억 돌파/ KNN,KNN NEWS,대댓글,@성지순례자,ㄱㅊ~,2,2024-11-29T08:59:26Z,0,Ugz2dfYE_YEuJ-onLjR4AaABAg.ABPFmJbsrvDABQGn8ow3Is,Av1zma6uJco,UCS3N1kbPOn2Q7xw5VoGhXvA,2024-11-29T08:59:26Z,Ugz2dfYE_YEuJ-onLjR4AaABAg,중립
버추얼 아이돌 인기가 이정도? '이세계 아이돌' 역대 펀딩 88억 돌파/ KNN,KNN NEWS,대댓글,@ililiiliilllililii,이거 진짜 개팩트임 ㅋㅋㅋ 그냥저냥 재밌게 보다가 팬층이 너무 역겨워서 하차함,5,2024-11-29T19:01:58Z,0,Ugz2dfYE_YEuJ-onLjR4AaABAg.ABPFmJbsrvDABRLkGdLH8i,Av1zma6uJco,UC-lfh6mXkVqqtkJ8UC88uUw,2024-11-29T19:01:58Z,Ugz2dfYE_YEuJ-onLjR4AaABAg,긍정
버추얼 아이돌 인기가 이정도? '이세계 아이돌' 역대 펀딩 88억 돌파/ KNN,KNN NEWS,대댓글,@아수라백작-u3i,원래 많아지면 그런 애들 생기기마련임 그리고 연예인은 맞지ㅋ 멜론6위가 쉬운것도 아니고..,0,2024-11-29T22:02:34Z,0,Ugz2dfYE_YEuJ-onLjR4AaABAg.ABPFmJbsrvDABRfPw21KEe,Av1zma6uJco,UCYIqqGlRCnQLUhOuZJRXaOA,2024-11-29T22:02:34Z,Ugz2dfYE_YEuJ-onLjR4AaABAg,중립
버추얼 아이돌 인기가 이정도? '이세계 아이돌' 역대 펀딩 88억 돌파/ KNN,KNN NEWS,대댓글,@mouwoln,멸망하는 첫조건이 안좋은 말 한마디만 해도 죽이는 간신들의 등장이라...ㅋㅋ,0,2024-11-29T23:29:51Z,0,Ugz2dfYE_YEuJ-onLjR4AaABAg.ABPFmJbsrvDABRpPH6rvmw,Av1zma6uJco,UCX87p8yvOMEyJ7GRKe6ajRw,2024-11-29T23:29:51Z,Ugz2dfYE_YEuJ-onLjR4AaABAg,부정
버추얼 아이돌 인기가 이정도? '이세계 아이돌' 역대 펀딩 88억 돌파/ KNN,KNN NEWS,대댓글,@xsk2kw8sk,하차했는데 티가 안나냐 왜,0,2024-11-30T22:30:03Z,0,Ugz2dfYE_YEuJ-onLjR4AaABAg.ABPFmJbsrvDABUIM41JGrY,Av1zma6uJco,UCR08mrmVxgV5kj22k3wXNRQ,2024-11-30T22:30:03Z,Ugz2dfYE_YEuJ-onLjR4AaABAg,중립
버추얼 아이돌 인기가 이정도? '이세계 아이돌' 역대 펀딩 88억 돌파/ KNN,KNN NEWS,최상위 댓글,@merong3330,썸네일 자세히 보니까 이세돌 아닌데ㅋㅋㅋㅋ,6,2024-11-28T06:32:45Z,2,UgwgGfm-BDgON9orTY94AaABAg,Av1zma6uJco,UCg1H4JRZudPP7Qsn3NpNUAA,2024-11-28T06:32:45Z,,중립
버추얼 아이돌 인기가 이정도? '이세계 아이돌' 역대 펀딩 88억 돌파/ KNN,KNN NEWS,대댓글,@user-zx6ez4kk8w,Ai세돌임,4,2024-11-28T06:42:56Z,0,UgwgGfm-BDgON9orTY94AaABAg.ABNRD-8SRcAABNSNWzoE-B,Av1zma6uJco,UCuTY3hm07wAVxRUJ5bOWidg,2024-11-28T06:42:56Z,UgwgGfm-BDgON9orTY94AaABAg,중립
버추얼 아이돌 인기가 이정도? '이세계 아이돌' 역대 펀딩 88억 돌파/ KNN,KNN NEWS,대댓글,@Bungae9,@user-zx6ez4kk8w이세돌 초반 팬아트로 아는데,0,2024-12-29T13:17:12Z,0,UgwgGfm-BDgON9orTY94AaABAg.ABNRD-8SRcAACcz8QDmL3u,Av1zma6uJco,UCCNkTqFiP2_sWvuxDFH-yDw,2024-12-29T13:17:12Z,UgwgGfm-BDgON9orTY94AaABAg,중립
버추얼 아이돌 인기가 이정도? '이세계 아이돌' 역대 펀딩 88억 돌파/ KNN,KNN NEWS,최상위 댓글,@dmamirine7781,KNN뉴스가   요즘 물정  잘  알려주네   좋은 뉴스,1,2024-11-28T00:14:00Z,0,UgxkFIEzlnp6x8IrxGx4AaABAg,Av1zma6uJco,UC9jryec-ECutaWPxJqXknOw,2024-11-28T00:14:00Z,,중립
버추얼 아이돌 인기가 이정도? '이세계 아이돌' 역대 펀딩 88억 돌파/ KNN,KNN NEWS,최상위 댓글,@codec1012,마세돌 기록을 첫날 깨버림,1,2024-11-28T02:26:00Z,0,UgwinwbMGRn4OCE5WXp4AaABAg,Av1zma6uJco,UCDIVwBRBqL1MERJGmsQkpFg,2024-11-28T02:26:00Z,,중립
버추얼 아이돌 인기가 이정도? '이세계 아이돌' 역대 펀딩 88억 돌파/ KNN,KNN NEWS,최상위 댓글,@shiratori317,3040도 있다구요.,7,2024-11-27T17:33:26Z,5,UgyJrRvJigDej2LsRsZ4AaABAg,Av1zma6uJco,UCnhafVRgJDNrELt_p8pXYHg,2024-11-27T17:33:26Z,,중립
버추얼 아이돌 인기가 이정도? '이세계 아이돌' 역대 펀딩 88억 돌파/ KNN,KNN NEWS,대댓글,@아무임-s4q,비중이 적으니깐..,0,2024-11-27T23:15:07Z,0,UgyJrRvJigDej2LsRsZ4AaABAg.ABM211dTA_GABMe7_AiB3V,Av1zma6uJco,UCOwiMZBab85Wce8ieYvN4oA,2024-11-27T23:15:07Z,UgyJrRvJigDej2LsRsZ4AaABAg,중립
버추얼 아이돌 인기가 이정도? '이세계 아이돌' 역대 펀딩 88억 돌파/ KNN,KNN NEWS,대댓글,@토끼가면족,@아무임-s4q 3040 4050은 뭔가 그래픽카드같음,6,2024-11-28T00:28:48Z,0,UgyJrRvJigDej2LsRsZ4AaABAg.ABM211dTA_GABMmZJmvUMi,Av1zma6uJco,UCrq-Vqdwb63fJdx4gw0ZUVw,2024-11-28T00:28:48Z,UgyJrRvJigDej2LsRsZ4AaABAg,중립
버추얼 아이돌 인기가 이정도? '이세계 아이돌' 역대 펀딩 88억 돌파/ KNN,KNN NEWS,대댓글,@INCHEONBUS-NO.1,@토끼가면족 RTX ㅋㅋㅋㅋㅋㅋ,1,2024-11-28T02:21:10Z,0,UgyJrRvJigDej2LsRsZ4AaABAg.ABM211dTA_GABMzQGsCe2D,Av1zma6uJco,UCOG8uHQ_f-KbM5qat7dQMrg,2024-11-28T02:21:10Z,UgyJrRvJigDej2LsRsZ4AaABAg,중립
버추얼 아이돌 인기가 이정도? '이세계 아이돌' 역대 펀딩 88억 돌파/ KNN,KNN NEWS,대댓글,@MagicalHBG,@토끼가면족 엔비디아가 되~~,1,2024-11-28T03:09:15Z,0,UgyJrRvJigDej2LsRsZ4AaABAg.ABM211dTA_GABN3vXDI47P,Av1zma6uJco,UCzC3jWuPfvK4unhjD6fnNcQ,2024-11-28T03:09:15Z,UgyJrRvJigDej2LsRsZ4AaABAg,중립
버추얼 아이돌 인기가 이정도? '이세계 아이돌' 역대 펀딩 88억 돌파/ KNN,KNN NEWS,대댓글,@VIichan_RANE,​@토끼가면족왜 RTX가 되는데요ㅋㅋㅋㅋ,0,2024-12-07T09:25:43Z,0,UgyJrRvJigDej2LsRsZ4AaABAg.ABM211dTA_GABjv9k_4TF9,Av1zma6uJco,UCwH9f0nhcalCRR4ewTdWhUA,2024-12-07T09:25:43Z,UgyJrRvJigDej2LsRsZ4AaABAg,중립
버추얼 아이돌 인기가 이정도? '이세계 아이돌' 역대 펀딩 88억 돌파/ KNN,KNN NEWS,최상위 댓글,@성이-o9e,'찐따들이 단합하면 생기는일',9,2024-11-28T14:30:26Z,2,UgxtZRj7cTVNIHYiWBt4AaABAg,Av1zma6uJco,UCD0Q2vqtUbZ3AGe1AdJOS4A,2024-11-28T14:30:26Z,,중립
버추얼 아이돌 인기가 이정도? '이세계 아이돌' 역대 펀딩 88억 돌파/ KNN,KNN NEWS,대댓글,@아리가또라베스크-i6p,찐따는 젠황,1,2024-11-28T16:51:30Z,0,UgxtZRj7cTVNIHYiWBt4AaABAg.ABOHsYLKGESABOY0k3u4Oj,Av1zma6uJco,UCzS_BQ9EvOQo90TnV2POsRg,2024-11-28T16:51:30Z,UgxtZRj7cTVNIHYiWBt4AaABAg,중립
버추얼 아이돌 인기가 이정도? '이세계 아이돌' 역대 펀딩 88억 돌파/ KNN,KNN NEWS,대댓글,@라르가,우리 같은 찐따로서 같이 단합하자! 화이팅,1,2024-12-02T07:22:44Z,0,UgxtZRj7cTVNIHYiWBt4AaABAg.ABOHsYLKGESABXp6_b869q,Av1zma6uJco,UCTENStps1Et0QbtENzg45Ew,2024-12-02T07:22:44Z,UgxtZRj7cTVNIHYiWBt4AaABAg,중립
버추얼 아이돌 인기가 이정도? '이세계 아이돌' 역대 펀딩 88억 돌파/ KNN,KNN NEWS,최상위 댓글,@요-r6w,랄로 80억이 절로갔네 어쩐지 사진첩에서 그사진이 나오드만,3,2024-11-30T07:23:58Z,2,UgzVz6c5mYz5wG-cbs54AaABAg,Av1zma6uJco,UCOXUzLQl6zFFxZWe-Uj7xhQ,2024-11-30T07:23:58Z,,중립
버추얼 아이돌 인기가 이정도? '이세계 아이돌' 역대 펀딩 88억 돌파/ KNN,KNN NEWS,대댓글,@성이름-o8h9c,씹 랄로ㅋㅋㅋㅋㅋㅋ,0,2024-11-30T07:46:03Z,0,UgzVz6c5mYz5wG-cbs54AaABAg.ABSfen_323wABSiBbMnrFf,Av1zma6uJco,UCIU1o0yREEwW42BkhlIWsyQ,2024-11-30T07:46:03Z,UgzVz6c5mYz5wG-cbs54AaABAg,중립
버추얼 아이돌 인기가 이정도? '이세계 아이돌' 역대 펀딩 88억 돌파/ KNN,KNN NEWS,대댓글,@IllIIIIlI,눈물이 주르르흐르네요..,1,2024-12-01T04:23:32Z,0,UgzVz6c5mYz5wG-cbs54AaABAg.ABSfen_323wABUvoCQm2v-,Av1zma6uJco,UCCBWsBV4gAXOF8vRYSZnYvw,2024-12-01T04:23:32Z,UgzVz6c5mYz5wG-cbs54AaABAg,중립
버추얼 아이돌 인기가 이정도? '이세계 아이돌' 역대 펀딩 88억 돌파/ KNN,KNN NEWS,최상위 댓글,@NoBack06,저기에 나도 포함되니간 뭔가 뿌듯하네,0,2024-11-27T17:41:00Z,0,UgwU2A65Gj_2m4Dvl5N4AaABAg,Av1zma6uJco,UCTvkyVTnZd5AzzqE2xh4DvQ,2024-11-27T17:41:00Z,,중립
버추얼 아이돌 인기가 이정도? '이세계 아이돌' 역대 펀딩 88억 돌파/ KNN,KNN NEWS,최상위 댓글,@Azukari1222,그러니까 굿즈 더 내줘 형,0,2024-11-27T20:23:46Z,0,Ugxeke9hQa4_dk348IV4AaABAg,Av1zma6uJco,UCFABBlTgsZjyNPW7cJsOyhw,2024-11-27T20:23:46Z,,긍정
버추얼 아이돌 인기가 이정도? '이세계 아이돌' 역대 펀딩 88억 돌파/ KNN,KNN NEWS,최상위 댓글,@망류-w9v,1:00 이세돌은..세계관이 없는데유..😢,3,2025-04-20T16:07:18Z,1,UgyGvG-V1AwgPw3Ca-B4AaABAg,Av1zma6uJco,UC1A0HMvJysI5HuuUF-R6LTg,2025-04-20T16:07:18Z,,중립
버추얼 아이돌 인기가 이정도? '이세계 아이돌' 역대 펀딩 88억 돌파/ KNN,KNN NEWS,대댓글,@user-Co7Ca7Co7la,왁타버스,0,2026-01-19T19:39:48Z,0,UgyGvG-V1AwgPw3Ca-B4AaABAg.AH8fdCVNhx3ASA_lMsunxD,Av1zma6uJco,UCDXtK-R8iF5mntttzSHBwMg,2026-01-19T19:39:48Z,UgyGvG-V1AwgPw3Ca-B4AaABAg,중립
버추얼 아이돌 인기가 이정도? '이세계 아이돌' 역대 펀딩 88억 돌파/ KNN,KNN NEWS,최상위 댓글,@김시영-m6b,모두 잠수준비!,5,2024-11-27T21:23:29Z,0,UgxAghY71uZv3JUgGLd4AaABAg,Av1zma6uJco,UCJfIhLvr9hqy311yDZS1XnQ,2024-11-27T21:23:29Z,,중립
버추얼 아이돌 인기가 이정도? '이세계 아이돌' 역대 펀딩 88억 돌파/ KNN,KNN NEWS,최상위 댓글,@퐁쵸-q6e,썸네일 보고 깜짝놀라서 들어온 이파리🤚,1,2024-11-28T12:01:40Z,0,UgzA0r_9u9hmtxntt1J4AaABAg,Av1zma6uJco,UCgSISRs0uvVH3Y68YOBnrlg,2024-11-28T12:01:40Z,,중립
버추얼 아이돌 인기가 이정도? '이세계 아이돌' 역대 펀딩 88억 돌파/ KNN,KNN NEWS,최상위 댓글,@iroiro__,ㅋㅋㅋㅋㅋㅋㅋ진짜 이세돌 팬으로써 이렇게까지 됐다고?싶었음,0,2024-12-28T12:14:42Z,0,UgyVgvL4tnmBtfqCOAJ4AaABAg,Av1zma6uJco,UCE82qSHUSCBRQuDl9Kulbeg,2024-12-28T12:14:42Z,,중립
버추얼 아이돌 인기가 이정도? '이세계 아이돌' 역대 펀딩 88억 돌파/ KNN,KNN NEWS,최상위 댓글,@최경민-k5r,나라 망했으면 개추 ㅋㅋㅋㅋ,5,2024-11-28T12:49:34Z,0,UgyT3aCEMkb7e3RkpMx4AaABAg,Av1zma6uJco,UClPA418Ef3Il2W0sNzx8N2w,2024-11-28T12:49:34Z,,중립
버추얼 아이돌 인기가 이정도? '이세계 아이돌' 역대 펀딩 88억 돌파/ KNN,KNN NEWS,최상위 댓글,@GOSHi999,크으으으으 이게 우리 아이돌이지! 킹애 💜💛💙🩷🩵💚,3,2024-12-01T15:10:11Z,3,UgxzF4pLeFqc7vl1eEN4AaABAg,Av1zma6uJco,UCEA2vvqg0TtQZ_5QXdoeJOg,2024-12-01T15:10:11Z,,중립
버추얼 아이돌 인기가 이정도? '이세계 아이돌' 역대 펀딩 88억 돌파/ KNN,KNN NEWS,대댓글,@굴천지,모두 ㅗㅜㅑ 금지!!!!,0,2024-12-02T20:29:58Z,0,UgxzF4pLeFqc7vl1eEN4AaABAg.ABW4oJYlB8JABZECRUW1Oa,Av1zma6uJco,UCAgzqaUq_JbF-FV-XMcAO0A,2024-12-02T20:29:58Z,UgxzF4pLeFqc7vl1eEN4AaABAg,중립
버추얼 아이돌 인기가 이정도? '이세계 아이돌' 역대 펀딩 88억 돌파/ KNN,KNN NEWS,대댓글,@GOSHi999,@굴천지 갑자기 왜 시비죠,1,2024-12-03T11:03:56Z,0,UgxzF4pLeFqc7vl1eEN4AaABAg.ABW4oJYlB8JAB_nDYU87i0,Av1zma6uJco,UCEA2vvqg0TtQZ_5QXdoeJOg,2024-12-03T11:03:56Z,UgxzF4pLeFqc7vl1eEN4AaABAg,중립
버추얼 아이돌 인기가 이정도? '이세계 아이돌' 역대 펀딩 88억 돌파/ KNN,KNN NEWS,대댓글,@아리가또라베스크-i6p,"​@굴천지오우 노우 맨 만삣삐. 마이썬.
............................................암 쏘우 쏘리 마이썬.",0,2025-01-28T07:23:13Z,0,UgxzF4pLeFqc7vl1eEN4AaABAg.ABW4oJYlB8JADpaU3CuW6b,Av1zma6uJco,UCzS_BQ9EvOQo90TnV2POsRg,2025-01-28T07:23:13Z,UgxzF4pLeFqc7vl1eEN4AaABAg,중립
버추얼 아이돌 인기가 이정도? '이세계 아이돌' 역대 펀딩 88억 돌파/ KNN,KNN NEWS,최상위 댓글,@KR_LSS,일단 잡숴봐~ㅋㅋ,2,2024-11-28T04:48:10Z,1,Ugx6sOe_gv_N8SZhhT14AaABAg,Av1zma6uJco,UC0_39jq4T3EBmZTgYEYgnuw,2024-11-28T04:48:10Z,,중립
버추얼 아이돌 인기가 이정도? '이세계 아이돌' 역대 펀딩 88억 돌파/ KNN,KNN NEWS,대댓글,@hyunjun4095,모두 잠수 준비 네 드릉드릉 잘안들어오우 네 허버허버 오우 깊은저 한남속 깃치마을 드릉드릉스폰지밪 광대얼굴에 식데도 보성이도 모두친구 허버허버스폰지밥 군적금과 희망이 보글보글 스폰지밥 다시는 이세돌을 무시하지마라😊~~~,0,2024-11-28T06:32:00Z,0,Ugx6sOe_gv_N8SZhhT14AaABAg.ABNFEy5Bdp-ABNR7S6DkXq,Av1zma6uJco,UCjzmwRqsgvUllcVnM8oNHZw,2024-11-28T06:32:00Z,Ugx6sOe_gv_N8SZhhT14AaABAg,중립
버추얼 아이돌 인기가 이정도? '이세계 아이돌' 역대 펀딩 88억 돌파/ KNN,KNN NEWS,최상위 댓글,@user-cd4sz6wt1w,"와 진짜 대박 ㅋㅋㅋㅋㅋㅋㅋ 팬치 화력 미친거 같음ㅋㅋㅋㅋ
난 돚거지만서도 ㅋㅋㅋㅋㅋㅋㅋㅋㅋ",0,2024-11-27T19:58:57Z,0,UgxuagHMWdnheKAMh2Z4AaABAg,Av1zma6uJco,UC16MBSaUpA3kUnzN5Y52lzw,2024-11-27T19:58:57Z,,긍정
버추얼 아이돌 인기가 이정도? '이세계 아이돌' 역대 펀딩 88억 돌파/ KNN,KNN NEWS,최상위 댓글,@김레몬_먹는_김주황,"70억 후원일때 들어갔는데 그때 돈 보고 ""형이 공지를 늦게 올렸나??"", ""사이트가 버그났나??""싶었음.... 너무 많아가지고 웹툰 굿즈 평균이 저정돈가? 했는데 평균 이상을 넘어섰었구나.... 역시 형이야",0,2024-11-27T23:13:00Z,0,UgzWbCid5PSvSfqeeNd4AaABAg,Av1zma6uJco,UCb4CZsmdl849T040XB2QJYQ,2024-11-27T23:13:00Z,,긍정
버추얼 아이돌 인기가 이정도? '이세계 아이돌' 역대 펀딩 88억 돌파/ KNN,KNN NEWS,최상위 댓글,@bald230,솔직히 이세계아이돌같은거 왜 좋아하는지 모르겠음,11,2025-01-03T07:59:04Z,6,UgyWjcPTrlrxAdAca_l4AaABAg,Av1zma6uJco,UC7wXYdNRBoxMBTpZa9Jw1lw,2025-01-03T07:59:04Z,,긍정
버추얼 아이돌 인기가 이정도? '이세계 아이돌' 역대 펀딩 88억 돌파/ KNN,KNN NEWS,대댓글,@bald230,왜 겠냐 예쁘고 귀여운데 노래까지 잘하니까 그러겠지,11,2025-01-03T07:59:50Z,0,UgyWjcPTrlrxAdAca_l4AaABAg.ACpHhdCPIptACpHnI6Eqx9,Av1zma6uJco,UC7wXYdNRBoxMBTpZa9Jw1lw,2025-01-03T07:59:50Z,UgyWjcPTrlrxAdAca_l4AaABAg,중립
버추얼 아이돌 인기가 이정도? '이세계 아이돌' 역대 펀딩 88억 돌파/ KNN,KNN NEWS,대댓글,@wipel의플,너어 지인짜,3,2025-01-03T09:48:35Z,0,UgyWjcPTrlrxAdAca_l4AaABAg.ACpHhdCPIptACpUEnX7n1X,Av1zma6uJco,UCbhdc47oFKa8NG4jlzEecRw,2025-01-03T09:48:35Z,UgyWjcPTrlrxAdAca_l4AaABAg,중립
버추얼 아이돌 인기가 이정도? '이세계 아이돌' 역대 펀딩 88억 돌파/ KNN,KNN NEWS,대댓글,@김별이-d6t,@bald230 그래픽 쪼가리인데 이쁘고 귀엽다라 크흠..,0,2025-01-06T02:13:28Z,0,UgyWjcPTrlrxAdAca_l4AaABAg.ACpHhdCPIptACwOY2vCz_f,Av1zma6uJco,UCfmHZc4kRcO32V1DclHQviA,2025-01-06T02:13:28Z,UgyWjcPTrlrxAdAca_l4AaABAg,중립
버추얼 아이돌 인기가 이정도? '이세계 아이돌' 역대 펀딩 88억 돌파/ KNN,KNN NEWS,대댓글,@bald230,@김별이-d6t 일단 겉보기에도 예쁘고 귀여운데 방송중의 행동과 말투등도 귀엽다는 뜻입니다,1,2025-01-06T09:27:16Z,0,UgyWjcPTrlrxAdAca_l4AaABAg.ACpHhdCPIptACxABKhuIbS,Av1zma6uJco,UC7wXYdNRBoxMBTpZa9Jw1lw,2025-01-06T09:27:16Z,UgyWjcPTrlrxAdAca_l4AaABAg,중립
버추얼 아이돌 인기가 이정도? '이세계 아이돌' 역대 펀딩 88억 돌파/ KNN,KNN NEWS,대댓글,@user-gf9vg846h1,헐레벌덕 달려왔다가 대댓보고 개추누르고간다,0,2025-01-11T18:30:13Z,0,UgyWjcPTrlrxAdAca_l4AaABAg.ACpHhdCPIptADA0ILtitJv,Av1zma6uJco,UCJ30AakDMyoi0SpMABGt4qw,2025-01-11T18:30:13Z,UgyWjcPTrlrxAdAca_l4AaABAg,중립
버추얼 아이돌 인기가 이정도? '이세계 아이돌' 역대 펀딩 88억 돌파/ KNN,KNN NEWS,최상위 댓글,@OP-cl9iq,"내용물이 뭔지도 모르는데
저러는거보면 진짜 신기하긴해",14,2024-11-27T19:11:08Z,11,UgyIK2JOKt9PvxXsFMR4AaABAg,Av1zma6uJco,UCuVsiSgImv40aq8SaEPQDxw,2024-11-27T19:11:08Z,,중립
버추얼 아이돌 인기가 이정도? '이세계 아이돌' 역대 펀딩 88억 돌파/ KNN,KNN NEWS,대댓글,@SmileToBlue,"보통 진짜 사람에 지쳐서 그런부분도있지요
실물은 어차피 일상에서 매일 부딪힘

가령 영화보면되지 소설책을 왜봐?
라는 느낌이랄까요?

애니메이션을 왜 좋아하지 와 같은느낌임그냥
애니메이션이라 생각하면 마음편함",1,2024-11-27T19:56:54Z,0,UgyIK2JOKt9PvxXsFMR4AaABAg.ABMDCaonTDSABMIRnI6SNd,Av1zma6uJco,UCewbEjB6kxt7B_ElVn8licg,2024-11-27T19:56:54Z,UgyIK2JOKt9PvxXsFMR4AaABAg,긍정
버추얼 아이돌 인기가 이정도? '이세계 아이돌' 역대 펀딩 88억 돌파/ KNN,KNN NEWS,대댓글,@풀스카,그건 일반 연예인들도 마찬가지지 빅뱅 사건들만 봐도 내용물 알고 좋아한거면 빅뱅 팬들 다 마약사범에 성범죄자지 ㅋㅋㅋㅋㅋㅋ,1,2024-11-27T20:26:48Z,0,UgyIK2JOKt9PvxXsFMR4AaABAg.ABMDCaonTDSABMLrsXljJq,Av1zma6uJco,UCpWAfLr0W5dRXe_D9aT952Q,2024-11-27T20:26:48Z,UgyIK2JOKt9PvxXsFMR4AaABAg,긍정
버추얼 아이돌 인기가 이정도? '이세계 아이돌' 역대 펀딩 88억 돌파/ KNN,KNN NEWS,대댓글,@WAM_M4,"그럼 뭘 기대하는거임?
얼공하고 예쁘면 좋아하겠다 이거임?ㅋㅋㅋ 그냥 여캠을 보셈",0,2024-11-27T21:17:15Z,0,UgyIK2JOKt9PvxXsFMR4AaABAg.ABMDCaonTDSABMRdLWRz8Z,Av1zma6uJco,UC-Dda_IHbtTCiLjS_DmlGDQ,2024-11-27T21:17:15Z,UgyIK2JOKt9PvxXsFMR4AaABAg,긍정
버추얼 아이돌 인기가 이정도? '이세계 아이돌' 역대 펀딩 88억 돌파/ KNN,KNN NEWS,대댓글,@풀스카,@OP-cl9iq 그럼 빅뱅 팬들은 내용물 뭔지도 모르니까 좋아하는거지 알고 좋아한거면 다 마약사범에 성범죄자게? ㅋㅋㅋㅋㅋ,2,2024-11-27T21:20:36Z,0,UgyIK2JOKt9PvxXsFMR4AaABAg.ABMDCaonTDSABMS0vQ0EiZ,Av1zma6uJco,UCpWAfLr0W5dRXe_D9aT952Q,2024-11-27T21:20:36Z,UgyIK2JOKt9PvxXsFMR4AaABAg,긍정
버추얼 아이돌 인기가 이정도? '이세계 아이돌' 역대 펀딩 88억 돌파/ KNN,KNN NEWS,대댓글,@김시영-m6b,내용물 30대노괴인거 다 아는데?,2,2024-11-27T21:25:18Z,0,UgyIK2JOKt9PvxXsFMR4AaABAg.ABMDCaonTDSABMSZLcCDCx,Av1zma6uJco,UCJfIhLvr9hqy311yDZS1XnQ,2024-11-27T21:25:18Z,UgyIK2JOKt9PvxXsFMR4AaABAg,중립
버추얼 아이돌 인기가 이정도? '이세계 아이돌' 역대 펀딩 88억 돌파/ KNN,KNN NEWS,최상위 댓글,@widjishxudhsusj,얘들 앨범 냈던데 15만장 팔았다더라 ㄷㄷ,4,2026-01-01T05:11:25Z,8,UgzC4hd3v1ZTwv8jwPp4AaABAg,Av1zma6uJco,UCxPsxXP33gCh_-9sRm24szw,2026-01-01T05:11:25Z,,중립
버추얼 아이돌 인기가 이정도? '이세계 아이돌' 역대 펀딩 88억 돌파/ KNN,KNN NEWS,대댓글,@WWC22z,어휴 초동 올려치고 싶니? 중소 3군 따리 ㅋ,2,2026-01-03T15:28:02Z,0,UgzC4hd3v1ZTwv8jwPp4AaABAg.ARQg4N6F2jOARWwEQuuBaa,Av1zma6uJco,UCq7duh1RsJPYcTrpPKSojkA,2026-01-03T15:28:02Z,UgzC4hd3v1ZTwv8jwPp4AaABAg,중립
버추얼 아이돌 인기가 이정도? '이세계 아이돌' 역대 펀딩 88억 돌파/ KNN,KNN NEWS,대댓글,@widjishxudhsusj,​@WWC22zㅋㅋ 국내화력으론 1티어란다ㅋㅋㅋ,3,2026-01-05T07:38:44Z,0,UgzC4hd3v1ZTwv8jwPp4AaABAg.ARQg4N6F2jOARaF6uhlTnr,Av1zma6uJco,UCxPsxXP33gCh_-9sRm24szw,2026-01-05T07:38:44Z,UgzC4hd3v1ZTwv8jwPp4AaABAg,중립
버추얼 아이돌 인기가 이정도? '이세계 아이돌' 역대 펀딩 88억 돌파/ KNN,KNN NEWS,대댓글,@WWC22z,​@widjishxudhsusj ? 진짜? 돌판화력앞에서도 그 소리 뱉어봐 아니 플레이브는 이기고 뱉어 중소 4군따리야,2,2026-01-05T08:51:47Z,0,UgzC4hd3v1ZTwv8jwPp4AaABAg.ARQg4N6F2jOARaNTuZ-lb9,Av1zma6uJco,UCq7duh1RsJPYcTrpPKSojkA,2026-01-05T08:51:47Z,UgzC4hd3v1ZTwv8jwPp4AaABAg,중립
버추얼 아이돌 인기가 이정도? '이세계 아이돌' 역대 펀딩 88억 돌파/ KNN,KNN NEWS,대댓글,@widjishxudhsusj,​@WWC22z돌팬들한테 말해봐라ㅋㅋ 해외팬 유입되기 전인 트와이스나 아이즈원이랑 비비는 숫자란다ㅋㅋ,3,2026-01-06T05:42:02Z,0,UgzC4hd3v1ZTwv8jwPp4AaABAg.ARQg4N6F2jOARcbZ37A0RY,Av1zma6uJco,UCxPsxXP33gCh_-9sRm24szw,2026-01-06T05:42:02Z,UgzC4hd3v1ZTwv8jwPp4AaABAg,중립
버추얼 아이돌 인기가 이정도? '이세계 아이돌' 역대 펀딩 88억 돌파/ KNN,KNN NEWS,대댓글,@WWC22z,​@widjishxudhsusj 어이구 ㅋㅋ 니들은 돌에서 취급을 안 해줘요,3,2026-01-06T06:53:20Z,0,UgzC4hd3v1ZTwv8jwPp4AaABAg.ARQg4N6F2jOARcjiEy_fXc,Av1zma6uJco,UCq7duh1RsJPYcTrpPKSojkA,2026-01-06T06:53:20Z,UgzC4hd3v1ZTwv8jwPp4AaABAg,중립
버추얼 아이돌 인기가 이정도? '이세계 아이돌' 역대 펀딩 88억 돌파/ KNN,KNN NEWS,최상위 댓글,@오경환-v4d,ㅋㅋㅋ썸네일 합성인줄알고 들어왔는데 진짜였자나..,0,2024-11-28T00:21:46Z,0,Ugwmt9wm_WelaYOkWgl4AaABAg,Av1zma6uJco,UCnsH9dKw8Q0Ycsex3GP0nyQ,2024-11-28T00:21:46Z,,중립
버추얼 아이돌 인기가 이정도? '이세계 아이돌' 역대 펀딩 88억 돌파/ KNN,KNN NEWS,최상위 댓글,@흠믛임,아 키보드에 피규어까지 전부 질렀다곸ㅋㅋㅋㅋㅋㅋㅋㅋ,0,2024-11-27T23:33:30Z,0,UgxlYuqM3iNFi01_L7t4AaABAg,Av1zma6uJco,UCCpyMRMpRSBL3aa_oGGrdrA,2024-11-27T23:33:30Z,,중립
버추얼 아이돌 인기가 이정도? '이세계 아이돌' 역대 펀딩 88억 돌파/ KNN,KNN NEWS,최상위 댓글,@evocator2101,이건 나라의 병폐다,3,2024-11-28T12:18:00Z,0,Ugwp87eMNWnKjy_kgdt4AaABAg,Av1zma6uJco,UCSICaaNyKjzG3U5mSDxSglw,2024-11-28T12:18:00Z,,중립
버추얼 아이돌 인기가 이정도? '이세계 아이돌' 역대 펀딩 88억 돌파/ KNN,KNN NEWS,최상위 댓글,@fantasybest9148,암만 경제 어렵다 힘들다 이러는 기사보다가 이런거보면 진짜 경제가 어려운게 맞나 라는 생각부터 들더라,5,2024-11-28T00:37:08Z,9,UgwaEAc_v41cBWJFIkV4AaABAg,Av1zma6uJco,UCuCvOCdxk7ueYZ39ATE_HLg,2024-11-28T00:37:08Z,,중립
버추얼 아이돌 인기가 이정도? '이세계 아이돌' 역대 펀딩 88억 돌파/ KNN,KNN NEWS,대댓글,@vision.23,"원래 경제가 어렵대도
잘사는 사람은 쭉 잘살고 못사는사람은  쭉 못산대잖아

한잔도 하지마~",0,2024-11-28T01:37:09Z,0,UgwaEAc_v41cBWJFIkV4AaABAg.ABMnWM5l2PHABMuNsKAZzi,Av1zma6uJco,UClzNRU9MkAEGph_aPrjgcHw,2024-11-28T01:37:09Z,UgwaEAc_v41cBWJFIkV4AaABAg,중립
버추얼 아이돌 인기가 이정도? '이세계 아이돌' 역대 펀딩 88억 돌파/ KNN,KNN NEWS,대댓글,@소미리내,@vision.23 뭘 말을 그렇게 하냐. 경기가 어려운 와중에 생필품 같은 쪽도 아니고 버튜버 펀딩이 이 금액이면 관점 따라 좋게 보기는 힘든 건 맞다.,0,2024-11-28T02:09:37Z,0,UgwaEAc_v41cBWJFIkV4AaABAg.ABMnWM5l2PHABMy5g31V6R,Av1zma6uJco,UCkV4JhVV-jt84kd2HdlKPMA,2024-11-28T02:09:37Z,UgwaEAc_v41cBWJFIkV4AaABAg,중립
버추얼 아이돌 인기가 이정도? '이세계 아이돌' 역대 펀딩 88억 돌파/ KNN,KNN NEWS,대댓글,@user-qs5v1y3mwjh,힘드니까 현실을 벗어난 삶에서라도 위안을 얻는 거 아닐까,1,2024-11-28T02:55:43Z,0,UgwaEAc_v41cBWJFIkV4AaABAg.ABMnWM5l2PHABN2NJQDEDf,Av1zma6uJco,UCVKBGDj_LvgeQ9Q5U9HStxw,2024-11-28T02:55:43Z,UgwaEAc_v41cBWJFIkV4AaABAg,중립
버추얼 아이돌 인기가 이정도? '이세계 아이돌' 역대 펀딩 88억 돌파/ KNN,KNN NEWS,대댓글,@8D0RG137R,옛날에 비해서 저축할 동기가 떨어져서 다 소비하는데 쓰는게 아닐지,1,2024-11-28T02:58:04Z,0,UgwaEAc_v41cBWJFIkV4AaABAg.ABMnWM5l2PHABN2d_Px324,Av1zma6uJco,UCkxDZrc-PUhnz4frVttEozg,2024-11-28T02:58:04Z,UgwaEAc_v41cBWJFIkV4AaABAg,중립
버추얼 아이돌 인기가 이정도? '이세계 아이돌' 역대 펀딩 88억 돌파/ KNN,KNN NEWS,대댓글,@hhuy767-l8l,"​@소미리내 뭔소리임....?
경제가 안좋아도 잘 사는 사람에겐 타격이 없다는 의미임. 예를들어 지금보다 경제가 더 안좋아져서 서민들에겐 치킨 한마리 체감비용이 3만원이라면, 잘사는사람들은 300원인 느낌임
하루에 치킨 3번을 시키든 매일 치킨을 시키든 다른사람이 참견할 이유가 없음.
본인 돈이니까. 경제하고도 관련이 없고",1,2024-11-28T02:59:41Z,0,UgwaEAc_v41cBWJFIkV4AaABAg.ABMnWM5l2PHABN2pR09hI1,Av1zma6uJco,UC9_nj1cmiUjQgDTnxJrTRDQ,2024-11-28T02:59:41Z,UgwaEAc_v41cBWJFIkV4AaABAg,중립
버추얼 아이돌 인기가 이정도? '이세계 아이돌' 역대 펀딩 88억 돌파/ KNN,KNN NEWS,최상위 댓글,@wkssazevdh3784,우왁굳 대단하다,4,2025-02-21T16:23:17Z,0,UgzMIKy4ymLzKhsebU54AaABAg,Av1zma6uJco,UC4LVVX2lriIOVyhCju__5lg,2025-02-21T16:23:17Z,,중립
버추얼 아이돌 인기가 이정도? '이세계 아이돌' 역대 펀딩 88억 돌파/ KNN,KNN NEWS,최상위 댓글,@imingasem911,ㅋㅋㅋㅋ 이게 뉴스까지 뜰 정도면 성공했네,0,2024-11-28T05:54:34Z,0,UgxvKFaili0hw7wKDhB4AaABAg,Av1zma6uJco,UCm_EBCYytc0YfMMkuuvd65Q,2024-11-28T05:54:34Z,,중립
버추얼 아이돌 인기가 이정도? '이세계 아이돌' 역대 펀딩 88억 돌파/ KNN,KNN NEWS,최상위 댓글,@min.0626,이젠 형이 뉴스에도 나오구나,0,2024-12-06T15:35:45Z,0,UgwkZA7whX1u0pfNp1x4AaABAg,Av1zma6uJco,UCgKuv0FbTXJwoWb4eeN_t0g,2024-12-06T15:35:45Z,,중립
버추얼 아이돌 인기가 이정도? '이세계 아이돌' 역대 펀딩 88억 돌파/ KNN,KNN NEWS,최상위 댓글,@데브캣일좀잘하자,노래 커버도 ㅈㄴ안나오는데 왤케 거품이 심하지,3,2024-11-28T06:02:42Z,0,UgzJS0M6nBGa7TqGuOJ4AaABAg,Av1zma6uJco,UCDXhxlXM1piOsz27cGHO1Kw,2024-11-28T06:02:42Z,,중립
버추얼 아이돌 인기가 이정도? '이세계 아이돌' 역대 펀딩 88억 돌파/ KNN,KNN NEWS,최상위 댓글,@으-o9t,데뷔때부터 본 이파리면 개추,5,2024-11-28T05:15:00Z,2,UgzUwhf94KJWg-llG2t4AaABAg,Av1zma6uJco,UCjth2Z4U58auq3vfhwVAPPw,2024-11-28T05:15:00Z,,중립
버추얼 아이돌 인기가 이정도? '이세계 아이돌' 역대 펀딩 88억 돌파/ KNN,KNN NEWS,대댓글,@tk6sj7eh4t,데뷔때부터 봐서 니애미 울린적 최소 20번은 넘기면 ㄱㅊ ㅋㅋ,3,2024-11-28T05:40:46Z,0,UgzUwhf94KJWg-llG2t4AaABAg.ABNIJVsMz3BABNLGES5teE,Av1zma6uJco,UCIosnrfxmCRulvtw38vLC-w,2024-11-28T05:40:46Z,UgzUwhf94KJWg-llG2t4AaABAg,중립
버추얼 아이돌 인기가 이정도? '이세계 아이돌' 역대 펀딩 88억 돌파/ KNN,KNN NEWS,대댓글,@user-zx6ez4kk8w,​@tk6sj7eh4t 부모님이 애교육을 어떻게하면 인터넷에서 패드립치고다니냐,2,2024-11-28T06:01:16Z,0,UgzUwhf94KJWg-llG2t4AaABAg.ABNIJVsMz3BABNNbLun38D,Av1zma6uJco,UCuTY3hm07wAVxRUJ5bOWidg,2024-11-28T06:01:16Z,UgzUwhf94KJWg-llG2t4AaABAg,중립
버추얼 아이돌 인기가 이정도? '이세계 아이돌' 역대 펀딩 88억 돌파/ KNN,KNN NEWS,최상위 댓글,@sjp9001,다들 얼굴보면 경악하면서 현타씨게올듯 ㅋㅋㅋㅋ,6,2024-11-28T23:43:08Z,12,UgzEBdjYyVW6NMiDm914AaABAg,Av1zma6uJco,UC10Gqy-rerRiZxaz6yfNnhw,2024-11-28T23:43:08Z,,중립
버추얼 아이돌 인기가 이정도? '이세계 아이돌' 역대 펀딩 88억 돌파/ KNN,KNN NEWS,대댓글,@아즈사는어렸을때부터,ㅋㅋㅋㅋㅋㅋㅋㅋㅋ 비하하려는건 아닌데 저분들 시간도 많이 지났어서 ㄹㅇ 못해도 곧 30이거나 30초반일듯,0,2024-11-29T02:59:53Z,0,UgzEBdjYyVW6NMiDm914AaABAg.ABPH7arNrXjABPcdjPSJmr,Av1zma6uJco,UC_Wl4ag6Rme3kyMNioVjgvw,2024-11-29T02:59:53Z,UgzEBdjYyVW6NMiDm914AaABAg,중립
버추얼 아이돌 인기가 이정도? '이세계 아이돌' 역대 펀딩 88억 돌파/ KNN,KNN NEWS,대댓글,@Hanabi_12867,@아즈사는어렸을때부터나이 공개 다 됨 1994년생 ~ 2000년생 임,0,2024-11-29T11:28:08Z,0,UgzEBdjYyVW6NMiDm914AaABAg.ABPH7arNrXjABQXoH_Ffca,Av1zma6uJco,UCRcBFNjOJ-IORVLjzBQJgoA,2024-11-29T11:28:08Z,UgzEBdjYyVW6NMiDm914AaABAg,중립
버추얼 아이돌 인기가 이정도? '이세계 아이돌' 역대 펀딩 88억 돌파/ KNN,KNN NEWS,대댓글,@땅땅이-r4c,@Hanabi_12867 그걸믿음?ㅋㅋ 민증깐거 아니면 다구라임,0,2024-11-29T12:02:46Z,0,UgzEBdjYyVW6NMiDm914AaABAg.ABPH7arNrXjABQaltsU_oB,Av1zma6uJco,UCDoRM4fZWKy7V7VAfSZWtVQ,2024-11-29T12:02:46Z,UgzEBdjYyVW6NMiDm914AaABAg,중립
버추얼 아이돌 인기가 이정도? '이세계 아이돌' 역대 펀딩 88억 돌파/ KNN,KNN NEWS,대댓글,@Hanabi_12867,@땅땅이-r4c 님아 진짜 아무것도 모르는 게 너무 티남,0,2024-11-29T12:18:38Z,0,UgzEBdjYyVW6NMiDm914AaABAg.ABPH7arNrXjABQca64P1gB,Av1zma6uJco,UCRcBFNjOJ-IORVLjzBQJgoA,2024-11-29T12:18:38Z,UgzEBdjYyVW6NMiDm914AaABAg,중립
버추얼 아이돌 인기가 이정도? '이세계 아이돌' 역대 펀딩 88억 돌파/ KNN,KNN NEWS,대댓글,@Hanabi_12867,@땅땅이-r4c 패러블 소속되려면 정식 절차 다 밟아요 ㅋㅋ,0,2024-11-29T12:19:14Z,0,UgzEBdjYyVW6NMiDm914AaABAg.ABPH7arNrXjABQce_--g_u,Av1zma6uJco,UCRcBFNjOJ-IORVLjzBQJgoA,2024-11-29T12:19:14Z,UgzEBdjYyVW6NMiDm914AaABAg,중립
버추얼 아이돌 인기가 이정도? '이세계 아이돌' 역대 펀딩 88억 돌파/ KNN,KNN NEWS,최상위 댓글,@razterDr,"10~20이 아니라 미안하다

40이 넘은 나이지만 이번에 키보드 포함해서 질렀다",2,2024-12-02T07:41:09Z,0,UgyMOYDzFiys-uEZwCF4AaABAg,Av1zma6uJco,UC04rbYOR4Vx0k3bFD_D8oGA,2024-12-02T07:41:09Z,,중립
버추얼 아이돌 인기가 이정도? '이세계 아이돌' 역대 펀딩 88억 돌파/ KNN,KNN NEWS,최상위 댓글,@ftwwwl,ㅋㅋㅋㅋㅋㅋㅋㅋㅋㅋㅋㅋㅋㅋㅋㅋㅋㅋㅋㅋㅋㅋㅋㅋㅋㅋㅋㅋㅋㅋㅋ킹애.,0,2024-11-28T00:06:19Z,0,UgwlTW2BNRTEsLZ6aEh4AaABAg,Av1zma6uJco,UCF7xcEh0UUPGoWPRGIsaWqA,2024-11-28T00:06:19Z,,중립
버추얼 아이돌 인기가 이정도? '이세계 아이돌' 역대 펀딩 88억 돌파/ KNN,KNN NEWS,최상위 댓글,@kimchikiller6974,"30대고 버추얼 문화 좀 알고는 있었는데... 내취향은 아님 ㅋㅋ
확실히 아가들한테 인기는 많은듯
10~20대 버추얼, K팝 / 30대 힙합, R&B, 발라드, (고전) K팝, 팝 / 40대 락, 발라드, 트로트, (고전) K팝, (고전) 팝/ 50대 트로트, 클래식, 발라드 / 60대 이상 트로트, 컨트리, 클래식... 아는건 뭐 이정도?",6,2024-11-28T00:53:29Z,4,UgylqiCS0Sf9Jf96r6N4AaABAg,Av1zma6uJco,UCiVVEKaqXB65vAOJinRB_1w,2024-11-28T00:58:36Z,,중립
버추얼 아이돌 인기가 이정도? '이세계 아이돌' 역대 펀딩 88억 돌파/ KNN,KNN NEWS,대댓글,@AI-cn7fr,39살이 30대라고 우기는건 쫌,1,2024-11-28T04:40:48Z,0,UgylqiCS0Sf9Jf96r6N4AaABAg.ABMpO1im-9TABNEP-RuQ0_,Av1zma6uJco,UCeImvQLw8huj_yzeCUNPUKg,2024-11-28T04:40:48Z,UgylqiCS0Sf9Jf96r6N4AaABAg,중립
버추얼 아이돌 인기가 이정도? '이세계 아이돌' 역대 펀딩 88억 돌파/ KNN,KNN NEWS,대댓글,@IhowcanibegayI,"10대인데 발라드 빼고 팝, 힙합, 컨트리 다 좋아하네요.",1,2024-11-28T06:09:28Z,0,UgylqiCS0Sf9Jf96r6N4AaABAg.ABMpO1im-9TABNOYQeuJlY,Av1zma6uJco,UCjeIGeZDHuLImYeIw5fFy2w,2024-11-28T06:09:42Z,UgylqiCS0Sf9Jf96r6N4AaABAg,긍정
버추얼 아이돌 인기가 이정도? '이세계 아이돌' 역대 펀딩 88억 돌파/ KNN,KNN NEWS,대댓글,@BBeaGGom,1달남았어 아재요,0,2024-12-05T23:48:20Z,0,UgylqiCS0Sf9Jf96r6N4AaABAg.ABMpO1im-9TABgJHvTNrW6,Av1zma6uJco,UCiibgS1Vbh9-1ntBuPWSNdw,2024-12-05T23:48:20Z,UgylqiCS0Sf9Jf96r6N4AaABAg,중립
버추얼 아이돌 인기가 이정도? '이세계 아이돌' 역대 펀딩 88억 돌파/ KNN,KNN NEWS,대댓글,@꼬맹이-x8q,ㅋㅋㅋㅋㅋㅋㅋㅋㅋ 뭐여 39살이여?,0,2024-12-06T10:02:43Z,0,UgylqiCS0Sf9Jf96r6N4AaABAg.ABMpO1im-9TABhPao97kJH,Av1zma6uJco,UCIBU9DWhEZGFDIyelY022tQ,2024-12-06T10:02:43Z,UgylqiCS0Sf9Jf96r6N4AaABAg,중립
버추얼 아이돌 인기가 이정도? '이세계 아이돌' 역대 펀딩 88억 돌파/ KNN,KNN NEWS,최상위 댓글,@Lulu0809-d3e,랄로가 잃은 돈.,3,2024-12-11T11:27:12Z,3,UgxXcUYls9yKAQU05vt4AaABAg,Av1zma6uJco,UCs_xs_-UfdZvh6oJxQ_mYVg,2024-12-11T11:27:12Z,,중립
버추얼 아이돌 인기가 이정도? '이세계 아이돌' 역대 펀딩 88억 돌파/ KNN,KNN NEWS,대댓글,@user-gf9vg846h1,그만.그만해다오..,5,2024-12-16T10:28:39Z,0,UgxXcUYls9yKAQU05vt4AaABAg.ABuREuAzdicAC6CWY-2Nl2,Av1zma6uJco,UCJ30AakDMyoi0SpMABGt4qw,2024-12-16T10:28:39Z,UgxXcUYls9yKAQU05vt4AaABAg,중립
버추얼 아이돌 인기가 이정도? '이세계 아이돌' 역대 펀딩 88억 돌파/ KNN,KNN NEWS,대댓글,@이세돌은전설이다,그분을 건드려선 안돼,4,2025-01-01T05:06:22Z,0,UgxXcUYls9yKAQU05vt4AaABAg.ABuREuAzdicACjpM3JoVZA,Av1zma6uJco,UCWagzaVXNtz39ejgIZ3CgWQ,2025-01-01T05:06:22Z,UgxXcUYls9yKAQU05vt4AaABAg,중립
버추얼 아이돌 인기가 이정도? '이세계 아이돌' 역대 펀딩 88억 돌파/ KNN,KNN NEWS,대댓글,@Kskskkwks,너는....진짜....😢,1,2025-01-15T04:43:51Z,0,UgxXcUYls9yKAQU05vt4AaABAg.ABuREuAzdicADIpuOV3yWu,Av1zma6uJco,UCFanvEFsWofMtZAQ1eIyivg,2025-01-15T04:43:51Z,UgxXcUYls9yKAQU05vt4AaABAg,중립
버추얼 아이돌 인기가 이정도? '이세계 아이돌' 역대 펀딩 88억 돌파/ KNN,KNN NEWS,최상위 댓글,@gabriellee7795,지난번에 40억이라고 들었는데 2배 ㄷㄷ,1,2024-11-27T21:31:12Z,0,Ugym2o50IkcCQMYjzN94AaABAg,Av1zma6uJco,UCMfOCFw-YSoud-ZZs-h_Ttg,2024-11-27T21:31:12Z,,중립
버추얼 아이돌 인기가 이정도? '이세계 아이돌' 역대 펀딩 88억 돌파/ KNN,KNN NEWS,최상위 댓글,@분덩이-o1t,"이해가 안가는 문화중 하나
그냥 애니좋아하는사람들이구나하고 생각중ㅋㅋ",2,2024-11-29T10:58:11Z,6,UgydJA6I4iQfpOv4dJx4AaABAg,Av1zma6uJco,UCQxqBRF4magphksKZXT0Rjw,2024-11-29T10:58:11Z,,긍정
버추얼 아이돌 인기가 이정도? '이세계 아이돌' 역대 펀딩 88억 돌파/ KNN,KNN NEWS,대댓글,@스티븐김-w7g,"쟤네 그저 애니 좋아해서 그런 인기가 있는게 아님
노래를 일단 겁나 잘함 
들어보면 진짜 놀람 
아니 생각해보면 실제 가수들도 예쁘고 잘생긴 가수 널렸는데 걔네도 실력이 되어야 뜨는건데
사람들이 미쳤다고 애니스러운 모습만 보고 좋아하겠음?
쟤네는 오히려 실력위주로 평가받게 되어있는거임 당연히 노래도 좋아야하고
어쩌면 실제 사람보다도 예술성 위주로 평가를 받게되는거임 
만약에 쟤네가 인기가 엄청 많아지는거면 쟤네 실력이 우리나라 탑급이라는 말인거임",0,2024-12-01T06:09:29Z,0,UgydJA6I4iQfpOv4dJx4AaABAg.ABQUNxzxZx7ABV6wAYAc-F,Av1zma6uJco,UCMWi41FqDEllx6eFBb9vtPQ,2024-12-01T06:09:29Z,UgydJA6I4iQfpOv4dJx4AaABAg,긍정
버추얼 아이돌 인기가 이정도? '이세계 아이돌' 역대 펀딩 88억 돌파/ KNN,KNN NEWS,대댓글,@Napalm47,"버튜버 데뷔 존나 많이 해요
초반에 반짝떠도 그게 유지되는게 몇명일거 같아요?
초반 어그로는 이쁘면 되지만 유지는 개인 능력입니다.",0,2024-12-01T16:36:36Z,0,UgydJA6I4iQfpOv4dJx4AaABAg.ABQUNxzxZx7ABWEhFEuQP6,Av1zma6uJco,UCwGolMYJaZfcWXZuyN_5U5g,2024-12-01T16:36:36Z,UgydJA6I4iQfpOv4dJx4AaABAg,중립
버추얼 아이돌 인기가 이정도? '이세계 아이돌' 역대 펀딩 88억 돌파/ KNN,KNN NEWS,대댓글,@라르가,ㅋㅋㅋㅋ무슨 취미를 가졌길래 ㅋㅋㅋ난이라도 가꾸나?,0,2024-12-02T07:21:24Z,0,UgydJA6I4iQfpOv4dJx4AaABAg.ABQUNxzxZx7ABXoxjIG_Rg,Av1zma6uJco,UCTENStps1Et0QbtENzg45Ew,2024-12-02T07:21:24Z,UgydJA6I4iQfpOv4dJx4AaABAg,중립
버추얼 아이돌 인기가 이정도? '이세계 아이돌' 역대 펀딩 88억 돌파/ KNN,KNN NEWS,대댓글,@amare295,화를 내는 사람들은 왜 그러는지 모르겠습니다. 곡 추천하자면 혹시 아이네님 에델바이스 들어보실래요? 저 그거 보고 팬됐어요.,0,2024-12-04T07:58:02Z,0,UgydJA6I4iQfpOv4dJx4AaABAg.ABQUNxzxZx7ABc1jorl4-T,Av1zma6uJco,UCJV-2UdfHmWhDl2xTo-Y86Q,2024-12-04T07:58:02Z,UgydJA6I4iQfpOv4dJx4AaABAg,중립
버추얼 아이돌 인기가 이정도? '이세계 아이돌' 역대 펀딩 88억 돌파/ KNN,KNN NEWS,대댓글,@분덩이-o1t,​@스티븐김-w7g실력이면 얼굴없이 나와야하는거 아님?,0,2025-10-24T21:22:38Z,0,UgydJA6I4iQfpOv4dJx4AaABAg.ABQUNxzxZx7AOfkNNrdX_O,Av1zma6uJco,UCQxqBRF4magphksKZXT0Rjw,2025-10-24T21:22:38Z,UgydJA6I4iQfpOv4dJx4AaABAg,중립
버추얼 아이돌 인기가 이정도? '이세계 아이돌' 역대 펀딩 88억 돌파/ KNN,KNN NEWS,최상위 댓글,@일병자일위,저기 팬덤이 개악질이야; 제발 팬덤 관리좀 했으면 좋겠다,9,2024-11-29T06:22:22Z,11,UgzpyLaZXHCGtC_yKOx4AaABAg,Av1zma6uJco,UCMsYez-PkeR6CZc5g6N8nzg,2024-11-29T06:23:00Z,,중립
버추얼 아이돌 인기가 이정도? '이세계 아이돌' 역대 펀딩 88억 돌파/ KNN,KNN NEWS,대댓글,@isegye4ever,구체적으로 설명좀,0,2024-11-29T07:09:40Z,0,UgzpyLaZXHCGtC_yKOx4AaABAg.ABPzolD-Vb6ABQ4EFY9qma,Av1zma6uJco,UCvVm5-UYNSVMhyUwo3mk4kQ,2024-11-29T07:09:40Z,UgzpyLaZXHCGtC_yKOx4AaABAg,중립
버추얼 아이돌 인기가 이정도? '이세계 아이돌' 역대 펀딩 88억 돌파/ KNN,KNN NEWS,대댓글,@Hanabi_12867,@isegye4ever그냥 분탕치는 혐팬치들 보고 단편적으로 생각하는듯 ㅇㅇ,0,2024-11-29T11:20:44Z,0,UgzpyLaZXHCGtC_yKOx4AaABAg.ABPzolD-Vb6ABQWy6elE65,Av1zma6uJco,UCRcBFNjOJ-IORVLjzBQJgoA,2024-11-29T11:20:44Z,UgzpyLaZXHCGtC_yKOx4AaABAg,중립
버추얼 아이돌 인기가 이정도? '이세계 아이돌' 역대 펀딩 88억 돌파/ KNN,KNN NEWS,대댓글,@ggamjjigi-ggyu,우왁굳이 팬 조련 기가막히게 해서 대부분 이파리들은 정상임,0,2024-11-29T15:13:48Z,0,UgzpyLaZXHCGtC_yKOx4AaABAg.ABPzolD-Vb6ABQwd3bQC4-,Av1zma6uJco,UCF7wGPZq95qkWoDkWUjULaA,2024-11-29T15:13:48Z,UgzpyLaZXHCGtC_yKOx4AaABAg,중립
버추얼 아이돌 인기가 이정도? '이세계 아이돌' 역대 펀딩 88억 돌파/ KNN,KNN NEWS,대댓글,@ggamjjigi-ggyu,요즘 여돌들 팬덤보단 낫다고봄,0,2024-11-29T15:14:34Z,0,UgzpyLaZXHCGtC_yKOx4AaABAg.ABPzolD-Vb6ABQwiej7tsx,Av1zma6uJco,UCF7wGPZq95qkWoDkWUjULaA,2024-11-29T15:14:34Z,UgzpyLaZXHCGtC_yKOx4AaABAg,중립
버추얼 아이돌 인기가 이정도? '이세계 아이돌' 역대 펀딩 88억 돌파/ KNN,KNN NEWS,대댓글,@Hanabi_12867,@ggamjjigi-ggyu 팬덤 완벽히 깨끗한 건 오히려 종교에 가깝지 ㅋㅋ,0,2024-11-29T15:21:57Z,0,UgzpyLaZXHCGtC_yKOx4AaABAg.ABPzolD-Vb6ABQxZkINDWr,Av1zma6uJco,UCRcBFNjOJ-IORVLjzBQJgoA,2024-11-29T15:21:57Z,UgzpyLaZXHCGtC_yKOx4AaABAg,긍정
버추얼 아이돌 인기가 이정도? '이세계 아이돌' 역대 펀딩 88억 돌파/ KNN,KNN NEWS,최상위 댓글,@IFSNRI,이래서 2D 캐릭터 한테 인권을 준거네 ㅋㅋ,3,2024-11-27T22:42:45Z,0,UgzJ0A5-iomaQ4wywaB4AaABAg,Av1zma6uJco,UCjULObgKCaqnxhSt8a5rnLg,2024-11-27T22:42:45Z,,중립
버추얼 아이돌 인기가 이정도? '이세계 아이돌' 역대 펀딩 88억 돌파/ KNN,KNN NEWS,최상위 댓글,@Fooltany,정치인들이 난리치던 메타버스 성공사례가 바로 여기있다 이거야! 크,0,2024-11-27T18:53:19Z,0,UgwjpkTDHG-vpyBqzrR4AaABAg,Av1zma6uJco,UCabE-9qKKsI0wIZXSEBLw1g,2024-11-27T18:53:19Z,,중립
버추얼 아이돌 인기가 이정도? '이세계 아이돌' 역대 펀딩 88억 돌파/ KNN,KNN NEWS,최상위 댓글,@Trickcurlballpull,이게 버츄얼이 아이돌AI가 되었네,0,2024-11-28T02:08:05Z,0,UgzY2swkFxVr2w429mx4AaABAg,Av1zma6uJco,UC7s7RcLLQ6nXJ71dVcGOtqw,2024-11-28T02:08:05Z,,중립
버추얼 아이돌 인기가 이정도? '이세계 아이돌' 역대 펀딩 88억 돌파/ KNN,KNN NEWS,최상위 댓글,@JoRaReGi,ㅉㅉ.....니네 인생을 살어....제발......,5,2024-11-29T05:16:48Z,3,Ugz6EKByRo0DtSYahbB4AaABAg,Av1zma6uJco,UC8Q3mL6LlJdriUqI47KbkTA,2024-11-29T05:16:48Z,,중립
버추얼 아이돌 인기가 이정도? '이세계 아이돌' 역대 펀딩 88억 돌파/ KNN,KNN NEWS,대댓글,@xsk2kw8sk,남 인생 잘 살고있는데 왜 참견이노 니 인생에 훈수하세요 ㅋㅋㅋㅋㅋㅋㅋㅋㅋㅋ,0,2024-11-30T22:27:15Z,0,Ugz6EKByRo0DtSYahbB4AaABAg.ABPsJYpGk7qABUI1b_hzsY,Av1zma6uJco,UCR08mrmVxgV5kj22k3wXNRQ,2024-11-30T22:27:21Z,Ugz6EKByRo0DtSYahbB4AaABAg,중립
버추얼 아이돌 인기가 이정도? '이세계 아이돌' 역대 펀딩 88억 돌파/ KNN,KNN NEWS,대댓글,@VIichan_RANE,이게 내 인생이야.. ㅎㅎ,0,2024-12-07T09:36:34Z,0,Ugz6EKByRo0DtSYahbB4AaABAg.ABPsJYpGk7qABjwP8bAW30,Av1zma6uJco,UCwH9f0nhcalCRR4ewTdWhUA,2024-12-07T09:36:34Z,Ugz6EKByRo0DtSYahbB4AaABAg,중립
버추얼 아이돌 인기가 이정도? '이세계 아이돌' 역대 펀딩 88억 돌파/ KNN,KNN NEWS,대댓글,@hwang_9-n1i,인생을 살아야 굿즈를 사지..,0,2025-01-27T07:52:13Z,0,Ugz6EKByRo0DtSYahbB4AaABAg.ABPsJYpGk7qADn4-WrTLi8,Av1zma6uJco,UCoFqsgL2yLK3OY2KCuICJEQ,2025-01-27T07:52:13Z,Ugz6EKByRo0DtSYahbB4AaABAg,긍정
버추얼 아이돌 인기가 이정도? '이세계 아이돌' 역대 펀딩 88억 돌파/ KNN,KNN NEWS,최상위 댓글,@Moondisaster18,세상이 미쳐돌아가는구나… 일본에서 하츠네미쿠 공연할때는 엄청비웃더니,5,2024-11-28T14:56:47Z,9,Ugzu3si-dLj_p5kZ4eh4AaABAg,Av1zma6uJco,UCY5h_XERrauNxpqBJ_B_5uA,2024-11-28T14:56:47Z,,중립
버추얼 아이돌 인기가 이정도? '이세계 아이돌' 역대 펀딩 88억 돌파/ KNN,KNN NEWS,대댓글,@llllllllllllllllllllllllll-z2g,어질어질함..ㅋㅋㅋㅋ 도데체 한국에 히키코모리가 얼마나 많은거냐…여자는 페미로 빠지고 남자는 씹덕으로 캐릭과 대화하고..저출산의 나라😂😂,11,2024-11-28T15:23:52Z,0,Ugzu3si-dLj_p5kZ4eh4AaABAg.ABOKtczIJzoABONztoKQ9h,Av1zma6uJco,UC4s7fMOLDFkhrewLTicSmwQ,2024-11-28T15:23:52Z,Ugzu3si-dLj_p5kZ4eh4AaABAg,중립
버추얼 아이돌 인기가 이정도? '이세계 아이돌' 역대 펀딩 88억 돌파/ KNN,KNN NEWS,대댓글,@헬조센,​@llllllllllllllllllllllllll-z2g 캬,1,2024-11-28T15:30:16Z,0,Ugzu3si-dLj_p5kZ4eh4AaABAg.ABOKtczIJzoABOOiobNoPU,Av1zma6uJco,UC0s_zfYyUBrMcGfz7zDuIow,2024-11-28T15:30:16Z,Ugzu3si-dLj_p5kZ4eh4AaABAg,중립
버추얼 아이돌 인기가 이정도? '이세계 아이돌' 역대 펀딩 88억 돌파/ KNN,KNN NEWS,대댓글,@아리가또라베스크-i6p,미쳐돌아가는건 젠황,0,2024-11-28T16:51:07Z,0,Ugzu3si-dLj_p5kZ4eh4AaABAg.ABOKtczIJzoABOXz2EY1q3,Av1zma6uJco,UCzS_BQ9EvOQo90TnV2POsRg,2024-11-28T16:51:07Z,Ugzu3si-dLj_p5kZ4eh4AaABAg,중립
버추얼 아이돌 인기가 이정도? '이세계 아이돌' 역대 펀딩 88억 돌파/ KNN,KNN NEWS,대댓글,@성이름-g3i4t,지들이 할땐 문화 일본이 할땐 저게뭐야 ㅋㅋㅋㅋ,5,2024-11-28T23:37:04Z,0,Ugzu3si-dLj_p5kZ4eh4AaABAg.ABOKtczIJzoABPGRDO_vpl,Av1zma6uJco,UCLToJgc7pDcSd-u6E1BvIFg,2024-11-28T23:37:04Z,Ugzu3si-dLj_p5kZ4eh4AaABAg,중립
버추얼 아이돌 인기가 이정도? '이세계 아이돌' 역대 펀딩 88억 돌파/ KNN,KNN NEWS,대댓글,@Zuzqc,이쪽취미에 발들여도 행사같은데서 멀쩡한 남녀애들 꽤많음 나도 이해못했던 사람중하난데 현실구분하고 취미생활로하면 꽤 나쁘지않음,0,2024-11-30T02:56:45Z,0,Ugzu3si-dLj_p5kZ4eh4AaABAg.ABOKtczIJzoABSC4fw6v7V,Av1zma6uJco,UCTWI2hExVfVpkDjJDLDwoqg,2024-11-30T02:56:45Z,Ugzu3si-dLj_p5kZ4eh4AaABAg,부정
버추얼 아이돌 인기가 이정도? '이세계 아이돌' 역대 펀딩 88억 돌파/ KNN,KNN NEWS,최상위 댓글,@고사리미나리-f6q,여긴 나이대 훨 더 높지 않나ㅋㅋ,4,2024-11-27T16:24:05Z,2,Ugyk31djvWHoNDdR9mN4AaABAg,Av1zma6uJco,UCidJaIz97O_Vxf2NAe0rwNw,2024-11-27T16:24:05Z,,중립
버추얼 아이돌 인기가 이정도? '이세계 아이돌' 역대 펀딩 88억 돌파/ KNN,KNN NEWS,대댓글,@jeyfanchannel,1020세대 보단 2030세대라고 해줘야..,1,2024-11-27T16:49:40Z,0,Ugyk31djvWHoNDdR9mN4AaABAg.ABLv55CfgZeABLy0X259An,Av1zma6uJco,UCYKWKkoqPWAj4UwCcZukFaw,2024-11-27T16:49:40Z,Ugyk31djvWHoNDdR9mN4AaABAg,중립
버추얼 아이돌 인기가 이정도? '이세계 아이돌' 역대 펀딩 88억 돌파/ KNN,KNN NEWS,대댓글,@Superddong-r3,통계에는 10대가 30보다 훨씬 많긴 함,1,2024-11-27T17:13:33Z,0,Ugyk31djvWHoNDdR9mN4AaABAg.ABLv55CfgZeABM-kRjgmbJ,Av1zma6uJco,UC_MFHpeNMbGeXMruJ3YJY9w,2024-11-27T17:13:33Z,Ugyk31djvWHoNDdR9mN4AaABAg,중립
버추얼 아이돌 인기가 이정도? '이세계 아이돌' 역대 펀딩 88억 돌파/ KNN,KNN NEWS,최상위 댓글,@ecklacen4674,이런 세계도 있군요..새로운 지식 뉴스덕에 잘알고갑니다 킹아~,0,2024-11-27T22:04:07Z,0,UgxAp8jPY7Pe2ZdtTz54AaABAg,Av1zma6uJco,UC2hprudBwDTPkxKrrKT6xug,2024-11-27T22:04:07Z,,중립
버추얼 아이돌 인기가 이정도? '이세계 아이돌' 역대 펀딩 88억 돌파/ KNN,KNN NEWS,최상위 댓글,@yoharo-s3s,차세돌 펀딩때 70억 띄운거 보고 개놀라긴했어 ㅋㅋㅋ,2,2024-12-24T16:42:29Z,0,Ugwh9x5EY_NqVKYwGhp4AaABAg,Av1zma6uJco,UCMYxlOBq7axtE6OIZJFWNPA,2024-12-24T16:42:29Z,,중립
버추얼 아이돌 인기가 이정도? '이세계 아이돌' 역대 펀딩 88억 돌파/ KNN,KNN NEWS,최상위 댓글,@AliceAntique,"댓글보니까 오타쿠들 진짜 많은듯...
저애들 굿즈같은거 사서 껴안고자고
캐릭보면서 설레고 그럼?",8,2024-11-28T05:47:39Z,8,Ugxs1UIorMrMJQHXzTN4AaABAg,Av1zma6uJco,UCCkbQpnHQ60WAQLI5NF2qPg,2024-11-28T05:47:39Z,,긍정
버추얼 아이돌 인기가 이정도? '이세계 아이돌' 역대 펀딩 88억 돌파/ KNN,KNN NEWS,대댓글,@merong3330,안에 사람이 있는데 그럴리가,7,2024-11-28T06:19:19Z,0,Ugxs1UIorMrMJQHXzTN4AaABAg.ABNM2b6hxh1ABNPfUB7cs4,Av1zma6uJco,UCg1H4JRZudPP7Qsn3NpNUAA,2024-11-28T06:19:19Z,Ugxs1UIorMrMJQHXzTN4AaABAg,중립
버추얼 아이돌 인기가 이정도? '이세계 아이돌' 역대 펀딩 88억 돌파/ KNN,KNN NEWS,대댓글,@최후의전사-김햇규,그건 오타쿠중에서도 중증인 케이스,11,2024-11-28T06:21:37Z,0,Ugxs1UIorMrMJQHXzTN4AaABAg.ABNM2b6hxh1ABNPwM0EyBd,Av1zma6uJco,UC1A2aAfTprO0SnnqObOx4lQ,2024-11-28T06:21:37Z,Ugxs1UIorMrMJQHXzTN4AaABAg,중립
버추얼 아이돌 인기가 이정도? '이세계 아이돌' 역대 펀딩 88억 돌파/ KNN,KNN NEWS,대댓글,@ITZ_COOL_PIZZZA,그건 병원급,5,2024-11-28T06:24:20Z,0,Ugxs1UIorMrMJQHXzTN4AaABAg.ABNM2b6hxh1ABNQFGj2El9,Av1zma6uJco,UCe2w4RWwd4kfc5McrsXOnfA,2024-11-28T06:24:20Z,Ugxs1UIorMrMJQHXzTN4AaABAg,중립
버추얼 아이돌 인기가 이정도? '이세계 아이돌' 역대 펀딩 88억 돌파/ KNN,KNN NEWS,대댓글,@isegye4ever,"모셔놔야지 껴안고 자다가
부수기라도 하면 책임을 누가지냐",2,2024-11-28T06:29:25Z,0,Ugxs1UIorMrMJQHXzTN4AaABAg.ABNM2b6hxh1ABNQp_UkyfJ,Av1zma6uJco,UCvVm5-UYNSVMhyUwo3mk4kQ,2024-11-28T06:29:39Z,Ugxs1UIorMrMJQHXzTN4AaABAg,중립
버추얼 아이돌 인기가 이정도? '이세계 아이돌' 역대 펀딩 88억 돌파/ KNN,KNN NEWS,대댓글,@어지럽다-g3x,"가끔 떠서보면 귀여운데 1분이상보면
현타가 진짜 심함. 이걸 극복한 사람들인듯. 극복이 맞는표현인진 모르겠지만..",0,2024-11-28T06:30:51Z,0,Ugxs1UIorMrMJQHXzTN4AaABAg.ABNM2b6hxh1ABNR-2Ih0P7,Av1zma6uJco,UCazWwL9K0cyU1UD-jCDJEzw,2024-11-28T06:30:51Z,Ugxs1UIorMrMJQHXzTN4AaABAg,중립
버추얼 아이돌 인기가 이정도? '이세계 아이돌' 역대 펀딩 88억 돌파/ KNN,KNN NEWS,최상위 댓글,@손정민-h3l,한국이 망해가는구나,3,2024-11-28T06:24:31Z,0,UgzuViDUTetUmVct7AN4AaABAg,Av1zma6uJco,UCA1R5iWcitzuxlN3Cj4UnsA,2024-11-28T06:24:31Z,,중립
버추얼 아이돌 인기가 이정도? '이세계 아이돌' 역대 펀딩 88억 돌파/ KNN,KNN NEWS,최상위 댓글,@실면-d5l,모니터 뒤에 안여돼있을지 남자인지 여자인지 구분도 안되는걸 왜빨아주는건지,10,2024-11-28T06:52:13Z,9,Ugy4oZ3Rn6ufTJExJDN4AaABAg,Av1zma6uJco,UC4YvHIZ6Eb_D9qd83ul9XWw,2024-11-28T18:41:57Z,,중립
버추얼 아이돌 인기가 이정도? '이세계 아이돌' 역대 펀딩 88억 돌파/ KNN,KNN NEWS,대댓글,@dashmaster_0,"뭐 대부분은 그 사실을 알고 있습니다. 
그냥 스트리머나 연애인 보듯이 보는거라서요.
내가 좋아하는 스트리머나 사람이라면 그게 남자든 여자든 가면을 쓰고있든 상관없이 후원해주고 응원해주고 싶은거죠.

원래 팬심이란게 3자 입장에서 보면 이해가 안되는 거 같긴합니다 ㅋㅋㅋ",9,2024-11-28T07:52:17Z,0,Ugy4oZ3Rn6ufTJExJDN4AaABAg.ABNTRXaC8tOABN_JW5xzyY,Av1zma6uJco,UC4J9MfOwkgh7Xgn4_tarpGw,2024-11-28T07:52:17Z,Ugy4oZ3Rn6ufTJExJDN4AaABAg,긍정
버추얼 아이돌 인기가 이정도? '이세계 아이돌' 역대 펀딩 88억 돌파/ KNN,KNN NEWS,대댓글,@ddy888,빨간약 보면 전부 확실하게 여자 맞음..ㅇ,5,2024-11-28T08:34:02Z,0,Ugy4oZ3Rn6ufTJExJDN4AaABAg.ABNTRXaC8tOABNe5CKFs8V,Av1zma6uJco,UCKdMCoiPxNNg806JYIENc0A,2024-11-28T08:34:02Z,Ugy4oZ3Rn6ufTJExJDN4AaABAg,중립
버추얼 아이돌 인기가 이정도? '이세계 아이돌' 역대 펀딩 88억 돌파/ KNN,KNN NEWS,대댓글,@xlxlxlxlxlxlxl,좀 말이 거칠긴하지만 나도 그 생각에는 동의함,1,2024-11-28T17:31:57Z,0,Ugy4oZ3Rn6ufTJExJDN4AaABAg.ABNTRXaC8tOABObe5o-Czw,Av1zma6uJco,UC0hP-6-UbHhWi-AFKpWMN9Q,2024-11-28T17:31:57Z,Ugy4oZ3Rn6ufTJExJDN4AaABAg,중립
버추얼 아이돌 인기가 이정도? '이세계 아이돌' 역대 펀딩 88억 돌파/ KNN,KNN NEWS,대댓글,@Hanabi_12867,이세돌은 대형 회사랑 계약된 사람들이라 남자일 수가 없긴 해요 ㅋㅋ,0,2024-11-29T11:46:52Z,0,Ugy4oZ3Rn6ufTJExJDN4AaABAg.ABNTRXaC8tOABQZxQmUjo4,Av1zma6uJco,UCRcBFNjOJ-IORVLjzBQJgoA,2024-11-29T11:46:52Z,Ugy4oZ3Rn6ufTJExJDN4AaABAg,긍정
버추얼 아이돌 인기가 이정도? '이세계 아이돌' 역대 펀딩 88억 돌파/ KNN,KNN NEWS,대댓글,@ggamjjigi-ggyu,서로 현실만남하고 빨간약도 몇명은 있어서 여자가 맞음 남자일수는 없음,0,2024-11-29T15:31:36Z,0,Ugy4oZ3Rn6ufTJExJDN4AaABAg.ABNTRXaC8tOABQyfQ7gKN-,Av1zma6uJco,UCF7wGPZq95qkWoDkWUjULaA,2024-11-29T15:31:36Z,Ugy4oZ3Rn6ufTJExJDN4AaABAg,중립
버추얼 아이돌 인기가 이정도? '이세계 아이돌' 역대 펀딩 88억 돌파/ KNN,KNN NEWS,최상위 댓글,@이세돌은전설이다,누군진 모르겠지만 참 대단하네요 킹아,2,2025-01-01T05:05:57Z,0,UgyLx3fdD42G4zN-WUZ4AaABAg,Av1zma6uJco,UCWagzaVXNtz39ejgIZ3CgWQ,2025-01-01T05:05:57Z,,중립
버추얼 아이돌 인기가 이정도? '이세계 아이돌' 역대 펀딩 88억 돌파/ KNN,KNN NEWS,최상위 댓글,@리치파파-o5u,"근데 그럴만도해 절대 내가 팬치,고라니,세균단,주폭도,박쥐단,똥강아지,뚤기라서가 아님",2,2024-12-02T10:20:36Z,0,Ugy64ruj4xnJeDbDADR4AaABAg,Av1zma6uJco,UCGt_d0D5RU3Fy2jttQ7-voA,2024-12-02T10:20:36Z,,중립
버추얼 아이돌 인기가 이정도? '이세계 아이돌' 역대 펀딩 88억 돌파/ KNN,KNN NEWS,최상위 댓글,@satisfaction9003,식데도 보성이도 모두 친구~,4,2024-11-29T16:58:52Z,0,Ugw7NcwtWpF6bLkXNFd4AaABAg,Av1zma6uJco,UCLD3OTYey-IZQ5deEslpP8g,2024-11-29T16:58:52Z,,중립
버추얼 아이돌 인기가 이정도? '이세계 아이돌' 역대 펀딩 88억 돌파/ KNN,KNN NEWS,최상위 댓글,@안지원-v3c,나라망했냐?,11,2024-12-06T01:11:41Z,7,Ugw0_K1NR4z9J8H5-a14AaABAg,Av1zma6uJco,UCI2fdhXK97h_vVZtct200NQ,2024-12-06T01:11:41Z,,중립
버추얼 아이돌 인기가 이정도? '이세계 아이돌' 역대 펀딩 88억 돌파/ KNN,KNN NEWS,대댓글,@user-jn9ib2ul3j,계엄령 내린거 보면 맞긴함,8,2024-12-06T01:37:43Z,0,Ugw0_K1NR4z9J8H5-a14AaABAg.ABgSpMI78syABgVo7DeKLC,Av1zma6uJco,UCXsde0-qMKtlkdvsR5nY2Sg,2024-12-06T01:37:43Z,Ugw0_K1NR4z9J8H5-a14AaABAg,중립
버추얼 아이돌 인기가 이정도? '이세계 아이돌' 역대 펀딩 88억 돌파/ KNN,KNN NEWS,대댓글,@느느-h3j,로리신레퀴엠 음원차트3위 보면 모르겠냐 ㅋㅋㅋ,10,2024-12-07T03:45:57Z,0,Ugw0_K1NR4z9J8H5-a14AaABAg.ABgSpMI78syABjJH5FUqdp,Av1zma6uJco,UCiMR6G0gqRQ3enLV2ayA3dw,2024-12-07T03:45:57Z,Ugw0_K1NR4z9J8H5-a14AaABAg,중립
버추얼 아이돌 인기가 이정도? '이세계 아이돌' 역대 펀딩 88억 돌파/ KNN,KNN NEWS,대댓글,@user-jn9ib2ul3j,@느느-h3j 부정은 못하겠다 ㅋㅋㅋㅋㅋㅋㅋㅋㅋㅋㅋㅋㅋㅋㅋㅋㅋㅋㅋㅋㅋㅋㅋㅋ,8,2024-12-07T03:54:30Z,0,Ugw0_K1NR4z9J8H5-a14AaABAg.ABgSpMI78syABjKFopKPxk,Av1zma6uJco,UCXsde0-qMKtlkdvsR5nY2Sg,2024-12-07T03:54:30Z,Ugw0_K1NR4z9J8H5-a14AaABAg,중립
버추얼 아이돌 인기가 이정도? '이세계 아이돌' 역대 펀딩 88억 돌파/ KNN,KNN NEWS,대댓글,@아리가또라베스크-i6p,이제알았냐?,0,2025-01-03T07:37:48Z,0,Ugw0_K1NR4z9J8H5-a14AaABAg.ABgSpMI78syACpFGvG2COW,Av1zma6uJco,UCzS_BQ9EvOQo90TnV2POsRg,2025-01-03T07:37:48Z,Ugw0_K1NR4z9J8H5-a14AaABAg,중립
버추얼 아이돌 인기가 이정도? '이세계 아이돌' 역대 펀딩 88억 돌파/ KNN,KNN NEWS,대댓글,@user-gf9vg846h1,알면 즐겨,2,2025-01-11T18:30:53Z,0,Ugw0_K1NR4z9J8H5-a14AaABAg.ABgSpMI78syADA0NFcaJWY,Av1zma6uJco,UCJ30AakDMyoi0SpMABGt4qw,2025-01-11T18:30:53Z,Ugw0_K1NR4z9J8H5-a14AaABAg,중립
버추얼 아이돌 인기가 이정도? '이세계 아이돌' 역대 펀딩 88억 돌파/ KNN,KNN NEWS,최상위 댓글,@0iohw66es2y,이국종 교수는 9억이 필요 합니다,6,2025-03-05T08:58:17Z,0,UgyS-6eqJhJneUQl7nh4AaABAg,Av1zma6uJco,UCOapEy93T8q2vCHbr70W3-w,2025-03-05T08:58:17Z,,중립
버추얼 아이돌 인기가 이정도? '이세계 아이돌' 역대 펀딩 88억 돌파/ KNN,KNN NEWS,최상위 댓글,@이든-j5q,일단 노래들이 하나같이 다 좋음 ㅋㅋ 팬층이 안생길래야 안생길 수가 없지 ㅎㅎ,0,2024-11-27T23:49:21Z,0,UgwVfCqD4uvUZwO1OJd4AaABAg,Av1zma6uJco,UCvOnGdBKSNXLMh3xWot9YkA,2024-11-27T23:49:21Z,,중립
버추얼 아이돌 인기가 이정도? '이세계 아이돌' 역대 펀딩 88억 돌파/ KNN,KNN NEWS,최상위 댓글,@eivicd,"님들아 비늘이3 이사람 관심주지마세요 칸나님이랑 비늘이들 욕먹일려고 부계까지 파서
고의적으로 악플다는데 관심주지마세요.
이세돌,스텔라이브 더 높이가자",8,2025-01-28T17:04:36Z,1,UgzTwQmOs4Gj_oaYlxd4AaABAg,Av1zma6uJco,UC-WzjNfCY2XkTYlSicCC-kw,2025-01-28T17:04:36Z,,중립
버추얼 아이돌 인기가 이정도? '이세계 아이돌' 역대 펀딩 88억 돌파/ KNN,KNN NEWS,대댓글,@개입신당,"자 화면을 보고 그사람을 다시 생각해봐 너의 선택지는 2개나 있어
1 스텔은 악질이다
2 오영택이 목아지 따러 목숨까지 바치겠습니다
이 둘중 하나를 말 해",0,2025-06-29T12:35:29Z,0,UgzTwQmOs4Gj_oaYlxd4AaABAg.ADqd06f8WdvAJxY26SAOIL,Av1zma6uJco,UCVacEr4NSuuz7-AW4U6s8rw,2025-06-29T12:35:29Z,UgzTwQmOs4Gj_oaYlxd4AaABAg,중립
버추얼 아이돌 인기가 이정도? '이세계 아이돌' 역대 펀딩 88억 돌파/ KNN,KNN NEWS,최상위 댓글,@미케meke,저도 퇴사해서 인생 망하면 VR먼저 살려고요,4,2025-01-03T09:50:18Z,5,Ugw-vwwNF_PAJfM4OYp4AaABAg,Av1zma6uJco,UCBojLO4iU4H8D9YmgwprZrw,2025-01-03T09:50:18Z,,중립
버추얼 아이돌 인기가 이정도? '이세계 아이돌' 역대 펀딩 88억 돌파/ KNN,KNN NEWS,대댓글,@아리가또라베스크-i6p,그것도 돈이 있어야 하죠,1,2025-01-28T07:12:43Z,0,Ugw-vwwNF_PAJfM4OYp4AaABAg.ACpURLdKUTXADp_H3zuTKM,Av1zma6uJco,UCzS_BQ9EvOQo90TnV2POsRg,2025-01-28T07:12:43Z,Ugw-vwwNF_PAJfM4OYp4AaABAg,중립
버추얼 아이돌 인기가 이정도? '이세계 아이돌' 역대 펀딩 88억 돌파/ KNN,KNN NEWS,대댓글,@eivicd,컴터에 돈쓰고 마이크 오인페 뭐 캠 캐릭터 등등 돈 ㅈㄴ듬 ㅋㅋ,1,2025-01-28T16:32:23Z,0,Ugw-vwwNF_PAJfM4OYp4AaABAg.ACpURLdKUTXADq_KE9qKMb,Av1zma6uJco,UC-WzjNfCY2XkTYlSicCC-kw,2025-01-28T16:32:23Z,Ugw-vwwNF_PAJfM4OYp4AaABAg,중립
버추얼 아이돌 인기가 이정도? '이세계 아이돌' 역대 펀딩 88억 돌파/ KNN,KNN NEWS,대댓글,@eivicd,+송출컴 이것도 좀 많이들거임,0,2025-01-28T16:32:44Z,0,Ugw-vwwNF_PAJfM4OYp4AaABAg.ACpURLdKUTXADq_Mkf8KS7,Av1zma6uJco,UC-WzjNfCY2XkTYlSicCC-kw,2025-01-28T16:32:44Z,Ugw-vwwNF_PAJfM4OYp4AaABAg,중립
버추얼 아이돌 인기가 이정도? '이세계 아이돌' 역대 펀딩 88억 돌파/ KNN,KNN NEWS,대댓글,@미케meke,누가 진짜로 저런걸 한다고 ㅋㅋ,0,2025-01-29T08:24:31Z,0,Ugw-vwwNF_PAJfM4OYp4AaABAg.ACpURLdKUTXADsHHrRDjPi,Av1zma6uJco,UCBojLO4iU4H8D9YmgwprZrw,2025-01-29T08:24:31Z,Ugw-vwwNF_PAJfM4OYp4AaABAg,중립
버추얼 아이돌 인기가 이정도? '이세계 아이돌' 역대 펀딩 88억 돌파/ KNN,KNN NEWS,대댓글,@개입신당,그건 하지마라 ㅈㄴ 레드오션 이다 육수ㅅㄲ 민짜까지 하는 버츄얼 방송 니가 할수 있겠니,0,2025-06-29T12:38:08Z,0,Ugw-vwwNF_PAJfM4OYp4AaABAg.ACpURLdKUTXAJxYLVcWhsx,Av1zma6uJco,UCVacEr4NSuuz7-AW4U6s8rw,2025-06-29T12:38:08Z,Ugw-vwwNF_PAJfM4OYp4AaABAg,중립
버추얼 아이돌 인기가 이정도? '이세계 아이돌' 역대 펀딩 88억 돌파/ KNN,KNN NEWS,최상위 댓글,@chanho_Lee91,처음엔 이게 뭔가 싶었는데... 이해는 가. 세계관을 공유하면서 대화까지 할수있는 애니캐릭터라고 생각하면 왜 십덕들이 환장하는지 대충 알거같긴함. 물론 난 잘 몰라..,5,2025-01-02T05:20:16Z,2,UgwjxD9jgXOYROJHs4t4AaABAg,Av1zma6uJco,UCRxhsSxLQ6-U5PxybXQnwpQ,2025-01-02T05:20:16Z,,중립
버추얼 아이돌 인기가 이정도? '이세계 아이돌' 역대 펀딩 88억 돌파/ KNN,KNN NEWS,대댓글,@hwang--,"십덕들의 범위가 넓긴하네요
연애인들 인플들도 이세돌 샤라웃하고 보고 피쳐링 참가 하시고 콘서트 가시는 분들도 많아지셔서요 ㅎㅎ",3,2025-01-02T07:26:53Z,0,UgwjxD9jgXOYROJHs4t4AaABAg.ACmQji1BX3OACmeE5gczD3,Av1zma6uJco,UCbc0TccFOz-cUsYGdxCF8vA,2025-01-02T07:29:13Z,UgwjxD9jgXOYROJHs4t4AaABAg,중립
버추얼 아이돌 인기가 이정도? '이세계 아이돌' 역대 펀딩 88억 돌파/ KNN,KNN NEWS,대댓글,@아리가또라베스크-i6p,​@hwang--님 프사 보고 순간 메인드 인 헤븐 외칠 뻔 한거 알아요?,0,2025-02-21T14:24:32Z,0,UgwjxD9jgXOYROJHs4t4AaABAg.ACmQji1BX3OAEo8lp_yaoQ,Av1zma6uJco,UCzS_BQ9EvOQo90TnV2POsRg,2025-02-21T14:24:32Z,UgwjxD9jgXOYROJHs4t4AaABAg,중립
버추얼 아이돌 인기가 이정도? '이세계 아이돌' 역대 펀딩 88억 돌파/ KNN,KNN NEWS,최상위 댓글,@inreve1314,패러블이 존나 빼먹겠네...불쌍한 영택이형....따로 기획사 차리고 법인 등록해서 제대로 해봤으면 돈 많이 벌었을텐데..,1,2024-11-28T04:56:36Z,0,Ugz6cRUgqQP4IgK-j9B4AaABAg,Av1zma6uJco,UC50VWVX2mWdd9ZWpof9yd8g,2024-11-28T04:56:44Z,,중립
버추얼 아이돌 인기가 이정도? '이세계 아이돌' 역대 펀딩 88억 돌파/ KNN,KNN NEWS,최상위 댓글,@shipta_10,키야 이게 우리야,0,2024-11-27T22:17:52Z,0,UgxMwyNaG6X3BBTEmgd4AaABAg,Av1zma6uJco,UC5MpluQ-RA89xSFzQwlbkTQ,2024-11-27T22:17:52Z,,중립
버추얼 아이돌 인기가 이정도? '이세계 아이돌' 역대 펀딩 88억 돌파/ KNN,KNN NEWS,최상위 댓글,@희바-y2x,걍 아래는 아래에서 놀아라  뭘 자꾸 위로 올라오려고 사냐,4,2024-11-28T13:44:08Z,6,UgyZFaI5TmPoHHDIaoJ4AaABAg,Av1zma6uJco,UCbTQlxjF7crW3qHvQG6goiw,2024-11-28T13:44:08Z,,중립
버추얼 아이돌 인기가 이정도? '이세계 아이돌' 역대 펀딩 88억 돌파/ KNN,KNN NEWS,대댓글,@아리가또라베스크-i6p,희바야 명령하지 마라,0,2024-11-28T16:55:55Z,0,UgyZFaI5TmPoHHDIaoJ4AaABAg.ABOC_SS-kFEABOYX9GB4q6,Av1zma6uJco,UCzS_BQ9EvOQo90TnV2POsRg,2024-11-28T16:55:55Z,UgyZFaI5TmPoHHDIaoJ4AaABAg,중립
버추얼 아이돌 인기가 이정도? '이세계 아이돌' 역대 펀딩 88억 돌파/ KNN,KNN NEWS,대댓글,@흥분의도가니-n9j,어딜가미,0,2024-11-28T17:05:28Z,0,UgyZFaI5TmPoHHDIaoJ4AaABAg.ABOC_SS-kFEABOZc54tnk4,Av1zma6uJco,UC7UujFsIK0AEfWDnRMM0dLw,2024-11-28T17:05:28Z,UgyZFaI5TmPoHHDIaoJ4AaABAg,중립
버추얼 아이돌 인기가 이정도? '이세계 아이돌' 역대 펀딩 88억 돌파/ KNN,KNN NEWS,대댓글,@ggamjjigi-ggyu,우리도 아래로 노력하고 싶은데 자꾸 위에서 끌어당기는걸 어떡하냐,5,2024-11-29T15:23:24Z,0,UgyZFaI5TmPoHHDIaoJ4AaABAg.ABOC_SS-kFEABQxjPch1ad,Av1zma6uJco,UCF7wGPZq95qkWoDkWUjULaA,2024-11-29T15:23:24Z,UgyZFaI5TmPoHHDIaoJ4AaABAg,중립
버추얼 아이돌 인기가 이정도? '이세계 아이돌' 역대 펀딩 88억 돌파/ KNN,KNN NEWS,대댓글,@xoxv0116,우왁굳은 음지로 들어가려했는데 강제로 끄집어 진거임ㅇㅇ,1,2024-11-30T07:08:41Z,0,UgyZFaI5TmPoHHDIaoJ4AaABAg.ABOC_SS-kFEABSduowV3BN,Av1zma6uJco,UCQXVEM5rpVg56TU4huyfBnw,2024-11-30T07:08:41Z,UgyZFaI5TmPoHHDIaoJ4AaABAg,중립
버추얼 아이돌 인기가 이정도? '이세계 아이돌' 역대 펀딩 88억 돌파/ KNN,KNN NEWS,대댓글,@doomkid101,일러레 구독자 수듄,0,2024-11-30T10:50:37Z,0,UgyZFaI5TmPoHHDIaoJ4AaABAg.ABOC_SS-kFEABT2JMTwxyJ,Av1zma6uJco,UCDi8Rb-v1h42eJe0JC8xYmg,2024-11-30T10:50:37Z,UgyZFaI5TmPoHHDIaoJ4AaABAg,중립
버추얼 아이돌 인기가 이정도? '이세계 아이돌' 역대 펀딩 88억 돌파/ KNN,KNN NEWS,최상위 댓글,@구리아-c1j,썸네일에 이세돌이 뭐길래는 좀..,3,2025-01-03T11:12:19Z,1,UgzmYIrRvnlzeoAFKSF4AaABAg,Av1zma6uJco,UCCFIZFuK4SBgruxKrDZ0V_Q,2025-01-03T11:12:19Z,,중립
버추얼 아이돌 인기가 이정도? '이세계 아이돌' 역대 펀딩 88억 돌파/ KNN,KNN NEWS,대댓글,@아리가또라베스크-i6p,"이세돌이 하나도 아니고 뭔...









그런 당신을 위해 열렸습니다! 진짜 이세돌은 누가 될 것인가? 도파민 폭포! 스트레스 신경절단에 가까운 세계관 붕괴급 세기말 데스매치가 지금  SOOP에서 시작된다!!!
2025년 2월 21일 금요일 저녁 7시
*_이세돌 vs 이세돌_*",1,2025-02-21T14:21:51Z,0,UgzmYIrRvnlzeoAFKSF4AaABAg.ACpcp1yggIWAEo8TCuhm7W,Av1zma6uJco,UCzS_BQ9EvOQo90TnV2POsRg,2025-02-21T14:21:51Z,UgzmYIrRvnlzeoAFKSF4AaABAg,중립
버추얼 아이돌 인기가 이정도? '이세계 아이돌' 역대 펀딩 88억 돌파/ KNN,KNN NEWS,최상위 댓글,@bongye080,"월억네, 오억네, 십억네가 괜히 나온 게 아니다",4,2025-01-14T07:36:10Z,1,Ugyc_tr3iSUCJTl7n2R4AaABAg,Av1zma6uJco,UCADcj68EGRKrITtLbmozfOg,2025-01-14T07:36:10Z,,중립
버추얼 아이돌 인기가 이정도? '이세계 아이돌' 역대 펀딩 88억 돌파/ KNN,KNN NEWS,대댓글,@아리가또라베스크-i6p,백오십팔억네,1,2025-02-21T14:17:34Z,0,Ugyc_tr3iSUCJTl7n2R4AaABAg.ADGZpd6CVhiAEo7ylgws8t,Av1zma6uJco,UCzS_BQ9EvOQo90TnV2POsRg,2025-02-21T14:17:34Z,Ugyc_tr3iSUCJTl7n2R4AaABAg,중립
버추얼 아이돌 인기가 이정도? '이세계 아이돌' 역대 펀딩 88억 돌파/ KNN,KNN NEWS,최상위 댓글,@SinyoNuni,"이런 신규 컨텐츠 잘 나가는 건 좋으니까 제발 이거에 이것저것 붙여서 세금 받아내고 돈 먹고 그럴 생각 안 했으면 좋겠다
그냥 잘 크게 놔두면 알아서 잘 크잖아...ㅠㅠ",0,2024-11-28T06:43:47Z,0,Ugxofw4Ntk8ItBkyhpd4AaABAg,Av1zma6uJco,UC4-yBKMQaGElKMEyHonqGeA,2024-11-28T06:43:47Z,,중립
버추얼 아이돌 인기가 이정도? '이세계 아이돌' 역대 펀딩 88억 돌파/ KNN,KNN NEWS,최상위 댓글,@Phönix_不死鳥,다음은 더 크게 나아갈거라 믿는다,0,2024-11-28T09:25:16Z,0,UgyIDGjGjKXgm4wf6qt4AaABAg,Av1zma6uJco,UCiD8Com_JLfDI3dAoVzdt6A,2024-11-28T09:25:16Z,,중립
버추얼 아이돌 인기가 이정도? '이세계 아이돌' 역대 펀딩 88억 돌파/ KNN,KNN NEWS,최상위 댓글,@youngtae2,좋네요 사람들이 이런걸 좋아해줘야 이 썩어빠진 나라가 그나마 정상화 됩니다.,2,2024-11-28T07:24:52Z,0,Ugxy6dsgeSGhjBr7vct4AaABAg,Av1zma6uJco,UCu6Jz0WcW0q29Wq7G2OyhSA,2024-11-28T07:24:52Z,,긍정
버추얼 아이돌 인기가 이정도? '이세계 아이돌' 역대 펀딩 88억 돌파/ KNN,KNN NEWS,최상위 댓글,@user-js2pg6dz8c,"버추얼에 대해서는 나도 부정적으로 보던때가 있었는데.
조금 더 생각해보면 별반차이가 없다고 느껴졌음.

일단 오프를 잘 뛰지 않고 라이트하게 방구석1열을 하기에 최적화 되어있다.개인방송도 활발하기에 더 좋음.

공간과 시간에 대한 제약이 없어서 어떤것이든 연출이 가능함.

벽보고 덕질하는 느낌이 덜 듬.
일반 아이돌의 소통앱들은 벽보고 소통하는 느낌이지만 개인방송 위주로 활동하는 버추얼 그룹들은 그 면에서 기존에 느끼지 못하던 소통이라는걸 느끼게 해줌

밖으로 나가는 덕질이 아닌 집에서 하는 덕질이 대세가 되어간다고 생각함.그런면에서는 아직 돌덕판에서는 보수적으로 보고 있기는 하더라.근데 조만간 판이 뒤집힐거라 생각함",4,2024-11-29T23:09:06Z,0,UgyRZj7-dQMGJg91flR4AaABAg,Av1zma6uJco,UCLIxlfQ-iGTQPpuBpTLrw9g,2024-11-29T23:09:06Z,,중립
버추얼 아이돌 인기가 이정도? '이세계 아이돌' 역대 펀딩 88억 돌파/ KNN,KNN NEWS,최상위 댓글,@넘버99,세상이 달라지고 있긴 하네..,1,2024-11-28T04:48:27Z,0,UgwDW72RPLWZ-IXccqJ4AaABAg,Av1zma6uJco,UCRqR7Z89SxXD-d50_lzRrbg,2024-11-28T04:48:27Z,,중립
버추얼 아이돌 인기가 이정도? '이세계 아이돌' 역대 펀딩 88억 돌파/ KNN,KNN NEWS,최상위 댓글,@면상_블롭피쉬,펀딩이고 뭐고 ㅈ도 관심 없고 제발 양지에 올라오지만 말아라 안그래도 이세돌 악질 팬덤들이 여기저기 문제 일으키고 다니는거만 해도 골때리는데 양지로 올라간다고 생각하면 ㄹㅇ 어질어질하네...,9,2024-11-28T01:29:02Z,2,Ugxk-jCf_eeA1XXQrBF4AaABAg,Av1zma6uJco,UCgH8YGll_Lew2o_Veq7Gu6Q,2024-11-28T01:30:01Z,,중립
버추얼 아이돌 인기가 이정도? '이세계 아이돌' 역대 펀딩 88억 돌파/ KNN,KNN NEWS,대댓글,@소미리내,악질 아미 그 이상일 듯.,0,2024-11-28T02:10:39Z,0,Ugxk-jCf_eeA1XXQrBF4AaABAg.ABMtSSxXj8aABMyDJ92zFh,Av1zma6uJco,UCkV4JhVV-jt84kd2HdlKPMA,2024-11-28T02:10:39Z,Ugxk-jCf_eeA1XXQrBF4AaABAg,중립
버추얼 아이돌 인기가 이정도? '이세계 아이돌' 역대 펀딩 88억 돌파/ KNN,KNN NEWS,대댓글,@Napalm47,우리끼리 노는데 즈그들이 끄집어놓고 야랄이여,0,2024-12-01T16:48:16Z,0,Ugxk-jCf_eeA1XXQrBF4AaABAg.ABMtSSxXj8aABWG1j4oSlL,Av1zma6uJco,UCwGolMYJaZfcWXZuyN_5U5g,2024-12-01T16:48:16Z,Ugxk-jCf_eeA1XXQrBF4AaABAg,중립
버추얼 아이돌 인기가 이정도? '이세계 아이돌' 역대 펀딩 88억 돌파/ KNN,KNN NEWS,최상위 댓글,@younghunjun8457,이세돌  mama  초대안한 멜론은 반성해라 진짜,3,2024-11-30T15:52:41Z,2,Ugw4qQ6rJn2s0Luuy494AaABAg,Av1zma6uJco,UC27k1Uy0vxzDud4xWUvDu4g,2024-11-30T15:52:41Z,,중립
버추얼 아이돌 인기가 이정도? '이세계 아이돌' 역대 펀딩 88억 돌파/ KNN,KNN NEWS,대댓글,@isegye4ever,어차피 숲이랑 계약한 파트너라 밖으로 못나가요,2,2024-11-30T19:31:59Z,0,Ugw4qQ6rJn2s0Luuy494AaABAg.ABT_smXpC9XABTyyyvFDv-,Av1zma6uJco,UCvVm5-UYNSVMhyUwo3mk4kQ,2024-11-30T19:31:59Z,Ugw4qQ6rJn2s0Luuy494AaABAg,중립
버추얼 아이돌 인기가 이정도? '이세계 아이돌' 역대 펀딩 88억 돌파/ KNN,KNN NEWS,대댓글,@VIichan_RANE,어차피 숲이랑 계약 되어 있어서..,1,2024-12-07T09:35:48Z,0,Ugw4qQ6rJn2s0Luuy494AaABAg.ABT_smXpC9XABjwJSo27Lb,Av1zma6uJco,UCwH9f0nhcalCRR4ewTdWhUA,2024-12-07T09:35:48Z,Ugw4qQ6rJn2s0Luuy494AaABAg,중립
버추얼 아이돌 인기가 이정도? '이세계 아이돌' 역대 펀딩 88억 돌파/ KNN,KNN NEWS,최상위 댓글,@rhrjrkdjd,키보드를 못샀다고...,1,2024-11-28T05:20:54Z,0,UgyXbR97KmHus6WRyAR4AaABAg,Av1zma6uJco,UCyP10yDw-1XX7Y6b9EAWjsA,2024-11-28T05:20:54Z,,중립
버추얼 아이돌 인기가 이정도? '이세계 아이돌' 역대 펀딩 88억 돌파/ KNN,KNN NEWS,최상위 댓글,@Hammonnd,얘내 페미논란 있던애들아님? 그건 유야무야 시킨건가... 무섭네,5,2024-11-30T02:04:11Z,19,UgxJ8RAoluOG9Q4kEix4AaABAg,Av1zma6uJco,UC3h4PMgbbNL1i3HG_3pBo0g,2024-11-30T02:04:11Z,,중립
버추얼 아이돌 인기가 이정도? '이세계 아이돌' 역대 펀딩 88억 돌파/ KNN,KNN NEWS,대댓글,@gikingAs,커뮤에서 유포한 허위사실임,6,2024-11-30T02:16:18Z,0,UgxJ8RAoluOG9Q4kEix4AaABAg.ABS63fGJLWFABS7SR9-zQG,Av1zma6uJco,UCi9Krp-j6HRPqbdkedDYSLw,2024-11-30T02:16:18Z,UgxJ8RAoluOG9Q4kEix4AaABAg,중립
버추얼 아이돌 인기가 이정도? '이세계 아이돌' 역대 펀딩 88억 돌파/ KNN,KNN NEWS,대댓글,@hyunjun4095,모두 잠수 준비 네 드릉드릉 잘안들어오우 네 허버허버 오우 깊은저 한남속 갓치마을 드릉드릉스폰지밥 네모난얼굴에 광대얼굴 드릉드릉스폰지밥 식데도 보성이도 모두친구 허버허버스폰지밥 군적금과 희망이 보글보글 스폰지밥 다시는 이세돌을 무시하지마라😊 스폰지밥아 힘조!!!!!!! 힘빡쪼!!!!!​@gikingAs,1,2024-11-30T05:53:11Z,0,UgxJ8RAoluOG9Q4kEix4AaABAg.ABS63fGJLWFABSWGw4-QAa,Av1zma6uJco,UCjzmwRqsgvUllcVnM8oNHZw,2024-11-30T05:53:11Z,UgxJ8RAoluOG9Q4kEix4AaABAg,중립
버추얼 아이돌 인기가 이정도? '이세계 아이돌' 역대 펀딩 88억 돌파/ KNN,KNN NEWS,대댓글,@굴천지,​@gikingAs모두 군적금 200 준비!!,0,2024-12-01T09:26:16Z,0,UgxJ8RAoluOG9Q4kEix4AaABAg.ABS63fGJLWFABVTSTcUC5a,Av1zma6uJco,UCAgzqaUq_JbF-FV-XMcAO0A,2024-12-01T09:26:16Z,UgxJ8RAoluOG9Q4kEix4AaABAg,중립
버추얼 아이돌 인기가 이정도? '이세계 아이돌' 역대 펀딩 88억 돌파/ KNN,KNN NEWS,대댓글,@gikingAs,@굴천지 얘도 프사 버튜버노,0,2024-12-01T10:44:25Z,0,UgxJ8RAoluOG9Q4kEix4AaABAg.ABS63fGJLWFABVbOrQARtC,Av1zma6uJco,UCi9Krp-j6HRPqbdkedDYSLw,2024-12-01T10:44:25Z,UgxJ8RAoluOG9Q4kEix4AaABAg,중립
버추얼 아이돌 인기가 이정도? '이세계 아이돌' 역대 펀딩 88억 돌파/ KNN,KNN NEWS,대댓글,@VIichan_RANE,커뮤에서 허위사실 퍼트린거임,1,2024-12-01T11:24:50Z,0,UgxJ8RAoluOG9Q4kEix4AaABAg.ABS63fGJLWFABVg0nZReQZ,Av1zma6uJco,UCwH9f0nhcalCRR4ewTdWhUA,2024-12-01T11:24:50Z,UgxJ8RAoluOG9Q4kEix4AaABAg,중립
버추얼 아이돌 인기가 이정도? '이세계 아이돌' 역대 펀딩 88억 돌파/ KNN,KNN NEWS,최상위 댓글,@amega6879,그래서 10대 20대에게 인기라는 증거는 뭐가있음? 걍 펀딩 인원수대비 금액만 봐도 돈없는 10대 20대가 아니라 돈많은 30대 40대 아재들인게 딱 보이는데 뭐 근거도없이 10대 20대 인기 써놨네 정작 10대 20대가 주 소비층인 공중파 음악방송이나 이런데선 제대로 성과도 못내더만.,5,2024-11-28T06:38:32Z,20,Ugwqo9HrHkyTqnlii-d4AaABAg,Av1zma6uJco,UCWJYP2HnteXUrZaKWITxe3w,2024-11-28T06:38:32Z,,중립
버추얼 아이돌 인기가 이정도? '이세계 아이돌' 역대 펀딩 88억 돌파/ KNN,KNN NEWS,대댓글,@시포월궁전,"굿즈샵 가고 영상 소비해주고 SNS에서 전파하는 쪽은 10대 후반,20대가 주류임",1,2024-11-28T07:24:57Z,0,Ugwqo9HrHkyTqnlii-d4AaABAg.ABNRsGAEjYEABNXBHu5SkV,Av1zma6uJco,UCGHBl34WzERmCDJ3WJXwrHw,2024-11-28T07:25:03Z,Ugwqo9HrHkyTqnlii-d4AaABAg,긍정
버추얼 아이돌 인기가 이정도? '이세계 아이돌' 역대 펀딩 88억 돌파/ KNN,KNN NEWS,대댓글,@isegye4ever,"그럼 뭐 여기서 학생증이라도 깔까요??
공중파 음악방송 현장티켓같은건 뭐 안비쌉니까? 애초에 공중파 음방이 주 소비층이라는 건 너무 좀 요즘 청소년을 모르는 틀느낌 아닌가요 ㅋㅋ 제가 미성년자던 10년 전부터 청소년들이 좋아하는 분야는 인터넷방송, 게임, 오타쿠 문화였는데 20년대에 들어와서 그 셋을 합친게 스트리머들, 특히 버튜버 분야이고 이쪽에서 가장 큰게 본문의 이세계아이돌인디요",3,2024-11-28T07:26:26Z,0,Ugwqo9HrHkyTqnlii-d4AaABAg.ABNRsGAEjYEABNXMAMBPvt,Av1zma6uJco,UCvVm5-UYNSVMhyUwo3mk4kQ,2024-11-28T07:26:26Z,Ugwqo9HrHkyTqnlii-d4AaABAg,긍정
버추얼 아이돌 인기가 이정도? '이세계 아이돌' 역대 펀딩 88억 돌파/ KNN,KNN NEWS,대댓글,@시포월궁전,@isegye4ever ㄹㅇ 요즘 애들이 음악중심 불후의 명곡이라도 보는줄아나ㅋㅋㅋㅋㅋ,1,2024-11-28T07:29:00Z,0,Ugwqo9HrHkyTqnlii-d4AaABAg.ABNRsGAEjYEABNXdyxz6rX,Av1zma6uJco,UCGHBl34WzERmCDJ3WJXwrHw,2024-11-28T07:29:00Z,Ugwqo9HrHkyTqnlii-d4AaABAg,중립
버추얼 아이돌 인기가 이정도? '이세계 아이돌' 역대 펀딩 88억 돌파/ KNN,KNN NEWS,대댓글,@amega6879,@isegye4ever 88억인데 후원자 딸랑 3만 5천명. 1인당 25만원 꼴. 학생들이 이 돈을 낼 여건이 안된다는거도있고 1인당 비용도 다른펀딩들에 비해 최대 5~6배이상 많을 뿐더러 우왁굳 생방 일일 최대 동시 시청자가 3만명쯤 된다는거 생각해보면 이쪽은 그냥 우왁굳 관련 굳즈 나오면 무조건 다 사는 부류라 여기 빼면 사실상 없다시피한데 ㅋ,0,2024-11-28T07:35:37Z,0,Ugwqo9HrHkyTqnlii-d4AaABAg.ABNRsGAEjYEABNYPRBbjEe,Av1zma6uJco,UCWJYP2HnteXUrZaKWITxe3w,2024-11-28T07:35:37Z,Ugwqo9HrHkyTqnlii-d4AaABAg,중립
버추얼 아이돌 인기가 이정도? '이세계 아이돌' 역대 펀딩 88억 돌파/ KNN,KNN NEWS,대댓글,@amega6879,@isegye4ever 그리고 공중파 음악방송은 투표같은걸 말한건데 음악방송 현장 가는 사람은 투표하는사람중에서 극소수중에서도 극소수인데 비유 할게없어서 그걸 현장티켓 얘기를 하고있네 뭐 음악방송 인기 순위가 현장투표로 결정남? ㅋ,0,2024-11-28T07:36:28Z,0,Ugwqo9HrHkyTqnlii-d4AaABAg.ABNRsGAEjYEABNYVeBvWqg,Av1zma6uJco,UCWJYP2HnteXUrZaKWITxe3w,2024-11-28T07:36:28Z,Ugwqo9HrHkyTqnlii-d4AaABAg,중립
버추얼 아이돌 인기가 이정도? '이세계 아이돌' 역대 펀딩 88억 돌파/ KNN,KNN NEWS,최상위 댓글,@y.h.lee.5288,"이런 말 하긴 좀 그렇지만 이세돌도 페미 이슈 좀 있지 않나. 
솔직히 버튜버라는 일이 페미들 가면 쓰고 하기에 참 좋아서 뭐라...좋게 보면서도 씁쓸하네.",3,2024-11-30T03:52:34Z,4,UgwR1JFhG0sp1Tzsj594AaABAg,Av1zma6uJco,UCngU4qv9wuSBQEq4xFrd0tA,2024-11-30T03:52:34Z,,긍정
버추얼 아이돌 인기가 이정도? '이세계 아이돌' 역대 펀딩 88억 돌파/ KNN,KNN NEWS,대댓글,@성이름-o8h9c,커뮤에서 허위 사실 퍼트렸다는 얘기도 있던데,1,2024-11-30T07:49:08Z,0,UgwR1JFhG0sp1Tzsj594AaABAg.ABSITRkZKAlABSiYARjLiX,Av1zma6uJco,UCIU1o0yREEwW42BkhlIWsyQ,2024-11-30T07:49:08Z,UgwR1JFhG0sp1Tzsj594AaABAg,중립
버추얼 아이돌 인기가 이정도? '이세계 아이돌' 역대 펀딩 88억 돌파/ KNN,KNN NEWS,대댓글,@hyunjun4095,@성이름-o8h9c 하... 모두 잠수 준비!! 드릉드릉 허버허버 군적금 ㅗㅜㅑ 금지~~~ 실제로 헀던말들 힘조!!!!!!!!,0,2024-11-30T08:40:25Z,0,UgwR1JFhG0sp1Tzsj594AaABAg.ABSITRkZKAlABSoPhw8mX6,Av1zma6uJco,UCjzmwRqsgvUllcVnM8oNHZw,2024-11-30T08:40:25Z,UgwR1JFhG0sp1Tzsj594AaABAg,중립
버추얼 아이돌 인기가 이정도? '이세계 아이돌' 역대 펀딩 88억 돌파/ KNN,KNN NEWS,대댓글,@VIichan_RANE,비챤님이 허버허버 쓴거는 페미 용어를 쓴게 아니라 옛날에 트위터에서 기분 좋을 때? 입틀막 할 때? 허버허버라고 써서 그거 쓴거에요,1,2024-12-01T11:24:28Z,0,UgwR1JFhG0sp1Tzsj594AaABAg.ABSITRkZKAlABVfzDfB2Ve,Av1zma6uJco,UCwH9f0nhcalCRR4ewTdWhUA,2024-12-07T09:43:25Z,UgwR1JFhG0sp1Tzsj594AaABAg,중립
버추얼 아이돌 인기가 이정도? '이세계 아이돌' 역대 펀딩 88억 돌파/ KNN,KNN NEWS,대댓글,@christmassongs9457,군인비하는 그냥 대가리 이슈임,0,2024-12-02T10:47:35Z,0,UgwR1JFhG0sp1Tzsj594AaABAg.ABSITRkZKAlABYBYs9FU_H,Av1zma6uJco,UC1DjILcobVbtbrcd13Ryxrw,2024-12-02T10:47:35Z,UgwR1JFhG0sp1Tzsj594AaABAg,중립
버추얼 아이돌 인기가 이정도? '이세계 아이돌' 역대 펀딩 88억 돌파/ KNN,KNN NEWS,최상위 댓글,@sagwa3394,캬 리와인드 나올때 지렸지,0,2024-11-27T23:34:03Z,0,Ugzl1Pcr2jUIir6ZB-J4AaABAg,Av1zma6uJco,UC5hw3g3OrGV16SXF_ULEolg,2024-11-27T23:34:03Z,,중립
버추얼 아이돌 인기가 이정도? '이세계 아이돌' 역대 펀딩 88억 돌파/ KNN,KNN NEWS,최상위 댓글,@Wooparu-t9l,아쉬운건 라이브가없다는게 너무아쉽..,0,2024-12-01T20:39:41Z,0,UgzLvBIt5jBdEXeo1Sl4AaABAg,Av1zma6uJco,UCF1KNSAdHBeUJjspZbiKXEA,2024-12-01T20:39:41Z,,중립
버추얼 아이돌 인기가 이정도? '이세계 아이돌' 역대 펀딩 88억 돌파/ KNN,KNN NEWS,최상위 댓글,@dlwogur93,모두 잠수준비,6,2024-11-28T13:49:38Z,1,UgzYIvQtw2c8W1CTzJV4AaABAg,Av1zma6uJco,UCZvwfDtRCz6cXSGb1TVRTqw,2024-11-28T13:49:38Z,,중립
버추얼 아이돌 인기가 이정도? '이세계 아이돌' 역대 펀딩 88억 돌파/ KNN,KNN NEWS,대댓글,@아리가또라베스크-i6p,잠수함 승조원은 젠황,0,2024-11-28T16:55:00Z,0,UgzYIvQtw2c8W1CTzJV4AaABAg.ABODCiSKBU5ABOYQU8HYJb,Av1zma6uJco,UCzS_BQ9EvOQo90TnV2POsRg,2024-11-28T16:55:00Z,UgzYIvQtw2c8W1CTzJV4AaABAg,중립
버추얼 아이돌 인기가 이정도? '이세계 아이돌' 역대 펀딩 88억 돌파/ KNN,KNN NEWS,최상위 댓글,@땡구-q5v,88억이든 888억이든 남들 돈벌면 좋아해야지 왜 깎아내림 ㅋㅋ 깎아 내리면 돈이 나오냐..? 그럴 시간에 본인 몸값이나 올리는게 어때..? 그렇게 꼬우면 버튜버 하면 되잖아 왜 안해 능력이 딸려서 안되나? 부러우면 하세요 .,6,2025-02-25T09:09:32Z,0,Ugzqmy2ZQ9eTai6g3MR4AaABAg,Av1zma6uJco,UC6O657-E3K7lPVk_-EATPOA,2025-02-25T09:09:32Z,,긍정
버추얼 아이돌 인기가 이정도? '이세계 아이돌' 역대 펀딩 88억 돌파/ KNN,KNN NEWS,최상위 댓글,@mhc7642,"그냥 레전드임

페미니즘을 대놓고 표방하는 멤버들한테 돈을 쓰면서 방송을 봐주는 남자들이 이렇게 많다는게 ㅋㅋ",11,2024-11-28T16:57:38Z,30,Ugx7rPYcoe1LmIVPOMd4AaABAg,Av1zma6uJco,UC2yuV4H08SYkQ-wfPHKRHoA,2024-11-28T16:57:38Z,,중립
버추얼 아이돌 인기가 이정도? '이세계 아이돌' 역대 펀딩 88억 돌파/ KNN,KNN NEWS,대댓글,@흥분의도가니-n9j,안죄송해~이슬람맨이야 얘 뭐하니? 시청자 나부랭탱이는 겸상 금지인거 잊었어? 얼른 엄마마님께 인사! 자-!,0,2024-11-28T17:09:13Z,0,Ugx7rPYcoe1LmIVPOMd4AaABAg.ABOYieuLdFUABO_2b-Wpne,Av1zma6uJco,UC7UujFsIK0AEfWDnRMM0dLw,2024-11-28T17:09:13Z,Ugx7rPYcoe1LmIVPOMd4AaABAg,중립
버추얼 아이돌 인기가 이정도? '이세계 아이돌' 역대 펀딩 88억 돌파/ KNN,KNN NEWS,대댓글,@hyunjun4095,"@흥분의도가니-n9j 
모두 잠수준비 드릉드릉 과 허버허버 군적금의 희망이 버대남을 감싸안는다....!@",2,2024-11-28T17:12:20Z,0,Ugx7rPYcoe1LmIVPOMd4AaABAg.ABOYieuLdFUABO_PN9lVk1,Av1zma6uJco,UCjzmwRqsgvUllcVnM8oNHZw,2024-11-28T17:12:20Z,Ugx7rPYcoe1LmIVPOMd4AaABAg,중립
버추얼 아이돌 인기가 이정도? '이세계 아이돌' 역대 펀딩 88억 돌파/ KNN,KNN NEWS,대댓글,@흥분의도가니-n9j,@hyunjun4095 아사람 이제 1대1전투로 코쟁이 발라버린 주겨벌랑 그냥 자빠졌어 하고 얘기를 당연한! 사랑이,0,2024-11-28T17:17:28Z,0,Ugx7rPYcoe1LmIVPOMd4AaABAg.ABOYieuLdFUABO_zvtha3i,Av1zma6uJco,UC7UujFsIK0AEfWDnRMM0dLw,2024-11-28T17:17:28Z,Ugx7rPYcoe1LmIVPOMd4AaABAg,긍정
버추얼 아이돌 인기가 이정도? '이세계 아이돌' 역대 펀딩 88억 돌파/ KNN,KNN NEWS,대댓글,@이조-h6d,그 모순을 견뎌야 한국에서 산다,0,2024-11-28T22:33:57Z,0,Ugx7rPYcoe1LmIVPOMd4AaABAg.ABOYieuLdFUABP9CwiQYPx,Av1zma6uJco,UCVVb3b93fxzGhpFUU7tOnaw,2024-11-28T22:33:57Z,Ugx7rPYcoe1LmIVPOMd4AaABAg,중립
버추얼 아이돌 인기가 이정도? '이세계 아이돌' 역대 펀딩 88억 돌파/ KNN,KNN NEWS,대댓글,@mhc7642,@성이름-g3i4t 레전드네 ㅋㅋ 이정도 지능은 되야 한국여자 버튜버 육수하는구나,0,2024-11-29T00:17:08Z,0,Ugx7rPYcoe1LmIVPOMd4AaABAg.ABOYieuLdFUABPL0kX7Jbf,Av1zma6uJco,UC2yuV4H08SYkQ-wfPHKRHoA,2024-11-29T00:17:08Z,Ugx7rPYcoe1LmIVPOMd4AaABAg,중립
버추얼 아이돌 인기가 이정도? '이세계 아이돌' 역대 펀딩 88억 돌파/ KNN,KNN NEWS,최상위 댓글,@nuruhafira,버튜버 굿즈 시장이 플레이브도 그렇고 이세돌도 그렇고 진짜 지리긴하는듯,2,2024-11-30T04:57:46Z,0,UgzqMJTFVwlA38e_pf94AaABAg,Av1zma6uJco,UCSlOrjzwugDeIZWnef2Roqg,2024-11-30T04:57:46Z,,긍정
버추얼 아이돌 인기가 이정도? '이세계 아이돌' 역대 펀딩 88억 돌파/ KNN,KNN NEWS,최상위 댓글,@üsaschie,"돈없는 고딩이라 후원만 했습니다
텀블벅에서 광고도 해주던데 여기까지 성장하다니 참 감개무량하다 킹아",0,2024-11-28T13:38:11Z,0,UgxBHml3Codiu1rIAVt4AaABAg,Av1zma6uJco,UColS-NuTev9haaheRpVyRWw,2024-11-28T13:38:11Z,,중립
버추얼 아이돌 인기가 이정도? '이세계 아이돌' 역대 펀딩 88억 돌파/ KNN,KNN NEWS,최상위 댓글,@펩시콜라조아,나라... 망했냐?,13,2024-11-28T07:01:10Z,6,UgxzovBMmnU_p1W36PB4AaABAg,Av1zma6uJco,UCQjob10lJc7X0i8OTFuYKzg,2024-11-28T07:01:10Z,,중립
버추얼 아이돌 인기가 이정도? '이세계 아이돌' 역대 펀딩 88억 돌파/ KNN,KNN NEWS,대댓글,@이응이응-l2x,대한민국은 서비스종료다,0,2024-11-28T07:33:15Z,0,UgxzovBMmnU_p1W36PB4AaABAg.ABNUT72Ks0HABNY854f2Fg,Av1zma6uJco,UC5jBp9pf5tyPe9FIcAqtF9A,2024-11-28T07:33:15Z,UgxzovBMmnU_p1W36PB4AaABAg,중립
버추얼 아이돌 인기가 이정도? '이세계 아이돌' 역대 펀딩 88억 돌파/ KNN,KNN NEWS,대댓글,@ddy888,이런것들이 있어서 그나마 버티고 있는거임..ㅇ,3,2024-11-28T08:33:43Z,0,UgxzovBMmnU_p1W36PB4AaABAg.ABNUT72Ks0HABNe2v9sRRF,Av1zma6uJco,UCKdMCoiPxNNg806JYIENc0A,2024-11-28T08:33:43Z,UgxzovBMmnU_p1W36PB4AaABAg,중립
버추얼 아이돌 인기가 이정도? '이세계 아이돌' 역대 펀딩 88억 돌파/ KNN,KNN NEWS,대댓글,@zwz-w4b,​@ddy888정신병 같긴하네 이런 댓들보면,1,2024-11-28T12:40:16Z,0,UgxzovBMmnU_p1W36PB4AaABAg.ABNUT72Ks0HABO5Gk6Ehzu,Av1zma6uJco,UCdSoCJFZXnH6n3xlBJsnmZA,2024-11-28T12:40:16Z,UgxzovBMmnU_p1W36PB4AaABAg,중립
버추얼 아이돌 인기가 이정도? '이세계 아이돌' 역대 펀딩 88억 돌파/ KNN,KNN NEWS,대댓글,@xlxlxlxlxlxlxl,이거때문 아니더라도 대한민국 망해가고있음,0,2024-11-28T17:32:44Z,0,UgxzovBMmnU_p1W36PB4AaABAg.ABNUT72Ks0HABObjoY_mg1,Av1zma6uJco,UC0hP-6-UbHhWi-AFKpWMN9Q,2024-11-28T17:32:44Z,UgxzovBMmnU_p1W36PB4AaABAg,중립
버추얼 아이돌 인기가 이정도? '이세계 아이돌' 역대 펀딩 88억 돌파/ KNN,KNN NEWS,대댓글,@ggamjjigi-ggyu,일본은 뭐 진작 멸망했겠노,0,2024-11-29T15:22:58Z,0,UgxzovBMmnU_p1W36PB4AaABAg.ABNUT72Ks0HABQxgFo1ork,Av1zma6uJco,UCF7wGPZq95qkWoDkWUjULaA,2024-11-29T15:22:58Z,UgxzovBMmnU_p1W36PB4AaABAg,중립
버추얼 아이돌 인기가 이정도? '이세계 아이돌' 역대 펀딩 88억 돌파/ KNN,KNN NEWS,최상위 댓글,@이탈-j2n,"허버허버
군적금
드릉드릉",5,2024-12-01T02:37:52Z,6,Ugw1ucez6PYZEDsaSUV4AaABAg,Av1zma6uJco,UCvyOfO-vMv7SiyXdKe4bJPw,2024-12-01T02:37:52Z,,중립
버추얼 아이돌 인기가 이정도? '이세계 아이돌' 역대 펀딩 88억 돌파/ KNN,KNN NEWS,대댓글,@민2-q4m,"이탈님이 허버허버 먹고, 군 적금 들어서 착실하게 돈벌고, 드릉드릉 코곤다는 뜻맞죠?😊",1,2024-12-01T13:25:05Z,0,Ugw1ucez6PYZEDsaSUV4AaABAg.ABUjiHWqLNBABVtmc-iyYi,Av1zma6uJco,UCAVVsWkBQ6fSA7RhNeW0CwA,2024-12-01T13:25:05Z,Ugw1ucez6PYZEDsaSUV4AaABAg,중립
버추얼 아이돌 인기가 이정도? '이세계 아이돌' 역대 펀딩 88억 돌파/ KNN,KNN NEWS,대댓글,@이탈-j2n,@민2-q4m 까고보니 프사가 역시나 버튜버 역사상 최악의 팬덤ㅋㅋㅋㅋㅋㅋㅋㅋㅋㅋㅋㅋ,0,2024-12-01T14:24:50Z,0,Ugw1ucez6PYZEDsaSUV4AaABAg.ABUjiHWqLNBABW-cE-z1-x,Av1zma6uJco,UCvyOfO-vMv7SiyXdKe4bJPw,2024-12-01T14:24:50Z,Ugw1ucez6PYZEDsaSUV4AaABAg,부정
버추얼 아이돌 인기가 이정도? '이세계 아이돌' 역대 펀딩 88억 돌파/ KNN,KNN NEWS,대댓글,@굴천지,​@민2-q4m역시 내갈은 뚤평 ㅋㅋㅋㅋㅋㅋ,0,2024-12-02T06:46:15Z,0,Ugw1ucez6PYZEDsaSUV4AaABAg.ABUjiHWqLNBABXkwH2gzSf,Av1zma6uJco,UCAgzqaUq_JbF-FV-XMcAO0A,2024-12-02T06:46:15Z,Ugw1ucez6PYZEDsaSUV4AaABAg,중립
버추얼 아이돌 인기가 이정도? '이세계 아이돌' 역대 펀딩 88억 돌파/ KNN,KNN NEWS,대댓글,@이세돌은전설이다,오우 맨 버스나갤 출신이시네ㅋㅋㅋ거기 취급 개드러운데 대단하셔​@굴천지,0,2025-01-01T05:10:47Z,0,Ugw1ucez6PYZEDsaSUV4AaABAg.ABUjiHWqLNBACjprQQHvdj,Av1zma6uJco,UCWagzaVXNtz39ejgIZ3CgWQ,2025-01-01T05:10:47Z,Ugw1ucez6PYZEDsaSUV4AaABAg,중립
버추얼 아이돌 인기가 이정도? '이세계 아이돌' 역대 펀딩 88억 돌파/ KNN,KNN NEWS,대댓글,@굴천지,@이세돌은전설이다 왁천지 정병 모두 잠수준비!!!,0,2025-01-02T15:56:32Z,0,Ugw1ucez6PYZEDsaSUV4AaABAg.ABUjiHWqLNBACnZYuaJIAv,Av1zma6uJco,UCAgzqaUq_JbF-FV-XMcAO0A,2025-01-02T15:56:32Z,Ugw1ucez6PYZEDsaSUV4AaABAg,중립
버추얼 아이돌 인기가 이정도? '이세계 아이돌' 역대 펀딩 88억 돌파/ KNN,KNN NEWS,최상위 댓글,@user-mj9hh7fk4k,나라 망했노,12,2024-11-28T05:22:30Z,1,Ugzr9pyDIvJDWekKshh4AaABAg,Av1zma6uJco,UCh5J5eYtXmBg0_W3VmzLVyQ,2024-11-28T05:22:30Z,,중립
버추얼 아이돌 인기가 이정도? '이세계 아이돌' 역대 펀딩 88억 돌파/ KNN,KNN NEWS,대댓글,@막한다_막한다,너땜에 망한듯,2,2024-11-28T06:25:48Z,0,Ugzr9pyDIvJDWekKshh4AaABAg.ABNJASUdoRyABNQQ5CNFEa,Av1zma6uJco,UCjqy1SrBvz9rXsteMFUE2_g,2024-11-28T06:25:48Z,Ugzr9pyDIvJDWekKshh4AaABAg,중립
버추얼 아이돌 인기가 이정도? '이세계 아이돌' 역대 펀딩 88억 돌파/ KNN,KNN NEWS,최상위 댓글,@PBWLR526wandu,이세계아이돌은 정말 레전드다,0,2024-11-27T23:15:01Z,0,Ugz5r-ezCLuLZBVWyol4AaABAg,Av1zma6uJco,UCANpN6VbiQd2guESO4p1XzQ,2024-11-27T23:15:01Z,,중립
버추얼 아이돌 인기가 이정도? '이세계 아이돌' 역대 펀딩 88억 돌파/ KNN,KNN NEWS,최상위 댓글,@user-JJamPil,아니 저정도면 굿즈가 아니라 건물한채 세우겠는데?,0,2024-11-28T09:08:28Z,0,Ugy3iK8soCcFSQBbBgt4AaABAg,Av1zma6uJco,UC4FZYBhxJMcPwd6nn2XhkNA,2024-11-28T09:08:28Z,,긍정
버추얼 아이돌 인기가 이정도? '이세계 아이돌' 역대 펀딩 88억 돌파/ KNN,KNN NEWS,최상위 댓글,@DYUNARO,모두 잠수준비,10,2024-11-27T21:29:20Z,0,Ugw48KfFe2NgEk83RtF4AaABAg,Av1zma6uJco,UCRZmjH-Tf4h8r4_Lr3kMx3Q,2024-11-27T21:29:20Z,,중립
버추얼 아이돌 인기가 이정도? '이세계 아이돌' 역대 펀딩 88억 돌파/ KNN,KNN NEWS,최상위 댓글,@394beuriw9,모두 잠수 준비~~❤,6,2024-11-27T22:03:18Z,1,UgylpenwLEKrGmCtMWV4AaABAg,Av1zma6uJco,UCeqTZvOf83hnNBORRbVKiUA,2024-11-27T22:03:18Z,,중립
버추얼 아이돌 인기가 이정도? '이세계 아이돌' 역대 펀딩 88억 돌파/ KNN,KNN NEWS,대댓글,@oysterhole,ㅁㄷ ㅈㅅ ㅈㅂ!!!,0,2024-11-28T01:02:21Z,0,UgylpenwLEKrGmCtMWV4AaABAg.ABMWucNpEM-ABMqP34Vyzy,Av1zma6uJco,UC82mFbAgX8mHp5mrzEPkQbw,2024-11-28T01:02:21Z,UgylpenwLEKrGmCtMWV4AaABAg,중립
버추얼 아이돌 인기가 이정도? '이세계 아이돌' 역대 펀딩 88억 돌파/ KNN,KNN NEWS,최상위 댓글,@너구리-g4c,지구는 망했다,3,2024-11-28T10:35:35Z,2,UgxZeBN5BRPnso9_NiZ4AaABAg,Av1zma6uJco,UC5oiV8miVS5RUmept-hBXcA,2024-11-28T10:35:35Z,,중립
버추얼 아이돌 인기가 이정도? '이세계 아이돌' 역대 펀딩 88억 돌파/ KNN,KNN NEWS,대댓글,@FlySuperBoard,ㅅㅂㄱㅋㄱㄱㄱㄱㄱㄱㄱㄱㄱ ㄱㄱㄱㅋ ㄱㅋㄱㄱㄱ,0,2024-11-28T14:03:34Z,0,UgxZeBN5BRPnso9_NiZ4AaABAg.ABNs-RW6vOVABOEnpd0UYJ,Av1zma6uJco,UC87wuTlUdyW21abEYfgyhaA,2024-11-28T14:03:34Z,UgxZeBN5BRPnso9_NiZ4AaABAg,중립
버추얼 아이돌 인기가 이정도? '이세계 아이돌' 역대 펀딩 88억 돌파/ KNN,KNN NEWS,대댓글,@흥분의도가니-n9j,천문학자:..............,0,2024-11-28T16:57:48Z,0,UgxZeBN5BRPnso9_NiZ4AaABAg.ABNs-RW6vOVABOYjtjMtoD,Av1zma6uJco,UC7UujFsIK0AEfWDnRMM0dLw,2024-11-28T16:57:48Z,UgxZeBN5BRPnso9_NiZ4AaABAg,중립
버추얼 아이돌 인기가 이정도? '이세계 아이돌' 역대 펀딩 88억 돌파/ KNN,KNN NEWS,최상위 댓글,@뀨먕이,이런 뉴스 볼 때마다 같은 이파리지만 세상이 많이 변하고 있구나 느껴져서 신기함,0,2024-12-05T13:58:41Z,0,Ugy1LBwYuiMd4prqcCt4AaABAg,Av1zma6uJco,UC7pNjthQi6q4HI45DK96VcA,2024-12-05T13:58:41Z,,중립
버추얼 아이돌 인기가 이정도? '이세계 아이돌' 역대 펀딩 88억 돌파/ KNN,KNN NEWS,최상위 댓글,@BEE2GO-r9f,대표적으로 팬들이 이미지 망친사례 물위에 있는 기름마냥 라이트하게 보면서 즐기기엔 좋은듯,0,2024-12-02T18:41:31Z,0,Ugxhk83Fq8J2Q2tR4u54AaABAg,Av1zma6uJco,UCn-DJvSyt-Iv2Je5tRweGAw,2024-12-02T18:41:31Z,,중립
버추얼 아이돌 인기가 이정도? '이세계 아이돌' 역대 펀딩 88억 돌파/ KNN,KNN NEWS,최상위 댓글,@Forward-gx8ot,"그 누구보다 페미를 싫어하면서 페미 일 수도, 혹은 페미인 버튜버를 사랑하는 그들..",9,2024-11-28T03:58:04Z,5,UgwGQhaK6nwATPm5XRJ4AaABAg,Av1zma6uJco,UCbd4ZHURQBq9wFzwX_zSDpQ,2024-11-28T03:58:04Z,,중립
버추얼 아이돌 인기가 이정도? '이세계 아이돌' 역대 펀딩 88억 돌파/ KNN,KNN NEWS,대댓글,@isegye4ever,일수도는 옘병,5,2024-11-28T04:01:49Z,0,UgwGQhaK6nwATPm5XRJ4AaABAg.ABN9VzWDt3uABN9wWZy3M1,Av1zma6uJco,UCvVm5-UYNSVMhyUwo3mk4kQ,2024-11-28T04:01:49Z,UgwGQhaK6nwATPm5XRJ4AaABAg,중립
버추얼 아이돌 인기가 이정도? '이세계 아이돌' 역대 펀딩 88억 돌파/ KNN,KNN NEWS,대댓글,@흥분의도가니-n9j,어떻게든 긁으려는 커뮤충들과 ㅈ도 신경안쓰고 축배들고 있는 이파리들 그림이 쥰네 웃기넼ㅋㅋㅋㅋㅋㅋㅋㅋㅋㅋㅋㅋㅋㅋㅋㅋㅋㅋㅋ,0,2024-11-28T05:12:34Z,0,UgwGQhaK6nwATPm5XRJ4AaABAg.ABN9VzWDt3uABNI1gJIAZj,Av1zma6uJco,UC7UujFsIK0AEfWDnRMM0dLw,2024-11-28T05:12:34Z,UgwGQhaK6nwATPm5XRJ4AaABAg,중립
버추얼 아이돌 인기가 이정도? '이세계 아이돌' 역대 펀딩 88억 돌파/ KNN,KNN NEWS,대댓글,@고독한찬미,프사 ㅈㄴ 수상하노,3,2024-11-28T06:18:40Z,0,UgwGQhaK6nwATPm5XRJ4AaABAg.ABN9VzWDt3uABNPams1eO3,Av1zma6uJco,UCVRrZzn4QRnHNHnbdPKDBSg,2024-11-28T06:18:40Z,UgwGQhaK6nwATPm5XRJ4AaABAg,중립
버추얼 아이돌 인기가 이정도? '이세계 아이돌' 역대 펀딩 88억 돌파/ KNN,KNN NEWS,대댓글,@hyunjun4095,"@흥분의도가니-n9j 
모두 잠수준비 드릉드릉 과 허버허버 군적금의 희망이 버대남을 감싸안는다....",0,2024-11-28T17:04:37Z,0,UgwGQhaK6nwATPm5XRJ4AaABAg.ABN9VzWDt3uABOZWp0bJS1,Av1zma6uJco,UCjzmwRqsgvUllcVnM8oNHZw,2024-11-28T17:04:37Z,UgwGQhaK6nwATPm5XRJ4AaABAg,중립
버추얼 아이돌 인기가 이정도? '이세계 아이돌' 역대 펀딩 88억 돌파/ KNN,KNN NEWS,대댓글,@ggamjjigi-ggyu,페미일수도 있는건 현실 아이돌이나 연예인도 마찬가지 아니냐? ㅋㅋ,0,2024-11-29T15:33:34Z,0,UgwGQhaK6nwATPm5XRJ4AaABAg.ABN9VzWDt3uABQytv6N_r6,Av1zma6uJco,UCF7wGPZq95qkWoDkWUjULaA,2024-11-29T15:33:34Z,UgwGQhaK6nwATPm5XRJ4AaABAg,중립
버추얼 아이돌 인기가 이정도? '이세계 아이돌' 역대 펀딩 88억 돌파/ KNN,KNN NEWS,최상위 댓글,@마법사-z8z,기괴하노,5,2024-11-28T06:51:30Z,0,Ugwpu3QCAR5x2xp0zel4AaABAg,Av1zma6uJco,UC8Kis38eTkdMoULjFfd7aOA,2024-11-28T06:51:30Z,,중립
버추얼 아이돌 인기가 이정도? '이세계 아이돌' 역대 펀딩 88억 돌파/ KNN,KNN NEWS,최상위 댓글,@WWC22z,이랬던 애들이 지금은.. ㅋ,4,2025-12-17T19:21:58Z,26,UgyjWSprhMa2cN7VxWl4AaABAg,Av1zma6uJco,UCq7duh1RsJPYcTrpPKSojkA,2025-12-17T19:21:58Z,,중립
버추얼 아이돌 인기가 이정도? '이세계 아이돌' 역대 펀딩 88억 돌파/ KNN,KNN NEWS,대댓글,@quartz_11,더 잘되고 있구연😎,2,2025-12-30T10:18:16Z,0,UgyjWSprhMa2cN7VxWl4AaABAg.AQq_UwWu2PXARM4b7A1RSf,Av1zma6uJco,UC4BMhltRX9ju4PNNEZg7Yeg,2025-12-30T10:18:16Z,UgyjWSprhMa2cN7VxWl4AaABAg,중립
버추얼 아이돌 인기가 이정도? '이세계 아이돌' 역대 펀딩 88억 돌파/ KNN,KNN NEWS,대댓글,@WWC22z,​@quartz_11 우와 더 잘 된다구요? 구독자 내려가고 팬구독자 토막나고 하지만 아무튼 잘 나간다라니 ㅎ 흐린 눈하셔도 체급 줄어는건 안 변하는데? 하데스한테도 쳐발리는 건 ㅋ,0,2025-12-30T10:24:09Z,0,UgyjWSprhMa2cN7VxWl4AaABAg.AQq_UwWu2PXARM5HAO_hqC,Av1zma6uJco,UCq7duh1RsJPYcTrpPKSojkA,2025-12-30T10:24:09Z,UgyjWSprhMa2cN7VxWl4AaABAg,중립
버추얼 아이돌 인기가 이정도? '이세계 아이돌' 역대 펀딩 88억 돌파/ KNN,KNN NEWS,대댓글,@widjishxudhsusj,"be my light 앨범 15만장 
아가-------리",1,2026-01-01T05:11:01Z,0,UgyjWSprhMa2cN7VxWl4AaABAg.AQq_UwWu2PXARQg1RJjQrq,Av1zma6uJco,UCxPsxXP33gCh_-9sRm24szw,2026-01-01T05:11:01Z,UgyjWSprhMa2cN7VxWl4AaABAg,중립
버추얼 아이돌 인기가 이정도? '이세계 아이돌' 역대 펀딩 88억 돌파/ KNN,KNN NEWS,대댓글,@dest1356,​@WWC22z니가 그렇게 말하면 상승세에도 따여버린 스텔은 뭐가되냐ㅠㅠ,0,2026-01-03T06:01:13Z,0,UgyjWSprhMa2cN7VxWl4AaABAg.AQq_UwWu2PXARVvMrigvSh,Av1zma6uJco,UCZ-R1AXOzJ_zukB0NTdOWBA,2026-01-03T06:01:13Z,UgyjWSprhMa2cN7VxWl4AaABAg,중립
버추얼 아이돌 인기가 이정도? '이세계 아이돌' 역대 펀딩 88억 돌파/ KNN,KNN NEWS,대댓글,@WWC22z,"​@dest1356 으이구 스텔은 단콘도 했는데
니들은 단콘 언제하세요? 아~ 못하지? 시간 채울수 없으니까? 이번 이세페 다시보기도 커버곡은 쏙 빠졌고 ^^ 이번에 스텔 콜라보 없어서 못 파는데
니들은 어우 ㅋ 한심하네요 하찮아서",0,2026-01-03T08:27:19Z,0,UgyjWSprhMa2cN7VxWl4AaABAg.AQq_UwWu2PXARWB4uZdC1t,Av1zma6uJco,UCq7duh1RsJPYcTrpPKSojkA,2026-01-03T08:27:19Z,UgyjWSprhMa2cN7VxWl4AaABAg,중립
버추얼 아이돌 인기가 이정도? '이세계 아이돌' 역대 펀딩 88억 돌파/ KNN,KNN NEWS,최상위 댓글,@m-1217-u7b,이런 영상 댓글보면 오타쿠 이미지가 정말 안 좋은게 보여서 속상함 정상적인 오타쿠들도 많고 생각보다 건전한 취미인데,2,2024-11-28T11:49:09Z,0,Ugwk0NjLj-nQWsuSnu14AaABAg,Av1zma6uJco,UCDYyzy2MXvysfwRm8ji17vQ,2024-11-28T11:49:09Z,,중립
버추얼 아이돌 인기가 이정도? '이세계 아이돌' 역대 펀딩 88억 돌파/ KNN,KNN NEWS,최상위 댓글,@와자뵹,"이정도였는데 몰랐다는건 세상은 넓다는것;;

찾아라 원피스",0,2024-11-28T03:11:39Z,0,Ugw_rb64JScEvgmdUjJ4AaABAg,Av1zma6uJco,UChUgegOXw5rSNUJQepQFB9A,2024-11-28T03:11:39Z,,중립
버추얼 아이돌 인기가 이정도? '이세계 아이돌' 역대 펀딩 88억 돌파/ KNN,KNN NEWS,최상위 댓글,@cradle-t3x,"참좋아하던 아이돌 이었지만 드릉드릉 허버허버 한방에 정뚝떨  차단박아버림 ㅡ, .ㅡㅋ",7,2024-11-28T02:36:56Z,13,Ugzlw4YDBISkXwo7aI54AaABAg,Av1zma6uJco,UCBPdvtTGFaWsljteNDq1oVg,2024-11-28T03:16:36Z,,긍정
버추얼 아이돌 인기가 이정도? '이세계 아이돌' 역대 펀딩 88억 돌파/ KNN,KNN NEWS,대댓글,@세이클러스,니 인생에 좋아할 연예인은 유재석 하나뿐일듯,2,2024-11-28T02:40:51Z,0,Ugzlw4YDBISkXwo7aI54AaABAg.ABN0DoM4pP5ABN0fWVDcIZ,Av1zma6uJco,UC7_dssR3VDDqobP2zCMnbiA,2024-11-28T02:40:51Z,Ugzlw4YDBISkXwo7aI54AaABAg,긍정
버추얼 아이돌 인기가 이정도? '이세계 아이돌' 역대 펀딩 88억 돌파/ KNN,KNN NEWS,대댓글,@maeni-vk7ij,​@세이클러스 긁?,1,2024-11-28T02:47:55Z,0,Ugzlw4YDBISkXwo7aI54AaABAg.ABN0DoM4pP5ABN1UDyjSKZ,Av1zma6uJco,UCkWDA4fq_Mw2aXW92crXR7A,2024-11-28T02:47:55Z,Ugzlw4YDBISkXwo7aI54AaABAg,중립
버추얼 아이돌 인기가 이정도? '이세계 아이돌' 역대 펀딩 88억 돌파/ KNN,KNN NEWS,대댓글,@cradle-t3x,@세이클러스 긁?,1,2024-11-28T03:10:20Z,0,Ugzlw4YDBISkXwo7aI54AaABAg.ABN0DoM4pP5ABN42R5Hwu8,Av1zma6uJco,UCBPdvtTGFaWsljteNDq1oVg,2024-11-28T03:10:20Z,Ugzlw4YDBISkXwo7aI54AaABAg,중립
버추얼 아이돌 인기가 이정도? '이세계 아이돌' 역대 펀딩 88억 돌파/ KNN,KNN NEWS,대댓글,@김김김-g1d,구독목록은 과학ㅋㅋ,0,2024-11-28T04:47:40Z,0,Ugzlw4YDBISkXwo7aI54AaABAg.ABN0DoM4pP5ABNFBKu3ot5,Av1zma6uJco,UCKrvaM-sPu4z64g3L4P1ykQ,2024-11-28T04:47:40Z,Ugzlw4YDBISkXwo7aI54AaABAg,중립
버추얼 아이돌 인기가 이정도? '이세계 아이돌' 역대 펀딩 88억 돌파/ KNN,KNN NEWS,대댓글,@user-zx6ez4kk8w,"카리나,기안도 저말 똑같이썼는데 그건어떻게생각하시나요?",2,2024-11-28T04:52:40Z,0,Ugzlw4YDBISkXwo7aI54AaABAg.ABN0DoM4pP5ABNFkti831f,Av1zma6uJco,UCuTY3hm07wAVxRUJ5bOWidg,2024-11-28T04:52:40Z,Ugzlw4YDBISkXwo7aI54AaABAg,중립
버추얼 아이돌 인기가 이정도? '이세계 아이돌' 역대 펀딩 88억 돌파/ KNN,KNN NEWS,최상위 댓글,@김민수-m7j2n,에휴 진짜 이번 10 20세대는 ㅈ망한듯 쯧 ㅋ,5,2024-11-28T01:15:05Z,5,UgxnPuvkLjNDEJAcowt4AaABAg,Av1zma6uJco,UCRScL-TExG2G7jYroUdl0BQ,2024-11-28T01:15:05Z,,중립
버추얼 아이돌 인기가 이정도? '이세계 아이돌' 역대 펀딩 88억 돌파/ KNN,KNN NEWS,대댓글,@INCHEONBUS-NO.1,"놀라운건 30,40 팬들도 꽤 많다는거임",1,2024-11-28T02:17:29Z,0,UgxnPuvkLjNDEJAcowt4AaABAg.ABMrr9t9MiTABMz-Ic8OVr,Av1zma6uJco,UCOG8uHQ_f-KbM5qat7dQMrg,2024-11-28T02:17:29Z,UgxnPuvkLjNDEJAcowt4AaABAg,중립
버추얼 아이돌 인기가 이정도? '이세계 아이돌' 역대 펀딩 88억 돌파/ KNN,KNN NEWS,대댓글,@dmgxz,피해안주는 취미 가지는게 나쁘다면 자전거는 위험해서안되고 컴퓨터는 사람망치니 안되고 술은 중독있으니 안되고 일도 중독있어서 안되네? 인간관계는 무너질게 두려워서 안되는거고 뭐해야할까요,2,2024-11-28T02:52:10Z,0,UgxnPuvkLjNDEJAcowt4AaABAg.ABMrr9t9MiTABN1yI2WYg8,Av1zma6uJco,UCDz-C3zU5CGlfaZU1hGyXEA,2024-11-28T02:52:10Z,UgxnPuvkLjNDEJAcowt4AaABAg,부정
버추얼 아이돌 인기가 이정도? '이세계 아이돌' 역대 펀딩 88억 돌파/ KNN,KNN NEWS,대댓글,@INCHEONBUS-NO.1,@dmgxz r거 너무 그러지 맙시다 이쪽 싫어하거나 극혐하는 사람 많은거 아시잖아요 걍 품어요,2,2024-11-28T04:50:57Z,0,UgxnPuvkLjNDEJAcowt4AaABAg.ABMrr9t9MiTABNFZFsjZ1w,Av1zma6uJco,UCOG8uHQ_f-KbM5qat7dQMrg,2024-11-28T04:50:57Z,UgxnPuvkLjNDEJAcowt4AaABAg,부정
버추얼 아이돌 인기가 이정도? '이세계 아이돌' 역대 펀딩 88억 돌파/ KNN,KNN NEWS,대댓글,@merong3330,닉네임 민수인게 쥰내 오묘하네ㅋㅋㅋㅋ,1,2024-11-28T06:30:08Z,0,UgxnPuvkLjNDEJAcowt4AaABAg.ABMrr9t9MiTABNQuppYw5n,Av1zma6uJco,UCg1H4JRZudPP7Qsn3NpNUAA,2024-11-28T06:30:08Z,UgxnPuvkLjNDEJAcowt4AaABAg,중립
버추얼 아이돌 인기가 이정도? '이세계 아이돌' 역대 펀딩 88억 돌파/ KNN,KNN NEWS,대댓글,@INCHEONBUS-NO.1,@merong3330 엌 ㅋㅋㅋ ㅋㅋㅋ 그러네,1,2024-11-28T10:52:04Z,0,UgxnPuvkLjNDEJAcowt4AaABAg.ABMrr9t9MiTABNttHfCvZ_,Av1zma6uJco,UCOG8uHQ_f-KbM5qat7dQMrg,2024-11-28T10:52:04Z,UgxnPuvkLjNDEJAcowt4AaABAg,중립
버추얼 아이돌 인기가 이정도? '이세계 아이돌' 역대 펀딩 88억 돌파/ KNN,KNN NEWS,최상위 댓글,@avatarwarmech3367,모두잠수준비~,5,2024-11-28T08:09:35Z,2,UgzCmwQ5QXSPWJzCThB4AaABAg,Av1zma6uJco,UCNIHZuxH2LEpNuhrEWu2TNg,2024-11-28T08:09:35Z,,중립
버추얼 아이돌 인기가 이정도? '이세계 아이돌' 역대 펀딩 88억 돌파/ KNN,KNN NEWS,대댓글,@펩시콜라조아,야야야,0,2024-11-28T12:11:16Z,0,UgzCmwQ5QXSPWJzCThB4AaABAg.ABNbI9OiKB-ABO1xKR7jin,Av1zma6uJco,UCQjob10lJc7X0i8OTFuYKzg,2024-11-28T12:11:16Z,UgzCmwQ5QXSPWJzCThB4AaABAg,중립
버추얼 아이돌 인기가 이정도? '이세계 아이돌' 역대 펀딩 88억 돌파/ KNN,KNN NEWS,대댓글,@Playboimoohyun,헤이헤이헤이,0,2024-11-28T12:21:41Z,0,UgzCmwQ5QXSPWJzCThB4AaABAg.ABNbI9OiKB-ABO38cCY9Y9,Av1zma6uJco,UC-tUBd7k6PKicP6lrFeRoFw,2024-11-28T12:21:41Z,UgzCmwQ5QXSPWJzCThB4AaABAg,중립
버추얼 아이돌 인기가 이정도? '이세계 아이돌' 역대 펀딩 88억 돌파/ KNN,KNN NEWS,최상위 댓글,@레링-z9w,이거보고 함부로 혹시나 해서  버츄얼 도전하려는 흑우 없지??? 얘네는 상위 0.0001%니까 가능한거고,2,2024-11-28T06:18:20Z,0,Ugzd2gBO-Do8isgDEdV4AaABAg,Av1zma6uJco,UC3rfGT1h3vGKIVRudzJrNvg,2024-11-28T06:18:20Z,,중립
버추얼 아이돌 인기가 이정도? '이세계 아이돌' 역대 펀딩 88억 돌파/ KNN,KNN NEWS,최상위 댓글,@oldbbie,뭔가 기사 이파리가 쓴거 같다,0,2024-11-27T21:45:47Z,0,UgwM9RNaaqcUzCjmR254AaABAg,Av1zma6uJco,UC2_Ya_iaD4gXLZLl-V22Miw,2024-11-27T21:47:28Z,,중립
버추얼 아이돌 인기가 이정도? '이세계 아이돌' 역대 펀딩 88억 돌파/ KNN,KNN NEWS,최상위 댓글,@fluid_pressure,"댓글 점령하고 지들끼리 아는 이야기 하는게 어이가 없네
저리니까 욕 처먹고 사람들이 버튜버 본다 하면 거부반응 보이지",12,2024-11-27T19:11:31Z,20,UgzMXmVWP8snSkSKddF4AaABAg,Av1zma6uJco,UCemTOddPhKdl4GIp1g3PipQ,2024-11-27T19:11:31Z,,중립
버추얼 아이돌 인기가 이정도? '이세계 아이돌' 역대 펀딩 88억 돌파/ KNN,KNN NEWS,대댓글,@user-zm5gq3fz6z,지들끼리 아는 얘기가 아니라 이 영상에 관한 얘긴데...키보드 판매라든지 그게 뭐 잘못됨?,13,2024-11-27T19:26:24Z,0,UgzMXmVWP8snSkSKddF4AaABAg.ABMDFRqJ1y-ABMExWEf7fj,Av1zma6uJco,UCjq60OTmZqf3-WqN-qruB1w,2024-11-27T19:26:24Z,UgzMXmVWP8snSkSKddF4AaABAg,중립
버추얼 아이돌 인기가 이정도? '이세계 아이돌' 역대 펀딩 88억 돌파/ KNN,KNN NEWS,대댓글,@KR_Crew,지가 아는이야기하는 영상들어와놓고 지랄허네 ㅋㅋ그냥 니가 싫은거겠지 혼자 욕쳐먹긴 싫어서 사람들이러네 ㅋㅋㅋㅋ,4,2024-11-27T19:47:35Z,0,UgzMXmVWP8snSkSKddF4AaABAg.ABMDFRqJ1y-ABMHNXmbLiR,Av1zma6uJco,UC0pa4UDfFh9adWjjszZ0mmA,2024-11-27T19:48:48Z,UgzMXmVWP8snSkSKddF4AaABAg,부정
버추얼 아이돌 인기가 이정도? '이세계 아이돌' 역대 펀딩 88억 돌파/ KNN,KNN NEWS,대댓글,@fluid_pressure,"​@user-zm5gq3fz6z영상에 나오지도 않은 지들끼리만 아는 밈으로 댓글창 도배해놓고 욕 처먹으니까 발끈하는거 역하네 ㅋㅋ
눈치 없는거 보니 너네는 왜 욕처먹는지 평생 모를거 같다",2,2024-11-27T20:23:35Z,0,UgzMXmVWP8snSkSKddF4AaABAg.ABMDFRqJ1y-ABMLVCtt7Fc,Av1zma6uJco,UCemTOddPhKdl4GIp1g3PipQ,2024-11-27T20:23:35Z,UgzMXmVWP8snSkSKddF4AaABAg,중립
버추얼 아이돌 인기가 이정도? '이세계 아이돌' 역대 펀딩 88억 돌파/ KNN,KNN NEWS,대댓글,@linus3zetq,"​@fluid_pressure 애초에 ""너네""를 특정하고 들어온 시점에서 욕을 하고 싶어서 들어온거지 그 이상도 이하도 아님. 정작 진짜 일반인들은 최소한 ""얘네 뭐야"" 정도 하고 지나갈텐데ㅋㅋㅋㅋ 참 속이 투명하다 그죠?",12,2024-11-27T20:26:21Z,0,UgzMXmVWP8snSkSKddF4AaABAg.ABMDFRqJ1y-ABMLoWX4MQ6,Av1zma6uJco,UCuqGwpJ7WftqBImD44UUH9Q,2024-11-27T20:26:21Z,UgzMXmVWP8snSkSKddF4AaABAg,중립
버추얼 아이돌 인기가 이정도? '이세계 아이돌' 역대 펀딩 88억 돌파/ KNN,KNN NEWS,대댓글,@styright_8ght759,버튜버를 소개하는 판에서 버튜버 이야기한다고 꼽주면 니가 이상한듯,7,2024-11-27T20:45:42Z,0,UgzMXmVWP8snSkSKddF4AaABAg.ABMDFRqJ1y-ABMO1GY-Ms2,Av1zma6uJco,UCcEMQaMSiw45D7Mxw3X0q5g,2024-11-27T20:45:42Z,UgzMXmVWP8snSkSKddF4AaABAg,중립
버추얼 아이돌 인기가 이정도? '이세계 아이돌' 역대 펀딩 88억 돌파/ KNN,KNN NEWS,최상위 댓글,@user-yp9ut3th6e,나라망했다,9,2024-11-28T01:57:19Z,1,Ugx3QVkx_ojskiF07fR4AaABAg,Av1zma6uJco,UCz8B4n7MhLgyZvtxkVSIfow,2024-11-28T01:57:19Z,,중립
버추얼 아이돌 인기가 이정도? '이세계 아이돌' 역대 펀딩 88억 돌파/ KNN,KNN NEWS,대댓글,@프델라,이걸로 나라망한거면  정치인들  지랄은  멸망이냐?,0,2024-11-28T02:17:28Z,0,Ugx3QVkx_ojskiF07fR4AaABAg.ABMwgbmFNCpABMz-8Emhad,Av1zma6uJco,UCy3_Yd7hBWMb3z-AtMDmUUA,2024-11-28T02:17:28Z,Ugx3QVkx_ojskiF07fR4AaABAg,중립
버추얼 아이돌 인기가 이정도? '이세계 아이돌' 역대 펀딩 88억 돌파/ KNN,KNN NEWS,최상위 댓글,@굴천지,허버허버 드릉드릉 힘조 ㅗㅜㅑ 금지 군적금 200만원 동덕여대 렛츠고~,3,2024-12-01T06:54:21Z,7,UgxGLQ7IwAeVWhnaP6F4AaABAg,Av1zma6uJco,UCAgzqaUq_JbF-FV-XMcAO0A,2024-12-01T06:54:21Z,,중립
버추얼 아이돌 인기가 이정도? '이세계 아이돌' 역대 펀딩 88억 돌파/ KNN,KNN NEWS,대댓글,@chn12345,(먹이금지),3,2024-12-01T08:51:19Z,0,UgxGLQ7IwAeVWhnaP6F4AaABAg.ABVC3mVY8uoABVPSRcSX5h,Av1zma6uJco,UCedWbEGx61FoxmEWBxe078Q,2024-12-01T08:51:19Z,UgxGLQ7IwAeVWhnaP6F4AaABAg,중립
버추얼 아이돌 인기가 이정도? '이세계 아이돌' 역대 펀딩 88억 돌파/ KNN,KNN NEWS,대댓글,@굴천지,@chn12345 먹이 금지라면서 답글로 먹이 주는 거 ㄱㅅ,1,2024-12-01T09:16:52Z,0,UgxGLQ7IwAeVWhnaP6F4AaABAg.ABVC3mVY8uoABVSNcB_pI2,Av1zma6uJco,UCAgzqaUq_JbF-FV-XMcAO0A,2024-12-01T09:16:52Z,UgxGLQ7IwAeVWhnaP6F4AaABAg,중립
버추얼 아이돌 인기가 이정도? '이세계 아이돌' 역대 펀딩 88억 돌파/ KNN,KNN NEWS,대댓글,@민2-q4m,불쌍해...😢,2,2024-12-01T13:21:44Z,0,UgxGLQ7IwAeVWhnaP6F4AaABAg.ABVC3mVY8uoABVtP3HPg39,Av1zma6uJco,UCAVVsWkBQ6fSA7RhNeW0CwA,2024-12-01T13:21:44Z,UgxGLQ7IwAeVWhnaP6F4AaABAg,중립
버추얼 아이돌 인기가 이정도? '이세계 아이돌' 역대 펀딩 88억 돌파/ KNN,KNN NEWS,대댓글,@christmassongs9457,근데 팩트긴 함. 군인 비하는 역대급 망소리었음.,0,2024-12-02T10:45:25Z,0,UgxGLQ7IwAeVWhnaP6F4AaABAg.ABVC3mVY8uoABYBJ3PpZeU,Av1zma6uJco,UC1DjILcobVbtbrcd13Ryxrw,2024-12-02T10:45:25Z,UgxGLQ7IwAeVWhnaP6F4AaABAg,중립
버추얼 아이돌 인기가 이정도? '이세계 아이돌' 역대 펀딩 88억 돌파/ KNN,KNN NEWS,대댓글,@hyunjun4095,@christmassongs9457 ㄹㅇ,0,2024-12-02T19:43:51Z,0,UgxGLQ7IwAeVWhnaP6F4AaABAg.ABVC3mVY8uoABZ8vbeTiBe,Av1zma6uJco,UCjzmwRqsgvUllcVnM8oNHZw,2024-12-02T19:43:51Z,UgxGLQ7IwAeVWhnaP6F4AaABAg,중립
버추얼 아이돌 인기가 이정도? '이세계 아이돌' 역대 펀딩 88억 돌파/ KNN,KNN NEWS,최상위 댓글,@누세.nuse_01,뭔가 기분이 좋다,1,2024-11-28T03:43:25Z,0,Ugwv3U6Pmp11gH1JRWZ4AaABAg,Av1zma6uJco,UC1K88aEOpleAa6o-A5a7Vrw,2024-11-28T03:43:25Z,,중립
버추얼 아이돌 인기가 이정도? '이세계 아이돌' 역대 펀딩 88억 돌파/ KNN,KNN NEWS,최상위 댓글,@가자미,그냥 애니캐릭터 덕질하는 느낌으로 생각하면 이상할건 없는거같음,0,2024-11-28T05:13:05Z,0,UgzE3X7THSbM7PjlpFF4AaABAg,Av1zma6uJco,UCD1K-Mv_Nf8nJq6YSU9hx3A,2024-11-28T05:13:05Z,,중립
버추얼 아이돌 인기가 이정도? '이세계 아이돌' 역대 펀딩 88억 돌파/ KNN,KNN NEWS,최상위 댓글,@christmassongs9457,난 얘네가 군대 비하발언한게 아직도 안잊혀짐..,3,2024-12-02T10:44:43Z,1,UgyYzSqDmJnK2GYv56F4AaABAg,Av1zma6uJco,UC1DjILcobVbtbrcd13Ryxrw,2024-12-02T10:44:43Z,,중립
버추얼 아이돌 인기가 이정도? '이세계 아이돌' 역대 펀딩 88억 돌파/ KNN,KNN NEWS,대댓글,@이지원-w6w,거기다 사이버 불링에 저작권 무시까지 추가됨,0,2025-04-03T19:14:30Z,0,UgyYzSqDmJnK2GYv56F4AaABAg.ABYBDvL3t53AGTEYQulEXW,Av1zma6uJco,UCcHhlvGnBswn8z87WYLMN0Q,2025-04-03T19:14:30Z,UgyYzSqDmJnK2GYv56F4AaABAg,중립
버추얼 아이돌 인기가 이정도? '이세계 아이돌' 역대 펀딩 88억 돌파/ KNN,KNN NEWS,최상위 댓글,@근첩패는노무현,모두 잠수준비!!!!!! ㄱㅇㅇ ㅔㅔ 준비 ㅗㅜㅑ 금지 군적금 200만원,11,2024-11-27T22:19:22Z,3,UgzHPTD3HDMNp523dBZ4AaABAg,Av1zma6uJco,UCJQwpFSDa439wpp46vscxRQ,2024-11-27T22:19:22Z,,중립
버추얼 아이돌 인기가 이정도? '이세계 아이돌' 역대 펀딩 88억 돌파/ KNN,KNN NEWS,대댓글,@394beuriw9,"허버허버, 드릉드릉, 힘조!",4,2024-11-27T22:20:39Z,0,UgzHPTD3HDMNp523dBZ4AaABAg.ABMYkFkDShSABMYtaixzdl,Av1zma6uJco,UCeqTZvOf83hnNBORRbVKiUA,2024-11-27T22:20:39Z,UgzHPTD3HDMNp523dBZ4AaABAg,중립
버추얼 아이돌 인기가 이정도? '이세계 아이돌' 역대 펀딩 88억 돌파/ KNN,KNN NEWS,대댓글,@oysterhole,"군적금 200만원, 허버허버, 드릉드릉, 힘조, 염보성, ㅗㅜㅑ금지, 시청지 칼찌 Let's go",1,2024-11-28T01:00:47Z,0,UgzHPTD3HDMNp523dBZ4AaABAg.ABMYkFkDShSABMqDUa9FaC,Av1zma6uJco,UC82mFbAgX8mHp5mrzEPkQbw,2024-11-28T01:00:47Z,UgzHPTD3HDMNp523dBZ4AaABAg,중립
버추얼 아이돌 인기가 이정도? '이세계 아이돌' 역대 펀딩 88억 돌파/ KNN,KNN NEWS,대댓글,@김김김-g1d,ㅅㅂ정병있나 주문 외우노?ㅋㅋㅋ,0,2024-11-28T04:44:52Z,0,UgzHPTD3HDMNp523dBZ4AaABAg.ABMYkFkDShSABNErigkDLl,Av1zma6uJco,UCKrvaM-sPu4z64g3L4P1ykQ,2024-11-28T04:44:52Z,UgzHPTD3HDMNp523dBZ4AaABAg,중립
버추얼 아이돌 인기가 이정도? '이세계 아이돌' 역대 펀딩 88억 돌파/ KNN,KNN NEWS,최상위 댓글,@WWC22z,이미지 실시간 추락,4,2026-01-03T15:52:55Z,4,Ugz8pk1QzOi4WIjXx_J4AaABAg,Av1zma6uJco,UCq7duh1RsJPYcTrpPKSojkA,2026-01-03T15:52:55Z,,중립
버추얼 아이돌 인기가 이정도? '이세계 아이돌' 역대 펀딩 88억 돌파/ KNN,KNN NEWS,대댓글,@dest1356,그래도 국내 버추얼 1위인건 안변함ㅋ,0,2026-01-03T23:48:01Z,0,Ugz8pk1QzOi4WIjXx_J4AaABAg.ARWz4d7VJfrARXpSQBCsX0,Av1zma6uJco,UCZ-R1AXOzJ_zukB0NTdOWBA,2026-01-03T23:48:01Z,Ugz8pk1QzOi4WIjXx_J4AaABAg,중립
버추얼 아이돌 인기가 이정도? '이세계 아이돌' 역대 펀딩 88억 돌파/ KNN,KNN NEWS,대댓글,@dest1356,너넨 올려치거나 내려칠 초동도 없잖아ㅋㅋ,0,2026-01-03T23:48:33Z,0,Ugz8pk1QzOi4WIjXx_J4AaABAg.ARWz4d7VJfrARXpWIqcfrB,Av1zma6uJco,UCZ-R1AXOzJ_zukB0NTdOWBA,2026-01-03T23:48:33Z,Ugz8pk1QzOi4WIjXx_J4AaABAg,중립
버추얼 아이돌 인기가 이정도? '이세계 아이돌' 역대 펀딩 88억 돌파/ KNN,KNN NEWS,대댓글,@WWC22z,"​@dest1356 국내 버츄얼 1위는 플레이브지
니네들은 리엑트한테도 안되요 ㅋ",0,2026-01-04T04:04:03Z,0,Ugz8pk1QzOi4WIjXx_J4AaABAg.ARWz4d7VJfrARYHkcEo9xd,Av1zma6uJco,UCq7duh1RsJPYcTrpPKSojkA,2026-01-04T04:04:03Z,Ugz8pk1QzOi4WIjXx_J4AaABAg,중립
버추얼 아이돌 인기가 이정도? '이세계 아이돌' 역대 펀딩 88억 돌파/ KNN,KNN NEWS,대댓글,@WWC22z,​@dest1356  어이구 네네 중소 3.5따리님^^,0,2026-01-04T04:05:44Z,0,Ugz8pk1QzOi4WIjXx_J4AaABAg.ARWz4d7VJfrARYHwwLD57s,Av1zma6uJco,UCq7duh1RsJPYcTrpPKSojkA,2026-01-04T04:05:44Z,Ugz8pk1QzOi4WIjXx_J4AaABAg,중립
버추얼 아이돌 인기가 이정도? '이세계 아이돌' 역대 펀딩 88억 돌파/ KNN,KNN NEWS,최상위 댓글,@Tear-25,버추얼 크게 관심 없고 걍 곡 좋다면 듣는 사람인데 얘네는 그래도 캐릭터에 드는 거부감은 적음 3D 플레이브는 이제 적응해서 괜찮다만 입모양이 낯설어... 묘하게...,2,2024-11-27T22:28:13Z,0,Ugw_tWmGObZyh3nzmaR4AaABAg,Av1zma6uJco,UC_6LxqoKlWRLMucIwpc1PTw,2024-11-27T22:28:13Z,,중립
버추얼 아이돌 인기가 이정도? '이세계 아이돌' 역대 펀딩 88억 돌파/ KNN,KNN NEWS,최상위 댓글,@옐머-i9c,ㅋㅋㅋㅋㅋㅋㅋㅋㅋㅋㅋㅋㅋㅋ여기 이파리 다모였네,0,2024-11-28T09:26:48Z,0,Ugwa9jmAYzW3wmzzISZ4AaABAg,Av1zma6uJco,UCZSh4zXSowW2gZxADC5OvOQ,2024-11-28T09:27:55Z,,중립
버추얼 아이돌 인기가 이정도? '이세계 아이돌' 역대 펀딩 88억 돌파/ KNN,KNN NEWS,최상위 댓글,@llllllllllllllllllllllllll-z2g,"현실에 모쏠 오타쿠들이 얼마나 많은지 알 수 있는 사례...
심각하다..여자 모쏠은 페미로 빠지고 남자 모쏠은 캐릭터한테 감정을 느끼면서 상상연애를 하고.....
이게 뭐하는 짓인지..",6,2024-11-27T19:07:08Z,10,Ugx4Igjtzeg7unLckDJ4AaABAg,Av1zma6uJco,UC4s7fMOLDFkhrewLTicSmwQ,2024-11-27T19:08:13Z,,중립
버추얼 아이돌 인기가 이정도? '이세계 아이돌' 역대 펀딩 88억 돌파/ KNN,KNN NEWS,대댓글,@즈서슷,품어~,0,2024-11-27T22:50:39Z,0,Ugx4Igjtzeg7unLckDJ4AaABAg.ABMCkJoztxTABMbKOgkY2L,Av1zma6uJco,UCPk6QLysigI1A_z3WABgIiw,2024-11-27T22:50:39Z,Ugx4Igjtzeg7unLckDJ4AaABAg,중립
버추얼 아이돌 인기가 이정도? '이세계 아이돌' 역대 펀딩 88억 돌파/ KNN,KNN NEWS,대댓글,@hhuy767-l8l,팬을 연애로 생각하고 비유하는 님이 모쏠같아영... 사람 대 사람으로 누굴 좋아해본적 없으시죠...?,1,2024-11-28T03:09:33Z,0,Ugx4Igjtzeg7unLckDJ4AaABAg.ABMCkJoztxTABN3xgP0alN,Av1zma6uJco,UC9_nj1cmiUjQgDTnxJrTRDQ,2024-11-28T03:09:33Z,Ugx4Igjtzeg7unLckDJ4AaABAg,긍정
버추얼 아이돌 인기가 이정도? '이세계 아이돌' 역대 펀딩 88억 돌파/ KNN,KNN NEWS,대댓글,@user-qs5v1y3mwjh,그냥 그런갑다 하세요 밖에서는 버튜버 본다고 말하는 애들 하나도 없음,3,2024-11-28T03:15:26Z,0,Ugx4Igjtzeg7unLckDJ4AaABAg.ABMCkJoztxTABN4chPGog2,Av1zma6uJco,UCVKBGDj_LvgeQ9Q5U9HStxw,2024-11-28T03:15:26Z,Ugx4Igjtzeg7unLckDJ4AaABAg,중립
버추얼 아이돌 인기가 이정도? '이세계 아이돌' 역대 펀딩 88억 돌파/ KNN,KNN NEWS,대댓글,@IhowcanibegayI,현생은 현생이고 몰래 봅니다 이런 거 보는 거 들키면 수치사해요 ㅋㅋㅋ,0,2024-11-28T06:16:22Z,0,Ugx4Igjtzeg7unLckDJ4AaABAg.ABMCkJoztxTABNPKvmydzP,Av1zma6uJco,UCjeIGeZDHuLImYeIw5fFy2w,2024-11-28T06:16:22Z,Ugx4Igjtzeg7unLckDJ4AaABAg,중립
버추얼 아이돌 인기가 이정도? '이세계 아이돌' 역대 펀딩 88억 돌파/ KNN,KNN NEWS,대댓글,@막한다_막한다,애구 요즘 인생이 많이 힘들구나,0,2024-11-28T06:27:53Z,0,Ugx4Igjtzeg7unLckDJ4AaABAg.ABMCkJoztxTABNQeM4CaD9,Av1zma6uJco,UCjqy1SrBvz9rXsteMFUE2_g,2024-11-28T06:27:53Z,Ugx4Igjtzeg7unLckDJ4AaABAg,중립
버추얼 아이돌 인기가 이정도? '이세계 아이돌' 역대 펀딩 88억 돌파/ KNN,KNN NEWS,최상위 댓글,@ndcd,이런걸로 찐따들 돈을 뜯는구나 일진이 없어지니ㅉㅉ,6,2025-04-03T00:03:01Z,0,UgwcH2eo6wjixX2i87B4AaABAg,Av1zma6uJco,UCg9jya_7fZynPaK1R1mIekQ,2025-04-03T00:03:01Z,,중립
버추얼 아이돌 인기가 이정도? '이세계 아이돌' 역대 펀딩 88억 돌파/ KNN,KNN NEWS,최상위 댓글,@냥아치-u5f,자 굴찜준비,8,2025-06-20T23:18:44Z,1,UgzN6HWBSZbXGomThol4AaABAg,Av1zma6uJco,UCBKh-W6JKhPuYW2FsIEdKAA,2025-06-20T23:18:44Z,,중립
버추얼 아이돌 인기가 이정도? '이세계 아이돌' 역대 펀딩 88억 돌파/ KNN,KNN NEWS,대댓글,@박기명-r7f,자 이세계아이돌 굿즈 구매 준비,1,2025-12-11T15:37:00Z,0,UgzN6HWBSZbXGomThol4AaABAg.AJbWVVh03h3AQaiywXgjSM,Av1zma6uJco,UCFHmAvGBc6HLPMV-KF3_G9g,2025-12-11T15:37:00Z,UgzN6HWBSZbXGomThol4AaABAg,긍정
버추얼 아이돌 인기가 이정도? '이세계 아이돌' 역대 펀딩 88억 돌파/ KNN,KNN NEWS,최상위 댓글,@얏하로,"버튜버는 보는데 이세돌 안봐서 펀딩있는지도 몰랐는데
키보드는 좀 탐나네",0,2024-11-28T21:49:56Z,0,UgxXxqCyt4wzFQvJX1N4AaABAg,Av1zma6uJco,UCx9dyIdDkqwEi-gusIlqFtQ,2024-11-28T21:49:56Z,,중립
버추얼 아이돌 인기가 이정도? '이세계 아이돌' 역대 펀딩 88억 돌파/ KNN,KNN NEWS,최상위 댓글,@DDong.,자랑스럽다!!! 이세돌 사랑해,0,2024-11-28T02:26:51Z,0,UgyD7A2Fli3_SJQPLzt4AaABAg,Av1zma6uJco,UCbJeCYwLDf4vN8V957zwHPA,2024-11-28T02:26:51Z,,긍정
버추얼 아이돌 인기가 이정도? '이세계 아이돌' 역대 펀딩 88억 돌파/ KNN,KNN NEWS,최상위 댓글,@F7f7itffut544,모두 잠수 준비,5,2024-11-28T00:18:41Z,1,UgwM1p_Qtf8acarHWQ94AaABAg,Av1zma6uJco,UCoInog7Am_odQU43ywM_I5Q,2024-11-28T00:18:41Z,,중립
버추얼 아이돌 인기가 이정도? '이세계 아이돌' 역대 펀딩 88억 돌파/ KNN,KNN NEWS,대댓글,@oysterhole,대 보 성,0,2024-11-28T00:57:03Z,0,UgwM1p_Qtf8acarHWQ94AaABAg.ABMlPFbq-_eABMpnGxrtII,Av1zma6uJco,UC82mFbAgX8mHp5mrzEPkQbw,2024-11-28T00:57:03Z,UgwM1p_Qtf8acarHWQ94AaABAg,중립
버추얼 아이돌 인기가 이정도? '이세계 아이돌' 역대 펀딩 88억 돌파/ KNN,KNN NEWS,최상위 댓글,@상남자-x9w,굴먹고싶다,9,2025-03-24T16:32:14Z,0,UgxPXbiab9ElK6V_lTN4AaABAg,Av1zma6uJco,UC_QQx0n7PdmVW9MFLE6_JEA,2025-03-24T16:32:14Z,,중립
버추얼 아이돌 인기가 이정도? '이세계 아이돌' 역대 펀딩 88억 돌파/ KNN,KNN NEWS,최상위 댓글,@밍밍-d1t,캬 형이야 ㄹㅈㄷ 심해로 가야한다던 형.. 다 계획이 있었구나,0,2024-11-28T07:39:19Z,0,UgxztCEpxBp4ZNBWu4F4AaABAg,Av1zma6uJco,UC87T95dGRPfF9oZbzHH2AFA,2024-11-28T07:39:19Z,,중립
버추얼 아이돌 인기가 이정도? '이세계 아이돌' 역대 펀딩 88억 돌파/ KNN,KNN NEWS,최상위 댓글,@사사-h7q,88억은 그러려니 하는데 인당 평균 25만원은 좀 대단하네,1,2024-11-28T00:30:32Z,0,UgwnjO-HpfHAgKLG5WR4AaABAg,Av1zma6uJco,UCONoPApxFhEDBOP6H5rP8vw,2024-11-28T00:30:32Z,,중립
버추얼 아이돌 인기가 이정도? '이세계 아이돌' 역대 펀딩 88억 돌파/ KNN,KNN NEWS,최상위 댓글,@가우스트,이세돌님이 바둑은 이제 예술이 아니다라는걸 알랑가,0,2024-11-28T00:55:51Z,0,UgyvxPVD2urw8Pba11B4AaABAg,Av1zma6uJco,UCUhFE3hSnSwWcFoLO6RAwMQ,2024-11-28T00:55:51Z,,중립
버추얼 아이돌 인기가 이정도? '이세계 아이돌' 역대 펀딩 88억 돌파/ KNN,KNN NEWS,최상위 댓글,@user-gt1rg6me3p,이세돌? 처음 듣네요. 그정도로 인기가 많은가..신기하네요. 앞으로 많은 발전 하길 바랍니다. 킹애~,2,2024-11-28T12:42:53Z,0,Ugz7_QdNJ-m69sOpeBx4AaABAg,Av1zma6uJco,UCt_wF55Cb1NGCPumIAq-M1w,2024-11-28T12:42:53Z,,중립
버추얼 아이돌 인기가 이정도? '이세계 아이돌' 역대 펀딩 88억 돌파/ KNN,KNN NEWS,최상위 댓글,@白龍-v5d,씹덕은 돈이된다 라는 말이 괜히 있는게 아님 ㅋㅋㅋㅋ,0,2024-11-28T05:06:06Z,0,Ugy-esVbKIXt8AVrIaZ4AaABAg,Av1zma6uJco,UCyXR-WtZOC-Eid9aUSup3nw,2024-11-28T05:06:06Z,,중립
버추얼 아이돌 인기가 이정도? '이세계 아이돌' 역대 펀딩 88억 돌파/ KNN,KNN NEWS,최상위 댓글,@훌륭한대화수단-t8z,이야~ 진짜 대단하긴 하다,0,2024-11-27T18:07:28Z,0,UgzDk5doS6G0ZhhzKoB4AaABAg,Av1zma6uJco,UCbcU-jMxd-brUCw2t8ppVDw,2024-11-27T18:07:28Z,,중립
버추얼 아이돌 인기가 이정도? '이세계 아이돌' 역대 펀딩 88억 돌파/ KNN,KNN NEWS,최상위 댓글,@Woochol,은평구에 한 노인인님이 이거 보고 흐뭇해 할거 같단 맨이야,0,2024-11-29T07:25:41Z,0,UgwEmIlYTHMgxjYLvmR4AaABAg,Av1zma6uJco,UCvpY4t_ALjwPC72Ts5yI5JQ,2024-11-29T07:25:41Z,,중립
버추얼 아이돌 인기가 이정도? '이세계 아이돌' 역대 펀딩 88억 돌파/ KNN,KNN NEWS,최상위 댓글,@이요인-k6l,이야 마진 얼마나 남을까,0,2024-11-27T23:24:15Z,0,Ugzpi-bl0q321jnSylh4AaABAg,Av1zma6uJco,UC9sLzyhpgTRcwIZ3v6Y1rkw,2024-11-27T23:24:15Z,,중립
버추얼 아이돌 인기가 이정도? '이세계 아이돌' 역대 펀딩 88억 돌파/ KNN,KNN NEWS,최상위 댓글,@baejinsu,어제도 LOCKDOWN 들었음,1,2024-11-28T03:42:02Z,0,Ugzx-ntfcFpT4dClZ014AaABAg,Av1zma6uJco,UCOZYzmbjoMJPVABv80qUv_g,2024-11-28T03:42:02Z,,중립
버추얼 아이돌 인기가 이정도? '이세계 아이돌' 역대 펀딩 88억 돌파/ KNN,KNN NEWS,최상위 댓글,@모오옹모오옹이,다음 100억 가즈아ㅏㅏㅏㅏ,1,2024-11-27T23:37:33Z,0,UgwpZ26biwHgwwrM3rp4AaABAg,Av1zma6uJco,UCS5GYo-VUxEcxXEv-g9EeFA,2024-11-27T23:37:33Z,,중립
버추얼 아이돌 인기가 이정도? '이세계 아이돌' 역대 펀딩 88억 돌파/ KNN,KNN NEWS,최상위 댓글,@이한울-o5f,"3일만에 마법소녀 이세계 아이돌의 펀딩 기록인 41억원을 가볍게 넘고 두배 조금 넘게 뛰어 넘는게 좀 개쩌는 듯
 그래서 키보드 못 산 사람 없제?",1,2024-11-29T17:04:23Z,0,UgyDHZI9-lMpoRff9et4AaABAg,Av1zma6uJco,UC7cAVtclNBIfziA9_E_Cm-g,2024-11-29T17:04:33Z,,중립
버추얼 아이돌 인기가 이정도? '이세계 아이돌' 역대 펀딩 88억 돌파/ KNN,KNN NEWS,최상위 댓글,@oldmangaryy5997,"팬치는 어디에나 있고, 어디에도 없다.",1,2024-11-29T07:05:11Z,0,UgyQmVdYj3u3Xc6vCBh4AaABAg,Av1zma6uJco,UCIrFRqxoIJA9sksdEBAokXg,2024-11-29T07:05:11Z,,중립
버추얼 아이돌 인기가 이정도? '이세계 아이돌' 역대 펀딩 88억 돌파/ KNN,KNN NEWS,최상위 댓글,@serin._158,내 돌이 뉴스에 나오다닠ㅋ,1,2024-11-29T08:51:30Z,0,UgybfOkP84AW-qHgr9B4AaABAg,Av1zma6uJco,UCrKhpINLpkLDTfAvPmbT_Yw,2024-11-29T08:51:30Z,,중립
버추얼 아이돌 인기가 이정도? '이세계 아이돌' 역대 펀딩 88억 돌파/ KNN,KNN NEWS,최상위 댓글,@HYEON-E04,이야~ 뉴스에도 나오고 자랑스럽다ㅋㅋ,0,2024-12-02T08:32:29Z,0,UgwqOoaVz_CZWiZ5xbJ4AaABAg,Av1zma6uJco,UCJ2xGm8ZMZWQw1rnUsyFdPA,2024-12-02T08:32:29Z,,중립
버추얼 아이돌 인기가 이정도? '이세계 아이돌' 역대 펀딩 88억 돌파/ KNN,KNN NEWS,최상위 댓글,@ysj091-n3y,이 정도면 진짜 신인데,2,2025-01-04T13:05:10Z,0,UgyphE8kho227nOpP9t4AaABAg,Av1zma6uJco,UCIg5wcH3JpkFp5s9RHWFjhw,2025-01-04T13:05:10Z,,중립
버추얼 아이돌 인기가 이정도? '이세계 아이돌' 역대 펀딩 88억 돌파/ KNN,KNN NEWS,최상위 댓글,@user-CCS0611,"아.. 또 돈된다고 정치인들 으르신들
득달같이 달라붙어서 뜯어먹고 통제하고 제제하고...불안하다",0,2024-11-28T02:27:36Z,0,Ugw7fgHcead0JeWnGNB4AaABAg,Av1zma6uJco,UCWBc3r9TJyER_FO13Zq58rQ,2024-11-28T02:27:36Z,,중립
버추얼 아이돌 인기가 이정도? '이세계 아이돌' 역대 펀딩 88억 돌파/ KNN,KNN NEWS,최상위 댓글,@로초코-g6v,키보드 한정 수량 더 많았으면 100억 돌파도 가능했을텐데ㅠㅠ,0,2024-11-27T18:16:43Z,0,UgxR0ISz7I3Bx4P40HN4AaABAg,Av1zma6uJco,UCxw3MStXTvcmVir0IFdTArA,2024-11-27T18:16:43Z,,중립
버추얼 아이돌 인기가 이정도? '이세계 아이돌' 역대 펀딩 88억 돌파/ KNN,KNN NEWS,최상위 댓글,@시린쨩즈,시대가 변하눈게 느껴지는구먼,1,2024-11-27T18:08:17Z,0,Ugw9gHHplhA-mdO_wA14AaABAg,Av1zma6uJco,UCrzM9NE31rhHkVMPQ8wJ_zw,2024-11-27T18:08:17Z,,중립
버추얼 아이돌 인기가 이정도? '이세계 아이돌' 역대 펀딩 88억 돌파/ KNN,KNN NEWS,최상위 댓글,@realstate910,이게 뭐야? 일본뉴스인줄 알았는데 한국이네,1,2024-11-29T09:44:37Z,0,UgySY08y2YTyj_jL4Qd4AaABAg,Av1zma6uJco,UCnVdoSzMTp-K6Gt8WgfqaxA,2024-11-29T09:44:37Z,,중립
버추얼 아이돌 인기가 이정도? '이세계 아이돌' 역대 펀딩 88억 돌파/ KNN,KNN NEWS,최상위 댓글,@two_hat-e2,"솔찍히안먹어보면
이게뭔데싶떡아
이러는데 먹어보먼게속빠짐",1,2024-12-07T00:36:10Z,0,UgwTIES4KZhRCxdxQjN4AaABAg,Av1zma6uJco,UCtFPpP6u0NPBRpwmitWZO2A,2024-12-07T00:36:10Z,,중립
버추얼 아이돌 인기가 이정도? '이세계 아이돌' 역대 펀딩 88억 돌파/ KNN,KNN NEWS,최상위 댓글,@black_knight_lion,누구인지 첨 알았어요. 정말 대단하군요 쓰읍 아 킹애,1,2024-11-27T23:47:42Z,0,UgxK-buAeuk12hA-6wd4AaABAg,Av1zma6uJco,UCFVy2pMSrNuAyzcFLDQ70pg,2024-11-27T23:47:42Z,,중립
버추얼 아이돌 인기가 이정도? '이세계 아이돌' 역대 펀딩 88억 돌파/ KNN,KNN NEWS,최상위 댓글,@나카노니노-h7r,누군지는 모르겠지만 모시깽이 하네요 킹아,2,2024-12-31T23:57:20Z,0,UgySn74Encc4CrhixCR4AaABAg,Av1zma6uJco,UCK4bSPIKyoyfNpwuVtB-_7w,2024-12-31T23:57:20Z,,중립
버추얼 아이돌 인기가 이정도? '이세계 아이돌' 역대 펀딩 88억 돌파/ KNN,KNN NEWS,최상위 댓글,@Red-fe4cw,평소에 유튜브에서 케인 영상만 보다가 악놀 이후로 버튜버들 알게됐는데 다들 좋으신 분들이시던데 유명하면 유명해질수록 과도한 관심들이 몰릴텐데 잘 헤쳐나가서 승승장구하시길. 덕분에 케청자로서 재밌는 케미 많이봤습니다:)),2,2024-11-30T16:53:05Z,0,UgyKFYSc2xMIrL5bdvl4AaABAg,Av1zma6uJco,UCJ9Rf5MuaXRiR2fomZHAMAg,2024-11-30T16:53:05Z,,긍정
버추얼 아이돌 인기가 이정도? '이세계 아이돌' 역대 펀딩 88억 돌파/ KNN,KNN NEWS,최상위 댓글,@Milkteatv0525,고세구 쥰내 사랑해,2,2024-11-27T22:09:34Z,0,Ugy22cSRkS9eF1ex1xJ4AaABAg,Av1zma6uJco,UC-a9X54PdBV_Iy5wWwvxRDQ,2024-11-27T22:09:34Z,,긍정
버추얼 아이돌 인기가 이정도? '이세계 아이돌' 역대 펀딩 88억 돌파/ KNN,KNN NEWS,최상위 댓글,@여섯띠아르마딜로,ㅋㅋㅋㅋㅋㅋㅋ 뭔가 뭔가다 ㅋㅋㅋㅋㅋㅋ,1,2024-11-29T12:52:27Z,0,Ugw1-1FgGi_-ePyigrp4AaABAg,Av1zma6uJco,UCUsCq6v4GDaImQQ2gWNX4LA,2024-11-29T12:52:27Z,,중립
버추얼 아이돌 인기가 이정도? '이세계 아이돌' 역대 펀딩 88억 돌파/ KNN,KNN NEWS,최상위 댓글,@zuijinnorou,역시 그는 신이야...,1,2025-01-01T13:37:29Z,0,UgzM2m2SP5hqnwmAFE14AaABAg,Av1zma6uJco,UCwEv720j_R6tXVA4W91A7AA,2025-01-01T13:37:29Z,,중립
버추얼 아이돌 인기가 이정도? '이세계 아이돌' 역대 펀딩 88억 돌파/ KNN,KNN NEWS,최상위 댓글,@Kywkyebrwo,"진짜 우왁굳 미친 사람,, ❤",1,2024-11-27T23:01:14Z,0,Ugy5ZThMzpEM1sR-8SJ4AaABAg,Av1zma6uJco,UCVRCmhdk_a7qUWlatpgSADQ,2024-11-27T23:01:14Z,,중립
버추얼 아이돌 인기가 이정도? '이세계 아이돌' 역대 펀딩 88억 돌파/ KNN,KNN NEWS,최상위 댓글,@hk.8741,충성도 높은 ㅋㅋㅋㅋㅋ 개웃기네 ㅋㅋㅋㅋ,0,2024-11-30T01:55:50Z,0,UgxwzFs7cd2ZjzGMZZR4AaABAg,Av1zma6uJco,UCODdmIg78CHwJafeU9B9Tcw,2024-11-30T01:55:50Z,,중립
버추얼 아이돌 인기가 이정도? '이세계 아이돌' 역대 펀딩 88억 돌파/ KNN,KNN NEWS,최상위 댓글,@리프리-q8c,1:13 충성도 ㅋㅋㅋ 뭔가 느낌이 이상한데?,2,2024-11-28T06:02:53Z,0,Ugx4sWLq0t3DQpfqdC14AaABAg,Av1zma6uJco,UCQDbh96zRfYIvwsVGo5UgGg,2024-11-28T06:03:09Z,,중립
버추얼 아이돌 인기가 이정도? '이세계 아이돌' 역대 펀딩 88억 돌파/ KNN,KNN NEWS,최상위 댓글,@赫赫赫赫赫,대단하네요,0,2024-11-27T19:25:02Z,0,UgyaR0hJGh8DaeW2WTl4AaABAg,Av1zma6uJco,UCX_dLrKFEI8sKRJtM2fUnHw,2024-11-27T19:25:02Z,,중립
버추얼 아이돌 인기가 이정도? '이세계 아이돌' 역대 펀딩 88억 돌파/ KNN,KNN NEWS,최상위 댓글,@룰루랄라-w9q,뉴스에 형 이름 나오니까 기분이 이상함... 이상하면서도 개웃김 이대로 양지로 가는건가?💜💛🖤🩷🩵💚 이세돌 화이팅 킹애,0,2024-11-27T22:31:00Z,0,Ugz8H8NPb79-0mq5sSR4AaABAg,Av1zma6uJco,UCeusYQzWI0MUmguNuaAL18w,2024-11-27T22:31:00Z,,중립
버추얼 아이돌 인기가 이정도? '이세계 아이돌' 역대 펀딩 88억 돌파/ KNN,KNN NEWS,최상위 댓글,@docruelee5714,ㅁㅊ 88억……,2,2025-01-06T01:29:18Z,0,Ugxmh-Hafht_4SwOS_Z4AaABAg,Av1zma6uJco,UCMWyorknPkSIF0TvANXGvGg,2025-01-06T01:29:18Z,,중립
버추얼 아이돌 인기가 이정도? '이세계 아이돌' 역대 펀딩 88억 돌파/ KNN,KNN NEWS,최상위 댓글,@의미없다-j2e,아놔..이세돌이 바둑 펀딩을 83억 했다고 보고 들어왔는데 그 이세돌이 아니네....,0,2024-11-27T23:47:28Z,0,UgzZPRWmyTtupf5GuSB4AaABAg,Av1zma6uJco,UCKYp3A3uXUQ-z0xOjm2Rh_A,2024-11-27T23:47:28Z,,중립
버추얼 아이돌 인기가 이정도? '이세계 아이돌' 역대 펀딩 88억 돌파/ KNN,KNN NEWS,최상위 댓글,@wood_chip,형..어디까지가..,1,2024-11-30T00:36:37Z,0,UgwaMos9wXXUDq3YhGp4AaABAg,Av1zma6uJco,UC9ir2Nmvy4tYH8NR_G-nvfw,2024-11-30T00:36:37Z,,중립
버추얼 아이돌 인기가 이정도? '이세계 아이돌' 역대 펀딩 88억 돌파/ KNN,KNN NEWS,최상위 댓글,@앜카,처음엔 이 정도까지 될 줄 몰랐는데 ㅋㅋㅋㅋㅋ역시 형은 신이야!,0,2024-11-29T01:37:54Z,0,UgwSV_vnolpcvcz6Rqt4AaABAg,Av1zma6uJco,UC_mOKNgMbYQTnGqHv1VZG2Q,2024-11-29T01:37:54Z,,중립
버추얼 아이돌 인기가 이정도? '이세계 아이돌' 역대 펀딩 88억 돌파/ KNN,KNN NEWS,최상위 댓글,@김수빈-u3l,역시 형이야.,1,2024-11-28T03:41:21Z,0,UgxHfsf3Di_c08sCzsR4AaABAg,Av1zma6uJco,UCiV1nKjkDrOWLkEL76oZZ3Q,2024-11-28T03:41:21Z,,중립
버추얼 아이돌 인기가 이정도? '이세계 아이돌' 역대 펀딩 88억 돌파/ KNN,KNN NEWS,최상위 댓글,@Nanne-c7d,이세돌이 뭔진 몰라도 코큰 일본아저씨가 가장 귀여운거 같네요 킹애,1,2024-11-28T08:14:32Z,0,UgxeUzNEIOz04rNBiFp4AaABAg,Av1zma6uJco,UCiq3lr4fhl0P9TUBlnAv-yA,2024-11-28T08:14:32Z,,중립
버추얼 아이돌 인기가 이정도? '이세계 아이돌' 역대 펀딩 88억 돌파/ KNN,KNN NEWS,최상위 댓글,@seongragan,형 형이랑 이세돌 뉴스 나온거 봤어?,1,2024-11-28T03:42:23Z,0,UgyuCx8OYM7oJWyJJcB4AaABAg,Av1zma6uJco,UC23WWjXbTU-EYb1IwBRuFiQ,2024-11-28T03:42:23Z,,중립
버추얼 아이돌 인기가 이정도? '이세계 아이돌' 역대 펀딩 88억 돌파/ KNN,KNN NEWS,최상위 댓글,@흰곰-w9c,"우왁굳 ㅋㅋㅋ 뉴스 언급도 나오네 ㅋㅋㅋㅋㅋㅋ
이세돌은 못 참긴 하지",1,2024-11-28T01:34:56Z,0,Ugxt_B_bK1RjhyKgQ114AaABAg,Av1zma6uJco,UCZcqcmnmE-xMzRznVh3C5bw,2024-11-28T01:34:56Z,,중립
버추얼 아이돌 인기가 이정도? '이세계 아이돌' 역대 펀딩 88억 돌파/ KNN,KNN NEWS,최상위 댓글,@sen06-10,저건 2차원이라 해야 하나 3차원이라 해야 하나...?,0,2024-11-28T00:48:58Z,0,Ugwp6sAiuUjWJShzIaZ4AaABAg,Av1zma6uJco,UCjqlWehe1AIw8jR7B2uzqxA,2024-11-28T00:48:58Z,,중립
버추얼 아이돌 인기가 이정도? '이세계 아이돌' 역대 펀딩 88억 돌파/ KNN,KNN NEWS,최상위 댓글,@Dadada-v8j,우리나라가 10여년 전만 해도 옆나라 일본 하츠네미쿠 콘서트 보고 일본 오타쿠들 비하하고 욕했는데 10여년이 지난 지금은 우리가 그냥 즐기네,1,2024-11-30T16:16:08Z,0,UgwbhrCreV568x5yiSF4AaABAg,Av1zma6uJco,UCSyGoYfsyC52jbR31ARXjiQ,2024-11-30T16:16:08Z,,중립
버추얼 아이돌 인기가 이정도? '이세계 아이돌' 역대 펀딩 88억 돌파/ KNN,KNN NEWS,최상위 댓글,@양-x9n,이거지!!!!!킹아~~~,1,2024-11-28T01:16:17Z,0,Ugz8m1V-bHqdNeMGqMt4AaABAg,Av1zma6uJco,UCwmzNO_lCc0Et4QfOMNxlFA,2024-11-28T01:16:17Z,,중립
버추얼 아이돌 인기가 이정도? '이세계 아이돌' 역대 펀딩 88억 돌파/ KNN,KNN NEWS,최상위 댓글,@안녕-k3d7m,와 돈잘버네 선점효과도 있겠지만 그만큼 관리를 잘했다는거겠지 ㅋㅋ 키딩은 들어본적있는듯,1,2024-11-28T04:39:20Z,0,Ugzgsq5LonPwZqT65kl4AaABAg,Av1zma6uJco,UCbP8dXZtkmK_9aBhVTxGNfQ,2024-11-28T04:39:20Z,,중립
버추얼 아이돌 인기가 이정도? '이세계 아이돌' 역대 펀딩 88억 돌파/ KNN,KNN NEWS,최상위 댓글,@mmnmmnmmnmmnnm3909,이세돌이 뭔지는 모르겠지만 88억이라니 대단하네요 항상 화이팅입니다 킹아~,0,2024-11-27T23:45:32Z,0,UgwYrbUr62BlbccKNqN4AaABAg,Av1zma6uJco,UCuvl0C7zdl3bSkKFQcUYBJw,2024-11-27T23:45:32Z,,중립
버추얼 아이돌 인기가 이정도? '이세계 아이돌' 역대 펀딩 88억 돌파/ KNN,KNN NEWS,최상위 댓글,@비오뜨-biotte,1시간만에 50억 달성.... 한달만에 88억달성...흐음...  킹아!~,0,2024-11-27T22:54:42Z,0,UgyfMmQwHyn-RkEVJkN4AaABAg,Av1zma6uJco,UCotx-7Jpgwu25-yyoLYPRIg,2024-11-27T22:54:42Z,,중립
버추얼 아이돌 인기가 이정도? '이세계 아이돌' 역대 펀딩 88억 돌파/ KNN,KNN NEWS,최상위 댓글,@LEEENO111,역시 형이야,1,2024-12-05T10:58:20Z,0,UgxJH1yoAF3HxLavmtd4AaABAg,Av1zma6uJco,UCZKeiX2HVkbtHO62MpcQD6w,2024-12-05T10:58:20Z,,중립
버추얼 아이돌 인기가 이정도? '이세계 아이돌' 역대 펀딩 88억 돌파/ KNN,KNN NEWS,최상위 댓글,@하하호호-g5s,버튜버가 진짜 대세인가보네 ㄷㄷㄷㄷ,0,2024-11-29T03:57:11Z,0,Ugyj-Br6wGXvydvmWhR4AaABAg,Av1zma6uJco,UC_bsokxcI2f33aoQcZnRQFQ,2024-11-29T03:57:11Z,,중립
버추얼 아이돌 인기가 이정도? '이세계 아이돌' 역대 펀딩 88억 돌파/ KNN,KNN NEWS,최상위 댓글,@ttyy667o1,"처음 봤을때 버근줄 알았내요ㅋㅋ
영상 잘 보고 갑니다   ;)",0,2024-12-04T13:23:14Z,0,UgykH5lFBPgMTrVU5OV4AaABAg,Av1zma6uJco,UCwwf-N5ua0pUpCZIZZEC5Kw,2024-12-04T13:23:14Z,,중립
버추얼 아이돌 인기가 이정도? '이세계 아이돌' 역대 펀딩 88억 돌파/ KNN,KNN NEWS,최상위 댓글,@shucream-g5c,캬 저 후원자 중 하나가 나라는 게 자랑스럽다,0,2024-11-28T07:02:15Z,0,Ugz3nU6oMBIoiMrJ_OF4AaABAg,Av1zma6uJco,UC888noJ0MFFNwa26xH518SQ,2024-11-28T07:02:15Z,,중립
버추얼 아이돌 인기가 이정도? '이세계 아이돌' 역대 펀딩 88억 돌파/ KNN,KNN NEWS,최상위 댓글,@Ine_violet,금액 마지막.. 158.. 크흠,1,2024-11-28T06:33:32Z,0,UgxdfBiWBv2t9vURHn14AaABAg,Av1zma6uJco,UCxqTigJjlnzgSVkhUzmQEGA,2024-11-28T06:33:32Z,,중립
버추얼 아이돌 인기가 이정도? '이세계 아이돌' 역대 펀딩 88억 돌파/ KNN,KNN NEWS,최상위 댓글,@소울투이,"왁굳님은 진짜 이파리, 팬치들이 돈 모을 시간을 안주셔..",1,2024-11-28T03:36:54Z,0,UgwH6zEDfHh_-Nq4d6x4AaABAg,Av1zma6uJco,UCAdZfI4IMbgRTfKIGtc0WLA,2024-11-28T03:36:54Z,,중립
버추얼 아이돌 인기가 이정도? '이세계 아이돌' 역대 펀딩 88억 돌파/ KNN,KNN NEWS,최상위 댓글,@SANGB-p5q,역시 형이야,0,2024-11-27T22:43:02Z,0,UgzIwNNxsDbDPaAoJVt4AaABAg,Av1zma6uJco,UCISkFNvnzo6BAsSxkdd8DSQ,2024-11-27T22:43:02Z,,중립
버추얼 아이돌 인기가 이정도? '이세계 아이돌' 역대 펀딩 88억 돌파/ KNN,KNN NEWS,최상위 댓글,@soodongtae10,❤,0,2024-11-30T09:56:17Z,0,UgxGTABRG6PcX4l-1G14AaABAg,Av1zma6uJco,UCiiKTesk5vxpiq3eS49jlbA,2024-11-30T09:56:17Z,,중립
버추얼 아이돌 인기가 이정도? '이세계 아이돌' 역대 펀딩 88억 돌파/ KNN,KNN NEWS,최상위 댓글,@robeliauri,"지금도 리셀러가 어느 정도 끼어 있는 거 같던데 다음번엔 더 할 거 같애요
제발 순수한 팬들 우리 이파리 들만 굿즈를 샀으면 좋겠건만",0,2024-12-06T00:57:23Z,0,UgyyANSLTxN5qPtKBFJ4AaABAg,Av1zma6uJco,UCnRJYj3KK0RqVPeUI_G9HTw,2024-12-06T00:57:23Z,,긍정
버추얼 아이돌 인기가 이정도? '이세계 아이돌' 역대 펀딩 88억 돌파/ KNN,KNN NEWS,최상위 댓글,@유진유리진율,우리 이세돌 이제 뉴스에서 얘기 까지 해주고 넘 감동이다 😢😢😂😂❤❤,0,2024-12-25T17:15:51Z,0,UgzYhPgDEzoZHG6wKHZ4AaABAg,Av1zma6uJco,UC2Xf0d07lcnZ2JdJZI_tnrw,2024-12-25T17:15:51Z,,중립
버추얼 아이돌 인기가 이정도? '이세계 아이돌' 역대 펀딩 88억 돌파/ KNN,KNN NEWS,최상위 댓글,@jameslee8541,캬.. 킹아...대단하다. 이파리들의 화력이란 ㄷㄷ,0,2024-11-27T23:46:02Z,0,Ugz9GZUfA8sHOoaKypV4AaABAg,Av1zma6uJco,UCIKeO2FDHw8ZwzEhEDQLYSw,2024-11-27T23:46:02Z,,중립
버추얼 아이돌 인기가 이정도? '이세계 아이돌' 역대 펀딩 88억 돌파/ KNN,KNN NEWS,최상위 댓글,@hatiseimei4856,왁굳형 형은 대체 어디까지.... 본거야....,0,2024-11-28T08:35:56Z,0,UgxfmzA_w87W0--PaaB4AaABAg,Av1zma6uJco,UCJ7PzyxbLBuPzuNdOdhEzsA,2024-11-28T08:35:56Z,,중립
버추얼 아이돌 인기가 이정도? '이세계 아이돌' 역대 펀딩 88억 돌파/ KNN,KNN NEWS,최상위 댓글,@vhxpscb5840,🎉🎉,0,2024-11-27T22:24:40Z,0,Ugyp6UNnfSViuad6Os94AaABAg,Av1zma6uJco,UCjLuP9qAktUWZsnoUKiAsZw,2024-11-27T22:24:40Z,,중립
버추얼 아이돌 인기가 이정도? '이세계 아이돌' 역대 펀딩 88억 돌파/ KNN,KNN NEWS,최상위 댓글,@최영순-y5x,ㄷㅐ단한 이세돌  🎉🎉🎉🎉🎉,2,2025-11-14T12:28:30Z,0,Ugyyv4xSlrao5vOsu3h4AaABAg,Av1zma6uJco,UCxINf1Hd4BvJaJFsyCCZ8kg,2025-11-14T12:28:30Z,,중립
버추얼 아이돌 인기가 이정도? '이세계 아이돌' 역대 펀딩 88억 돌파/ KNN,KNN NEWS,최상위 댓글,@폰러친구,와 대박 ㄷㄷ,0,2024-11-27T20:39:55Z,0,UgzmN_6mk8ZL85fMEhZ4AaABAg,Av1zma6uJco,UCufud53WwpptQ5YmdyLe5PQ,2024-11-27T20:39:55Z,,긍정
버추얼 아이돌 인기가 이정도? '이세계 아이돌' 역대 펀딩 88억 돌파/ KNN,KNN NEWS,최상위 댓글,@미경서-g9z,"위하하하하하하하하하하하하하하하하하
이제 뉴스까지 지배하다니
역시 이세돌이다다다다다다다다",0,2024-11-28T01:16:43Z,0,UgydHfDqMo9_rwWcaSt4AaABAg,Av1zma6uJco,UCLtdisxTBp2CEQzPbqeu3pg,2024-11-28T01:16:43Z,,중립
버추얼 아이돌 인기가 이정도? '이세계 아이돌' 역대 펀딩 88억 돌파/ KNN,KNN NEWS,최상위 댓글,@autonicknam,30도 포함해줘...ㅠㅠ,0,2024-12-05T04:45:25Z,0,UgwLGoFHGXdf32CWQTt4AaABAg,Av1zma6uJco,UC8i82cFJqnh2P_e3eXaaz4Q,2024-12-05T04:45:25Z,,중립
버추얼 아이돌 인기가 이정도? '이세계 아이돌' 역대 펀딩 88억 돌파/ KNN,KNN NEWS,최상위 댓글,@little_pansa,이세돌이 뭐길래... 킹하,2,2024-11-28T15:03:39Z,0,UgyhSZkfRCqUMK-MHGl4AaABAg,Av1zma6uJco,UCwRWeGa_10Ov_IAxMhLYsyw,2024-11-28T15:03:39Z,,중립
버추얼 아이돌 인기가 이정도? '이세계 아이돌' 역대 펀딩 88억 돌파/ KNN,KNN NEWS,최상위 댓글,@배가_고프다,처음에 40억 찍어 봤으니 이번엔 40~50억 찍을거라고 예상 했는데 두배를 찍을줄 누가 알았겠어ㅋㅋㅋㅋㅋㅋ,0,2024-11-28T16:19:29Z,0,UgykDDtmKFU6CRcmaK14AaABAg,Av1zma6uJco,UCIiKa8ftbokV1Zp9i2u7EEA,2024-11-28T16:19:29Z,,중립
버추얼 아이돌 인기가 이정도? '이세계 아이돌' 역대 펀딩 88억 돌파/ KNN,KNN NEWS,최상위 댓글,@Chani_99,형 이래도 우리가 음지야??,1,2024-11-28T01:48:38Z,0,Ugyf4-Cg61aIOhSwICd4AaABAg,Av1zma6uJco,UC9vnCnw55Icfimry85B70Yw,2024-11-28T01:48:38Z,,중립
버추얼 아이돌 인기가 이정도? '이세계 아이돌' 역대 펀딩 88억 돌파/ KNN,KNN NEWS,최상위 댓글,@존버하고싶다,왁굳형은 제대로 컨텐츠에 투자하니까 충성도 높을만해,1,2024-12-01T15:17:58Z,0,UgxMEDJ5ut5yh6gy07d4AaABAg,Av1zma6uJco,UC_3UMP7VWCDy67m4dvz2ZDw,2024-12-01T15:17:58Z,,중립
버추얼 아이돌 인기가 이정도? '이세계 아이돌' 역대 펀딩 88억 돌파/ KNN,KNN NEWS,최상위 댓글,@kize9288,이번 뉴스로 이세계 아이돌이라는걸 처음 알았는데 국내 버츄얼 시장에서 활약하길 기대해봅니다~ 킹애,0,2024-11-27T17:33:14Z,0,UgzPCcxs2zeagFDUQDd4AaABAg,Av1zma6uJco,UCzJxN99mb6oOWf7HN6R8V3A,2024-11-27T17:34:15Z,,중립
버추얼 아이돌 인기가 이정도? '이세계 아이돌' 역대 펀딩 88억 돌파/ KNN,KNN NEWS,최상위 댓글,@곽정민,킹애ㅐㅐㅐㅐㅐㅐㅐㅐㅐㅐ,0,2024-11-27T19:03:47Z,0,UgwAlUh9gtkLDC71pIJ4AaABAg,Av1zma6uJco,UCnqN4-7ElAqrwIpPRLqLO0w,2024-11-27T19:03:47Z,,중립
버추얼 아이돌 인기가 이정도? '이세계 아이돌' 역대 펀딩 88억 돌파/ KNN,KNN NEWS,최상위 댓글,@그야말로드림,가슴이 웅장해진다 충성도 100%,0,2024-12-01T03:06:06Z,0,UgyzL2NbPsKI1QnAxX14AaABAg,Av1zma6uJco,UCRFdditBmvncMfBxBUKO1KA,2024-12-01T03:06:06Z,,중립
버추얼 아이돌 인기가 이정도? '이세계 아이돌' 역대 펀딩 88억 돌파/ KNN,KNN NEWS,최상위 댓글,@피르-p8d,와..... 그나저나 88억을 3만5천명으로 나눠도 1인당 25만원은 쓴건디 대단하다....,0,2024-11-28T06:10:53Z,0,UgzEiumXhr3iDxDhQ3p4AaABAg,Av1zma6uJco,UCuhKBzI2X9RbFFSP_2SuCwg,2024-11-28T06:10:53Z,,중립
버추얼 아이돌 인기가 이정도? '이세계 아이돌' 역대 펀딩 88억 돌파/ KNN,KNN NEWS,최상위 댓글,@user-ei8su3vk2q,"대 sip닥의 시대구만 ㅋㅋㅋㅋ
역시 돈이된다",2,2024-11-29T16:38:53Z,0,UgxeE17W8-XuPOKWO1N4AaABAg,Av1zma6uJco,UCXBpSytjGQMmFaqCUPIfhOg,2024-11-29T16:38:53Z,,중립
버추얼 아이돌 인기가 이정도? '이세계 아이돌' 역대 펀딩 88억 돌파/ KNN,KNN NEWS,최상위 댓글,@pastel-0321,어 킹애~,2,2025-01-06T02:44:45Z,0,UgwBgKMXt_yGpSka2WJ4AaABAg,Av1zma6uJco,UCuabkN3cSsF_4JJWrWn3QNA,2025-01-06T02:44:45Z,,중립
버추얼 아이돌 인기가 이정도? '이세계 아이돌' 역대 펀딩 88억 돌파/ KNN,KNN NEWS,최상위 댓글,@수-e4x,진짜 어케 했냐 ㄷㄷ,0,2024-12-01T14:31:44Z,0,UgxI6m9BvSFSLcOhRV94AaABAg,Av1zma6uJco,UCVKan98zQZBfF_JRGT0FUcg,2024-12-01T14:31:44Z,,중립
버추얼 아이돌 인기가 이정도? '이세계 아이돌' 역대 펀딩 88억 돌파/ KNN,KNN NEWS,최상위 댓글,@boml2128,와 미쳤다,1,2024-12-10T11:31:08Z,0,Ugwf46gu7I4p6Z4xF754AaABAg,Av1zma6uJco,UCvgj8_v1FiPMW-fGttG_HjQ,2024-12-10T11:31:08Z,,중립
버추얼 아이돌 인기가 이정도? '이세계 아이돌' 역대 펀딩 88억 돌파/ KNN,KNN NEWS,최상위 댓글,@오토야나라세워,세돌이들 뉴스 타서 좋은 이파리면 개추 ㅋㅋㅋ,1,2024-12-20T11:56:44Z,0,Ugz9m7qX2Z2-Hfg-6sZ4AaABAg,Av1zma6uJco,UCdvHwylYhCPIfPRpQH80yzQ,2024-12-20T11:56:44Z,,중립
버추얼 아이돌 인기가 이정도? '이세계 아이돌' 역대 펀딩 88억 돌파/ KNN,KNN NEWS,최상위 댓글,@유찬9,세상이 너무 잘못되어 가고 있노...... 사이버펑크시대가 머지않았음 ㄹㅇ,1,2024-11-28T01:26:52Z,0,Ugz_FlHAUiEHdm0YS694AaABAg,Av1zma6uJco,UC-GNllsSKMoORz8X89UDN9A,2024-11-28T01:26:52Z,,중립
버추얼 아이돌 인기가 이정도? '이세계 아이돌' 역대 펀딩 88억 돌파/ KNN,KNN NEWS,최상위 댓글,@쟌슨빌로다가-v6g,혁명적임,1,2025-01-03T07:46:09Z,0,Ugzz9PUdYpJbv5EIrR54AaABAg,Av1zma6uJco,UClkFECDULUxArNa5edYd6Rg,2025-01-03T07:46:09Z,,중립
버추얼 아이돌 인기가 이정도? '이세계 아이돌' 역대 펀딩 88억 돌파/ KNN,KNN NEWS,최상위 댓글,@코너리브스,가까운사람의 지인이라 매번 신기ㅋㅋㅋ,0,2024-11-28T22:22:48Z,0,UgyKHo-qO0sdONy091d4AaABAg,Av1zma6uJco,UCvasuf-2-2dgrSthQGjIk6w,2024-11-28T22:22:48Z,,중립
버추얼 아이돌 인기가 이정도? '이세계 아이돌' 역대 펀딩 88억 돌파/ KNN,KNN NEWS,최상위 댓글,@Dami00713,"2% 세계관....너무 행복해요..
말실수조차 하지말고 논란거리 하나 없이 롱런해줘!!",0,2024-12-05T09:30:41Z,0,UgxLgl67kG2v6rhBT1R4AaABAg,Av1zma6uJco,UCjNUlAUZ0occstELYKZ1Hzw,2024-12-05T09:30:41Z,,중립
버추얼 아이돌 인기가 이정도? '이세계 아이돌' 역대 펀딩 88억 돌파/ KNN,KNN NEWS,최상위 댓글,@호구와트한국지부-u5u,킹아😢😢😢,1,2025-01-31T04:37:32Z,0,UgyBj1KRnUAje-h_2vV4AaABAg,Av1zma6uJco,UCKVcgCiCMsdmJQDflyIUsvg,2025-01-31T04:37:46Z,,중립
버추얼 아이돌 인기가 이정도? '이세계 아이돌' 역대 펀딩 88억 돌파/ KNN,KNN NEWS,최상위 댓글,@김성진-i4k,이거지❤,0,2024-11-27T22:21:59Z,0,UgxrLOEXHjbuGxNJoG14AaABAg,Av1zma6uJco,UCj3S5V7KvkEV6A1TSfsGINg,2024-11-27T22:21:59Z,,중립
버추얼 아이돌 인기가 이정도? '이세계 아이돌' 역대 펀딩 88억 돌파/ KNN,KNN NEWS,최상위 댓글,@wonjuncha1200,❤,0,2024-11-29T23:31:13Z,0,Ugwhq6N0j5KAfKwYv7t4AaABAg,Av1zma6uJco,UCpuJVDhTHu5fmkoRJqfDq1A,2024-11-29T23:31:13Z,,중립
버추얼 아이돌 인기가 이정도? '이세계 아이돌' 역대 펀딩 88억 돌파/ KNN,KNN NEWS,최상위 댓글,@하러스,40도 넣어줘어….ㅠㅠ,1,2024-11-28T07:20:58Z,0,UgyePlE5elIpW6-AmH14AaABAg,Av1zma6uJco,UC-RXzhRUqzrksiE5pr-PGIg,2024-11-28T07:20:58Z,,중립
버추얼 아이돌 인기가 이정도? '이세계 아이돌' 역대 펀딩 88억 돌파/ KNN,KNN NEWS,최상위 댓글,@qhaw123,88억나온거보고 내눈이 잘못됬나 했네ㅋㅋㅋㅋㅋㅋ,0,2024-11-28T02:48:42Z,0,Ugw6Sf7Qy1BpCCVuEnZ4AaABAg,Av1zma6uJco,UCxoPm3XmVz9S2tBpJ2lZzQA,2024-11-28T02:48:42Z,,중립
버추얼 아이돌 인기가 이정도? '이세계 아이돌' 역대 펀딩 88억 돌파/ KNN,KNN NEWS,최상위 댓글,@s.r2889,ㅋㅋㅋㅋㅋ ㅋㅋㅋㅋ ㅋㅋㅋㅋ ㅋㅋㅋㅋ ㅋㅋㅋㅋ ㅋㅋㅋㅋ ㅋㅋㅋㅋ ㅋㅋㅋㅋ ㅋㅋㅋㅋ,0,2024-11-27T23:31:50Z,0,UgwP3RVEyXdy72Q9s3F4AaABAg,Av1zma6uJco,UCcXb2GC5gtZHP0zPoDztmgQ,2024-11-27T23:31:50Z,,중립
버추얼 아이돌 인기가 이정도? '이세계 아이돌' 역대 펀딩 88억 돌파/ KNN,KNN NEWS,최상위 댓글,@사람-i6h4e,역시 형이야,0,2024-11-27T22:59:40Z,0,UgyjPmvp1UnVRE40AEN4AaABAg,Av1zma6uJco,UCu15Z2P2Hq7twAuVT4Gy-8g,2024-11-27T22:59:40Z,,중립
버추얼 아이돌 인기가 이정도? '이세계 아이돌' 역대 펀딩 88억 돌파/ KNN,KNN NEWS,최상위 댓글,@왁즈,❤,0,2024-12-21T23:17:11Z,0,Ugy2cliDrX-49tkW74B4AaABAg,Av1zma6uJco,UCib-UNWVs0mOknOvFS_8wtA,2024-12-21T23:17:11Z,,중립
버추얼 아이돌 인기가 이정도? '이세계 아이돌' 역대 펀딩 88억 돌파/ KNN,KNN NEWS,최상위 댓글,@nnamrrr,역시 형이야,0,2024-11-28T04:08:22Z,0,UgyjDf0orNyj3T_5BL14AaABAg,Av1zma6uJco,UCh2ZBWNQe-dY-pxTs6UyELg,2024-11-28T04:08:22Z,,중립
버추얼 아이돌 인기가 이정도? '이세계 아이돌' 역대 펀딩 88억 돌파/ KNN,KNN NEWS,최상위 댓글,@yourlifeisiron998,역시 형이야,0,2024-11-28T06:22:49Z,0,Ugy3I39aHWRE6X1Vo6t4AaABAg,Av1zma6uJco,UCkVy7hepWfkzVbY8VKL0wFw,2024-11-28T06:22:49Z,,중립
버추얼 아이돌 인기가 이정도? '이세계 아이돌' 역대 펀딩 88억 돌파/ KNN,KNN NEWS,최상위 댓글,@사라져볼게,역시 형이야,0,2024-11-28T08:27:32Z,0,Ugy315O_vyRBIYuDsgt4AaABAg,Av1zma6uJco,UC36fm5GnTpZjAh_Uknl3ELQ,2024-11-28T08:27:32Z,,중립
버추얼 아이돌 인기가 이정도? '이세계 아이돌' 역대 펀딩 88억 돌파/ KNN,KNN NEWS,최상위 댓글,@kh7480,키보드 사고싶었는데 매진 ㅜㅜ,0,2024-11-28T02:31:26Z,0,UgyIyZdflhFgsqF0oWF4AaABAg,Av1zma6uJco,UC8HfjuTMcBsZWynV9HHnnXA,2024-11-28T02:31:26Z,,중립
버추얼 아이돌 인기가 이정도? '이세계 아이돌' 역대 펀딩 88억 돌파/ KNN,KNN NEWS,최상위 댓글,@JY-lh3nj,아담이 흐뭇해 하겠다…,0,2024-11-27T23:07:54Z,0,UgxycqlA5-lzxl4ZY8x4AaABAg,Av1zma6uJco,UCY3fqezCpqSqF1H_uuopwtg,2024-11-27T23:07:54Z,,중립
버추얼 아이돌 인기가 이정도? '이세계 아이돌' 역대 펀딩 88억 돌파/ KNN,KNN NEWS,최상위 댓글,@BSKim-id3yi,유튜버의ㅡ힘이 대단하구만....,0,2024-11-29T08:04:34Z,0,UgxijRB3YrOXxookWpR4AaABAg,Av1zma6uJco,UCg-R4KCwfBdkj0P5AIF03ug,2024-11-29T08:04:34Z,,중립
버추얼 아이돌 인기가 이정도? '이세계 아이돌' 역대 펀딩 88억 돌파/ KNN,KNN NEWS,최상위 댓글,@HoneyB2e0_0,캬!,0,2024-11-27T18:47:23Z,0,Ugz4XjNPDMRWrUro-Ex4AaABAg,Av1zma6uJco,UCZXCRMaq7gtdc5rPwbD0Oqw,2024-11-27T18:47:23Z,,중립
버추얼 아이돌 인기가 이정도? '이세계 아이돌' 역대 펀딩 88억 돌파/ KNN,KNN NEWS,최상위 댓글,@가터벨트요정,얘네는 크게탈날게없거덩,2,2024-11-28T07:24:20Z,0,UgysWBPdT-KYe4aiE4x4AaABAg,Av1zma6uJco,UCxkj0Ykpj7tfeByMZOlSbqw,2024-11-28T07:24:20Z,,중립
버추얼 아이돌 인기가 이정도? '이세계 아이돌' 역대 펀딩 88억 돌파/ KNN,KNN NEWS,최상위 댓글,@Delkius,88억은 대단하네..  팬치력 장난아닌걸 ㄷㄷ,0,2024-12-02T22:42:04Z,0,UgycnfJ9AMeAHiIYrWR4AaABAg,Av1zma6uJco,UCk77zG_Hc2JJxvzPaRY-r4Q,2024-12-02T22:42:04Z,,중립
버추얼 아이돌 인기가 이정도? '이세계 아이돌' 역대 펀딩 88억 돌파/ KNN,KNN NEWS,최상위 댓글,@NONAME1st,역시 형이야!,0,2024-11-28T03:18:24Z,0,UgybTusuEr5vPdnDfZl4AaABAg,Av1zma6uJco,UCbyvrZpV7uKhgHIO6HLL8SQ,2024-11-28T03:18:24Z,,중립
버추얼 아이돌 인기가 이정도? '이세계 아이돌' 역대 펀딩 88억 돌파/ KNN,KNN NEWS,최상위 댓글,@djdjfnfn1,와 짇짜 이거 컨텐츠 시작했을때 망컨텐츠라고 하는 사람 많았는데 …. 오영택은 진짜 신이 되었다,1,2025-01-03T10:52:02Z,0,Ugy5WFrX7wXqB96TxAp4AaABAg,Av1zma6uJco,UCg_kzWBqbJ7CwL46F0PRbHA,2025-01-03T10:52:02Z,,중립
버추얼 아이돌 인기가 이정도? '이세계 아이돌' 역대 펀딩 88억 돌파/ KNN,KNN NEWS,최상위 댓글,@강경식-k6y,와 ㄷㄷ,0,2024-11-27T23:18:52Z,0,UgwDQUu2nnExcf4nGKt4AaABAg,Av1zma6uJco,UCaksn1aaLWnhbBobB2XNXYg,2024-11-27T23:18:52Z,,중립
버추얼 아이돌 인기가 이정도? '이세계 아이돌' 역대 펀딩 88억 돌파/ KNN,KNN NEWS,최상위 댓글,@DoHwa0417,역시 형이야,0,2024-12-01T01:25:15Z,0,UgwJee9K3M-sNvt9lKV4AaABAg,Av1zma6uJco,UCTzvJBrjfHVoyTEk2pMNR-Q,2024-12-01T01:25:15Z,,중립
버추얼 아이돌 인기가 이정도? '이세계 아이돌' 역대 펀딩 88억 돌파/ KNN,KNN NEWS,최상위 댓글,@marue2051,"이제 오타쿠가 세상을 만든다!!!
세상 모든 오타쿠들이여 단결하라!!!",1,2024-12-05T06:47:05Z,0,Ugz9TCBQs09CsYNGs3t4AaABAg,Av1zma6uJco,UC9DWJrb6etJ__2dm8QCbTiA,2024-12-05T06:47:05Z,,중립
버추얼 아이돌 인기가 이정도? '이세계 아이돌' 역대 펀딩 88억 돌파/ KNN,KNN NEWS,최상위 댓글,@일이일이-o4i,안티가 많이 있다고 해도 성공한 버튜버 컨텐츠긴 하지,1,2024-11-28T03:23:23Z,0,UgxCZXYYc87clQ-o_Nh4AaABAg,Av1zma6uJco,UCrkHYTmdD4wz8Fk-D1dqabw,2024-11-28T03:23:23Z,,중립
버추얼 아이돌 인기가 이정도? '이세계 아이돌' 역대 펀딩 88억 돌파/ KNN,KNN NEWS,최상위 댓글,@funny_whale,아니 이게 원래 우왁굳이 재미로 한번 해본건데 잭팟이지 ㅋㅋㅋㅋㅋㅋㅋ,0,2024-11-30T11:19:14Z,0,UgwXMqW8jnncHTD7PvB4AaABAg,Av1zma6uJco,UCIM2gw2ahCgz7P6rYdYpsIQ,2024-11-30T11:19:14Z,,중립
버추얼 아이돌 인기가 이정도? '이세계 아이돌' 역대 펀딩 88억 돌파/ KNN,KNN NEWS,최상위 댓글,@Euntk-x4y,박탈감 지리긴하네..,0,2024-11-28T04:07:57Z,0,UgznlZpTsbcyUhq_SKl4AaABAg,Av1zma6uJco,UC3zDgmnrQmoO3FsAESvcktg,2024-11-28T04:07:57Z,,중립
버추얼 아이돌 인기가 이정도? '이세계 아이돌' 역대 펀딩 88억 돌파/ KNN,KNN NEWS,최상위 댓글,@희용-o2h,이게 우리 아이돌이야!!!!,0,2024-12-14T13:33:42Z,0,UgxV64FTI7D5g_YVb7N4AaABAg,Av1zma6uJco,UCcRFQ_ZI0o1iUrxT7zBXICA,2024-12-14T13:33:42Z,,중립
버추얼 아이돌 인기가 이정도? '이세계 아이돌' 역대 펀딩 88억 돌파/ KNN,KNN NEWS,최상위 댓글,@이게뭐지-n5m,이게 이세돌이야ㅋㅋ,1,2024-12-29T06:07:11Z,0,UgxCPYMb25joqhISI8J4AaABAg,Av1zma6uJco,UCaFmvZlwhM3mXu7kFcU-lrQ,2024-12-29T06:07:11Z,,중립
버추얼 아이돌 인기가 이정도? '이세계 아이돌' 역대 펀딩 88억 돌파/ KNN,KNN NEWS,최상위 댓글,@qkfrhrdur,"뉴스에서 ""우왁굳"" 이 3글자 들리는게 왜이리 신기하냐ㅋㅋㅋㅋ",0,2024-11-27T23:00:28Z,0,Ugw3_F9C0Q56c02cz4Z4AaABAg,Av1zma6uJco,UC3X07xS9za0cI5MeWvKbCbA,2024-11-27T23:00:28Z,,중립
버추얼 아이돌 인기가 이정도? '이세계 아이돌' 역대 펀딩 88억 돌파/ KNN,KNN NEWS,최상위 댓글,@팬입니다-w4t,"""치지직 마이너 갤러리""",0,2024-11-28T01:09:28Z,0,Ugz92Mvy8mkms4ne7Yt4AaABAg,Av1zma6uJco,UCWLyv0ubbAqUsXCWY8oCiNg,2024-11-28T01:09:28Z,,중립
버추얼 아이돌 인기가 이정도? '이세계 아이돌' 역대 펀딩 88억 돌파/ KNN,KNN NEWS,최상위 댓글,@송이방울집사,사고 싶었는뎅 .... 아쉽게 월급날이 아닌 텅장이라.. 못삼😢,0,2024-11-27T21:59:57Z,0,UgxmY78W3Bmfs3W1PUV4AaABAg,Av1zma6uJco,UCu9XW8lAfF5MxCNIgPcdr_A,2024-11-27T21:59:57Z,,중립
버추얼 아이돌 인기가 이정도? '이세계 아이돌' 역대 펀딩 88억 돌파/ KNN,KNN NEWS,최상위 댓글,@user-du3hw4bc1s,하루죙일 악플달고 분탕쳐도 펀딩금액은 안내려간다는거임ㅋㅋ,0,2024-12-05T11:21:48Z,0,Ugz4TIDidNyxIRPXwJF4AaABAg,Av1zma6uJco,UCF_ZMHvPin03X7EqwhFmeig,2024-12-05T11:21:48Z,,중립
버추얼 아이돌 인기가 이정도? '이세계 아이돌' 역대 펀딩 88억 돌파/ KNN,KNN NEWS,최상위 댓글,@박정섭-u6e,와ㅋㅋㅋ우리 이세돌이 뉴스에 나오다니ㄷㄷ,0,2024-11-28T01:50:05Z,0,UgxTO5U0EsuavdGoqm54AaABAg,Av1zma6uJco,UCI65LS1QAqmEhpH_zOt7BPg,2024-11-28T01:50:05Z,,중립
버추얼 아이돌 인기가 이정도? '이세계 아이돌' 역대 펀딩 88억 돌파/ KNN,KNN NEWS,최상위 댓글,@YumiM2,뭐지 ( 눈 비비기 ) ... 아 ㅋㅋ 그래 나올만 했어,0,2024-11-28T01:06:21Z,0,UgygxVaV2--LWdkLFep4AaABAg,Av1zma6uJco,UC7VKM81SCPLbvcm_3m7dMsg,2024-11-28T01:06:21Z,,중립
버추얼 아이돌 인기가 이정도? '이세계 아이돌' 역대 펀딩 88억 돌파/ KNN,KNN NEWS,최상위 댓글,@공백-q4c,저정도면 아이돌 중소기업 정도는 씹어먹는 규모 아님? 후원금 88억  ㅈㄴ 신기하네,0,2024-11-28T13:46:02Z,0,UgyACf6ijz8z-Uyd6zx4AaABAg,Av1zma6uJco,UCh_tz1cPnx7C7BtedBSSqOw,2024-11-28T13:46:02Z,,중립
버추얼 아이돌 인기가 이정도? '이세계 아이돌' 역대 펀딩 88억 돌파/ KNN,KNN NEWS,최상위 댓글,@JIHO-LOG,킹아~ !👍,1,2024-11-28T04:04:14Z,0,UgyZiZBfrsBFXuMN7n54AaABAg,Av1zma6uJco,UC0jTIjf-YZO0ejR85r7GoWw,2024-11-28T04:04:14Z,,중립
버추얼 아이돌 인기가 이정도? '이세계 아이돌' 역대 펀딩 88억 돌파/ KNN,KNN NEWS,최상위 댓글,@aviniy,와 ㄷㄷ,0,2024-11-28T04:06:42Z,0,UgyeE0q8sbt4cFlHl6R4AaABAg,Av1zma6uJco,UC6Tldb4rTd78oXFpyZbXGag,2024-11-28T04:06:42Z,,중립
버추얼 아이돌 인기가 이정도? '이세계 아이돌' 역대 펀딩 88억 돌파/ KNN,KNN NEWS,최상위 댓글,@루자,사랑해 이세돌 ❤,0,2024-11-27T23:16:20Z,0,Ugxru46P_LK2aDDwdb94AaABAg,Av1zma6uJco,UCrNETarGKdgDtOvWejpEm3g,2024-11-27T23:16:20Z,,긍정
버추얼 아이돌 인기가 이정도? '이세계 아이돌' 역대 펀딩 88억 돌파/ KNN,KNN NEWS,최상위 댓글,@키스리,키보드가 무제한이였으면 얼마나왔으려나,0,2024-11-27T21:41:04Z,0,UgxUFCsTh2GSMwpy9Ct4AaABAg,Av1zma6uJco,UCoUaGMcmvp3jSTiCq4rENzw,2024-11-27T21:41:04Z,,중립
버추얼 아이돌 인기가 이정도? '이세계 아이돌' 역대 펀딩 88억 돌파/ KNN,KNN NEWS,최상위 댓글,@새벽정원,나도 이세계에서 살아가고 싶다...😢,0,2024-11-28T03:52:42Z,0,UgzA-raer8CnTRZ-BHp4AaABAg,Av1zma6uJco,UCkXjg_rIh8mCDHY4bfCxf8g,2024-11-28T03:52:42Z,,중립
버추얼 아이돌 인기가 이정도? '이세계 아이돌' 역대 펀딩 88억 돌파/ KNN,KNN NEWS,최상위 댓글,@물음표-f5j,저거 우리 학교 40대 영어쌤이 보시는건데 근데 뭘 했으면 약 90억이 되냐,0,2024-11-27T21:49:31Z,0,Ugwl-dJvFo07rzg27cF4AaABAg,Av1zma6uJco,UCZoRcNtkUmeydQIgEwdpYLQ,2024-11-27T21:49:31Z,,중립
버추얼 아이돌 인기가 이정도? '이세계 아이돌' 역대 펀딩 88억 돌파/ KNN,KNN NEWS,최상위 댓글,@제주-h7u,우리세돌형들 조으다!!,0,2024-11-27T21:32:38Z,0,UgzUPBEhK5FVOa40-e14AaABAg,Av1zma6uJco,UCq-m4qYoOK3ljG6wTZEE3YQ,2024-11-27T21:32:38Z,,중립
버추얼 아이돌 인기가 이정도? '이세계 아이돌' 역대 펀딩 88억 돌파/ KNN,KNN NEWS,최상위 댓글,@cdrx_pics,킹아~,1,2024-11-28T02:41:57Z,0,Ugzz8APNubyQprallDR4AaABAg,Av1zma6uJco,UCv5okjmhFgl7HarRH4yZXdw,2024-11-28T02:41:57Z,,중립
버추얼 아이돌 인기가 이정도? '이세계 아이돌' 역대 펀딩 88억 돌파/ KNN,KNN NEWS,최상위 댓글,@유너니,와 ㅋㅋㅋㅋ,1,2024-12-17T17:25:27Z,0,UgzbnRVu9u7UDbiLeY94AaABAg,Av1zma6uJco,UCqkdxjf5x02-f2aSPe2JsWg,2024-12-17T17:25:27Z,,중립
버추얼 아이돌 인기가 이정도? '이세계 아이돌' 역대 펀딩 88억 돌파/ KNN,KNN NEWS,최상위 댓글,@김멜공,역시 형이야,0,2024-11-30T07:07:36Z,0,UgwbA5If0JVkyHWN2jh4AaABAg,Av1zma6uJco,UC5aM2vec8vMVQblcATpZ40w,2024-11-30T07:07:36Z,,중립
버추얼 아이돌 인기가 이정도? '이세계 아이돌' 역대 펀딩 88억 돌파/ KNN,KNN NEWS,최상위 댓글,@마플키백육십구점구,킹아킹아,0,2024-11-29T10:17:04Z,0,UgyKX35LS8hZiF5M7-x4AaABAg,Av1zma6uJco,UCOAZa6S3qdGs8NdNTd6kdfg,2024-11-29T10:17:04Z,,중립
버추얼 아이돌 인기가 이정도? '이세계 아이돌' 역대 펀딩 88억 돌파/ KNN,KNN NEWS,최상위 댓글,@funny_cola,순간 바둑 이세돌인줄,0,2024-11-28T00:27:36Z,0,UgzQv68vfmevzDPDZ354AaABAg,Av1zma6uJco,UCqv6k419NRE0ao_Z19iNZ2w,2024-11-28T00:27:36Z,,중립
버추얼 아이돌 인기가 이정도? '이세계 아이돌' 역대 펀딩 88억 돌파/ KNN,KNN NEWS,최상위 댓글,@_LaN.___.chatty,킹아….,1,2025-01-01T13:23:15Z,0,UgxngKxfa0k00W1kFZt4AaABAg,Av1zma6uJco,UC2fJlw_wDRPO7sbcB9Ce8bQ,2025-01-01T13:23:15Z,,중립
버추얼 아이돌 인기가 이정도? '이세계 아이돌' 역대 펀딩 88억 돌파/ KNN,KNN NEWS,최상위 댓글,@mrq1245,이세돌 첫정규 내놔라! 하루빨리.,1,2024-11-29T00:14:01Z,0,UgwxpZ8q1kIxMQmp3HB4AaABAg,Av1zma6uJco,UC09S32R_RXvp7i3yObAAg0w,2024-11-29T00:14:01Z,,중립
버추얼 아이돌 인기가 이정도? '이세계 아이돌' 역대 펀딩 88억 돌파/ KNN,KNN NEWS,최상위 댓글,@3527이파리_vichan-w6l,그 누구보다 이세돌을 생각한 형이 신으로 보인다ㄷㄷ,0,2024-12-12T19:16:33Z,0,UgzhXGIVCB1NqpfjJVR4AaABAg,Av1zma6uJco,UCcSCe5K74rhcuI4CA9tDS5A,2024-12-12T19:16:33Z,,중립
버추얼 아이돌 인기가 이정도? '이세계 아이돌' 역대 펀딩 88억 돌파/ KNN,KNN NEWS,최상위 댓글,@내공냠냠-x1l,기획사를차리고 자체로돌려야 많이냄기는디. 굿즈를 외주를 돌려버리면... 물론 대박이긴하지,0,2024-11-28T06:13:11Z,0,Ugwkoxn5OHf3NYejgTF4AaABAg,Av1zma6uJco,UC3i3SBD-89J5T3rRCBpHGkA,2024-11-28T06:13:11Z,,긍정
버추얼 아이돌 인기가 이정도? '이세계 아이돌' 역대 펀딩 88억 돌파/ KNN,KNN NEWS,최상위 댓글,@rjsgml5927,아 킹아에요,0,2024-12-04T15:27:15Z,0,Ugxai_zVQgqIuPvwgyx4AaABAg,Av1zma6uJco,UCq1cBqE5R4o-UMtRjb5pHDA,2024-12-04T15:27:15Z,,중립
버추얼 아이돌 인기가 이정도? '이세계 아이돌' 역대 펀딩 88억 돌파/ KNN,KNN NEWS,최상위 댓글,@삼퉁이,100억굳 드립으로 쳤었는데 진짜가 될줄은 몰랐지..,0,2024-11-27T22:41:54Z,0,UgyqR5yewZzUxeou8a94AaABAg,Av1zma6uJco,UCGfUrvMvP3mnp9aSk-riJGg,2024-11-27T22:41:54Z,,중립
버추얼 아이돌 인기가 이정도? '이세계 아이돌' 역대 펀딩 88억 돌파/ KNN,KNN NEWS,최상위 댓글,@잠자는여우,심연으로 헤엄쳐가는데 왜 자꾸 물위로 올라가지 ㅋㅋㅋㅋㅋㅋㅋㅋㅋㅋㅋ 서브컬쳐가 점점 스며들고 있다는게 느껴진다.,0,2024-11-28T08:37:52Z,0,UgwPpuIs5W6_F7gLpYt4AaABAg,Av1zma6uJco,UCvkHnkFy9aKHd3Dd3cU9Wtg,2024-11-28T08:37:52Z,,중립
버추얼 아이돌 인기가 이정도? '이세계 아이돌' 역대 펀딩 88억 돌파/ KNN,KNN NEWS,최상위 댓글,@ssipdeoglrobot,뿌듯....,0,2024-11-30T14:20:42Z,0,UgxPrSvNjgtd41jXlRV4AaABAg,Av1zma6uJco,UC_vZAd3jqZb34yypDn2D4dg,2024-11-30T14:20:42Z,,중립
버추얼 아이돌 인기가 이정도? '이세계 아이돌' 역대 펀딩 88억 돌파/ KNN,KNN NEWS,최상위 댓글,@ddss9-y1p,3~4년전까지만 해도 우리나라가 버츄얼 불모지였는데 이렇게까지 성장해버리네 ㄷㄷ,0,2024-11-28T06:07:18Z,0,UgyS6H7JSAqWQKETX_54AaABAg,Av1zma6uJco,UCXXItHa_334jOVWbw28mAaQ,2024-11-28T06:07:18Z,,중립
버추얼 아이돌 인기가 이정도? '이세계 아이돌' 역대 펀딩 88억 돌파/ KNN,KNN NEWS,최상위 댓글,@우리우리-k3u,"우왁굳이 과거에 게임 인방계의 문을 연 초대 격이기에
1020이 아니라 2030이 맞는 말이다...
내가 20후반이니까...",0,2024-11-30T10:38:49Z,0,UgwsuoR71f5IcfHL50R4AaABAg,Av1zma6uJco,UCPAKhj-rMWUN-qUuIuqoUJQ,2024-11-30T10:38:49Z,,중립
버추얼 아이돌 인기가 이정도? '이세계 아이돌' 역대 펀딩 88억 돌파/ KNN,KNN NEWS,최상위 댓글,@ydm.H,두가자ㅏㅏㅏㅏㅏ,0,2024-11-28T18:04:23Z,0,Ugwx7SKscNhL2fCVJc54AaABAg,Av1zma6uJco,UCAw_wJVSLbNtKdf5lLPSUYQ,2024-11-28T18:04:23Z,,중립
버추얼 아이돌 인기가 이정도? '이세계 아이돌' 역대 펀딩 88억 돌파/ KNN,KNN NEWS,최상위 댓글,@상아리-d1t,온 세상이 왁타버스타,1,2024-11-28T14:40:36Z,0,UgxmC2ePaPI5f4rPRy14AaABAg,Av1zma6uJco,UCuSP70LqwlQVUZew7SSf_BA,2024-11-28T14:40:36Z,,중립
버추얼 아이돌 인기가 이정도? '이세계 아이돌' 역대 펀딩 88억 돌파/ KNN,KNN NEWS,최상위 댓글,@mirustin8479,렛츠고,0,2024-11-28T05:14:03Z,0,UgxDOkYKjrhFEEsC7kt4AaABAg,Av1zma6uJco,UCN73g_v0Gx0N-Ni4_aav2sA,2024-11-28T05:14:03Z,,중립
버추얼 아이돌 인기가 이정도? '이세계 아이돌' 역대 펀딩 88억 돌파/ KNN,KNN NEWS,최상위 댓글,@onlylilpa.VIichan700,Happy,0,2024-11-28T10:48:02Z,0,Ugw6SYXvn0D32JOZL8p4AaABAg,Av1zma6uJco,UCqOsO8s-YWMjmjRrZotyheQ,2024-11-28T10:48:02Z,,중립
버추얼 아이돌 인기가 이정도? '이세계 아이돌' 역대 펀딩 88억 돌파/ KNN,KNN NEWS,최상위 댓글,@구리아-c1j,킹아~~~~~,1,2025-01-03T10:47:48Z,0,Ugz2tWpfo-Q833kVdyt4AaABAg,Av1zma6uJco,UCCFIZFuK4SBgruxKrDZ0V_Q,2025-01-03T10:47:48Z,,중립
버추얼 아이돌 인기가 이정도? '이세계 아이돌' 역대 펀딩 88억 돌파/ KNN,KNN NEWS,최상위 댓글,@DIE-d9m,킹애~~~!,2,2025-01-04T09:00:48Z,0,UgyrEpOjkK3LPYONCdx4AaABAg,Av1zma6uJco,UCFs1G4u6gy1dWXknlWDndbw,2025-01-04T09:00:48Z,,중립
버추얼 아이돌 인기가 이정도? '이세계 아이돌' 역대 펀딩 88억 돌파/ KNN,KNN NEWS,최상위 댓글,@i4y7y210t,역시 형 은신이야,0,2024-11-28T01:34:10Z,0,UgzXYtuF0lCUvCfpoUp4AaABAg,Av1zma6uJco,UC0PYeB4VjZnzuUAapyTzfRA,2024-11-28T01:34:10Z,,중립
버추얼 아이돌 인기가 이정도? '이세계 아이돌' 역대 펀딩 88억 돌파/ KNN,KNN NEWS,최상위 댓글,@parrot8239,캬,0,2024-11-29T07:33:13Z,0,UgysSmbjGu4cCmlkTiN4AaABAg,Av1zma6uJco,UCux8_CZWqMZvi7OL-1fjbdw,2024-11-29T07:33:13Z,,중립
버추얼 아이돌 인기가 이정도? '이세계 아이돌' 역대 펀딩 88억 돌파/ KNN,KNN NEWS,최상위 댓글,@kangmj-eh4fg,역시 이세돌 믿고 있었다구,0,2024-12-05T08:27:10Z,0,UgzPgKLN0ijDCeWL_DB4AaABAg,Av1zma6uJco,UC26Pwa_fTMhmkuYgA2W3b7A,2024-12-05T08:27:10Z,,중립
버추얼 아이돌 인기가 이정도? '이세계 아이돌' 역대 펀딩 88억 돌파/ KNN,KNN NEWS,최상위 댓글,@Isd_lover,이거지연~~,1,2025-01-01T16:24:32Z,0,UgytUEvu-P_uz2L9u7x4AaABAg,Av1zma6uJco,UCciv_JjWRfDBAIFszJ4YRYA,2025-01-01T16:24:32Z,,중립
버추얼 아이돌 인기가 이정도? '이세계 아이돌' 역대 펀딩 88억 돌파/ KNN,KNN NEWS,최상위 댓글,@etwa0409,ㄷㄷㄷㄷ,0,2024-11-28T05:45:10Z,0,UgwR_V3jzUuDzenuPxx4AaABAg,Av1zma6uJco,UC3UorBApR0yBY4SfWpc4KOQ,2024-11-28T05:45:10Z,,중립
버추얼 아이돌 인기가 이정도? '이세계 아이돌' 역대 펀딩 88억 돌파/ KNN,KNN NEWS,최상위 댓글,@미역이,굿즈가 고픈 이파리들...,0,2024-11-27T20:29:09Z,0,UgxJzBwfYeCsunoC2RV4AaABAg,Av1zma6uJco,UCA3K89OVz_UzPMEA8_-T2ow,2024-11-27T20:29:09Z,,긍정
버추얼 아이돌 인기가 이정도? '이세계 아이돌' 역대 펀딩 88억 돌파/ KNN,KNN NEWS,최상위 댓글,@kkwadanghatdaballu,캬,0,2024-12-02T16:04:25Z,0,UgzSZjSkRCTvnle5r9h4AaABAg,Av1zma6uJco,UCAq_7lEjs0F8Xb8Nz-bba7w,2024-12-02T16:04:25Z,,중립
버추얼 아이돌 인기가 이정도? '이세계 아이돌' 역대 펀딩 88억 돌파/ KNN,KNN NEWS,최상위 댓글,@나도업서고양이,킹아~~~~~~,0,2024-11-30T14:14:27Z,0,Ugz7tF6_dS1EiiauGMN4AaABAg,Av1zma6uJco,UCRT2ffGJHKjUQ-PwcUPS8qg,2024-11-30T14:14:27Z,,중립
버추얼 아이돌 인기가 이정도? '이세계 아이돌' 역대 펀딩 88억 돌파/ KNN,KNN NEWS,최상위 댓글,@Parkjk09,이세계아이돌을 좋아하는 연령대가 1020에만 국한되어 있지는 않을텐데요... ㅋ,0,2024-11-27T20:35:01Z,0,UgyqRWG7hiTYOTNyc2F4AaABAg,Av1zma6uJco,UCxv_5d9ejVb-wTqqFbmy9-Q,2024-11-27T20:35:01Z,,긍정
버추얼 아이돌 인기가 이정도? '이세계 아이돌' 역대 펀딩 88억 돌파/ KNN,KNN NEWS,최상위 댓글,@린지-f8n,이세돌(바둑기사)이 88억 기부한줄;;,1,2024-11-29T01:53:34Z,0,UgwuJFavTL6aezRS_zp4AaABAg,Av1zma6uJco,UCYLOte-opP-Apd0sQCWGMog,2024-11-29T01:53:34Z,,중립
버추얼 아이돌 인기가 이정도? '이세계 아이돌' 역대 펀딩 88억 돌파/ KNN,KNN NEWS,최상위 댓글,@안재만-n7i,근데 내가 굿즈는 처음이라서 보통 인기 타 아이돌 비교해서 많이 나온건가요?,0,2024-11-27T21:38:54Z,0,UgwyeoG02H5Jdvw1hIx4AaABAg,Av1zma6uJco,UCsonIAZQwJAFkPLEgalF6qg,2024-11-27T21:38:54Z,,긍정
버추얼 아이돌 인기가 이정도? '이세계 아이돌' 역대 펀딩 88억 돌파/ KNN,KNN NEWS,최상위 댓글,@우앙-p9c,바둑..........,1,2024-11-28T03:14:12Z,0,UgwuA7cqinKBm3OOzjF4AaABAg,Av1zma6uJco,UCUSmNqAHGBdu9Rhux_ipaYA,2024-11-28T03:14:12Z,,중립
버추얼 아이돌 인기가 이정도? '이세계 아이돌' 역대 펀딩 88억 돌파/ KNN,KNN NEWS,최상위 댓글,@IQ80의소년만화,"88억은 진짜 어케 가능한 금액이지 저게
1인당 25만원이 말이 되나",0,2024-11-28T16:04:19Z,0,UgwEWSKdGi11Ohz4HdJ4AaABAg,Av1zma6uJco,UC_AGpKFPKoHekPIP5Aec2dg,2024-11-28T16:04:19Z,,중립
버추얼 아이돌 인기가 이정도? '이세계 아이돌' 역대 펀딩 88억 돌파/ KNN,KNN NEWS,최상위 댓글,@이상재-m2m,❤❤❤❤❤❤❤❤❤❤❤❤,0,2025-01-30T14:35:40Z,0,Ugwy1ChlLQHyUgEFHFt4AaABAg,Av1zma6uJco,UC9W03wjkhbvIF1t6LwCTyNg,2025-01-30T14:35:40Z,,중립
버추얼 아이돌 인기가 이정도? '이세계 아이돌' 역대 펀딩 88억 돌파/ KNN,KNN NEWS,최상위 댓글,@러키스타,와... 엄청나네 그 돈은 다 어디로 가는 거지?,0,2024-11-30T08:38:08Z,0,UgwQI059IZwNGhQaQLN4AaABAg,Av1zma6uJco,UCdaodMNjv3ZxzRFyOTwz5Gg,2024-11-30T08:38:08Z,,중립
버추얼 아이돌 인기가 이정도? '이세계 아이돌' 역대 펀딩 88억 돌파/ KNN,KNN NEWS,최상위 댓글,@양택동-x8d,6시간만에 64억은 진짜 미쳤네 ㄷㄷ..,0,2024-11-29T08:05:03Z,0,Ugx0u8Rsjzf9HcRP9uV4AaABAg,Av1zma6uJco,UC2P6iuun5r5XLmDRjQAANZA,2024-11-29T08:05:03Z,,중립
버추얼 아이돌 인기가 이정도? '이세계 아이돌' 역대 펀딩 88억 돌파/ KNN,KNN NEWS,최상위 댓글,@iwaklike,캬,0,2024-11-29T09:57:53Z,0,Ugw071mspEfmFV8UUYx4AaABAg,Av1zma6uJco,UC4C-MFZEKqhqgvYqoM7R53Q,2024-11-29T09:57:53Z,,중립
버추얼 아이돌 인기가 이정도? '이세계 아이돌' 역대 펀딩 88억 돌파/ KNN,KNN NEWS,최상위 댓글,@맞춤법고슴도치,버추얼은 지극히 내수시장이지,1,2024-11-28T12:40:18Z,0,UgyOiYlIO_LgYohqom54AaABAg,Av1zma6uJco,UCzWDl19Ht9bc2BP-CKb_5Xg,2024-11-28T12:40:18Z,,중립
버추얼 아이돌 인기가 이정도? '이세계 아이돌' 역대 펀딩 88억 돌파/ KNN,KNN NEWS,최상위 댓글,@withbowling,"인기가 있는 이유가 있다
나도 그걸 너무 잘 안다",0,2024-11-28T00:29:25Z,0,UgwUfZDzPpqLZ_RBfD54AaABAg,Av1zma6uJco,UCxpMtdhrpLSLCkEWVkriHBw,2024-11-28T00:29:25Z,,중립
버추얼 아이돌 인기가 이정도? '이세계 아이돌' 역대 펀딩 88억 돌파/ KNN,KNN NEWS,최상위 댓글,@Goopyeeee,어 형이야,0,2024-12-01T00:00:17Z,0,Ugx4cFclvOyoA6vllsx4AaABAg,Av1zma6uJco,UCz_OpB88YGmZxEtyodiHpgQ,2024-12-01T00:00:17Z,,중립
버추얼 아이돌 인기가 이정도? '이세계 아이돌' 역대 펀딩 88억 돌파/ KNN,KNN NEWS,최상위 댓글,@에시란다,이세돌 굉장하다 ㄷㄷ 킹애~,0,2024-12-01T02:58:48Z,0,UgzVf1FgapusxXOSjSd4AaABAg,Av1zma6uJco,UCzw02mTQRDtjq7IjDw7tSWw,2024-12-01T02:58:48Z,,중립
버추얼 아이돌 인기가 이정도? '이세계 아이돌' 역대 펀딩 88억 돌파/ KNN,KNN NEWS,최상위 댓글,@po-puler-w5n,형 뉴스에 형 이름 나온거 봤어?,0,2024-11-28T02:38:40Z,0,UgyA2ml0pE4jf4c9Tsl4AaABAg,Av1zma6uJco,UCFBMGHexMsgwpfPQOif3uSg,2024-11-28T02:38:40Z,,중립
버추얼 아이돌 인기가 이정도? '이세계 아이돌' 역대 펀딩 88억 돌파/ KNN,KNN NEWS,최상위 댓글,@히-i7r,역시 이세돌♡♡,1,2024-12-09T11:23:48Z,0,UgyDvljWpUBPNyLZZgd4AaABAg,Av1zma6uJco,UCh92sEr6Y07bZuVy5ArT5lQ,2024-12-09T11:23:48Z,,중립
버추얼 아이돌 인기가 이정도? '이세계 아이돌' 역대 펀딩 88억 돌파/ KNN,KNN NEWS,최상위 댓글,@갱xsdr4822,킹아~,0,2024-11-28T05:51:36Z,0,UgyHBL0D56YqvvXiu3V4AaABAg,Av1zma6uJco,UC4K6byqjhk0KNFKM3huII-Q,2024-11-28T05:51:36Z,,중립
버추얼 아이돌 인기가 이정도? '이세계 아이돌' 역대 펀딩 88억 돌파/ KNN,KNN NEWS,최상위 댓글,@CMCINBU,😮,0,2024-11-27T18:16:58Z,0,UgwhEE5gn53UibUvZbV4AaABAg,Av1zma6uJco,UCGsjpWaEaHF-W3BzBKvrETA,2024-11-27T18:16:58Z,,중립
버추얼 아이돌 인기가 이정도? '이세계 아이돌' 역대 펀딩 88억 돌파/ KNN,KNN NEWS,최상위 댓글,@aa400aa,형  우리들이야.,1,2025-01-04T05:11:39Z,0,UgwaPwT7ui7GyB6SvpB4AaABAg,Av1zma6uJco,UCOdCwyw5AmCSe0BcoVcKOTg,2025-01-04T05:11:39Z,,중립
버추얼 아이돌 인기가 이정도? '이세계 아이돌' 역대 펀딩 88억 돌파/ KNN,KNN NEWS,최상위 댓글,@lilpa_truebat,킹아!!,0,2024-11-28T06:53:16Z,0,Ugwbh0SnqAQE2owHcE94AaABAg,Av1zma6uJco,UCtgoRdUN8PFZ2ahesxSxn9A,2024-11-28T06:53:16Z,,중립
버추얼 아이돌 인기가 이정도? '이세계 아이돌' 역대 펀딩 88억 돌파/ KNN,KNN NEWS,최상위 댓글,@Anuh0,킹아❤,0,2024-11-27T19:13:40Z,0,Ugx4C9Mgp3gldi12Px14AaABAg,Av1zma6uJco,UC6oVpV4-44MdLkctEVyHv9Q,2024-11-27T19:13:40Z,,중립
버추얼 아이돌 인기가 이정도? '이세계 아이돌' 역대 펀딩 88억 돌파/ KNN,KNN NEWS,최상위 댓글,@소나기_소나기,역시 이게바로 갓세돌,0,2024-12-08T06:51:23Z,0,UgzNCgyKoWARKoBAtFZ4AaABAg,Av1zma6uJco,UCMxwKjwksZ2vPEEHij8unVQ,2024-12-08T06:51:23Z,,중립
버추얼 아이돌 인기가 이정도? '이세계 아이돌' 역대 펀딩 88억 돌파/ KNN,KNN NEWS,최상위 댓글,@twinkleHB,"ㅎㅎ 평균보다 많이샀네,, 좋은 정보 ㄱㅅㄱㅅ,, 이세돌 화이팅💜💛🖤🩷💙💚",0,2024-11-28T04:21:45Z,0,UgxHHT2bW2zZfFDX1Jx4AaABAg,Av1zma6uJco,UCq1Zo7KWYmrLZ2iWUw6LhiQ,2024-11-28T04:21:45Z,,중립
버추얼 아이돌 인기가 이정도? '이세계 아이돌' 역대 펀딩 88억 돌파/ KNN,KNN NEWS,최상위 댓글,@연유네코,흐흐 자랑스럽당,0,2024-11-29T07:20:37Z,0,UgxMPuplwhDbRxh_vlh4AaABAg,Av1zma6uJco,UC0ARHbJhP2_417N_L8QK1DQ,2024-11-29T07:20:37Z,,중립
버추얼 아이돌 인기가 이정도? '이세계 아이돌' 역대 펀딩 88억 돌파/ KNN,KNN NEWS,최상위 댓글,@테마0814,"와 킹애~~~~~

왁굳형 잘 안보지만~~~~~~~~~
유하~자ㅅ처장렬분들 아령하십니까~~ 킹애~~~~~~~(발음고증)",1,2024-11-30T10:31:12Z,0,UgxdHG-tucwPSQSlhqJ4AaABAg,Av1zma6uJco,UCyTfpV2pMJ0f9z7KAlEqocQ,2024-11-30T10:31:12Z,,중립
버추얼 아이돌 인기가 이정도? '이세계 아이돌' 역대 펀딩 88억 돌파/ KNN,KNN NEWS,최상위 댓글,@teacherHeo,킹애..,0,2024-12-01T06:50:12Z,0,Ugy99RmkLwwcw2Q9eRZ4AaABAg,Av1zma6uJco,UChJSBiXx_lShoSMlKZrU-tQ,2024-12-01T06:50:12Z,,중립
버추얼 아이돌 인기가 이정도? '이세계 아이돌' 역대 펀딩 88억 돌파/ KNN,KNN NEWS,최상위 댓글,@풋사과임,아 킹애~,1,2024-12-12T07:13:21Z,0,UgxBJCvxTJfmZwpvENp4AaABAg,Av1zma6uJco,UCECNIF7zXlf6mea917ZseuA,2024-12-12T07:13:21Z,,중립
버추얼 아이돌 인기가 이정도? '이세계 아이돌' 역대 펀딩 88억 돌파/ KNN,KNN NEWS,최상위 댓글,@고양이-h2h,하나둘셋~차원을 넘어,1,2024-11-28T04:51:21Z,0,UgwgXAvWqMGV5HZkMv54AaABAg,Av1zma6uJco,UCkEJu1LeQaIzsGs1oytEWVQ,2024-11-28T04:51:21Z,,중립
버추얼 아이돌 인기가 이정도? '이세계 아이돌' 역대 펀딩 88억 돌파/ KNN,KNN NEWS,최상위 댓글,@태삼이누나,"이파리 모여라~~
이세돌분들 뉴스 나온거 축하드려요~~킹아",0,2024-11-28T03:05:19Z,0,Ugyey7Mht1DQeHOkl6l4AaABAg,Av1zma6uJco,UCPW83_t2P73n_yqOQXM73mg,2024-11-28T03:05:19Z,,중립
버추얼 아이돌 인기가 이정도? '이세계 아이돌' 역대 펀딩 88억 돌파/ KNN,KNN NEWS,최상위 댓글,@minjjanggu,킹아~,0,2024-11-28T03:20:08Z,0,UgxwDfukGaRlurVYQ7t4AaABAg,Av1zma6uJco,UCirrUv08ON9h3U5K16PibKQ,2024-11-28T03:20:08Z,,중립
버추얼 아이돌 인기가 이정도? '이세계 아이돌' 역대 펀딩 88억 돌파/ KNN,KNN NEWS,최상위 댓글,@jake911-b2l,킹아~,0,2024-11-28T07:14:19Z,0,UgzJHZgZ27ckXV1CEcl4AaABAg,Av1zma6uJco,UCgTc-INoXz8v56z57rJNFPQ,2024-11-28T07:14:19Z,,중립
버추얼 아이돌 인기가 이정도? '이세계 아이돌' 역대 펀딩 88억 돌파/ KNN,KNN NEWS,최상위 댓글,@임재성-d8m,팬치와 이파리는 어디에도 없고 어디에도 있다,0,2024-11-28T05:18:08Z,0,Ugxw8vVztty07sGrdwx4AaABAg,Av1zma6uJco,UCmB29BlmKgD4Ra4Dfid9GKA,2024-11-28T05:18:08Z,,중립
버추얼 아이돌 인기가 이정도? '이세계 아이돌' 역대 펀딩 88억 돌파/ KNN,KNN NEWS,최상위 댓글,@keutam_,킹아,0,2024-11-27T22:02:59Z,0,UgydcWt-agWFrfnJ6Vt4AaABAg,Av1zma6uJco,UC_KM6ZCMCJvM-V5_vVlhLKQ,2024-11-27T22:02:59Z,,중립
버추얼 아이돌 인기가 이정도? '이세계 아이돌' 역대 펀딩 88억 돌파/ KNN,KNN NEWS,최상위 댓글,@Arusuonus,굳,0,2024-11-28T05:25:47Z,0,UgzxzpQ-DnJVLUPIWud4AaABAg,Av1zma6uJco,UCc6GOD2vEWqVm_FxSHJ17Cw,2024-11-28T05:25:47Z,,중립
버추얼 아이돌 인기가 이정도? '이세계 아이돌' 역대 펀딩 88억 돌파/ KNN,KNN NEWS,최상위 댓글,@pigeon52999,킹아,0,2024-11-28T01:49:04Z,0,Ugzt0_v21bgkfnNX07J4AaABAg,Av1zma6uJco,UCmC9lP6rweaBp69GfWj4gHw,2024-11-28T01:49:04Z,,중립
버추얼 아이돌 인기가 이정도? '이세계 아이돌' 역대 펀딩 88억 돌파/ KNN,KNN NEWS,최상위 댓글,@오-s5g,킹애~,0,2024-11-27T20:10:22Z,0,Ugw29-IY3NPRUqIZFOJ4AaABAg,Av1zma6uJco,UC6BW7tvYTpcf7HxCuNW5axQ,2024-11-27T20:10:22Z,,중립
버추얼 아이돌 인기가 이정도? '이세계 아이돌' 역대 펀딩 88억 돌파/ KNN,KNN NEWS,최상위 댓글,@커피아몬드,킹아,0,2024-11-27T20:59:25Z,0,UgyOlSIH5H0tqxygOZJ4AaABAg,Av1zma6uJco,UCb3EPb1SE46y8ZCmw-LJtLA,2024-11-27T20:59:25Z,,중립
버추얼 아이돌 인기가 이정도? '이세계 아이돌' 역대 펀딩 88억 돌파/ KNN,KNN NEWS,최상위 댓글,@김예성-b2s,킹아,0,2024-11-27T22:54:02Z,0,UgzDDt7TngeSu6VVnnd4AaABAg,Av1zma6uJco,UCUbTm73kpy3LZO4R7_qwjig,2024-11-27T22:54:02Z,,중립
버추얼 아이돌 인기가 이정도? '이세계 아이돌' 역대 펀딩 88억 돌파/ KNN,KNN NEWS,최상위 댓글,@그레-g3m,킹아~,0,2024-11-29T07:47:29Z,0,Ugw3cyrbWkAjwY1QEY94AaABAg,Av1zma6uJco,UCyvC322gArfsJT3oFAqoKOw,2024-11-29T07:47:29Z,,중립
버추얼 아이돌 인기가 이정도? '이세계 아이돌' 역대 펀딩 88억 돌파/ KNN,KNN NEWS,최상위 댓글,@게으른무민,솔직히 올인원이 너무 개혜자였음ㄹㅇ 어떻게 안삼ㅋㅋㅋㅋ,0,2024-11-27T20:30:12Z,0,UgxmICAtQzp2pBwt2Nt4AaABAg,Av1zma6uJco,UC7QFvkiTbQoxHXo-H7lBaEg,2024-11-27T20:30:12Z,,중립
버추얼 아이돌 인기가 이정도? '이세계 아이돌' 역대 펀딩 88억 돌파/ KNN,KNN NEWS,최상위 댓글,@user-yh9lu8ks1p,한국 1위 버튜버 그룹인거 생각하면 당연한거긴하지 옆나라 1위 버튜버 그룹은 수천억 단위고,1,2024-11-30T16:20:17Z,0,UgwvCeXHt20qdhf7hQt4AaABAg,Av1zma6uJco,UC5hhWOxXbm_H5gztdjzxnMw,2024-11-30T16:20:17Z,,중립
버추얼 아이돌 인기가 이정도? '이세계 아이돌' 역대 펀딩 88억 돌파/ KNN,KNN NEWS,최상위 댓글,@arikari84,킹아,0,2024-11-28T07:10:16Z,0,UgxBt0Ccxjwztl5iilN4AaABAg,Av1zma6uJco,UCuJ7CPKAoOaKudGSL-g_DiA,2024-11-28T07:10:16Z,,중립
버추얼 아이돌 인기가 이정도? '이세계 아이돌' 역대 펀딩 88억 돌파/ KNN,KNN NEWS,최상위 댓글,@Goosebump2,어 킹아~,0,2024-11-27T22:14:43Z,0,UgwEytdcgUqipDN8RU14AaABAg,Av1zma6uJco,UCW2yRrlSTBg2W8s6RZyuPXA,2024-11-27T22:14:43Z,,중립
버추얼 아이돌 인기가 이정도? '이세계 아이돌' 역대 펀딩 88억 돌파/ KNN,KNN NEWS,최상위 댓글,@llsola,8억도 대박인데 그 10배면 미친거지 ㅋㅋㅋㅋ,1,2024-11-28T06:24:24Z,0,Ugww0keWPIbRJuBVWiF4AaABAg,Av1zma6uJco,UCuo71jzZxYI5Je4UkjeqWWQ,2024-11-28T06:24:24Z,,긍정
버추얼 아이돌 인기가 이정도? '이세계 아이돌' 역대 펀딩 88억 돌파/ KNN,KNN NEWS,최상위 댓글,@김민재-d7w,"시간이 빠르네요. 뉴스에서 뜨던 기사가 바둑이었는데,
관심도 없던 JP버츄얼이 KR시장에서 커졌다..",0,2024-11-27T21:36:47Z,0,Ugyc8Qlq7Zjwjjs-jcF4AaABAg,Av1zma6uJco,UCxuS_Yeo7rLOLxTO4dQDVNA,2024-11-27T21:36:47Z,,중립
버추얼 아이돌 인기가 이정도? '이세계 아이돌' 역대 펀딩 88억 돌파/ KNN,KNN NEWS,최상위 댓글,@chn12345,형이야.,0,2024-12-01T08:52:02Z,0,UgxbMDvyK0WXFrMdN-Z4AaABAg,Av1zma6uJco,UCedWbEGx61FoxmEWBxe078Q,2024-12-01T08:52:02Z,,중립
버추얼 아이돌 인기가 이정도? '이세계 아이돌' 역대 펀딩 88억 돌파/ KNN,KNN NEWS,최상위 댓글,@boxersimya,이제 서브컬쳐라 까지만 말고 상업적 가치를 인정하고 수용해보자.. 그냥 즐거움 중 하나일 뿐인데 왜이리 사회적으로 적대하는지,2,2024-11-28T20:04:51Z,0,Ugwv4TEEJoncS4AZEF94AaABAg,Av1zma6uJco,UCeJgTWean-0YdXLe582isaQ,2024-11-28T20:04:51Z,,중립
버추얼 아이돌 인기가 이정도? '이세계 아이돌' 역대 펀딩 88억 돌파/ KNN,KNN NEWS,최상위 댓글,@hwashin1888,형택이 부럽노...,1,2024-11-28T09:13:49Z,0,Ugw_EK9kP-RcGEnk1kF4AaABAg,Av1zma6uJco,UC4NvgXZYDqHRaemTknxINAQ,2024-11-28T09:13:49Z,,중립
버추얼 아이돌 인기가 이정도? '이세계 아이돌' 역대 펀딩 88억 돌파/ KNN,KNN NEWS,최상위 댓글,@왜또칭얼거려자기야,아 킹아~~,1,2025-01-04T18:37:02Z,0,UgzqOvj8pWuVqXySqn54AaABAg,Av1zma6uJco,UC8Cy1ZCqI-FsJhj5NjfE-Ew,2025-01-04T18:37:02Z,,중립
버추얼 아이돌 인기가 이정도? '이세계 아이돌' 역대 펀딩 88억 돌파/ KNN,KNN NEWS,최상위 댓글,@chanii-96,킹아,0,2024-11-28T03:06:48Z,0,UgzDH1FHopEnRpUtn-J4AaABAg,Av1zma6uJco,UClZopEPRnjqH6sC5DjKrhQQ,2024-11-28T03:06:48Z,,중립
버추얼 아이돌 인기가 이정도? '이세계 아이돌' 역대 펀딩 88억 돌파/ KNN,KNN NEWS,최상위 댓글,@여우공주YeouGongju,킹아,0,2024-11-28T07:25:07Z,0,UgzSPc0p1LkHWZ0qS7R4AaABAg,Av1zma6uJco,UCU3UF4OvFYm3nn_ENZ090mA,2024-11-28T07:25:07Z,,중립
버추얼 아이돌 인기가 이정도? '이세계 아이돌' 역대 펀딩 88억 돌파/ KNN,KNN NEWS,최상위 댓글,@페이잭,캬~~~~!,0,2024-11-27T22:10:53Z,0,UgwMpqKH8ocqlEqIw1B4AaABAg,Av1zma6uJco,UCkQq1catPwnSzy4q8mVs7WQ,2024-11-27T22:10:53Z,,중립
버추얼 아이돌 인기가 이정도? '이세계 아이돌' 역대 펀딩 88억 돌파/ KNN,KNN NEWS,최상위 댓글,@KR_Crew,한달만에 88억 ㅋㅋㅋㅋㅋㅋ,0,2024-11-27T19:46:35Z,0,Ugy9oj5Z3Wfekmwnncl4AaABAg,Av1zma6uJco,UC0pa4UDfFh9adWjjszZ0mmA,2024-11-27T19:46:35Z,,중립
버추얼 아이돌 인기가 이정도? '이세계 아이돌' 역대 펀딩 88억 돌파/ KNN,KNN NEWS,최상위 댓글,@I_Want_to_go_back_home,킹아~,0,2024-11-29T06:03:28Z,0,UgyC4JoPZrNG8IyF9O54AaABAg,Av1zma6uJco,UCrus5t_-vZdL3spFcqNWNIA,2024-11-29T06:03:28Z,,중립
버추얼 아이돌 인기가 이정도? '이세계 아이돌' 역대 펀딩 88억 돌파/ KNN,KNN NEWS,최상위 댓글,@PRO-m9x,"뉴스 제대로 알고 쓰자 10세대가 10만원부터 시작하는 굿즈를 어떻게사냐
그리고 이세돌 한달뒤면 평균이 30살인데 2030세대가 맞지",1,2024-11-28T18:28:25Z,0,UgwLsjkt_a_GC-L5Cw14AaABAg,Av1zma6uJco,UCsKAAqEghvgO05OedHnkzQw,2024-11-28T18:28:25Z,,긍정
버추얼 아이돌 인기가 이정도? '이세계 아이돌' 역대 펀딩 88억 돌파/ KNN,KNN NEWS,최상위 댓글,@Soboong98,형 그냥 정계에 진출하자,0,2024-11-28T03:20:56Z,0,Ugxe0kKcjtcm_2p6Qe94AaABAg,Av1zma6uJco,UCaEECc5gyrvaw4kFi6DhNOw,2024-11-28T03:20:56Z,,중립
버추얼 아이돌 인기가 이정도? '이세계 아이돌' 역대 펀딩 88억 돌파/ KNN,KNN NEWS,최상위 댓글,@데키루9,킹아,0,2024-11-27T22:50:38Z,0,Ugz7xwoX0dNKPjOl2fh4AaABAg,Av1zma6uJco,UCHcr2RW0iWazHWvKgYYZh-A,2024-11-27T22:50:38Z,,중립
버추얼 아이돌 인기가 이정도? '이세계 아이돌' 역대 펀딩 88억 돌파/ KNN,KNN NEWS,최상위 댓글,@도정수-b1p,킹아,0,2024-11-28T02:03:54Z,0,UgzURG_63m6W-OfE8ZZ4AaABAg,Av1zma6uJco,UC_VIw4yTHDP0zJrIlEYv1OQ,2024-11-28T02:03:54Z,,중립
버추얼 아이돌 인기가 이정도? '이세계 아이돌' 역대 펀딩 88억 돌파/ KNN,KNN NEWS,최상위 댓글,@시공석,킹아,0,2024-11-28T02:02:40Z,0,Ugx2dRxuMiFMYF9018R4AaABAg,Av1zma6uJco,UCbbRetCsuntAbDv9YY4LbbA,2024-11-28T02:02:40Z,,중립
버추얼 아이돌 인기가 이정도? '이세계 아이돌' 역대 펀딩 88억 돌파/ KNN,KNN NEWS,최상위 댓글,@호잇-m1p5f,“킹애”,0,2024-11-28T02:04:47Z,0,UgwqAY18YIL84z6-NzB4AaABAg,Av1zma6uJco,UCUsXemk6g2WLhtfN8z09ojg,2024-11-28T02:04:47Z,,중립
버추얼 아이돌 인기가 이정도? '이세계 아이돌' 역대 펀딩 88억 돌파/ KNN,KNN NEWS,최상위 댓글,@Angers_pajama,사랑해요 이세돌,0,2024-11-28T05:23:10Z,0,UgyoU8AFyzPSeePh_Pt4AaABAg,Av1zma6uJco,UC_OIjf-kdVUNFXfPNnQl3yw,2024-11-28T05:23:10Z,,긍정
버추얼 아이돌 인기가 이정도? '이세계 아이돌' 역대 펀딩 88억 돌파/ KNN,KNN NEWS,최상위 댓글,@kikihshc,키보드 더줬으면 100억 그냥 갈텐데,0,2024-11-27T18:21:41Z,0,UgwtJm-voQz21QS_c-V4AaABAg,Av1zma6uJco,UC2f_0qR7uad5qRGmcR3pmMA,2024-11-27T18:21:41Z,,중립
버추얼 아이돌 인기가 이정도? '이세계 아이돌' 역대 펀딩 88억 돌파/ KNN,KNN NEWS,최상위 댓글,@왁두-l1l,킹아,0,2024-11-29T15:54:07Z,0,Ugxmhekz0XcPN1frN3t4AaABAg,Av1zma6uJco,UCne0Mj7h8MVlm5FA9ts3BLg,2024-11-29T15:54:07Z,,중립
버추얼 아이돌 인기가 이정도? '이세계 아이돌' 역대 펀딩 88억 돌파/ KNN,KNN NEWS,최상위 댓글,@유깍사,어 킹애~ 주존사~,0,2024-11-30T12:21:11Z,0,Ugy78Xro2rSNhCfnoGl4AaABAg,Av1zma6uJco,UCJYyX7FHq_-XRQuTaDJhwrQ,2024-11-30T12:21:11Z,,중립
버추얼 아이돌 인기가 이정도? '이세계 아이돌' 역대 펀딩 88억 돌파/ KNN,KNN NEWS,최상위 댓글,@yulmuuuuu,이상한걸로 규제 하기만해봐라 ㅋㅋㅋ 니들 이걸로 이렇게 들고일어나 ? 수준으로 안끝난다 ..,0,2024-11-27T17:46:47Z,0,UgylhGK_NYd-10jQ4ip4AaABAg,Av1zma6uJco,UCL7e_4tG-DEKfK4SroIIeJA,2024-11-27T17:46:47Z,,중립
버추얼 아이돌 인기가 이정도? '이세계 아이돌' 역대 펀딩 88억 돌파/ KNN,KNN NEWS,최상위 댓글,@leechanghyun,팬치는 어디에나....,1,2024-12-02T18:18:52Z,0,UgwPnormrbrRiQki_vx4AaABAg,Av1zma6uJco,UCrQ6exI6-Y0JU_5t5FLj4tg,2024-12-02T18:18:52Z,,중립
버추얼 아이돌 인기가 이정도? '이세계 아이돌' 역대 펀딩 88억 돌파/ KNN,KNN NEWS,최상위 댓글,@구현석-h7t,이거지,0,2024-12-04T07:16:17Z,0,Ugwi6S5Joy3KBjh2oUJ4AaABAg,Av1zma6uJco,UCTWpkIlioipIK9kS9Qi1vMw,2024-12-04T07:16:17Z,,중립
버추얼 아이돌 인기가 이정도? '이세계 아이돌' 역대 펀딩 88억 돌파/ KNN,KNN NEWS,최상위 댓글,@YH-mf5uy,악플과 혐오를 씹어 먹고 무럭무럭 자라나는 이파리들 얼마나 더 커지는거야 이세계아이돌 그저 찬양한다 대 왁 굳 킹애~,0,2024-11-28T01:23:51Z,0,UgwIo4F5hV5u8SQpgnR4AaABAg,Av1zma6uJco,UCYQYH--SZ4sH0ovWs6wL5jg,2024-11-28T01:23:51Z,,중립
버추얼 아이돌 인기가 이정도? '이세계 아이돌' 역대 펀딩 88억 돌파/ KNN,KNN NEWS,최상위 댓글,@K-마비알스,국장 사기치는것 보단 낫지,1,2024-11-29T07:14:32Z,0,Ugx6dRZb3RUFOmNh4wd4AaABAg,Av1zma6uJco,UCM7q1c3Rd7EjG-OBmmlD-sw,2024-11-29T07:14:32Z,,중립
버추얼 아이돌 인기가 이정도? '이세계 아이돌' 역대 펀딩 88억 돌파/ KNN,KNN NEWS,최상위 댓글,@유석-x7l,바둑기사가 아니구나,1,2024-11-28T03:44:55Z,0,UgyNHJyHxJO7KqGZE7F4AaABAg,Av1zma6uJco,UCDE62gQZE96YcwSOaWK1Rng,2024-11-28T03:44:55Z,,중립
버추얼 아이돌 인기가 이정도? '이세계 아이돌' 역대 펀딩 88억 돌파/ KNN,KNN NEWS,최상위 댓글,@4614nien,킹아,0,2024-11-29T06:10:12Z,0,UgzYSA30XfI4zBdpEed4AaABAg,Av1zma6uJco,UCbWjKvz-K7wkVECUU__sz7Q,2024-11-29T06:10:12Z,,중립
버추얼 아이돌 인기가 이정도? '이세계 아이돌' 역대 펀딩 88억 돌파/ KNN,KNN NEWS,최상위 댓글,@우유-j4n,ㅋㅋㅋㅋㅋㅋㅋㅋㅋㅋㅋㅋㅋㅋㅋㅋ,0,2024-11-29T00:04:34Z,0,Ugz-tOXfTFZBz659naR4AaABAg,Av1zma6uJco,UCfZ_A9bSRQXDDuITdZTg3Lg,2024-11-29T00:04:34Z,,중립
버추얼 아이돌 인기가 이정도? '이세계 아이돌' 역대 펀딩 88억 돌파/ KNN,KNN NEWS,최상위 댓글,@cry_bananacat,킹애~,0,2024-11-28T10:41:07Z,0,UgyWHbmiuePIpMbA-Vt4AaABAg,Av1zma6uJco,UCfzkfL-0OBDlNoBdTejpYeg,2024-11-28T10:41:07Z,,중립
버추얼 아이돌 인기가 이정도? '이세계 아이돌' 역대 펀딩 88억 돌파/ KNN,KNN NEWS,최상위 댓글,@백도,이게 진짜 뉴스에 나오네,0,2024-11-29T09:12:01Z,0,Ugy8H3nuwcBcJSszuNZ4AaABAg,Av1zma6uJco,UCyMBUDS0dv6onYE8PwS664w,2024-11-29T09:12:01Z,,중립
버추얼 아이돌 인기가 이정도? '이세계 아이돌' 역대 펀딩 88억 돌파/ KNN,KNN NEWS,최상위 댓글,@cherryart6120,목표금액이2천만원이었는데 총 모금액 88억원… 진짜 미친 수준인데 이건,0,2024-12-02T08:42:02Z,0,UgzDByAkam5bIEqBvBt4AaABAg,Av1zma6uJco,UC2mV3g-fX9oBxQZFsnphxJA,2024-12-02T08:42:02Z,,중립
버추얼 아이돌 인기가 이정도? '이세계 아이돌' 역대 펀딩 88억 돌파/ KNN,KNN NEWS,최상위 댓글,@철권하면무릎,이세돌 바둑잘두시잖아 너무 이쁘다 고세구❤❤❤,0,2024-11-28T02:05:10Z,0,Ugz7XynH-g8mBxoCv5x4AaABAg,Av1zma6uJco,UC3QFr8FUaFjmj3WugMYV7Ww,2024-11-28T02:05:10Z,,중립
버추얼 아이돌 인기가 이정도? '이세계 아이돌' 역대 펀딩 88억 돌파/ KNN,KNN NEWS,최상위 댓글,@윤혜나YoonHeyNa,"와, 킹아ㅏ! 캬ㅑㅑㅑㅑㅑ",0,2024-12-04T23:21:18Z,0,UgzEkqXSMu-1msbAdVx4AaABAg,Av1zma6uJco,UCForlWAdgtOXYDxIpagxdbA,2024-12-04T23:21:18Z,,중립
버추얼 아이돌 인기가 이정도? '이세계 아이돌' 역대 펀딩 88억 돌파/ KNN,KNN NEWS,최상위 댓글,@Kieet3391,ㄷㄷ,0,2024-11-29T00:24:26Z,0,UgzsNkHapCOmNdPuwnd4AaABAg,Av1zma6uJco,UCcUrnBGYKc6bYRYiSGjyZgw,2024-11-29T00:24:26Z,,중립
버추얼 아이돌 인기가 이정도? '이세계 아이돌' 역대 펀딩 88억 돌파/ KNN,KNN NEWS,최상위 댓글,@g._aon0,킹아,0,2024-12-18T06:18:18Z,0,Ugz4tsKnHqB2T0dN_gd4AaABAg,Av1zma6uJco,UCZlkpVNri1KfxqrWt_XO6HQ,2024-12-18T06:18:18Z,,중립
버추얼 아이돌 인기가 이정도? '이세계 아이돌' 역대 펀딩 88억 돌파/ KNN,KNN NEWS,최상위 댓글,@여게두,이세돌이 뉴스가 나왔어?,1,2024-12-06T14:34:55Z,0,UgyppK1_Qhx1IMcgF-Z4AaABAg,Av1zma6uJco,UCa1QK-YyGkZIP-gnqGRlv9A,2024-12-06T14:34:55Z,,중립
버추얼 아이돌 인기가 이정도? '이세계 아이돌' 역대 펀딩 88억 돌파/ KNN,KNN NEWS,최상위 댓글,@kiet10o300,아이돌 덕질 자체를 안해서 그다지 큰 감흥이 없다😂😅근데 이세돌 인기가 펀딩 금액으로 증명 해주네 곧 100억 넘어갈듯,0,2024-11-27T22:00:33Z,0,Ugwgq_KBt9JCqlgrcKd4AaABAg,Av1zma6uJco,UCa7O5eZgku0jvDhRYk6OqSQ,2024-11-27T22:00:33Z,,중립
버추얼 아이돌 인기가 이정도? '이세계 아이돌' 역대 펀딩 88억 돌파/ KNN,KNN NEWS,최상위 댓글,@amu_playlist,"""킹애""",0,2024-11-27T17:25:29Z,0,UgzemHEldRyLI44Xrf14AaABAg,Av1zma6uJco,UCSMRZg77C8TMQJ6cml9LYsw,2024-11-27T17:25:29Z,,중립
버추얼 아이돌 인기가 이정도? '이세계 아이돌' 역대 펀딩 88억 돌파/ KNN,KNN NEWS,최상위 댓글,@junericpeterson490,킹아❤,0,2024-11-28T07:12:44Z,0,Ugym7IjebOy_5HiL9rN4AaABAg,Av1zma6uJco,UCwmZMFWfnZj_iytGRc1HPKg,2024-11-28T07:12:44Z,,중립
버추얼 아이돌 인기가 이정도? '이세계 아이돌' 역대 펀딩 88억 돌파/ KNN,KNN NEWS,최상위 댓글,@voine_love99,하 형이봤에서 다시보죠 99,1,2024-12-31T13:23:35Z,0,UgxdruOKwmrZ3M2NWkp4AaABAg,Av1zma6uJco,UC3F-0V__0d9sKx-P_XKAqlQ,2024-12-31T13:23:35Z,,중립
버추얼 아이돌 인기가 이정도? '이세계 아이돌' 역대 펀딩 88억 돌파/ KNN,KNN NEWS,최상위 댓글,@리재근,왁구텽 형이 행복하면 나도 좋아 ㅋㅋㅋ,1,2024-12-04T18:23:06Z,0,UgyozzAIR2-b7n8-QVF4AaABAg,Av1zma6uJco,UCbgRZyWqPqTrUHTT0xc67wQ,2024-12-04T18:23:06Z,,긍정
버추얼 아이돌 인기가 이정도? '이세계 아이돌' 역대 펀딩 88억 돌파/ KNN,KNN NEWS,최상위 댓글,@삶은달걀-p6d,역시 이세돌,0,2024-12-06T06:54:30Z,0,Ugx-RYFRwIylQgUthRF4AaABAg,Av1zma6uJco,UC-mwUWQcxciIPtk-hUMxl8g,2024-12-06T06:54:30Z,,중립
버추얼 아이돌 인기가 이정도? '이세계 아이돌' 역대 펀딩 88억 돌파/ KNN,KNN NEWS,최상위 댓글,@Ponosisgod,캬ㅑ,0,2024-11-29T05:50:50Z,0,UgymDP5CNqXGviWY34x4AaABAg,Av1zma6uJco,UCMRN1ntgJMo4owQufe0c-Tw,2024-11-29T05:50:50Z,,중립
버추얼 아이돌 인기가 이정도? '이세계 아이돌' 역대 펀딩 88억 돌파/ KNN,KNN NEWS,최상위 댓글,@수봑-u6p,아 킹아~,0,2024-11-28T11:29:04Z,0,UgwsKKQtJ5reGC0jjQx4AaABAg,Av1zma6uJco,UCh4v2ef_CAUl1fPSEC66C-g,2024-11-28T11:29:04Z,,중립
버추얼 아이돌 인기가 이정도? '이세계 아이돌' 역대 펀딩 88억 돌파/ KNN,KNN NEWS,최상위 댓글,@슥-u6v,아잉네!!!!!,0,2024-11-28T13:34:23Z,0,Ugy3RVfTnN6m-10Hefh4AaABAg,Av1zma6uJco,UCwnT5qs43sFiRuCyQdzHLPg,2024-11-28T13:34:23Z,,중립
버추얼 아이돌 인기가 이정도? '이세계 아이돌' 역대 펀딩 88억 돌파/ KNN,KNN NEWS,최상위 댓글,@Drago0404,ㅋㅋㅋㅋㅋㅋ 지리네,0,2024-11-28T02:51:19Z,0,UgziQc95Reggf5CjgR14AaABAg,Av1zma6uJco,UCMgqq6Xz9r0bX2D_-6lZnMA,2024-11-28T02:51:19Z,,중립
버추얼 아이돌 인기가 이정도? '이세계 아이돌' 역대 펀딩 88억 돌파/ KNN,KNN NEWS,최상위 댓글,@sudjfidiwef,킹애,1,2024-12-05T07:24:23Z,0,UgxCvLCCuV5OnTtlJdV4AaABAg,Av1zma6uJco,UCezCy7B5W-YJpgeOUtrgpEg,2024-12-05T07:24:23Z,,중립
버추얼 아이돌 인기가 이정도? '이세계 아이돌' 역대 펀딩 88억 돌파/ KNN,KNN NEWS,최상위 댓글,@Jingburger_1004,우리 세돌이들 최고다!! 킹아~~,0,2024-11-27T23:57:59Z,0,Ugy4nLZ2kMokkESzclF4AaABAg,Av1zma6uJco,UCfeIlnBZ_8N_cQgygpTmMkA,2024-11-27T23:57:59Z,,긍정
버추얼 아이돌 인기가 이정도? '이세계 아이돌' 역대 펀딩 88억 돌파/ KNN,KNN NEWS,최상위 댓글,@user-rv9jw7ko9e,이세돌 화이팅!,0,2024-11-27T19:23:45Z,0,UgyxdO9apbi9MqLLRHJ4AaABAg,Av1zma6uJco,UCgdLB7T7cZ7zE0fg4tl3iIQ,2024-11-27T19:23:45Z,,중립
버추얼 아이돌 인기가 이정도? '이세계 아이돌' 역대 펀딩 88억 돌파/ KNN,KNN NEWS,최상위 댓글,@baeas_1203,킹애~,0,2024-11-29T11:36:02Z,0,UgyQvMtVXa_oR2nDp3d4AaABAg,Av1zma6uJco,UCrxFN24dz7zNwmyuz8BmXFQ,2024-11-29T11:36:02Z,,중립
버추얼 아이돌 인기가 이정도? '이세계 아이돌' 역대 펀딩 88억 돌파/ KNN,KNN NEWS,최상위 댓글,@린110,마새돌때도 40억 넘었었지만 이번 차세돌이 완전레전드,0,2024-11-29T12:21:13Z,0,Ugyx-FQfBp0UD0xiy5N4AaABAg,Av1zma6uJco,UCy3ozLpcZVsN3ArXfOybxEA,2024-11-29T12:21:13Z,,중립
버추얼 아이돌 인기가 이정도? '이세계 아이돌' 역대 펀딩 88억 돌파/ KNN,KNN NEWS,최상위 댓글,@이즌즌-e9h,역시 이세계아이돌은 최고야❤,1,2024-11-28T08:42:26Z,0,UgwTnuZ7AGEJjPWuO6J4AaABAg,Av1zma6uJco,UCoK4YZEo8j6M6bxYNKmcNAg,2024-11-28T08:42:26Z,,긍정
버추얼 아이돌 인기가 이정도? '이세계 아이돌' 역대 펀딩 88억 돌파/ KNN,KNN NEWS,최상위 댓글,@dawnblue2449,댓글 반응이 극과 극이네.,1,2024-11-28T07:23:36Z,0,Ugxrj423_SxaYT8kgP54AaABAg,Av1zma6uJco,UCZ1_VvuR-ZZOCwwX9CufZMA,2024-11-28T07:23:36Z,,중립
버추얼 아이돌 인기가 이정도? '이세계 아이돌' 역대 펀딩 88억 돌파/ KNN,KNN NEWS,최상위 댓글,@Rutre4,충성도 높은 팬층 ㅋㅋㅋㅋㅋ,0,2024-11-29T03:52:39Z,0,UgyC2ci-7btaPCg2tyZ4AaABAg,Av1zma6uJco,UCwWXJtf48MtQxUL-RbDl5Pg,2024-11-29T03:52:39Z,,중립
버추얼 아이돌 인기가 이정도? '이세계 아이돌' 역대 펀딩 88억 돌파/ KNN,KNN NEWS,최상위 댓글,@TYMCCK,어 킹아,1,2024-11-29T01:12:12Z,0,UgxVvGP6TnM-U-etFB54AaABAg,Av1zma6uJco,UCDg6hWrZV4S8maD0Glnfteg,2024-11-29T01:12:12Z,,중립
버추얼 아이돌 인기가 이정도? '이세계 아이돌' 역대 펀딩 88억 돌파/ KNN,KNN NEWS,최상위 댓글,@Shanelrem,킹애~,0,2024-11-30T01:12:20Z,0,Ugz3EO_9uXZmSx6KAL14AaABAg,Av1zma6uJco,UCfflpKj4cRAOOBzRWk8EmhQ,2024-11-30T01:12:20Z,,중립
버추얼 아이돌 인기가 이정도? '이세계 아이돌' 역대 펀딩 88억 돌파/ KNN,KNN NEWS,최상위 댓글,@마키마그립다,이세돌 가즈아!!!!,0,2024-12-04T10:28:22Z,0,UgxcJRSvAsQWjxygdAh4AaABAg,Av1zma6uJco,UCHtM3MtaYkDAgmFwXE-cokw,2024-12-04T10:28:22Z,,중립
버추얼 아이돌 인기가 이정도? '이세계 아이돌' 역대 펀딩 88억 돌파/ KNN,KNN NEWS,최상위 댓글,@KOR_Gam_Ja,으음..  킹아,0,2024-12-04T10:27:37Z,0,UgyTcLBJhNx55RWFIEl4AaABAg,Av1zma6uJco,UCvvOp1x3Kjn4XjMBQuwa0vw,2024-12-04T10:27:37Z,,중립
버추얼 아이돌 인기가 이정도? '이세계 아이돌' 역대 펀딩 88억 돌파/ KNN,KNN NEWS,최상위 댓글,@butter_9852,뭐긴 뭐야 최고의 아이돌이지,0,2024-12-04T07:35:38Z,0,UgyxR1Qp9aJmbxb-CVR4AaABAg,Av1zma6uJco,UCswryYtLXm82J_td1yk9vig,2024-12-04T07:35:38Z,,긍정
버추얼 아이돌 인기가 이정도? '이세계 아이돌' 역대 펀딩 88억 돌파/ KNN,KNN NEWS,최상위 댓글,@tomcat5466,???: 씹덕은 돈이 된다.,0,2024-11-28T02:58:42Z,0,UgxSMakCENdxQzoGLIt4AaABAg,Av1zma6uJco,UCQYos7I-pQYYWrSpCa6ySNg,2024-11-28T02:58:42Z,,중립
버추얼 아이돌 인기가 이정도? '이세계 아이돌' 역대 펀딩 88억 돌파/ KNN,KNN NEWS,최상위 댓글,@NAJAK-Goyan,킹아!!!!!!!!!!!,0,2024-11-28T06:23:51Z,0,Ugw2bfzkT5ifD1mRR-94AaABAg,Av1zma6uJco,UCYyODEaXd5IcVELKZnl72Lg,2024-11-28T06:23:51Z,,중립
버추얼 아이돌 인기가 이정도? '이세계 아이돌' 역대 펀딩 88억 돌파/ KNN,KNN NEWS,최상위 댓글,@user-di6tn8pv1v,부자들 ㄷㄷ,0,2024-11-27T23:55:58Z,0,UgwqTSyYf3XcSPNppkZ4AaABAg,Av1zma6uJco,UCOXhFSsfFkDopkTLBsLBG4Q,2024-11-27T23:55:58Z,,중립
버추얼 아이돌 인기가 이정도? '이세계 아이돌' 역대 펀딩 88억 돌파/ KNN,KNN NEWS,최상위 댓글,@와오아아오앙,1020이 아니라 2030이라고 해야지..ㅋㅋㅋㅋ,0,2024-11-29T06:31:10Z,0,UgyhtRbi4uCwErNpC9h4AaABAg,Av1zma6uJco,UCvcEeGcEfgGue56v-8-YssA,2024-11-29T06:31:10Z,,중립
버추얼 아이돌 인기가 이정도? '이세계 아이돌' 역대 펀딩 88억 돌파/ KNN,KNN NEWS,최상위 댓글,@waaaaa555,옆나라를 봐라 88억이 아직 ㅈ밥이란걸 알게 된다 거울치료 ㅈㄴ 씨게 됨,0,2024-11-28T01:56:48Z,0,UgybO_izYYJw0Fh4A2x4AaABAg,Av1zma6uJco,UC9pjRWASMZHDl9_ZuvPPDLw,2024-11-28T01:56:48Z,,중립
버추얼 아이돌 인기가 이정도? '이세계 아이돌' 역대 펀딩 88억 돌파/ KNN,KNN NEWS,최상위 댓글,@Sabuzark92,이세돌이 뭔진 모르지만 아주 킹애 하군요,0,2024-11-28T07:48:33Z,0,Ugzam-7pOxjfQykhKwl4AaABAg,Av1zma6uJco,UCKL6f99LYKWdB_CsH-W3VWw,2024-11-28T07:49:19Z,,중립
버추얼 아이돌 인기가 이정도? '이세계 아이돌' 역대 펀딩 88억 돌파/ KNN,KNN NEWS,최상위 댓글,@Lim486,4만4천%....와,0,2024-11-29T07:22:48Z,0,Ugyh4Frjy14KRbZJvPV4AaABAg,Av1zma6uJco,UC31SZgE_nXAJayaDGDE9i0g,2024-11-29T07:22:48Z,,중립
버추얼 아이돌 인기가 이정도? '이세계 아이돌' 역대 펀딩 88억 돌파/ KNN,KNN NEWS,최상위 댓글,@SOMETIME-maru,킹아👍,0,2024-11-28T00:30:17Z,0,UgwjNYTqbi9Ru1zEZsd4AaABAg,Av1zma6uJco,UC8-HMxkgNsivgNqnqFJxvkg,2024-11-28T00:30:17Z,,중립
버추얼 아이돌 인기가 이정도? '이세계 아이돌' 역대 펀딩 88억 돌파/ KNN,KNN NEWS,최상위 댓글,@pliant_,1020이라니 2030이지...,0,2024-11-28T23:58:03Z,0,UgwONKsgVmQibFwn3Ot4AaABAg,Av1zma6uJco,UC40pjvmarXo6erHJUTONSsg,2024-11-28T23:58:03Z,,중립
버추얼 아이돌 인기가 이정도? '이세계 아이돌' 역대 펀딩 88억 돌파/ KNN,KNN NEWS,최상위 댓글,@큄배찌,키보드가 한정 아니었으면 100억갔음 ㅇㄱㄹㅇ임 ㅋㅋ,0,2024-12-02T22:51:00Z,0,UgyR5u4vii4_OXfIlK14AaABAg,Av1zma6uJco,UCVZLrNSc5SFd0HsZHrqFMPA,2024-12-02T22:51:00Z,,중립
버추얼 아이돌 인기가 이정도? '이세계 아이돌' 역대 펀딩 88억 돌파/ KNN,KNN NEWS,최상위 댓글,@LULU-tk5bn,이세돌이 이렇게 인기잇었구나...;;;,0,2024-11-29T02:22:33Z,0,UgzuAYUPVUaBDm440b94AaABAg,Av1zma6uJco,UCil-vPLUmfpMu5rbX7IpARw,2024-11-29T02:22:33Z,,중립
버추얼 아이돌 인기가 이정도? '이세계 아이돌' 역대 펀딩 88억 돌파/ KNN,KNN NEWS,최상위 댓글,@fabianousim6716,ㅋㅋㅋㅋㅋ 왜 안나오나 했네😂,0,2024-11-27T21:37:14Z,0,Ugy5u0L4xLp89KXtiO54AaABAg,Av1zma6uJco,UCYt01c3sSq0BHSycGfvtKjQ,2024-11-27T21:37:14Z,,중립
버추얼 아이돌 인기가 이정도? '이세계 아이돌' 역대 펀딩 88억 돌파/ KNN,KNN NEWS,최상위 댓글,@똥도그123,킹애ㅐㅐ,0,2024-11-27T23:52:43Z,0,UgynVpraMz3KjU6VRrd4AaABAg,Av1zma6uJco,UCS1M-w1huaj4V_Y8UZx20AA,2024-11-27T23:52:43Z,,중립
버추얼 아이돌 인기가 이정도? '이세계 아이돌' 역대 펀딩 88억 돌파/ KNN,KNN NEWS,최상위 댓글,@Darbaragi,88억은 ㅋㅋㅋㅋㅋ 기사 나야지 역시,0,2024-11-28T02:54:13Z,0,Ugxs6WelsZdWhxujAnB4AaABAg,Av1zma6uJco,UCBnwCc_aBdEplqXzCgcoPWw,2024-11-28T02:54:13Z,,중립
버추얼 아이돌 인기가 이정도? '이세계 아이돌' 역대 펀딩 88억 돌파/ KNN,KNN NEWS,최상위 댓글,@래삼이,킹아👍,0,2024-11-29T01:36:54Z,0,Ugz1Ysg8LDemtZXLe794AaABAg,Av1zma6uJco,UCTSfx-BmhJ95zvwOa-sGbEQ,2024-11-29T01:36:54Z,,중립
버추얼 아이돌 인기가 이정도? '이세계 아이돌' 역대 펀딩 88억 돌파/ KNN,KNN NEWS,최상위 댓글,@훈제참새,형 은신이야,0,2024-11-27T22:52:34Z,0,UgwbCOiejFnn38FY6lJ4AaABAg,Av1zma6uJco,UCNJbGt6UeSFAhM8A9nI1tmQ,2024-11-27T22:52:34Z,,중립
버추얼 아이돌 인기가 이정도? '이세계 아이돌' 역대 펀딩 88억 돌파/ KNN,KNN NEWS,최상위 댓글,@snowlight_282,형 이거 봤어?,0,2024-11-27T18:01:22Z,0,UgydGOM5h3NRrAYHOCl4AaABAg,Av1zma6uJco,UCJGCE8QM-0U5M_6UIijaBkQ,2024-11-27T18:01:22Z,,중립
버추얼 아이돌 인기가 이정도? '이세계 아이돌' 역대 펀딩 88억 돌파/ KNN,KNN NEWS,최상위 댓글,@oplegnathusfasciatus7756,형! 이거봤어?,0,2024-11-28T04:54:40Z,0,Ugw_qLyCGoVSR25yDsd4AaABAg,Av1zma6uJco,UC1wdzo6I_vuv9Uv_SHFw8dQ,2024-11-28T04:54:48Z,,중립
버추얼 아이돌 인기가 이정도? '이세계 아이돌' 역대 펀딩 88억 돌파/ KNN,KNN NEWS,최상위 댓글,@0w0_hyoni,솔직히 30대도 좋아한다고 생각해요,1,2024-11-28T12:44:49Z,0,UgwwpuaKWLirGSfDsKh4AaABAg,Av1zma6uJco,UCoZcV6e1WYM0JylofBKqLlA,2024-11-28T12:44:49Z,,긍정
버추얼 아이돌 인기가 이정도? '이세계 아이돌' 역대 펀딩 88억 돌파/ KNN,KNN NEWS,최상위 댓글,@버미아제의비밀창고,멤버들이다 개성있어서 보는재미가 ㅎㅎ,0,2024-11-28T05:50:01Z,0,UgwlOuGTOmlDMRXAK5p4AaABAg,Av1zma6uJco,UCXFEDsPjzIJBQtf4kvxuLkw,2024-11-28T05:50:01Z,,중립
버추얼 아이돌 인기가 이정도? '이세계 아이돌' 역대 펀딩 88억 돌파/ KNN,KNN NEWS,최상위 댓글,@more3891,킹애.,0,2024-11-27T19:47:42Z,0,UgxBCfLGkUtBOYCZTw94AaABAg,Av1zma6uJco,UCbJlzZFpQzq3_3rl4bgqe1w,2024-11-27T19:47:42Z,,중립
버추얼 아이돌 인기가 이정도? '이세계 아이돌' 역대 펀딩 88억 돌파/ KNN,KNN NEWS,최상위 댓글,@lkatbni,캬ㅑㅑㅑㅑㅑㅑ 100억굳!! 대세돌 !! 연말무대 서야 한다.진짜 이세돌은 더이상 우리만의 가수가 아니야,0,2024-11-28T15:08:48Z,0,UgzrmQmmpn7RdNILVBx4AaABAg,Av1zma6uJco,UCVl6n5UVSOMANFTZQD4s0JA,2024-11-28T15:08:48Z,,중립
버추얼 아이돌 인기가 이정도? '이세계 아이돌' 역대 펀딩 88억 돌파/ KNN,KNN NEWS,최상위 댓글,@korea7757,우왁굳님이 대성공 했구나 ㅋㅋㅋㅋㅋㅋㅋㅋㅋㅋㅋ,0,2024-11-30T08:25:03Z,0,UgzDb8_VLJ6wpTGuTcF4AaABAg,Av1zma6uJco,UC9uNL644QgnpqUuEyuqdbew,2024-11-30T08:25:03Z,,중립
버추얼 아이돌 인기가 이정도? '이세계 아이돌' 역대 펀딩 88억 돌파/ KNN,KNN NEWS,최상위 댓글,@FunnyTV-wn2cg,??? : 우린 음지로 가야대 얘들아...,0,2024-11-27T19:45:15Z,0,UgwZP10ZxwEXX-cIweN4AaABAg,Av1zma6uJco,UCPyTcNjL0Bqmj6yiRQ3B5SQ,2024-11-27T19:45:15Z,,중립
버추얼 아이돌 인기가 이정도? '이세계 아이돌' 역대 펀딩 88억 돌파/ KNN,KNN NEWS,최상위 댓글,@user-twoeighttow,우리는 88억이다,1,2025-01-02T00:38:32Z,0,Ugzu9g0EXsLHFG0407V4AaABAg,Av1zma6uJco,UCJdLeTidAMPHJM4Oh5srlmw,2025-01-02T00:38:32Z,,중립
버추얼 아이돌 인기가 이정도? '이세계 아이돌' 역대 펀딩 88억 돌파/ KNN,KNN NEWS,최상위 댓글,@서큡,응 킹아~,1,2024-12-05T15:43:53Z,0,UgzUoKXL4IMrTlbjAQ54AaABAg,Av1zma6uJco,UCkiIRclJNwO_DNaUz1JCcuA,2024-12-05T15:43:53Z,,중립
버추얼 아이돌 인기가 이정도? '이세계 아이돌' 역대 펀딩 88억 돌파/ KNN,KNN NEWS,최상위 댓글,@Yongsuks1,킹아가 뭔지 모르자만 킹아😂,0,2024-11-27T21:32:49Z,0,UgzG91Q7OVmigDnhprB4AaABAg,Av1zma6uJco,UCYdkzi1LAqbvmXsvjaI_5yQ,2024-11-27T21:32:49Z,,중립
버추얼 아이돌 인기가 이정도? '이세계 아이돌' 역대 펀딩 88억 돌파/ KNN,KNN NEWS,최상위 댓글,@nayngnyangcat,88억이면 1020 세대 인기가 아닐껏 같은데,1,2024-11-28T03:27:44Z,0,UgyGCjj8TVpAhC9OTRp4AaABAg,Av1zma6uJco,UCUf_P5JTXkwfvYFz2mCHPQQ,2024-11-28T03:27:44Z,,중립
버추얼 아이돌 인기가 이정도? '이세계 아이돌' 역대 펀딩 88억 돌파/ KNN,KNN NEWS,최상위 댓글,@Vicious33,아 킹애~,0,2024-11-29T05:26:43Z,0,UgxOEiPhAEl7d6G1jH94AaABAg,Av1zma6uJco,UCqtMECwxpOLElKK-Z-lajRQ,2024-11-29T05:26:43Z,,중립
버추얼 아이돌 인기가 이정도? '이세계 아이돌' 역대 펀딩 88억 돌파/ KNN,KNN NEWS,최상위 댓글,@MoonL_,유명 유튜버 '우왁굳'이 기획한ㅋㅋㅋㅋㅋㅋㅋㅋ,0,2024-11-28T06:17:18Z,0,UgwNMHsiwt4xOnkmpgt4AaABAg,Av1zma6uJco,UC1pZJJ8EZebMQCHhZCmu5AQ,2024-11-28T06:17:18Z,,중립
버추얼 아이돌 인기가 이정도? '이세계 아이돌' 역대 펀딩 88억 돌파/ KNN,KNN NEWS,최상위 댓글,@albus168,난 왜 해외에 사는가... ㅠ,0,2024-11-28T02:47:58Z,0,UgyTK8fWlmYqdusVItp4AaABAg,Av1zma6uJco,UCtC0nepof_kxpT51OJbruGg,2024-11-28T02:47:58Z,,중립
버추얼 아이돌 인기가 이정도? '이세계 아이돌' 역대 펀딩 88억 돌파/ KNN,KNN NEWS,최상위 댓글,@이예성-w9w,난 스텔라이브인뎅,2,2024-12-05T12:43:20Z,0,Ugy63u8zbTUw1yeKPk94AaABAg,Av1zma6uJco,UCXyje-GsXBxtdNffSAZMPNw,2024-12-05T12:43:20Z,,중립
버추얼 아이돌 인기가 이정도? '이세계 아이돌' 역대 펀딩 88억 돌파/ KNN,KNN NEWS,최상위 댓글,@모찌롱메롱,형 컨텐츠라매..,0,2024-11-28T15:44:36Z,0,UgyGsKiFg0T43ht2l5V4AaABAg,Av1zma6uJco,UCtUCQ5DWzHXRFvm4S-KWxSw,2024-11-28T15:44:36Z,,중립
버추얼 아이돌 인기가 이정도? '이세계 아이돌' 역대 펀딩 88억 돌파/ KNN,KNN NEWS,최상위 댓글,@user-lt6mp7tb6e,오영택 사랑해,2,2024-11-28T07:38:23Z,0,UgzL_arLwk84J8UXTjp4AaABAg,Av1zma6uJco,UCa0QZE0tuMcgRjsQ8tSrtJQ,2024-11-28T07:38:23Z,,긍정
버추얼 아이돌 인기가 이정도? '이세계 아이돌' 역대 펀딩 88억 돌파/ KNN,KNN NEWS,최상위 댓글,@CanCerKim,"현생을 사세요 찐따들아 
라고하기엔 88억이...샹크스!!!!",0,2024-11-28T01:45:24Z,0,Ugzw2qgtecfcGcAXh9B4AaABAg,Av1zma6uJco,UChPFMCBp8vaaDxOaz9GiPpA,2024-11-28T01:45:24Z,,중립
버추얼 아이돌 인기가 이정도? '이세계 아이돌' 역대 펀딩 88억 돌파/ KNN,KNN NEWS,최상위 댓글,@소다구슬,릴파는 인정이지,2,2024-11-29T02:08:33Z,0,UgxS_xe7SQ59at42VIF4AaABAg,Av1zma6uJco,UCYW_zz3PIdLqS5fny4NER6w,2024-11-29T02:08:33Z,,중립
버추얼 아이돌 인기가 이정도? '이세계 아이돌' 역대 펀딩 88억 돌파/ KNN,KNN NEWS,최상위 댓글,@최승혁-v6l,돈을 버리는구나,1,2024-11-28T21:54:16Z,0,UgwFfP8x3o-FOrduJBp4AaABAg,Av1zma6uJco,UCcSclZZhYq0zaLKL7pvdcYA,2024-11-28T21:54:16Z,,중립
버추얼 아이돌 인기가 이정도? '이세계 아이돌' 역대 펀딩 88억 돌파/ KNN,KNN NEWS,최상위 댓글,@00876d,형 보고있지…?,0,2024-11-29T21:12:10Z,0,Ugx3F8UXYv5W6Ni3zHN4AaABAg,Av1zma6uJco,UC82kPEnzmkHWz18q89mYB9g,2024-11-29T21:12:10Z,,중립
버추얼 아이돌 인기가 이정도? '이세계 아이돌' 역대 펀딩 88억 돌파/ KNN,KNN NEWS,최상위 댓글,@Heena_1001,듣ㅣ어 뉴스까지! 이세돌!이세돌!,1,2024-11-28T08:06:11Z,0,UgwFyLsa3SHqdcblbKR4AaABAg,Av1zma6uJco,UC7In3pOgczkITNm9KxBWquw,2024-11-28T08:06:11Z,,중립
버추얼 아이돌 인기가 이정도? '이세계 아이돌' 역대 펀딩 88억 돌파/ KNN,KNN NEWS,최상위 댓글,@yelloppa.,어 킹아,0,2024-12-04T11:39:06Z,0,UgyPih004d_Wdzev3xh4AaABAg,Av1zma6uJco,UC5qm3cEVSScoyyaxPWwmSLQ,2024-12-04T11:39:06Z,,중립
버추얼 아이돌 인기가 이정도? '이세계 아이돌' 역대 펀딩 88억 돌파/ KNN,KNN NEWS,최상위 댓글,@마이크입노,새구 땅!,2,2025-01-01T05:28:30Z,0,Ugx0rwA_IHbj8omg_994AaABAg,Av1zma6uJco,UCh69CKx_ZUspyJGj1qP5xxw,2025-01-01T05:28:30Z,,중립
버추얼 아이돌 인기가 이정도? '이세계 아이돌' 역대 펀딩 88억 돌파/ KNN,KNN NEWS,최상위 댓글,@김은정-c1i1n,그저 킹애,0,2024-11-27T22:58:42Z,0,UgyaeYtjJW8b1TjfU5p4AaABAg,Av1zma6uJco,UCRFCUsKuwmaQC2SGIM-ocbA,2024-11-27T22:58:42Z,,중립
버추얼 아이돌 인기가 이정도? '이세계 아이돌' 역대 펀딩 88억 돌파/ KNN,KNN NEWS,최상위 댓글,@Valhalla_Keyboard,ㅋㅋㅋㅋ 킹애,0,2024-11-27T17:30:38Z,0,Ugyb0OdTlu472b6wgO94AaABAg,Av1zma6uJco,UCBS-2JMtwi4QkISYyZFBwUw,2024-11-27T17:30:38Z,,중립
버추얼 아이돌 인기가 이정도? '이세계 아이돌' 역대 펀딩 88억 돌파/ KNN,KNN NEWS,최상위 댓글,@minorsea,와우~ 킹아!,0,2024-12-04T06:26:53Z,0,UgwXmt7orEc3PlDsoc54AaABAg,Av1zma6uJco,UCHWkoKIWZ_S9V66QBc-4Nug,2024-12-04T06:26:53Z,,중립
버추얼 아이돌 인기가 이정도? '이세계 아이돌' 역대 펀딩 88억 돌파/ KNN,KNN NEWS,최상위 댓글,@쿠아악-n1v,한국 버튜버 헬조선 엔딩 안 당하기를,0,2024-11-29T06:52:37Z,0,UgycFLXWL2Z-Pogx2bV4AaABAg,Av1zma6uJco,UCGM-1RTsdamKfjATnTIlMBw,2024-11-29T06:52:37Z,,중립
버추얼 아이돌 인기가 이정도? '이세계 아이돌' 역대 펀딩 88억 돌파/ KNN,KNN NEWS,최상위 댓글,@일개미-o2c,나...행복할지도?,1,2025-01-30T04:18:08Z,0,UgztKNInzRfcZsCcgix4AaABAg,Av1zma6uJco,UC3gAcjn_-X2vTfRB41rNKLQ,2025-01-30T04:18:08Z,,중립
버추얼 아이돌 인기가 이정도? '이세계 아이돌' 역대 펀딩 88억 돌파/ KNN,KNN NEWS,최상위 댓글,@Servant_leadership,킹아😂,0,2024-11-30T07:15:08Z,0,Ugz1hrIN475m3VeBBL94AaABAg,Av1zma6uJco,UCUtPtrk-G1uxhufWHrUI-BQ,2024-11-30T07:15:08Z,,중립
버추얼 아이돌 인기가 이정도? '이세계 아이돌' 역대 펀딩 88억 돌파/ KNN,KNN NEWS,최상위 댓글,@킹짱우,킹애,0,2024-11-27T21:00:11Z,0,UgzEwW5s2NanecExeet4AaABAg,Av1zma6uJco,UClfMA_Jcr-BTYwnxLv70_gw,2024-11-27T21:00:11Z,,중립
버추얼 아이돌 인기가 이정도? '이세계 아이돌' 역대 펀딩 88억 돌파/ KNN,KNN NEWS,최상위 댓글,@냐_17181,키보드 겟!!!💜💛🖤❤️💙💚,0,2024-11-28T02:10:59Z,0,UgygocYVMPnfugFI68d4AaABAg,Av1zma6uJco,UCe6LtBy7ESrYrsJRcvQhSAA,2024-11-28T02:10:59Z,,중립
버추얼 아이돌 인기가 이정도? '이세계 아이돌' 역대 펀딩 88억 돌파/ KNN,KNN NEWS,최상위 댓글,@다섯가지자아-p5o,와 산나비가 14억인데 레게노다ㄷㄷ,1,2024-11-28T04:48:24Z,0,UgwvEJgH7F3Ptdh4Swp4AaABAg,Av1zma6uJco,UCRhKj_MKgowqT8hCRhiHmeA,2024-11-28T04:48:24Z,,중립
버추얼 아이돌 인기가 이정도? '이세계 아이돌' 역대 펀딩 88억 돌파/ KNN,KNN NEWS,최상위 댓글,@cosmosw416,캬 이게 양지지,0,2024-11-28T03:55:53Z,0,UgyO2gOizAcTTLdNJrd4AaABAg,Av1zma6uJco,UCK69E2PJq_I5jgI4vsfXtgg,2024-11-28T03:55:53Z,,중립
버추얼 아이돌 인기가 이정도? '이세계 아이돌' 역대 펀딩 88억 돌파/ KNN,KNN NEWS,최상위 댓글,@아카자의동료가된오니,"와.....우왇굳님...드디어
.....신시대의 신이 되셨군요. ^^",0,2024-11-28T01:09:38Z,0,UgwHQNsIL2jQ1CrW6NF4AaABAg,Av1zma6uJco,UC5CO9MRVeOd0HDPKQGWnw7w,2024-11-28T01:09:38Z,,중립
버추얼 아이돌 인기가 이정도? '이세계 아이돌' 역대 펀딩 88억 돌파/ KNN,KNN NEWS,최상위 댓글,@전경란-o8c,80억굳이 오피셜이 됐다 일어나라 팬치 이파리들이여!!!!!,0,2024-11-29T12:29:26Z,0,Ugwq35KY9p0DxvvAULh4AaABAg,Av1zma6uJco,UCcYXqJby7GjFpLM286t-eag,2024-11-29T12:29:26Z,,중립
버추얼 아이돌 인기가 이정도? '이세계 아이돌' 역대 펀딩 88억 돌파/ KNN,KNN NEWS,최상위 댓글,@개임아재,형 이레도 우리가 음지야?,0,2024-11-27T21:05:37Z,0,UgyGAxnCtHiQz2JKNzJ4AaABAg,Av1zma6uJco,UCSPJowBQAauFJf8T6CllOAw,2024-11-27T21:05:37Z,,중립
버추얼 아이돌 인기가 이정도? '이세계 아이돌' 역대 펀딩 88억 돌파/ KNN,KNN NEWS,최상위 댓글,@pturnchina,킹애,0,2024-11-29T16:38:06Z,0,UgwvI7pP_0edSoqqTmx4AaABAg,Av1zma6uJco,UC2V35kfqyb000hGEIrZZ6xg,2024-11-29T16:38:06Z,,중립
버추얼 아이돌 인기가 이정도? '이세계 아이돌' 역대 펀딩 88억 돌파/ KNN,KNN NEWS,최상위 댓글,@mega-qo3xz,신곡줘,0,2024-11-29T06:27:03Z,0,UgxAS_vaZjfqgGHEi4t4AaABAg,Av1zma6uJco,UCCvKStplPZ6geXbfA8oB0NA,2024-11-29T06:27:03Z,,중립
버추얼 아이돌 인기가 이정도? '이세계 아이돌' 역대 펀딩 88억 돌파/ KNN,KNN NEWS,최상위 댓글,@plantece,키보드 1만대 한정만 아니었음 더 갔을 텐데,1,2024-11-28T01:04:33Z,0,UgzX3vyJpfeAo-VSVkl4AaABAg,Av1zma6uJco,UCPv7pB-d3Hm1NP_bw3hmUWA,2024-11-28T01:04:33Z,,중립
버추얼 아이돌 인기가 이정도? '이세계 아이돌' 역대 펀딩 88억 돌파/ KNN,KNN NEWS,최상위 댓글,@Sigrdrífa_89,킹애,0,2024-11-28T01:39:33Z,0,Ugx8kqqL0xidaYC0Asx4AaABAg,Av1zma6uJco,UCkudYOlZajtgexED4YzDerg,2024-11-28T01:39:33Z,,중립
버추얼 아이돌 인기가 이정도? '이세계 아이돌' 역대 펀딩 88억 돌파/ KNN,KNN NEWS,최상위 댓글,@user-kk1oc3xz2e,"""이야~ 88억이면 국밥이 몇그릇이야~""",0,2024-11-30T05:02:23Z,0,Ugze9g0ct5uiIzb9VHd4AaABAg,Av1zma6uJco,UC0fQaj9-GpuYhguveNvldiw,2024-11-30T05:02:23Z,,중립
버추얼 아이돌 인기가 이정도? '이세계 아이돌' 역대 펀딩 88억 돌파/ KNN,KNN NEWS,최상위 댓글,@saemlslkmlse,이세돌 굿,0,2024-11-30T13:16:46Z,0,UgzxF4_LxSE7BYHQ7MV4AaABAg,Av1zma6uJco,UCWWDptUHUILhSg2l8Zu9riw,2024-11-30T13:16:46Z,,긍정
버추얼 아이돌 인기가 이정도? '이세계 아이돌' 역대 펀딩 88억 돌파/ KNN,KNN NEWS,최상위 댓글,@singularitarians,킹애,0,2024-11-27T21:51:27Z,0,UgxX1F4mQyODGBIHS554AaABAg,Av1zma6uJco,UC_6tlKcQwE9wV3yVV0XU-SA,2024-11-27T21:51:27Z,,중립
버추얼 아이돌 인기가 이정도? '이세계 아이돌' 역대 펀딩 88억 돌파/ KNN,KNN NEWS,최상위 댓글,@PqOwIeUryT99,키보드 ㅠ😢,0,2024-11-29T04:55:00Z,0,Ugysj8HtTzv35ExXqmB4AaABAg,Av1zma6uJco,UCfOyxE0W0PQ1jSD8vCe3b4w,2024-11-29T04:55:00Z,,중립
버추얼 아이돌 인기가 이정도? '이세계 아이돌' 역대 펀딩 88억 돌파/ KNN,KNN NEWS,최상위 댓글,@anhonly000,킹애,0,2024-11-27T20:29:38Z,0,UgxQ3gAX4ynVKTwquL54AaABAg,Av1zma6uJco,UCMKvv-c3b_31E94X01Y98aA,2024-11-27T20:29:38Z,,중립
버추얼 아이돌 인기가 이정도? '이세계 아이돌' 역대 펀딩 88억 돌파/ KNN,KNN NEWS,최상위 댓글,@산딸기주스,88억? 미쳤네,0,2024-11-28T01:03:26Z,0,Ugzmxl2ggX8tZ7bPmvJ4AaABAg,Av1zma6uJco,UCozCUWA-1qmYhdmL-hRCO4g,2024-11-28T01:03:26Z,,중립
버추얼 아이돌 인기가 이정도? '이세계 아이돌' 역대 펀딩 88억 돌파/ KNN,KNN NEWS,최상위 댓글,@뭘보노-280,차마 공중파 뉴스에서 팬덤명 침팬치를 쓰긴 좀 그랬나봐~¿,0,2024-11-30T01:05:17Z,0,UgxaZrdQzFEdRQa-oTJ4AaABAg,Av1zma6uJco,UCk8m6_tB3k5aXwYV6euCedA,2024-11-30T01:05:17Z,,중립
버추얼 아이돌 인기가 이정도? '이세계 아이돌' 역대 펀딩 88억 돌파/ KNN,KNN NEWS,최상위 댓글,@마라붕,아나운서님도 모르는척 전달하기 힘들었겠당,0,2024-11-27T21:11:48Z,0,UgyKUWeBVbTiAI7i3AF4AaABAg,Av1zma6uJco,UC7oo1s6OU1uhpb5KkG2mN9g,2024-11-27T21:11:48Z,,중립
버추얼 아이돌 인기가 이정도? '이세계 아이돌' 역대 펀딩 88억 돌파/ KNN,KNN NEWS,최상위 댓글,@INE158.99,텀블벅 펀딩만 25마원 지린건 안비밀,1,2024-11-28T06:46:22Z,0,UgyG94_63Yx-XC3EbgB4AaABAg,Av1zma6uJco,UCRljkhusBZljCd473WYolnw,2025-01-05T13:11:27Z,,중립
버추얼 아이돌 인기가 이정도? '이세계 아이돌' 역대 펀딩 88억 돌파/ KNN,KNN NEWS,최상위 댓글,@CuttyWorld,ㅋㅋㅋㅋㅋㅋㅋㅋ,0,2024-11-28T15:31:12Z,0,Ugyn2UfMF-5JZLJ6prJ4AaABAg,Av1zma6uJco,UCnHxp4lpG3XomqpaPDkZ4mw,2024-11-28T15:31:12Z,,중립
버추얼 아이돌 인기가 이정도? '이세계 아이돌' 역대 펀딩 88억 돌파/ KNN,KNN NEWS,최상위 댓글,@이름없음-m3t1c,캬ㅑㅑ 우리 왁굳형이 아프리카 tv에서 gta 영상 찍던게 엊그제 같은데 벌써 이렇게 형이 만든 아이돌이 육성해서 유명해지다니...형은 너무 대단해 킹애~~,0,2024-11-27T22:44:35Z,0,Ugzrpioi5K3qEBtYQ914AaABAg,Av1zma6uJco,UCPuEH75L630cJ5AVnTNo2nQ,2024-11-27T22:44:35Z,,중립
버추얼 아이돌 인기가 이정도? '이세계 아이돌' 역대 펀딩 88억 돌파/ KNN,KNN NEWS,최상위 댓글,@마푸-m4r,이 케이팝은 난 찬성일세,0,2024-11-28T04:45:09Z,0,UgwvAeRv0YUyeIHy_Eh4AaABAg,Av1zma6uJco,UCY7QpWHjWmWNGyNFqkkKZgA,2024-11-28T04:45:09Z,,중립
버추얼 아이돌 인기가 이정도? '이세계 아이돌' 역대 펀딩 88억 돌파/ KNN,KNN NEWS,최상위 댓글,@resifmei1647,역시 스시버거…,0,2024-11-28T04:38:39Z,0,Ugzc08-XthRvMThO3ZJ4AaABAg,Av1zma6uJco,UCfG6p4UooX8mL_VoS1SnZVA,2024-11-28T04:38:39Z,,중립
버추얼 아이돌 인기가 이정도? '이세계 아이돌' 역대 펀딩 88억 돌파/ KNN,KNN NEWS,최상위 댓글,@썬페라,하~ 뿌듯하다 킹애👍🔥,0,2024-12-04T16:56:15Z,0,Ugz4CbRVOgO9qEafp3B4AaABAg,Av1zma6uJco,UC0sun3YT0XCHD_pWNKop-8w,2024-12-04T16:56:15Z,,중립
버추얼 아이돌 인기가 이정도? '이세계 아이돌' 역대 펀딩 88억 돌파/ KNN,KNN NEWS,최상위 댓글,@일개미-q7l,가슴이 웅장해진다,0,2024-12-04T08:57:03Z,0,UgwtDJULh0ODQOMLb0B4AaABAg,Av1zma6uJco,UCi0W1m4aIJHAjj1R2jew3lw,2024-12-04T08:57:03Z,,중립
버추얼 아이돌 인기가 이정도? '이세계 아이돌' 역대 펀딩 88억 돌파/ KNN,KNN NEWS,최상위 댓글,@lilpa-700-z2k,크ㅡㅡㅡㅡ킹애,0,2024-11-27T23:09:43Z,0,UgzU8ZJuioG6owz1UgN4AaABAg,Av1zma6uJco,UCQSKdmeuLku2Y3CrK3-Q55g,2024-11-27T23:09:43Z,,중립
버추얼 아이돌 인기가 이정도? '이세계 아이돌' 역대 펀딩 88억 돌파/ KNN,KNN NEWS,최상위 댓글,@mathe_05,독특한 세계관 아닌데....,0,2024-11-28T03:03:11Z,0,Ugwjx2v4Tax-atOZCeN4AaABAg,Av1zma6uJco,UCu464cpOTvmZzccDJ7X9AJg,2024-11-28T03:03:11Z,,중립
버추얼 아이돌 인기가 이정도? '이세계 아이돌' 역대 펀딩 88억 돌파/ KNN,KNN NEWS,최상위 댓글,@Speaky117,뉴스에도 나오넼ㅋㅋㅋㅋㅋㅋㅋ 미친 양지로 다시 올리지 말라고 ㅋㅋㅋ,0,2024-11-27T22:32:57Z,0,UgzAJhlWmHSRXYFe0XZ4AaABAg,Av1zma6uJco,UClRXgFa9ALwglwARUX70Img,2024-11-27T22:32:57Z,,중립
버추얼 아이돌 인기가 이정도? '이세계 아이돌' 역대 펀딩 88억 돌파/ KNN,KNN NEWS,최상위 댓글,@scottlucas1059,이세돌 최고!!!!!,0,2024-11-28T02:10:20Z,0,Ugxy8L-ucZg27wi6WmV4AaABAg,Av1zma6uJco,UCVbTVc9qO9lQ7OkUYAkLKtw,2024-11-28T02:10:20Z,,긍정
버추얼 아이돌 인기가 이정도? '이세계 아이돌' 역대 펀딩 88억 돌파/ KNN,KNN NEWS,최상위 댓글,@이재인-g9z,10대보단 20대~30대가 좋아하니까 돈이 많이 모이는듯ㅋㅋ,0,2024-11-28T13:04:54Z,0,UgzTD9rGNF_JbG6azLp4AaABAg,Av1zma6uJco,UCp2a0QWyQ0GpqVTOxcN9XBg,2024-11-28T13:04:54Z,,긍정
버추얼 아이돌 인기가 이정도? '이세계 아이돌' 역대 펀딩 88억 돌파/ KNN,KNN NEWS,최상위 댓글,@곰돌이쿤,음~ 킹아~,0,2024-11-27T19:43:23Z,0,UgzRdkivH-a8bI9tDIN4AaABAg,Av1zma6uJco,UCRsfUmhkhEPwXCjFWhv_1kw,2024-11-27T19:43:23Z,,중립
버추얼 아이돌 인기가 이정도? '이세계 아이돌' 역대 펀딩 88억 돌파/ KNN,KNN NEWS,최상위 댓글,@형설화,ㅋㅋㅋ,0,2024-12-01T08:10:34Z,0,UgwjR3TdJDn-yMJvGi94AaABAg,Av1zma6uJco,UCuY3eiiA1wEx-dSP2WMS3zA,2024-12-01T08:10:34Z,,중립
버추얼 아이돌 인기가 이정도? '이세계 아이돌' 역대 펀딩 88억 돌파/ KNN,KNN NEWS,최상위 댓글,@소독제-f1w,이세돌 조아,0,2024-11-28T01:33:40Z,0,Ugw5p8FbKy4GvGIhwTF4AaABAg,Av1zma6uJco,UCH5UGWMKZr94IV4ZX_HvIVw,2024-11-28T01:33:40Z,,중립
버추얼 아이돌 인기가 이정도? '이세계 아이돌' 역대 펀딩 88억 돌파/ KNN,KNN NEWS,최상위 댓글,@개굴보노,ㅇㅈ한다...,0,2024-11-28T13:01:28Z,0,Ugye2Tmo9CypqIUBpEV4AaABAg,Av1zma6uJco,UCAJzcxSXe3NacN2B3bGpbBw,2024-11-28T13:01:28Z,,중립
버추얼 아이돌 인기가 이정도? '이세계 아이돌' 역대 펀딩 88억 돌파/ KNN,KNN NEWS,최상위 댓글,@낙타신,키보드 못산게 천추의 한이다...,0,2024-11-29T18:06:53Z,0,UgyXFlcctZ0LlUViD1h4AaABAg,Av1zma6uJco,UCD3jnvjfAc9qNqI36HPuVoA,2024-11-29T18:06:53Z,,중립
버추얼 아이돌 인기가 이정도? '이세계 아이돌' 역대 펀딩 88억 돌파/ KNN,KNN NEWS,최상위 댓글,@바쿠쌉꿀마,모르겠다. 이 세상을,1,2024-11-29T20:24:49Z,0,Ugyl66LFlFgvuSRwArN4AaABAg,Av1zma6uJco,UCo3t2YzKY2t79ADCPfUJqdw,2024-11-29T20:24:49Z,,중립
버추얼 아이돌 인기가 이정도? '이세계 아이돌' 역대 펀딩 88억 돌파/ KNN,KNN NEWS,최상위 댓글,@04jb,아니 ㅋㅋ,0,2024-11-28T09:22:12Z,0,UgyhJnjc0CsGKs8qsJx4AaABAg,Av1zma6uJco,UCPWiXJPVmtaAEQewLOflB3A,2024-11-28T09:22:12Z,,중립
버추얼 아이돌 인기가 이정도? '이세계 아이돌' 역대 펀딩 88억 돌파/ KNN,KNN NEWS,최상위 댓글,@아수라백작-u3i,금액 마지막 숫자 158  노렸나? ㅡㅡ,0,2024-11-29T22:07:09Z,0,UgzFpHT9dH03DrkAfgl4AaABAg,Av1zma6uJco,UCYIqqGlRCnQLUhOuZJRXaOA,2024-11-29T22:07:09Z,,중립
버추얼 아이돌 인기가 이정도? '이세계 아이돌' 역대 펀딩 88억 돌파/ KNN,KNN NEWS,최상위 댓글,@chungsulmo,얘들아 품어,0,2024-11-27T19:42:43Z,0,UgwZ4grUhiRVS5Y1Sml4AaABAg,Av1zma6uJco,UC24Twsc8IiawrLtFbt4DbZw,2024-11-27T19:42:43Z,,중립
버추얼 아이돌 인기가 이정도? '이세계 아이돌' 역대 펀딩 88억 돌파/ KNN,KNN NEWS,최상위 댓글,@book-hn5gl,nvidia 주식 대폭발?,0,2024-11-28T02:02:57Z,0,Ugw5_eN8txOi-WonyIZ4AaABAg,Av1zma6uJco,UCInyVf9uP63dWo_o9GWeyAw,2024-11-28T02:02:57Z,,중립
버추얼 아이돌 인기가 이정도? '이세계 아이돌' 역대 펀딩 88억 돌파/ KNN,KNN NEWS,최상위 댓글,@UN_Keke,"역시 ""이세계"" 아이돌이네",0,2024-11-29T16:24:15Z,0,UgzFvdJwZy0AHz9CbxN4AaABAg,Av1zma6uJco,UCYPDRzDrgk9ozP4AnPPIHZA,2024-11-29T16:24:15Z,,중립
버추얼 아이돌 인기가 이정도? '이세계 아이돌' 역대 펀딩 88억 돌파/ KNN,KNN NEWS,최상위 댓글,@Yeo09,ㅋㅋㅋ 미쳤다.,0,2024-12-01T01:05:30Z,0,UgwrhBtyaITM5PjjGGZ4AaABAg,Av1zma6uJco,UCueRTg55MWLyRGhJOyioL7g,2024-12-01T01:05:30Z,,중립
버추얼 아이돌 인기가 이정도? '이세계 아이돌' 역대 펀딩 88억 돌파/ KNN,KNN NEWS,최상위 댓글,@미틴놈,88억ㄷㄷ,0,2024-11-27T23:02:41Z,0,UgzvMbZ3HjZqClul4UZ4AaABAg,Av1zma6uJco,UCHnsqq8it_F6cg2UdxoRZyA,2024-11-27T23:02:41Z,,중립
버추얼 아이돌 인기가 이정도? '이세계 아이돌' 역대 펀딩 88억 돌파/ KNN,KNN NEWS,최상위 댓글,@apt43210,쉽덕은 돈이 된다구~,0,2024-11-28T05:27:03Z,0,UgzRXM49vDMg-UDqtWh4AaABAg,Av1zma6uJco,UCfnhUMYxohH_YRNVjKyPKcQ,2024-11-28T05:27:03Z,,중립
버추얼 아이돌 인기가 이정도? '이세계 아이돌' 역대 펀딩 88억 돌파/ KNN,KNN NEWS,최상위 댓글,@kikia9,왜 안나오나 했네,0,2024-11-28T00:38:32Z,0,UgwK3sYNtqCi6SuuBql4AaABAg,Av1zma6uJco,UCpK5xISeq7nr7VOjOGEaebw,2024-11-28T00:38:32Z,,중립
버추얼 아이돌 인기가 이정도? '이세계 아이돌' 역대 펀딩 88억 돌파/ KNN,KNN NEWS,최상위 댓글,@kulira77,참 쉽죠?,0,2024-11-28T00:53:46Z,0,UgyaZ6xRinIti6P3wYR4AaABAg,Av1zma6uJco,UCxBhR6Ny8GlV_y94NlqMfTw,2024-11-28T00:53:46Z,,중립
버추얼 아이돌 인기가 이정도? '이세계 아이돌' 역대 펀딩 88억 돌파/ KNN,KNN NEWS,최상위 댓글,@박진규-s5c,안녕 미래의 나,0,2024-11-28T03:31:30Z,0,Ugwo1PBQNblB6ApKs1h4AaABAg,Av1zma6uJco,UCQRMY86c9HkTDJDnKzqPnWw,2024-11-28T03:31:30Z,,중립
버추얼 아이돌 인기가 이정도? '이세계 아이돌' 역대 펀딩 88억 돌파/ KNN,KNN NEWS,최상위 댓글,@진초진,이세돌이 뭐죠? 킹애!,0,2024-11-29T05:39:57Z,0,UgwHa7YsoPfbOiENLn94AaABAg,Av1zma6uJco,UCRNvIn1TODpVJcotE5h-9SA,2024-11-29T05:39:57Z,,중립
버추얼 아이돌 인기가 이정도? '이세계 아이돌' 역대 펀딩 88억 돌파/ KNN,KNN NEWS,최상위 댓글,@카카루-v7u,모두 잠수준비.,2,2024-11-29T03:01:33Z,0,UgwsYc_RFItsM_i9hqR4AaABAg,Av1zma6uJco,UCF41tzMqpg_NzmHEfwo1Ldg,2024-11-29T03:01:33Z,,중립
버추얼 아이돌 인기가 이정도? '이세계 아이돌' 역대 펀딩 88억 돌파/ KNN,KNN NEWS,최상위 댓글,@jangseokwoo1004,킹애 🎉🎉🎉,0,2024-11-28T03:06:43Z,0,UgzLz4vx5bvDE_kq7p94AaABAg,Av1zma6uJco,UCYsGbQbdGwAUx9FCQzt9Tjw,2024-11-28T03:06:43Z,,중립
버추얼 아이돌 인기가 이정도? '이세계 아이돌' 역대 펀딩 88억 돌파/ KNN,KNN NEWS,최상위 댓글,@큐웰,이세돌이 차원을 넘긴 했지 ㅋㅋㅋㅋㅋ,0,2024-11-29T09:50:44Z,0,UgyMQDps49EP9lT2TmZ4AaABAg,Av1zma6uJco,UCeqqMrxULzGfDEacCAIRncg,2024-11-29T09:50:44Z,,중립
버추얼 아이돌 인기가 이정도? '이세계 아이돌' 역대 펀딩 88억 돌파/ KNN,KNN NEWS,최상위 댓글,@AkaneLizefienna,귀엽잖아,0,2024-11-29T13:26:04Z,0,UgxHAr3djjoswm0K4_l4AaABAg,Av1zma6uJco,UCzDoMn4lxcxXdDA2AP8OD7Q,2024-11-29T13:26:04Z,,중립
버추얼 아이돌 인기가 이정도? '이세계 아이돌' 역대 펀딩 88억 돌파/ KNN,KNN NEWS,최상위 댓글,@이거봐라-k1d,근데 올해 까지 4집 앨번 나온다며 왜안나옴 ???기만하는건가,0,2024-12-06T00:57:19Z,0,Ugx5nwUQK-9jkBI0dkV4AaABAg,Av1zma6uJco,UChA7OXxY-kStVX79Q1eXh0Q,2024-12-06T00:57:19Z,,중립
버추얼 아이돌 인기가 이정도? '이세계 아이돌' 역대 펀딩 88억 돌파/ KNN,KNN NEWS,최상위 댓글,@Mihua-z5u,그래서 신곡 언제 나옴;;,1,2024-11-28T06:24:38Z,0,Ugzm0Lko-E-xwKt4_Gx4AaABAg,Av1zma6uJco,UCwc8yjnocO-76YhUUR159yg,2024-11-28T06:24:38Z,,중립
버추얼 아이돌 인기가 이정도? '이세계 아이돌' 역대 펀딩 88억 돌파/ KNN,KNN NEWS,최상위 댓글,@dkftndjqtsms-t8c,와 신기하다. 이세돌이 뭔가요? 킹애~,0,2024-11-29T23:52:15Z,0,UgxCc6sPBRwkP_u8uRJ4AaABAg,Av1zma6uJco,UCynhqQE46eiulx1Zbk0YEMQ,2024-11-29T23:52:15Z,,중립
버추얼 아이돌 인기가 이정도? '이세계 아이돌' 역대 펀딩 88억 돌파/ KNN,KNN NEWS,최상위 댓글,@zinaganen-mangreung,키야ㅏㅏㅏㅏㅏㅏㅏㅏㅏㅏㅏㅏㅏ,0,2024-11-27T22:23:42Z,0,UgwQhAWTrbecsU3nqoB4AaABAg,Av1zma6uJco,UCZHkvTRLHGcmVqxUrdl2Q8Q,2024-11-27T22:23:42Z,,중립
버추얼 아이돌 인기가 이정도? '이세계 아이돌' 역대 펀딩 88억 돌파/ KNN,KNN NEWS,최상위 댓글,@44ppatt,돈이 될까?    진짜 된다ㄷ,0,2024-11-29T07:44:56Z,0,UgwBwvKXmvXGTpqLLPJ4AaABAg,Av1zma6uJco,UCQitETrOvti0gaPukpZcUSw,2024-11-29T07:44:56Z,,중립
버추얼 아이돌 인기가 이정도? '이세계 아이돌' 역대 펀딩 88억 돌파/ KNN,KNN NEWS,최상위 댓글,@user-kignoheel3201,"무슨 버추얼 아이돌주제에 88억을 모으냐? 어우 육수들 미쳤네...












아 펀딩한 굿즈 기다리기 빡세다...킹아.",2,2024-11-30T19:04:55Z,1,UgyNTtUrgPNt0L8ea-l4AaABAg,Av1zma6uJco,UCOrPhMQ0Xfsu4ewhSaZUZUg,2024-11-30T19:04:55Z,,긍정
버추얼 아이돌 인기가 이정도? '이세계 아이돌' 역대 펀딩 88억 돌파/ KNN,KNN NEWS,대댓글,@VIichan_RANE,ㅋㅋㅋㅋㅋㅋㅋㅋㅋ 기출변형 개쩐다,1,2024-12-01T11:21:54Z,0,UgyNTtUrgPNt0L8ea-l4AaABAg.ABTvskOAsRzABVfgQQhbod,Av1zma6uJco,UCwH9f0nhcalCRR4ewTdWhUA,2024-12-01T11:21:54Z,UgyNTtUrgPNt0L8ea-l4AaABAg,중립
버추얼 아이돌 인기가 이정도? '이세계 아이돌' 역대 펀딩 88억 돌파/ KNN,KNN NEWS,최상위 댓글,@줄잡는이파리,ㄹㄱㄴ ㅋㅋㅋㅋ,1,2024-12-28T16:36:08Z,0,UgyAleFfwWzRfkXmJW14AaABAg,Av1zma6uJco,UCRQLLUoEcI3vZX-_tJ0TwtA,2024-12-28T16:36:08Z,,중립
버추얼 아이돌 인기가 이정도? '이세계 아이돌' 역대 펀딩 88억 돌파/ KNN,KNN NEWS,최상위 댓글,@잉이-g3l,뉴스에..,0,2024-11-29T09:31:50Z,0,UgyvvRs2cP6nR44xd9l4AaABAg,Av1zma6uJco,UCt6G2wxwvm3lyhf_R_tMc4Q,2024-11-29T09:31:50Z,,중립
버추얼 아이돌 인기가 이정도? '이세계 아이돌' 역대 펀딩 88억 돌파/ KNN,KNN NEWS,최상위 댓글,@jominseo_0805,아니 안볼꺼면 보지 말지 굳이굳이 들어와서 욕하는거 보면 지들은 매일같이 일해서 버는데 돈 많이 번다고 ㅈㄹ 하는거 아닌가 ㅋ 팩트였다면 정말 죄송 ㅋ,0,2024-11-28T11:12:51Z,0,UgwGM0YF1PIBOCDBMJh4AaABAg,Av1zma6uJco,UCzDzycMCo-_cdkRBKUwlbRw,2024-11-28T11:12:51Z,,중립
버추얼 아이돌 인기가 이정도? '이세계 아이돌' 역대 펀딩 88억 돌파/ KNN,KNN NEWS,최상위 댓글,@guu8973,모두 잠수준비,2,2024-11-29T00:32:34Z,0,UgzTFesGKYrInv2Yy9B4AaABAg,Av1zma6uJco,UCq8T8KbddG5cniVD8Rh_PIg,2024-11-29T00:32:34Z,,중립
버추얼 아이돌 인기가 이정도? '이세계 아이돌' 역대 펀딩 88억 돌파/ KNN,KNN NEWS,최상위 댓글,@씨익몬,스텔라이브도...,0,2024-11-28T04:27:59Z,0,UgwrIDBJMxVRtRt57aV4AaABAg,Av1zma6uJco,UCAugKR2LpNH1ocCDlaeuSlw,2024-11-28T04:27:59Z,,중립
버추얼 아이돌 인기가 이정도? '이세계 아이돌' 역대 펀딩 88억 돌파/ KNN,KNN NEWS,최상위 댓글,@ndolphin8923,이름이 어떻게 우왁굳ㅋㅋㅋㅋㅋㅋㅋㅋ,0,2024-11-27T23:39:28Z,0,Ugxz4ZoG-s3fLV_YfWR4AaABAg,Av1zma6uJco,UCo2RocUICpSTNccM6Cflf3w,2024-11-27T23:39:28Z,,중립
버추얼 아이돌 인기가 이정도? '이세계 아이돌' 역대 펀딩 88억 돌파/ KNN,KNN NEWS,최상위 댓글,@user-zx6ez4kk8w,우와~ 스시버거??,0,2024-11-28T04:53:32Z,0,UgwH7BjrhzGL1Lu1BEF4AaABAg,Av1zma6uJco,UCuTY3hm07wAVxRUJ5bOWidg,2024-11-28T04:53:32Z,,중립
버추얼 아이돌 인기가 이정도? '이세계 아이돌' 역대 펀딩 88억 돌파/ KNN,KNN NEWS,최상위 댓글,@PLG_1KR,아니 그사이에 또 올랐음?,0,2024-11-27T23:24:31Z,0,UgxHmsf0mUBp85PMlwt4AaABAg,Av1zma6uJco,UCcxrrQtFyOFf8hhR4SXZdyw,2024-11-27T23:24:31Z,,중립
버추얼 아이돌 인기가 이정도? '이세계 아이돌' 역대 펀딩 88억 돌파/ KNN,KNN NEWS,최상위 댓글,@전북FC-v6i,성공헤다,0,2024-12-15T15:25:36Z,0,UgzrAjMmLBRRLUXqz-B4AaABAg,Av1zma6uJco,UCFr0OoRlQ24OOd8K3JR3nNA,2024-12-15T15:25:36Z,,중립
버추얼 아이돌 인기가 이정도? '이세계 아이돌' 역대 펀딩 88억 돌파/ KNN,KNN NEWS,최상위 댓글,@finn-fq4pt,이세돌 고멤 우왁굳 let's go,0,2024-11-27T23:10:16Z,0,UgwCqawKLCDOgV5SZq14AaABAg,Av1zma6uJco,UC4Ua0FR3X7yUNAfN1ZbkMeQ,2024-11-27T23:10:16Z,,중립
버추얼 아이돌 인기가 이정도? '이세계 아이돌' 역대 펀딩 88억 돌파/ KNN,KNN NEWS,최상위 댓글,@wws220,그것이 아이도루 다카라!,0,2024-11-27T22:09:27Z,0,UgxF78l2wQaq9_ocKhB4AaABAg,Av1zma6uJco,UCjam-wVQAAJGqIGUed5d8xg,2024-11-27T22:09:27Z,,중립
버추얼 아이돌 인기가 이정도? '이세계 아이돌' 역대 펀딩 88억 돌파/ KNN,KNN NEWS,최상위 댓글,@권도현-h8h,진짜 개쩔어ㅋㅋ 사랑해 왁굳형,0,2024-12-04T09:29:37Z,0,Ugyi56HXkEzvnQW4j854AaABAg,Av1zma6uJco,UCvpPxn3PF5XaetbOZnQcemg,2024-12-04T09:29:37Z,,긍정
버추얼 아이돌 인기가 이정도? '이세계 아이돌' 역대 펀딩 88억 돌파/ KNN,KNN NEWS,최상위 댓글,@티롱-o7s,버츄얼 아이돌은 안전합니다,0,2024-11-28T08:30:07Z,0,UgwqaIIm6clV3MLMYRp4AaABAg,Av1zma6uJco,UCcltKLY2gX0G11kAP7H0a0g,2024-11-28T08:30:07Z,,중립
버추얼 아이돌 인기가 이정도? '이세계 아이돌' 역대 펀딩 88억 돌파/ KNN,KNN NEWS,최상위 댓글,@user-ue9vb4dh6t,...ㅋㅋㅋ,0,2024-11-29T07:08:24Z,0,Ugz2XsSBo9aJ_Q5oTjJ4AaABAg,Av1zma6uJco,UCOacqIXU_fbliloDYFqG9GQ,2024-11-29T07:08:24Z,,중립
버추얼 아이돌 인기가 이정도? '이세계 아이돌' 역대 펀딩 88억 돌파/ KNN,KNN NEWS,최상위 댓글,@ss43290,흠...이중에 이파리 있다면 개추(나도지만..ㅋ),1,2024-11-27T20:27:39Z,0,UgyEdV3FKs4obmQM5354AaABAg,Av1zma6uJco,UCUK-j1BQ4EGJnyAH-do72Gw,2024-11-27T20:27:39Z,,중립
버추얼 아이돌 인기가 이정도? '이세계 아이돌' 역대 펀딩 88억 돌파/ KNN,KNN NEWS,최상위 댓글,@wakgood.,양지면 어떻고 음지면 어떠냐~,1,2024-11-28T01:31:45Z,0,UgwrkBN5ickI3hsFt0R4AaABAg,Av1zma6uJco,UCO6K55LqgECCsOW3lHI4MLQ,2024-11-28T01:31:45Z,,중립
버추얼 아이돌 인기가 이정도? '이세계 아이돌' 역대 펀딩 88억 돌파/ KNN,KNN NEWS,최상위 댓글,@TECHXT824,내가 팬치인게 자랑스럽...ㅎ,0,2024-12-14T13:37:48Z,0,UgyQxWCoy1LeBXZCAvN4AaABAg,Av1zma6uJco,UCrSeONlanIu288MSHwGg4sQ,2024-12-14T13:37:48Z,,중립
버추얼 아이돌 인기가 이정도? '이세계 아이돌' 역대 펀딩 88억 돌파/ KNN,KNN NEWS,최상위 댓글,@koreanaphrodite,나만의 작은 왁굳형..... 너무 커졌어,0,2024-11-29T15:03:01Z,0,UgyiTTOMSlmpXs442gZ4AaABAg,Av1zma6uJco,UC0Boa6N43z-L0qWYlG43bwQ,2024-11-29T15:03:01Z,,중립
버추얼 아이돌 인기가 이정도? '이세계 아이돌' 역대 펀딩 88억 돌파/ KNN,KNN NEWS,최상위 댓글,@딱콩버터,엌 ㅋㅋㅋㅋㅋㅋ,0,2024-11-28T09:54:34Z,0,UgyZIDDolAZ65Sg8Xhh4AaABAg,Av1zma6uJco,UCqrK1HgrRIpDMVQWZyCTtMg,2024-11-28T09:54:34Z,,중립
버추얼 아이돌 인기가 이정도? '이세계 아이돌' 역대 펀딩 88억 돌파/ KNN,KNN NEWS,최상위 댓글,@이재성-x6t,”씹덕은 돈이된다“,0,2024-11-28T00:45:58Z,0,UgxW28VhpRBBtEpcmPF4AaABAg,Av1zma6uJco,UC-b-lTCAvmX033zTmk1g2rA,2024-11-28T00:45:58Z,,중립
버추얼 아이돌 인기가 이정도? '이세계 아이돌' 역대 펀딩 88억 돌파/ KNN,KNN NEWS,최상위 댓글,@기영-r7r,"""쌀택이형 나 영 것 같아""",0,2024-11-28T23:04:06Z,0,UgwlGpyrEt6e50XtVhV4AaABAg,Av1zma6uJco,UCnEcAPJbcHk6RWDXhyk1pCg,2024-11-28T23:04:06Z,,중립
버추얼 아이돌 인기가 이정도? '이세계 아이돌' 역대 펀딩 88억 돌파/ KNN,KNN NEWS,최상위 댓글,@메일-i7q,나작버의 세상은 끝났다...,0,2024-11-28T03:52:53Z,0,UgzIOaPfyTmj1RC5iHN4AaABAg,Av1zma6uJco,UCQXm_fWif4TTNWkkXloA72w,2024-11-28T03:52:53Z,,중립
버추얼 아이돌 인기가 이정도? '이세계 아이돌' 역대 펀딩 88억 돌파/ KNN,KNN NEWS,최상위 댓글,@kingsseat6751,형 뉴스 떻네,0,2024-11-29T11:02:04Z,0,Ugxhgc-Oj-hCgwQOU9B4AaABAg,Av1zma6uJco,UCqgrjEYol7e7qePjNayrsBQ,2024-11-29T11:02:04Z,,중립
버추얼 아이돌 인기가 이정도? '이세계 아이돌' 역대 펀딩 88억 돌파/ KNN,KNN NEWS,최상위 댓글,@무함마드알사딘,버거님보고있으신가요 스시버거가!,0,2024-11-28T03:31:52Z,0,UgzDEl7YFDXOhKLKU-h4AaABAg,Av1zma6uJco,UCtsj2rn3aUlUuqEBpGc3BvA,2024-11-28T03:31:52Z,,중립
버추얼 아이돌 인기가 이정도? '이세계 아이돌' 역대 펀딩 88억 돌파/ KNN,KNN NEWS,최상위 댓글,@Scribble_Muk,난 아직 모르겠다 ...,1,2024-11-29T01:24:44Z,0,UgyX4VCtbfxOqQe_Oqp4AaABAg,Av1zma6uJco,UCgNorj0fR5_y-2Mghf88_qQ,2024-11-29T01:24:44Z,,중립
버추얼 아이돌 인기가 이정도? '이세계 아이돌' 역대 펀딩 88억 돌파/ KNN,KNN NEWS,최상위 댓글,@showme8295,그건 그렇게 우왁굳즈 언능 나와라,0,2024-11-27T19:11:39Z,0,UgxGcC5NH9Ql6oVfm4J4AaABAg,Av1zma6uJco,UCQXsCaw19mtiT_L05V4pjxQ,2024-11-27T19:11:39Z,,중립
버추얼 아이돌 인기가 이정도? '이세계 아이돌' 역대 펀딩 88억 돌파/ KNN,KNN NEWS,최상위 댓글,@하피,ㄷ?,0,2024-11-27T22:36:29Z,0,Ugw3OPtgjyLwAyYwPoF4AaABAg,Av1zma6uJco,UC0ZZE9622yhQR9hDSpEDzuA,2024-11-27T22:36:29Z,,중립
버추얼 아이돌 인기가 이정도? '이세계 아이돌' 역대 펀딩 88억 돌파/ KNN,KNN NEWS,최상위 댓글,@김회중-m8j,야 역시 이세돌 최고다 킹애,0,2024-11-28T07:23:39Z,0,Ugw1UNt4cxg7Es1bER54AaABAg,Av1zma6uJco,UCvJcJFuO5zYX-mcOSR5jTDw,2024-11-28T07:23:39Z,,긍정
버추얼 아이돌 인기가 이정도? '이세계 아이돌' 역대 펀딩 88억 돌파/ KNN,KNN NEWS,최상위 댓글,@IsekaiTraveler이세계여행,씹덕은 돈이된다..,0,2024-11-28T03:54:39Z,0,UgxumnbFO8fh2gU2fud4AaABAg,Av1zma6uJco,UCOckz7EIjeRSxm6LvCQd5kQ,2024-11-28T03:54:39Z,,중립
버추얼 아이돌 인기가 이정도? '이세계 아이돌' 역대 펀딩 88억 돌파/ KNN,KNN NEWS,최상위 댓글,@funny_whale,이세돌이 최고다!!!!!,0,2024-11-30T11:19:46Z,0,UgzQ_tEmCMmz0S6neCh4AaABAg,Av1zma6uJco,UCIM2gw2ahCgz7P6rYdYpsIQ,2024-11-30T11:19:46Z,,긍정
버추얼 아이돌 인기가 이정도? '이세계 아이돌' 역대 펀딩 88억 돌파/ KNN,KNN NEWS,최상위 댓글,@ddatgi,아니 88억..?,0,2024-11-29T03:00:07Z,0,UgzWucqalYIrfov-Bsx4AaABAg,Av1zma6uJco,UCxvoydTKugv9ogS_S2EaJuw,2024-11-29T03:00:07Z,,중립
버추얼 아이돌 인기가 이정도? '이세계 아이돌' 역대 펀딩 88억 돌파/ KNN,KNN NEWS,최상위 댓글,@청템,충성도 ㅋㅋㅋㅋㅋㅋ,0,2024-11-28T09:44:29Z,0,UgyElzaCnHn_yqNW7dp4AaABAg,Av1zma6uJco,UCnmsXgydDRjrk_5Uupc3NlQ,2024-11-28T09:44:29Z,,중립
버추얼 아이돌 인기가 이정도? '이세계 아이돌' 역대 펀딩 88억 돌파/ KNN,KNN NEWS,최상위 댓글,@당토,진짜 이세돌 이파리를 무시하지마라,2,2024-11-30T01:47:09Z,1,UgwbesaAaeJYS0Lt6hh4AaABAg,Av1zma6uJco,UC161fLz9AJ0L4bQxchj-wCQ,2024-11-30T01:47:09Z,,중립
버추얼 아이돌 인기가 이정도? '이세계 아이돌' 역대 펀딩 88억 돌파/ KNN,KNN NEWS,대댓글,@hyunjun4095,모두 잠수 준비 네 드릉드릉 잘안들어오우 네 허버허버 오우 깊은저 한남속 갓치마을 드릉드릉스폰지밥 네모난얼굴에 광대얼굴 드릉드릉스폰지밥 식데도 보성이도 모두친구 허버허버스폰지밥 군적금과 희망이 보글보글 스폰지밥 다시는 이세돌을 무시하지마라😊 스폰지밥아 힘조!!!!!!! 힘빡쪼!!!!!,1,2024-11-30T05:53:56Z,0,UgwbesaAaeJYS0Lt6hh4AaABAg.ABS46v53zrQABSWMRFaA8a,Av1zma6uJco,UCjzmwRqsgvUllcVnM8oNHZw,2024-11-30T05:53:56Z,UgwbesaAaeJYS0Lt6hh4AaABAg,중립
버추얼 아이돌 인기가 이정도? '이세계 아이돌' 역대 펀딩 88억 돌파/ KNN,KNN NEWS,최상위 댓글,@JKN18SK,"어이 기자양반 애들이 돈이 어디 있어서 굿즈를 그만큼 사겠냐 ㅉㅉ 대부분의 성인들이 샀지
나 포함 😂😂😂😂😂
내년엔 한정판 키보드 2배로 풀어주시길 바래봅니다 😊 하필 오픈시간이 한창 일하고 있을때라 놓쳤거든요",0,2024-12-04T15:59:19Z,0,UgyI8p61e7oqrelxgI94AaABAg,Av1zma6uJco,UClL2Bh6sq4CJHlhrC9wuPYg,2024-12-04T16:01:17Z,,긍정
버추얼 아이돌 인기가 이정도? '이세계 아이돌' 역대 펀딩 88억 돌파/ KNN,KNN NEWS,최상위 댓글,@gp.huskystupid5698,이세돌 스텔 허니즈 가자 버튜버,0,2024-11-28T03:18:25Z,0,UgxX9g4r26JsN2sg2Ql4AaABAg,Av1zma6uJco,UC7Jp_c3hlugZSsE_nGsgNKA,2024-11-28T03:18:25Z,,중립
버추얼 아이돌 인기가 이정도? '이세계 아이돌' 역대 펀딩 88억 돌파/ KNN,KNN NEWS,최상위 댓글,@star48627,엄… 나도 샀는데…,0,2024-11-28T07:04:19Z,0,UgypzCuzElJ5TzQFXQR4AaABAg,Av1zma6uJco,UCNIV5K40cAIaoUCshn5SukQ,2024-11-28T07:04:19Z,,중립
버추얼 아이돌 인기가 이정도? '이세계 아이돌' 역대 펀딩 88억 돌파/ KNN,KNN NEWS,최상위 댓글,@김재호-q7e4q,102030세대랍니다.,0,2025-01-17T04:19:32Z,0,UgxGm76q-f0BwcK5Orx4AaABAg,Av1zma6uJco,UCOR9hqWYqvLBmlL9CWdVw9w,2025-01-17T04:19:32Z,,중립
버추얼 아이돌 인기가 이정도? '이세계 아이돌' 역대 펀딩 88억 돌파/ KNN,KNN NEWS,최상위 댓글,@Ouhuo,음~ 킹애 ㅋㅋㅋㅋㅋ,0,2024-12-02T14:33:18Z,0,UgzJHmUjWE-uV06zM_J4AaABAg,Av1zma6uJco,UCbO6t736qqB5v7-8lNqeZEA,2024-12-02T14:33:18Z,,중립
버추얼 아이돌 인기가 이정도? '이세계 아이돌' 역대 펀딩 88억 돌파/ KNN,KNN NEWS,최상위 댓글,@yyeo7774,형 이거 봣어?,0,2024-11-29T14:45:12Z,0,UgyAPnzUZYc4Odqof_F4AaABAg,Av1zma6uJco,UCkqJQPnzRkmDPdfeG8kPV5A,2024-11-29T14:45:12Z,,중립
버추얼 아이돌 인기가 이정도? '이세계 아이돌' 역대 펀딩 88억 돌파/ KNN,KNN NEWS,최상위 댓글,@pmhh2261,키보드 못 산게 한이다…,0,2024-11-27T19:55:22Z,0,UgySRtco-8nBN-VdK0x4AaABAg,Av1zma6uJco,UC2_J0Y44mlrtnP-Yh7r_7eg,2024-11-27T19:55:22Z,,중립
버추얼 아이돌 인기가 이정도? '이세계 아이돌' 역대 펀딩 88억 돌파/ KNN,KNN NEWS,최상위 댓글,@Sun_1116,역시 세돌이들 ❤ 킹 — 아 🤟🏻,0,2024-11-28T10:52:51Z,0,Ugy5Px1IdNPMJMq7t814AaABAg,Av1zma6uJco,UCkQyTZ-72zb4rroglG1b8WQ,2024-11-28T10:52:51Z,,중립
버추얼 아이돌 인기가 이정도? '이세계 아이돌' 역대 펀딩 88억 돌파/ KNN,KNN NEWS,최상위 댓글,@gariwara,바둑 이세돌인줄,0,2024-11-29T01:10:31Z,0,UgxBAK-4IrZOXaCi3iN4AaABAg,Av1zma6uJco,UCzHbIDzWxLZFaOKUfCConAQ,2024-11-29T01:10:31Z,,중립
버추얼 아이돌 인기가 이정도? '이세계 아이돌' 역대 펀딩 88억 돌파/ KNN,KNN NEWS,최상위 댓글,@kanglee1537,하지만 관련 사업 핍박하는 대한민국 게관위와 여가부,1,2024-11-28T05:31:22Z,0,UgxmV428O28yifY47Jh4AaABAg,Av1zma6uJco,UCDVj360INiXtIKkLwJnQ8MQ,2024-11-28T05:31:22Z,,중립
버추얼 아이돌 인기가 이정도? '이세계 아이돌' 역대 펀딩 88억 돌파/ KNN,KNN NEWS,최상위 댓글,@SKEPTICK1NG,우왁굳 그는 대체...,0,2024-11-28T02:24:53Z,0,UgzN8Nt6_NRI9rClx1d4AaABAg,Av1zma6uJco,UCwyk13XZztnzCF0uYflukYg,2024-11-28T02:24:53Z,,중립
버추얼 아이돌 인기가 이정도? '이세계 아이돌' 역대 펀딩 88억 돌파/ KNN,KNN NEWS,최상위 댓글,@viewer28,88억 ㅋㅋㅋㅋㅋㅋㅋ,0,2024-12-01T05:35:01Z,0,UgyyHkGqBj1mJGqp3k94AaABAg,Av1zma6uJco,UCNIHX8GirmkZ7taaXRaTKzw,2024-12-01T05:35:01Z,,중립
버추얼 아이돌 인기가 이정도? '이세계 아이돌' 역대 펀딩 88억 돌파/ KNN,KNN NEWS,최상위 댓글,@enene_s,음~~ 킹애~!!,0,2024-12-04T10:30:59Z,0,UgymNhzCiaOzq6q93wR4AaABAg,Av1zma6uJco,UC70-FYcZm9_SrDsnySzhEFQ,2024-12-04T10:30:59Z,,중립
버추얼 아이돌 인기가 이정도? '이세계 아이돌' 역대 펀딩 88억 돌파/ KNN,KNN NEWS,최상위 댓글,@핑크덤벨-h5s,노래는좋더라,0,2024-11-30T00:25:03Z,0,UgynotkNNIW-xa5VLrZ4AaABAg,Av1zma6uJco,UCaXHtxbB4MgCkCzxr6p6gkA,2024-11-30T00:25:03Z,,중립
버추얼 아이돌 인기가 이정도? '이세계 아이돌' 역대 펀딩 88억 돌파/ KNN,KNN NEWS,최상위 댓글,@apple_tree,릴파네~,0,2024-11-27T23:47:16Z,0,Ugzyo7ee4iEZQCxzhfh4AaABAg,Av1zma6uJco,UCwCfyaY5yp0hEW_t_EQHt0Q,2024-11-27T23:47:16Z,,중립
버추얼 아이돌 인기가 이정도? '이세계 아이돌' 역대 펀딩 88억 돌파/ KNN,KNN NEWS,최상위 댓글,@후유-h6t부계,이파리는 행복해,0,2024-11-27T23:36:44Z,0,UgwexSfi_MchkVKLgEB4AaABAg,Av1zma6uJco,UCEmeQ2A7BwDGnUXQm6eSKAQ,2024-11-27T23:36:44Z,,중립
버추얼 아이돌 인기가 이정도? '이세계 아이돌' 역대 펀딩 88억 돌파/ KNN,KNN NEWS,최상위 댓글,@Zagsjab8729,청년백수 200만명 시대 ㅋㅋㅋ,0,2024-11-29T09:26:24Z,0,UgzFx9-VCGvg8Ai3-Ql4AaABAg,Av1zma6uJco,UCTcbdM5TWTxArV5ceZT0d8w,2024-11-29T09:26:24Z,,중립
버추얼 아이돌 인기가 이정도? '이세계 아이돌' 역대 펀딩 88억 돌파/ KNN,KNN NEWS,최상위 댓글,@GSM-q5l,모두 잠수 준비!,2,2024-11-29T09:47:50Z,0,UgzWPW5faPfX-_1beFp4AaABAg,Av1zma6uJco,UCLNKFvMj6Ey9KMfPOMpgYYg,2024-11-29T09:47:50Z,,중립
버추얼 아이돌 인기가 이정도? '이세계 아이돌' 역대 펀딩 88억 돌파/ KNN,KNN NEWS,최상위 댓글,@한기남-n7x,이히힣히,0,2024-11-29T04:56:05Z,0,UgyhfAhiWRKapkWEoF94AaABAg,Av1zma6uJco,UCq4kU4DIC48sBAIlEEWKV_Q,2024-11-29T04:56:05Z,,중립
버추얼 아이돌 인기가 이정도? '이세계 아이돌' 역대 펀딩 88억 돌파/ KNN,KNN NEWS,최상위 댓글,@aweek507,형 이정도였어?,0,2024-11-28T02:57:17Z,0,UgxO97liz_hfpaX5C_t4AaABAg,Av1zma6uJco,UCEQQOQhqBNmVCsDch_PkV3w,2024-11-28T02:57:17Z,,중립
버추얼 아이돌 인기가 이정도? '이세계 아이돌' 역대 펀딩 88억 돌파/ KNN,KNN NEWS,최상위 댓글,@테리테리-f1t,너무 비싸서 피규어만 구입함 ㅋㅋ,0,2024-11-29T02:26:07Z,0,Ugx5WCz85y9qzVxAcEN4AaABAg,Av1zma6uJco,UC4OTEX_Cnw821WbjzyeFQPA,2024-11-29T02:26:07Z,,중립
버추얼 아이돌 인기가 이정도? '이세계 아이돌' 역대 펀딩 88억 돌파/ KNN,KNN NEWS,최상위 댓글,@kimuniform,기자님 혹시...,0,2024-12-01T07:48:17Z,0,Ugxjy98ka69LTmGCEKR4AaABAg,Av1zma6uJco,UCwWkNW_wFPdQ9fY1c8PvXKw,2024-12-01T07:48:17Z,,중립
버추얼 아이돌 인기가 이정도? '이세계 아이돌' 역대 펀딩 88억 돌파/ KNN,KNN NEWS,최상위 댓글,@김현성-z7u3y,세구 귀여워 ㅎㅎ,0,2024-11-30T03:23:10Z,0,UgyNvBcGVVN4EN582K94AaABAg,Av1zma6uJco,UCdBA7ThIYzpe_rjD0h19tJQ,2024-11-30T03:23:10Z,,중립
버추얼 아이돌 인기가 이정도? '이세계 아이돌' 역대 펀딩 88억 돌파/ KNN,KNN NEWS,최상위 댓글,@hyeenyee,과연 1020일까? 후후,0,2024-11-29T13:02:32Z,0,Ugwi0guT4mk-AwJEPTV4AaABAg,Av1zma6uJco,UCdIA4Ah1dmT_kyXVZ76jnmw,2024-11-29T13:02:32Z,,중립
버추얼 아이돌 인기가 이정도? '이세계 아이돌' 역대 펀딩 88억 돌파/ KNN,KNN NEWS,최상위 댓글,@user-zi6lu6hr7k,모두 잠수준비!!!!!!!!!,1,2024-11-29T07:27:26Z,0,Ugz3o9sPZJuOqj9c1Zd4AaABAg,Av1zma6uJco,UC_-tAT1y_28QlHcDMOogQvg,2024-11-29T07:27:26Z,,중립
버추얼 아이돌 인기가 이정도? '이세계 아이돌' 역대 펀딩 88억 돌파/ KNN,KNN NEWS,최상위 댓글,@francoinyourmind,헤이러들아 우린 잘 지내 신경 꺼 ㅋㅋ,0,2024-11-28T03:16:28Z,0,Ugwb2fQ0O-O1rk44Fel4AaABAg,Av1zma6uJco,UCcNPyLKJwvJgyySLGUdYMhw,2024-11-28T03:16:28Z,,중립
버추얼 아이돌 인기가 이정도? '이세계 아이돌' 역대 펀딩 88억 돌파/ KNN,KNN NEWS,최상위 댓글,@엘레노아-l9j,ㅗㅜㅑ,0,2024-11-28T01:11:24Z,0,UgzzBruSRBS_MksChId4AaABAg,Av1zma6uJco,UCfXjfMbQMlUiz6tBr_8_rRw,2024-11-28T01:11:24Z,,중립
버추얼 아이돌 인기가 이정도? '이세계 아이돌' 역대 펀딩 88억 돌파/ KNN,KNN NEWS,최상위 댓글,@헬조센,요즘 1020은 돈도많어ㅋㅋ 펀딩이 88억 ㅋㅋㅋㅋㅋ,0,2024-11-28T15:39:07Z,0,UgzLwyEQbbQJ3l4AyKV4AaABAg,Av1zma6uJco,UC0s_zfYyUBrMcGfz7zDuIow,2024-11-28T15:39:07Z,,중립
버추얼 아이돌 인기가 이정도? '이세계 아이돌' 역대 펀딩 88억 돌파/ KNN,KNN NEWS,최상위 댓글,@ACEETF-m5k,아 개부럽다 88억,0,2024-11-28T12:57:02Z,0,Ugz1W8FARBHuOTWFCe14AaABAg,Av1zma6uJco,UC4r6aRUnw810PMygNdK8gIQ,2024-11-28T12:57:02Z,,중립
버추얼 아이돌 인기가 이정도? '이세계 아이돌' 역대 펀딩 88억 돌파/ KNN,KNN NEWS,최상위 댓글,@onlyprincessinhere,키야..킹아❤,0,2024-11-28T08:06:23Z,0,UgxxBBVElxIuDI775yN4AaABAg,Av1zma6uJco,UCx2ZCCMrHbM1qExCDymblPA,2024-11-28T08:06:23Z,,중립
버추얼 아이돌 인기가 이정도? '이세계 아이돌' 역대 펀딩 88억 돌파/ KNN,KNN NEWS,최상위 댓글,@남한인-r1z,ㅗㅜㅑ,0,2024-11-29T09:46:46Z,0,UgxHsd6uvR0omEYNpZ14AaABAg,Av1zma6uJco,UCW2tH6Kv2njPO9wJ01QxOJA,2024-11-29T09:46:46Z,,중립
버추얼 아이돌 인기가 이정도? '이세계 아이돌' 역대 펀딩 88억 돌파/ KNN,KNN NEWS,최상위 댓글,@홍해야,왁굳형 유튜버가 되었구나,0,2024-11-28T02:36:24Z,0,Ugx3X2cxfchIgvRAXih4AaABAg,Av1zma6uJco,UCztu_dmKX5KMKgxVa1GCFpA,2024-11-28T02:36:24Z,,중립
버추얼 아이돌 인기가 이정도? '이세계 아이돌' 역대 펀딩 88억 돌파/ KNN,KNN NEWS,최상위 댓글,@NOAHIM,형이봤?,0,2024-11-28T00:52:04Z,0,UgxagzGvWH9-MvrfJox4AaABAg,Av1zma6uJco,UCZXhELTF3HVOnIrBbvWXRDQ,2024-11-28T00:52:04Z,,중립
버추얼 아이돌 인기가 이정도? '이세계 아이돌' 역대 펀딩 88억 돌파/ KNN,KNN NEWS,최상위 댓글,@SHUNoshi_0123,"일본은 홀로 라이브고 
한국은 이세계 아이돌인가 ㅋㅋㅋㅋ",1,2024-11-28T04:04:34Z,1,UgxEOGKt_5LEjUwFgd54AaABAg,Av1zma6uJco,UChRps-MH1x-ufYOZSoSUp5Q,2024-11-28T04:04:34Z,,중립
버추얼 아이돌 인기가 이정도? '이세계 아이돌' 역대 펀딩 88억 돌파/ KNN,KNN NEWS,대댓글,@cha.235,스텔라이브 이세계아이돌 플레이브 이렇게 대표 3그룹인듯?,0,2025-06-09T00:10:58Z,0,UgxEOGKt_5LEjUwFgd54AaABAg.ABNAFeIbeoMAJ7hwb1to2R,Av1zma6uJco,UCjGVyJR5beRPvCMdG3lTKaQ,2025-06-09T00:10:58Z,UgxEOGKt_5LEjUwFgd54AaABAg,중립
버추얼 아이돌 인기가 이정도? '이세계 아이돌' 역대 펀딩 88억 돌파/ KNN,KNN NEWS,최상위 댓글,@user-heon13,대황세돌💜💛🖤❤️💙💚,0,2024-12-13T23:47:58Z,0,Ugye89iRSwYrqVsRSNx4AaABAg,Av1zma6uJco,UCvRrkyLX0FmSvYmxKopvnbg,2024-12-13T23:47:58Z,,중립
버추얼 아이돌 인기가 이정도? '이세계 아이돌' 역대 펀딩 88억 돌파/ KNN,KNN NEWS,최상위 댓글,@user-zm5gq3fz6z,마세돌도 차세돌도 다 샀으면 잎추,0,2024-11-27T19:27:04Z,0,UgzGFz84xrJbg0XdEtF4AaABAg,Av1zma6uJco,UCjq60OTmZqf3-WqN-qruB1w,2024-11-27T19:27:04Z,,중립
버추얼 아이돌 인기가 이정도? '이세계 아이돌' 역대 펀딩 88억 돌파/ KNN,KNN NEWS,최상위 댓글,@clouds9855,그저 신 “오영택”,0,2024-11-28T05:14:51Z,0,UgwOof1OIJJnEeIXkrJ4AaABAg,Av1zma6uJco,UCBwmKArsxAEj9jRuREdZy5g,2024-11-28T05:14:51Z,,중립
버추얼 아이돌 인기가 이정도? '이세계 아이돌' 역대 펀딩 88억 돌파/ KNN,KNN NEWS,최상위 댓글,@kxxxg7154,씹덕은 돈이된다,0,2024-11-29T08:49:45Z,0,Ugy-d0GRAOhcxlc0HQB4AaABAg,Av1zma6uJco,UCF-FzUNK4J465dCjgRIY3Sw,2024-11-29T08:49:45Z,,중립
버추얼 아이돌 인기가 이정도? '이세계 아이돌' 역대 펀딩 88억 돌파/ KNN,KNN NEWS,최상위 댓글,@세균맨-t9d,예들아 품어,0,2024-11-28T02:31:03Z,0,UgxuB7kKfO00Pc50uft4AaABAg,Av1zma6uJco,UCqWlDnaPdPc7YBoE5_VYSmg,2024-11-28T02:31:03Z,,중립
버추얼 아이돌 인기가 이정도? '이세계 아이돌' 역대 펀딩 88억 돌파/ KNN,KNN NEWS,최상위 댓글,@jeonju2see755,어 얘들아 ㅋㅋㅋ 즐겨~,0,2024-11-28T01:55:22Z,0,Ugzv28Tl-rVr2ool9xp4AaABAg,Av1zma6uJco,UCkUbIl_gwwyBatSOOJpV9bw,2024-11-28T01:55:22Z,,중립
버추얼 아이돌 인기가 이정도? '이세계 아이돌' 역대 펀딩 88억 돌파/ KNN,KNN NEWS,최상위 댓글,@bo_ri7,왁굳형은 진짜 뭔생각이 들까,0,2024-11-30T22:52:51Z,0,UgygMco0wN3pMEfhPV94AaABAg,Av1zma6uJco,UC1dRchjoBVYa6HQCan7UzaQ,2024-11-30T22:52:51Z,,중립
버추얼 아이돌 인기가 이정도? '이세계 아이돌' 역대 펀딩 88억 돌파/ KNN,KNN NEWS,최상위 댓글,@먹어-g9c,부자들 많네,1,2024-11-29T11:21:41Z,0,UgwrHGyBA0b5GlKdIM14AaABAg,Av1zma6uJco,UCMKIxSAUTWsHvot-guEfj5g,2024-11-29T11:21:41Z,,중립
버추얼 아이돌 인기가 이정도? '이세계 아이돌' 역대 펀딩 88억 돌파/ KNN,KNN NEWS,최상위 댓글,@김건희-g4r,흠,0,2024-11-28T12:58:58Z,0,UgwaELrmhmxtsAl1Gux4AaABAg,Av1zma6uJco,UCRJucAq4UYWMtao5yxD7DJA,2024-11-28T12:58:58Z,,중립
버추얼 아이돌 인기가 이정도? '이세계 아이돌' 역대 펀딩 88억 돌파/ KNN,KNN NEWS,최상위 댓글,@빠르-x5b,요아정 사먹을만해,1,2024-11-28T14:06:33Z,0,UgxBkniwBK4NoMusKTV4AaABAg,Av1zma6uJco,UCAz_lD1ZubH6wC7VI_3kqhg,2024-11-28T14:06:33Z,,중립
버추얼 아이돌 인기가 이정도? '이세계 아이돌' 역대 펀딩 88억 돌파/ KNN,KNN NEWS,최상위 댓글,@이마이마트,10대 20대: d인기폭발이요??,1,2024-11-28T02:46:07Z,0,UgwwX6U5BzENGChUeyF4AaABAg,Av1zma6uJco,UCAiZJQQxMGZ_yFx5q9fhG7Q,2024-11-28T02:46:07Z,,중립
버추얼 아이돌 인기가 이정도? '이세계 아이돌' 역대 펀딩 88억 돌파/ KNN,KNN NEWS,최상위 댓글,@한숭숭-s5q,사실 너무 재밌어요 💕 파이팅!,0,2024-12-15T23:07:09Z,0,Ugw8YQzChGN-PGUrvB54AaABAg,Av1zma6uJco,UCppGSqsciLsvQrx93yzi7Bw,2024-12-15T23:07:09Z,,긍정
버추얼 아이돌 인기가 이정도? '이세계 아이돌' 역대 펀딩 88억 돌파/ KNN,KNN NEWS,최상위 댓글,@TrinSevenZ,88억ㅋㅋㅋ,0,2024-12-05T04:58:34Z,0,Ugy8P_QlWkkxxgWmfr94AaABAg,Av1zma6uJco,UC7ieB-9itExRtdlQGUSGBFA,2024-12-05T04:58:34Z,,중립
버추얼 아이돌 인기가 이정도? '이세계 아이돌' 역대 펀딩 88억 돌파/ KNN,KNN NEWS,최상위 댓글,@정은수-e7u,"돈은 3040이 썼을텐데..따흐흑..
그래도 킹아",0,2024-11-28T06:32:12Z,0,UgxVwbioBis4Xw5qpUp4AaABAg,Av1zma6uJco,UCCEqBpCr-ZfRDHL3i3jwnQQ,2024-11-28T06:32:12Z,,중립
버추얼 아이돌 인기가 이정도? '이세계 아이돌' 역대 펀딩 88억 돌파/ KNN,KNN NEWS,최상위 댓글,@ARTb_ook,4집은 뭘까아…..,0,2024-11-29T14:50:59Z,0,Ugyl_bg6TQClVqSSNeN4AaABAg,Av1zma6uJco,UCLomDLp7ZQILh2h062WYDkw,2024-11-29T14:50:59Z,,중립
버추얼 아이돌 인기가 이정도? '이세계 아이돌' 역대 펀딩 88억 돌파/ KNN,KNN NEWS,최상위 댓글,@GODDeco,88억,0,2024-11-30T10:27:20Z,0,UgwV0x_lHtpZVMNaNzd4AaABAg,Av1zma6uJco,UCcRCOcew06Ruc_BbG-fzCEw,2024-11-30T10:27:20Z,,중립
버추얼 아이돌 인기가 이정도? '이세계 아이돌' 역대 펀딩 88억 돌파/ KNN,KNN NEWS,최상위 댓글,@sparrow_winter,"피규어, 키캡 세트랑 키보드 삼",0,2024-11-30T02:15:11Z,0,UgyWZ3aapVsXFOxZ5-54AaABAg,Av1zma6uJco,UCf9MRyNkmRwO9ixTKD3St6Q,2024-11-30T02:15:11Z,,중립
버추얼 아이돌 인기가 이정도? '이세계 아이돌' 역대 펀딩 88억 돌파/ KNN,KNN NEWS,최상위 댓글,@서정현-y8z,이제 4집만 나오면 된다,0,2024-11-28T01:27:20Z,0,UgyJt0Uty7FIOiNpG3t4AaABAg,Av1zma6uJco,UCvkt9MY2Rl1K4Gr75s15EWw,2024-11-28T01:27:20Z,,중립
버추얼 아이돌 인기가 이정도? '이세계 아이돌' 역대 펀딩 88억 돌파/ KNN,KNN NEWS,최상위 댓글,@고광열-e5e,3040도 많은데,1,2024-11-28T19:26:54Z,0,UgzMDX_cRh1wdBt8fbh4AaABAg,Av1zma6uJco,UCUHzs9uQRRiTMj6k746ZPsQ,2024-11-28T19:26:54Z,,중립
버추얼 아이돌 인기가 이정도? '이세계 아이돌' 역대 펀딩 88억 돌파/ KNN,KNN NEWS,최상위 댓글,@녹차-r9nd5,근하하하하,0,2024-11-28T02:20:18Z,0,Ugw5Hl9M8rHzmNxG3lt4AaABAg,Av1zma6uJco,UCdl3pRs9F_07SnRJz9uRMnw,2024-11-28T02:20:18Z,,중립
버추얼 아이돌 인기가 이정도? '이세계 아이돌' 역대 펀딩 88억 돌파/ KNN,KNN NEWS,최상위 댓글,@KOGASON_KR,추종자상품 좋습니다,0,2024-11-30T18:28:27Z,0,Ugy7x9RWcQWWHfXvGJF4AaABAg,Av1zma6uJco,UCAahobf2wT0jZo2G58VZ7lQ,2024-11-30T18:28:27Z,,중립
버추얼 아이돌 인기가 이정도? '이세계 아이돌' 역대 펀딩 88억 돌파/ KNN,KNN NEWS,최상위 댓글,@User-rimlover,제가 30만원 보탰습니다,0,2024-11-28T04:24:53Z,0,UgzxbwphD6J6d0YHfFh4AaABAg,Av1zma6uJco,UCVpT5YExRoT-0xJEKndQ3Lg,2024-11-28T04:24:53Z,,중립
버추얼 아이돌 인기가 이정도? '이세계 아이돌' 역대 펀딩 88억 돌파/ KNN,KNN NEWS,최상위 댓글,@ringo_Tokyojihen,구매력있는 30대는 왜빼냐ㅠㅠ,0,2024-11-28T03:53:48Z,0,Ugymf6YxsEDacs9W3gJ4AaABAg,Av1zma6uJco,UCXQyIRw8aMTor25gbiIoutA,2024-11-28T03:53:48Z,,중립
버추얼 아이돌 인기가 이정도? '이세계 아이돌' 역대 펀딩 88억 돌파/ KNN,KNN NEWS,최상위 댓글,@이태호-d3r,30도 좋아하는 데요,0,2024-11-28T03:03:35Z,0,UgyVN92SNFtKcpXsgaR4AaABAg,Av1zma6uJco,UCMTdFb_A8U4bK1vxd2XWbtA,2024-11-28T03:03:35Z,,긍정
버추얼 아이돌 인기가 이정도? '이세계 아이돌' 역대 펀딩 88억 돌파/ KNN,KNN NEWS,최상위 댓글,@박동민-d6p,와꾿텽 사랑해,0,2024-12-05T12:34:10Z,0,UgyjZ4SW8pwj48EJ6P14AaABAg,Av1zma6uJco,UCN1EEycIPNYVkGqC7jLgb6w,2024-12-05T12:34:10Z,,긍정
버추얼 아이돌 인기가 이정도? '이세계 아이돌' 역대 펀딩 88억 돌파/ KNN,KNN NEWS,최상위 댓글,@아이리미쿠,1020X 2030,0,2024-11-29T00:18:38Z,0,UgyR1xtYjwV1Amp38V94AaABAg,Av1zma6uJco,UCtwfdAO3Wv5ExXWyAQhsVoA,2024-11-29T00:18:38Z,,중립
버추얼 아이돌 인기가 이정도? '이세계 아이돌' 역대 펀딩 88억 돌파/ KNN,KNN NEWS,최상위 댓글,@ngba4553,산나비 14억원 이후로 충격적인 금액,0,2024-11-28T00:57:24Z,0,Ugxub0lojskODtw46WN4AaABAg,Av1zma6uJco,UCR8FO_FXoiJeZK-iqYLrspw,2024-11-28T00:57:24Z,,중립
버추얼 아이돌 인기가 이정도? '이세계 아이돌' 역대 펀딩 88억 돌파/ KNN,KNN NEWS,최상위 댓글,@MossTheGolden,히히 뉴스 떴다,0,2024-11-28T02:27:39Z,0,UgwVZMimeEXHCeBABBZ4AaABAg,Av1zma6uJco,UCRoEocrKquPfteX_wAuslGQ,2024-11-28T02:27:39Z,,중립
버추얼 아이돌 인기가 이정도? '이세계 아이돌' 역대 펀딩 88억 돌파/ KNN,KNN NEWS,최상위 댓글,@진영-m6q,그 바둑 잘두는?,0,2024-11-28T02:29:46Z,0,Ugx3MnKL_lOj4kigbaZ4AaABAg,Av1zma6uJco,UCVIugKN62ntbAjHQnoqBciQ,2024-11-28T02:29:46Z,,중립
버추얼 아이돌 인기가 이정도? '이세계 아이돌' 역대 펀딩 88억 돌파/ KNN,KNN NEWS,최상위 댓글,@매복사랑니4회발치,음지에서 놀자,2,2024-11-29T00:45:46Z,0,Ugz6y7df1qAITscSAHl4AaABAg,Av1zma6uJco,UCZCjgFCG5upoblIj5v40n9A,2024-11-29T00:45:46Z,,중립
버추얼 아이돌 인기가 이정도? '이세계 아이돌' 역대 펀딩 88억 돌파/ KNN,KNN NEWS,최상위 댓글,@므슈,"44,000%?",0,2024-11-30T13:49:06Z,0,UgwumgAeFF2Quf9HtFB4AaABAg,Av1zma6uJco,UCwtEJo6VhezWlITAqf8kfzw,2024-11-30T13:49:06Z,,중립
버추얼 아이돌 인기가 이정도? '이세계 아이돌' 역대 펀딩 88억 돌파/ KNN,KNN NEWS,최상위 댓글,@xlxlxlxlxlxlxl,그니까 이게 불편하면 그냥 지나가는게 나음 반박하고 따지는순간 알림소리 쉴 틈도 없이 올걸. 어느 팬덤을 건드리던 그러겠지만 팬치쪽은 특히... 그럼,0,2024-11-28T17:34:14Z,1,UgyU797X6aTV7Iy-nnZ4AaABAg,Av1zma6uJco,UC0hP-6-UbHhWi-AFKpWMN9Q,2024-11-28T17:34:14Z,,중립
버추얼 아이돌 인기가 이정도? '이세계 아이돌' 역대 펀딩 88억 돌파/ KNN,KNN NEWS,대댓글,@흥분의도가니-n9j,"우리 팬덤은 병먹금이란 단어가 창조되었고, 그걸 넘은자에게 경찰이란 불명예스러운 이명을 붙혀두기도 한다.",0,2024-11-28T17:42:27Z,0,UgyU797X6aTV7Iy-nnZ4AaABAg.ABObuqmrtBaABOcqygGkiY,Av1zma6uJco,UC7UujFsIK0AEfWDnRMM0dLw,2024-11-28T17:42:27Z,UgyU797X6aTV7Iy-nnZ4AaABAg,중립
버추얼 아이돌 인기가 이정도? '이세계 아이돌' 역대 펀딩 88억 돌파/ KNN,KNN NEWS,최상위 댓글,@y_RIKO,킹아 티비👍,0,2024-11-30T14:25:10Z,0,UgxJhVt9_VZKx8wMLT54AaABAg,Av1zma6uJco,UCO66PlXY-aZIaD6XvF5jocg,2024-11-30T14:25:10Z,,중립
버추얼 아이돌 인기가 이정도? '이세계 아이돌' 역대 펀딩 88억 돌파/ KNN,KNN NEWS,최상위 댓글,@식혜뽕잎차9030,세돌이 화이팅💜💛🖤❤️💙💚,0,2024-12-19T01:19:31Z,0,UgzcPjI30L-8CDnHrGZ4AaABAg,Av1zma6uJco,UCrdN7uDDAUoqOspCJUOOhzA,2024-12-19T01:19:31Z,,중립
버추얼 아이돌 인기가 이정도? '이세계 아이돌' 역대 펀딩 88억 돌파/ KNN,KNN NEWS,최상위 댓글,@hanukim3096,나왔네?,0,2024-11-27T21:20:17Z,0,Ugzl6OOb63s4Ypez2tt4AaABAg,Av1zma6uJco,UCiGF7rI4BAHTnQTX68ZCc4w,2024-11-27T21:20:17Z,,중립
버추얼 아이돌 인기가 이정도? '이세계 아이돌' 역대 펀딩 88억 돌파/ KNN,KNN NEWS,최상위 댓글,@sneekeebeats,이딴걸 왜 보냐,1,2024-11-28T01:31:07Z,0,UgzAPUpxCl4kPjYHFwF4AaABAg,Av1zma6uJco,UCriT7HZfA-mCWvWRgxRBJLg,2024-11-28T01:31:07Z,,중립
버추얼 아이돌 인기가 이정도? '이세계 아이돌' 역대 펀딩 88억 돌파/ KNN,KNN NEWS,최상위 댓글,@박채진-d7v,마마에 이세돌 안나와서 솔직히 서운했다..,0,2024-12-04T10:21:50Z,0,UgwC8mak1sKUTmktfc14AaABAg,Av1zma6uJco,UCDq8azumrin8L-1y8D_aKzA,2024-12-04T10:21:50Z,,중립
버추얼 아이돌 인기가 이정도? '이세계 아이돌' 역대 펀딩 88억 돌파/ KNN,KNN NEWS,최상위 댓글,@동딕이,이해가 안된다 ㅋㅋ 진짜 오타쿠들이 좋아하는건가 버추얼은,0,2024-11-28T22:46:37Z,0,UgxcG4_ruf_NY6XWWCd4AaABAg,Av1zma6uJco,UCoxSlV1TNWQ-siqK19bmBoA,2024-11-28T22:46:37Z,,긍정
버추얼 아이돌 인기가 이정도? '이세계 아이돌' 역대 펀딩 88억 돌파/ KNN,KNN NEWS,최상위 댓글,@헬조센,동덕은 54억도 못내는데 1020이 88억ㅋㅋㅋㅋㅋ,0,2024-11-28T16:07:38Z,0,Ugw2tr1R26THJprL9H54AaABAg,Av1zma6uJco,UC0s_zfYyUBrMcGfz7zDuIow,2024-11-28T16:07:38Z,,중립
버추얼 아이돌 인기가 이정도? '이세계 아이돌' 역대 펀딩 88억 돌파/ KNN,KNN NEWS,최상위 댓글,@나는_누구,이미 샀지롱 ㅋㅋ,1,2024-11-28T07:48:14Z,0,Ugzjg-9EwcN09w_RITl4AaABAg,Av1zma6uJco,UCOTfTz8WBFnNQgfEa96sKeA,2024-11-28T07:48:14Z,,중립
버추얼 아이돌 인기가 이정도? '이세계 아이돌' 역대 펀딩 88억 돌파/ KNN,KNN NEWS,최상위 댓글,@I-o-o-I,음.. 아,1,2024-11-27T22:37:49Z,0,UgyaVR9vJfcQdHPJLOV4AaABAg,Av1zma6uJco,UC6hEypOAnXxLNw2mG1z_uuw,2024-11-27T22:37:49Z,,중립
버추얼 아이돌 인기가 이정도? '이세계 아이돌' 역대 펀딩 88억 돌파/ KNN,KNN NEWS,최상위 댓글,@RikuAn,이게 우리야,1,2024-11-29T15:44:43Z,1,UgwbVGRBFQyKFmzvpsl4AaABAg,Av1zma6uJco,UCiyQi7L7RXs7_WPKm9R-WsQ,2024-11-29T15:44:43Z,,중립
버추얼 아이돌 인기가 이정도? '이세계 아이돌' 역대 펀딩 88억 돌파/ KNN,KNN NEWS,대댓글,@hyunjun4095,모두 잠수 준비 네 드릉드릉 잘안들어오우 네 허버허버 오우 깊은저 한남속 갓치마을 드릉드릉스폰지밥 네모난얼굴에 광대얼굴 드릉드릉스폰지밥 식데도 보성이도 모두친구 허버허버스폰지밥 군적금과 희망이 보글보글 스폰지밥 다시는 이세돌을 무시하지마라😊 스폰지밥아 힘조!!!!!!! 힘빡쪼!!!!!,2,2024-11-29T17:53:00Z,0,UgwbVGRBFQyKFmzvpsl4AaABAg.ABR-AZsiETXABRDr6PCgzE,Av1zma6uJco,UCjzmwRqsgvUllcVnM8oNHZw,2024-11-29T17:53:00Z,UgwbVGRBFQyKFmzvpsl4AaABAg,중립
버추얼 아이돌 인기가 이정도? '이세계 아이돌' 역대 펀딩 88억 돌파/ KNN,KNN NEWS,최상위 댓글,@animatok2524,홀로는 1000억 규모인데 ㅋㅋ,0,2024-11-30T15:20:06Z,0,Ugw56-w4x9s6AzdFcmt4AaABAg,Av1zma6uJco,UC-ri4V7Pm9w9j_eIdTbM-4A,2024-11-30T15:20:06Z,,중립
버추얼 아이돌 인기가 이정도? '이세계 아이돌' 역대 펀딩 88억 돌파/ KNN,KNN NEWS,최상위 댓글,@대토-y4y,? 88억이요?,1,2024-11-28T06:37:52Z,0,Ugw99v5FoSvec0uwy754AaABAg,Av1zma6uJco,UCuF52h-yIcmAULa0bqiqAmg,2024-11-28T06:37:52Z,,중립
버추얼 아이돌 인기가 이정도? '이세계 아이돌' 역대 펀딩 88억 돌파/ KNN,KNN NEWS,최상위 댓글,@hjc127,대 세 돌,1,2024-11-27T23:49:56Z,0,UgxjhJN5F1OlHROXT8p4AaABAg,Av1zma6uJco,UCC4uptbUQMcwnXsqnBgs3UQ,2024-11-27T23:49:56Z,,중립
버추얼 아이돌 인기가 이정도? '이세계 아이돌' 역대 펀딩 88억 돌파/ KNN,KNN NEWS,최상위 댓글,@미워하지말고,인방보는사람들은 이제 모두 이세돌 알지. 넘쳐나는 버츄얼에서 1황이잖어,1,2024-11-28T00:33:10Z,1,Ugzpg0Q3gb8ihruD6Cl4AaABAg,Av1zma6uJco,UC7_Nf-2dIaGjYDpqvjqML3w,2024-11-28T00:33:10Z,,중립
버추얼 아이돌 인기가 이정도? '이세계 아이돌' 역대 펀딩 88억 돌파/ KNN,KNN NEWS,대댓글,@oysterhole,한국 버튜버 1황이 페미라니 쪽팔리네.....,0,2024-11-28T00:56:23Z,0,Ugzpg0Q3gb8ihruD6Cl4AaABAg.ABMn3B9EbaLABMpiK3n3MN,Av1zma6uJco,UC82mFbAgX8mHp5mrzEPkQbw,2024-11-28T00:56:36Z,Ugzpg0Q3gb8ihruD6Cl4AaABAg,중립
버추얼 아이돌 인기가 이정도? '이세계 아이돌' 역대 펀딩 88억 돌파/ KNN,KNN NEWS,최상위 댓글,@whaqldl4197,"목표금액의 44000% 이상....
목표금액이 1억 정도였으면 어마어마했겠네...",1,2024-12-29T00:25:27Z,1,UgxZbGNxf5kybv6b--d4AaABAg,Av1zma6uJco,UC6sxPdzkaoxNQZRZy9ea6OA,2024-12-29T00:25:27Z,,중립
버추얼 아이돌 인기가 이정도? '이세계 아이돌' 역대 펀딩 88억 돌파/ KNN,KNN NEWS,대댓글,@코딩노예,이게 목표금액이라는게 굳즈를 제작할 수 있는 최소금액이라 비교적 소액이 되더리고요.,0,2025-01-03T03:32:54Z,0,UgxZbGNxf5kybv6b--d4AaABAg.ACbaorcfjrSACooFDzoFyE,Av1zma6uJco,UChUkQ1SVjSsNiRxj_Zm9MEQ,2025-01-03T03:32:54Z,UgxZbGNxf5kybv6b--d4AaABAg,중립
버추얼 아이돌 인기가 이정도? '이세계 아이돌' 역대 펀딩 88억 돌파/ KNN,KNN NEWS,최상위 댓글,@leehyun3406,형...뉴스 탓어..,0,2024-11-28T07:55:01Z,0,Ugy9OD_TfukDrzbsW-N4AaABAg,Av1zma6uJco,UCr4YiHSZjnuJ3X-vCptrGuA,2024-11-28T07:55:01Z,,중립
버추얼 아이돌 인기가 이정도? '이세계 아이돌' 역대 펀딩 88억 돌파/ KNN,KNN NEWS,최상위 댓글,@Uening1101,"솔직히 대부분의 아이돌들보다 예쁘지, 헛짓거리해도 모르지, 노래 좋지 ㅋㅋ 걍 이세돌이 압승임",1,2024-11-28T07:06:38Z,0,UgwONiT89HIC5HeOh7R4AaABAg,Av1zma6uJco,UCBb9MV54mCtIUzpcdfJughw,2024-11-28T07:06:38Z,,중립
버추얼 아이돌 인기가 이정도? '이세계 아이돌' 역대 펀딩 88억 돌파/ KNN,KNN NEWS,최상위 댓글,@진보는보수의목줄,랄로가 잃어버린 돈 보다 많네 ㅎㄷㄷ,0,2024-11-28T02:22:17Z,0,Ugxf7wOZ0dUkC-ZCVKd4AaABAg,Av1zma6uJco,UCbQN3ubIrKnYHuc0Z62KbAQ,2024-11-28T02:22:17Z,,중립
버추얼 아이돌 인기가 이정도? '이세계 아이돌' 역대 펀딩 88억 돌파/ KNN,KNN NEWS,최상위 댓글,@CORZAHORIZON,나는 30대 인데 흡...,0,2024-11-28T01:12:09Z,0,UgxqDAz_rKYM8c5YLPB4AaABAg,Av1zma6uJco,UCVLPojPuNdsy5kIyapbD9yA,2024-11-28T01:12:09Z,,중립
버추얼 아이돌 인기가 이정도? '이세계 아이돌' 역대 펀딩 88억 돌파/ KNN,KNN NEWS,최상위 댓글,@헬조센,이제  해외진출 해아겠지?,0,2024-11-28T16:12:02Z,0,UgyvBmt0kPGAGw6IU354AaABAg,Av1zma6uJco,UC0s_zfYyUBrMcGfz7zDuIow,2024-11-28T16:12:02Z,,중립
버추얼 아이돌 인기가 이정도? '이세계 아이돌' 역대 펀딩 88억 돌파/ KNN,KNN NEWS,최상위 댓글,@세레나-w5r,30세대는 왜 뺴냐?????????????? ㅠㅠ,0,2024-11-28T14:19:37Z,0,UgymU6AODcbMCRzxtvB4AaABAg,Av1zma6uJco,UCMfpOvW7LoiTE-dcmeGVU2Q,2024-11-28T14:19:37Z,,중립
버추얼 아이돌 인기가 이정도? '이세계 아이돌' 역대 펀딩 88억 돌파/ KNN,KNN NEWS,최상위 댓글,@BrandoDio-u1e,사실 심영이가. 이~세돌 팬클럽 회장입니다!,0,2024-11-28T01:22:13Z,0,UgzJCvCHZNM0Of88LBF4AaABAg,Av1zma6uJco,UCisGTbtZk35odCZ4IIgQq2w,2024-11-28T01:22:13Z,,중립
버추얼 아이돌 인기가 이정도? '이세계 아이돌' 역대 펀딩 88억 돌파/ KNN,KNN NEWS,최상위 댓글,@이현화-o4f,레젠드,0,2024-11-27T18:12:34Z,0,UgyS_ICtuqaawdmoVi94AaABAg,Av1zma6uJco,UCguHfPLd9mfUVgZ6jkcRJfQ,2024-11-27T18:12:34Z,,중립
버추얼 아이돌 인기가 이정도? '이세계 아이돌' 역대 펀딩 88억 돌파/ KNN,KNN NEWS,최상위 댓글,@w2k-o9k,88억원은 좀 지리네 ㅋㅋㅋ,1,2025-12-27T18:38:56Z,0,UgyjLZnZGbjj0CdKctN4AaABAg,Av1zma6uJco,UCXdjhZ9C9ZQyx3Z-ItkrowQ,2025-12-27T18:38:56Z,,중립
버추얼 아이돌 인기가 이정도? '이세계 아이돌' 역대 펀딩 88억 돌파/ KNN,KNN NEWS,최상위 댓글,@새대갈-j1k,키보드 못산 사람 없지? ㅎㅎ,1,2024-11-28T03:41:33Z,0,Ugxx2SL6Pw5yJkp61wd4AaABAg,Av1zma6uJco,UC_0E2yACRJ2e1ploKXLi2mQ,2024-11-28T03:41:33Z,,중립
버추얼 아이돌 인기가 이정도? '이세계 아이돌' 역대 펀딩 88억 돌파/ KNN,KNN NEWS,최상위 댓글,@driveismylife6378,우왁굳... 그리고 팬치들....,0,2024-11-27T21:54:55Z,0,UgzgzrjRSNGxwnlGwpN4AaABAg,Av1zma6uJco,UCP64pFBTiEhpJHRYpeISz5g,2024-11-27T21:54:55Z,,중립
버추얼 아이돌 인기가 이정도? '이세계 아이돌' 역대 펀딩 88억 돌파/ KNN,KNN NEWS,최상위 댓글,@Kxdekxde,디지털들,1,2024-11-29T20:16:30Z,0,Ugyct0CXM0wl4e1aNPN4AaABAg,Av1zma6uJco,UCzPPR49uaEJLI-0WJ8Gcurw,2024-11-29T20:16:30Z,,중립
버추얼 아이돌 인기가 이정도? '이세계 아이돌' 역대 펀딩 88억 돌파/ KNN,KNN NEWS,최상위 댓글,@delicious_612,젠장 또 우왁굳이야,0,2024-11-28T06:41:59Z,0,UgxscNvoO9oOgW43vW94AaABAg,Av1zma6uJco,UCySOwX_JLJiFbesa-XRyGig,2024-11-28T06:41:59Z,,중립
버추얼 아이돌 인기가 이정도? '이세계 아이돌' 역대 펀딩 88억 돌파/ KNN,KNN NEWS,최상위 댓글,@zongulchai,우왁굳 😮😮😮😮,0,2024-11-28T02:37:21Z,0,UgwTWssrEanye6q6ZgB4AaABAg,Av1zma6uJco,UCMlE2FZXxYYkwrlc2rDR1nA,2024-11-28T02:37:21Z,,중립
버추얼 아이돌 인기가 이정도? '이세계 아이돌' 역대 펀딩 88억 돌파/ KNN,KNN NEWS,최상위 댓글,@Geunsungping,썸네일 대체 뭘 가져온걸까,2,2024-11-28T03:22:35Z,2,UgxLzAx7RQje-oZ5OQx4AaABAg,Av1zma6uJco,UCrwyA2jUpqdhofDpH6KNXeg,2024-11-28T03:22:35Z,,중립
버추얼 아이돌 인기가 이정도? '이세계 아이돌' 역대 펀딩 88억 돌파/ KNN,KNN NEWS,대댓글,@막한다_막한다,예전에 탈락된 앨범 커버라고 알고 있음 아님 말고,0,2024-11-28T06:26:44Z,0,UgxLzAx7RQje-oZ5OQx4AaABAg.ABN5S51ei-bABNQWqBRCHc,Av1zma6uJco,UCjqy1SrBvz9rXsteMFUE2_g,2024-11-28T06:26:44Z,UgxLzAx7RQje-oZ5OQx4AaABAg,중립
버추얼 아이돌 인기가 이정도? '이세계 아이돌' 역대 펀딩 88억 돌파/ KNN,KNN NEWS,대댓글,@Saaaaaanssssss,​@막한다_막한다5집으로 쓰인건데 그냥 ai딸까임,0,2024-11-29T14:34:26Z,0,UgxLzAx7RQje-oZ5OQx4AaABAg.ABN5S51ei-bABQs7o6g4jT,Av1zma6uJco,UCKDxCz3waERpauEloGeawnA,2024-11-29T14:34:26Z,UgxLzAx7RQje-oZ5OQx4AaABAg,중립
버추얼 아이돌 인기가 이정도? '이세계 아이돌' 역대 펀딩 88억 돌파/ KNN,KNN NEWS,최상위 댓글,@habanki,ㅁㄷ ㅈㅅㅈㅂ,0,2024-11-29T07:58:44Z,0,UgzQ-33n0Y_yA31sxUN4AaABAg,Av1zma6uJco,UCbE54H32gbHOi7t3mJBfegg,2024-11-29T07:58:44Z,,중립
버추얼 아이돌 인기가 이정도? '이세계 아이돌' 역대 펀딩 88억 돌파/ KNN,KNN NEWS,최상위 댓글,@smurf5458,이게 뉴스로 나오니까 기분이 왜이렇게 이상하지… 킹아…,1,2024-11-27T21:09:11Z,0,Ugwi_g3nLbwQXPEoY4V4AaABAg,Av1zma6uJco,UCH1HA0Ht3zsqbGVDJe4QEvw,2024-11-27T21:09:11Z,,중립
버추얼 아이돌 인기가 이정도? '이세계 아이돌' 역대 펀딩 88억 돌파/ KNN,KNN NEWS,최상위 댓글,@Vjaksfff,현실이 많이 힘든가 세상이 미쳐돌아가네 ㅋㅋ😊,1,2024-11-30T13:41:55Z,1,UgzIwwt8R9siPixfdL94AaABAg,Av1zma6uJco,UCBnCWHFRDJPpghgz30rUiyg,2024-11-30T13:42:23Z,,중립
버추얼 아이돌 인기가 이정도? '이세계 아이돌' 역대 펀딩 88억 돌파/ KNN,KNN NEWS,대댓글,@민2-q4m,같이 미쳐볼래요? 정말 재미있어요!,0,2024-12-01T13:26:18Z,0,UgzIwwt8R9siPixfdL94AaABAg.ABTLv2VnqUWABVtvVcA_l8,Av1zma6uJco,UCAVVsWkBQ6fSA7RhNeW0CwA,2024-12-01T13:26:18Z,UgzIwwt8R9siPixfdL94AaABAg,중립
버추얼 아이돌 인기가 이정도? '이세계 아이돌' 역대 펀딩 88억 돌파/ KNN,KNN NEWS,최상위 댓글,@김정훈-v5s2j,왁굳형도 펀딩하면 100억나옴,0,2024-11-28T05:41:17Z,0,Ugx6rg_uuTUhCVd6Q9R4AaABAg,Av1zma6uJco,UCWxybcxXB8-K_t-mqpZuhxQ,2024-11-28T05:41:26Z,,중립
버추얼 아이돌 인기가 이정도? '이세계 아이돌' 역대 펀딩 88억 돌파/ KNN,KNN NEWS,최상위 댓글,@slqisjwkqk1029,일반 연예인 보다 잘 벌면 개추,0,2024-11-28T05:07:18Z,0,UgzQ1-iDYNH7zfKpzDV4AaABAg,Av1zma6uJco,UCFBC-Z3WuXEUv4CACszQ_FQ,2024-11-28T05:07:18Z,,중립
버추얼 아이돌 인기가 이정도? '이세계 아이돌' 역대 펀딩 88억 돌파/ KNN,KNN NEWS,최상위 댓글,@리듬댕죽,키보드 더 내달라.... 제발...,0,2024-11-29T05:28:34Z,1,UgwucUxkHUksuvBDokB4AaABAg,Av1zma6uJco,UCpltNQG6_xdcj6fY8d8Fyxw,2024-11-29T05:28:34Z,,중립
버추얼 아이돌 인기가 이정도? '이세계 아이돌' 역대 펀딩 88억 돌파/ KNN,KNN NEWS,대댓글,@hyunjun4095,모두 잠수 준비 네 드릉드릉 잘안들어오우 네 허버허버 오우 깊은저 한남속 갓치마을 드릉드릉스폰지밥 네모난얼굴에 광대얼굴 드릉드릉스폰지밥 식데도 보성이도 모두친구 허버허버스폰지밥 군적금과 희망이 보글보글 스폰지밥 다시는 이세돌을 무시하지마라😊 스폰지밥아 힘조!!!!!!! 힘빡쪼!!!!!,1,2024-11-29T05:38:46Z,0,UgwucUxkHUksuvBDokB4AaABAg.ABPtegEZ4HVABPupN4TG1a,Av1zma6uJco,UCjzmwRqsgvUllcVnM8oNHZw,2024-11-29T05:38:46Z,UgwucUxkHUksuvBDokB4AaABAg,중립
버추얼 아이돌 인기가 이정도? '이세계 아이돌' 역대 펀딩 88억 돌파/ KNN,KNN NEWS,최상위 댓글,@Leuco94,"펀딩 모금액 1, 2위가 차세돌, 마세돌 88억, 41억인데
3위가 20몇억인 걸로 알고있음
(근데 아마 웹툰 펀딩 기준일거임)",2,2024-11-27T23:35:34Z,2,Ugwhk_lvvhcmxalQ2IV4AaABAg,Av1zma6uJco,UC787KUdcbtalnzby-mPeaWA,2024-11-27T23:35:34Z,,중립
버추얼 아이돌 인기가 이정도? '이세계 아이돌' 역대 펀딩 88억 돌파/ KNN,KNN NEWS,대댓글,@INCHEONBUS-NO.1,걍 모든 전체 펀딩 기준입니다,0,2024-11-28T02:20:23Z,0,Ugwhk_lvvhcmxalQ2IV4AaABAg.ABMgTNxui61ABMzKZYp8zq,Av1zma6uJco,UCOG8uHQ_f-KbM5qat7dQMrg,2024-11-28T02:20:23Z,Ugwhk_lvvhcmxalQ2IV4AaABAg,중립
버추얼 아이돌 인기가 이정도? '이세계 아이돌' 역대 펀딩 88억 돌파/ KNN,KNN NEWS,대댓글,@Leuco94,@INCHEONBUS-NO.1  ㅇㅎ,0,2024-11-28T03:10:50Z,0,Ugwhk_lvvhcmxalQ2IV4AaABAg.ABMgTNxui61ABN467CRBRy,Av1zma6uJco,UC787KUdcbtalnzby-mPeaWA,2024-11-28T03:10:50Z,Ugwhk_lvvhcmxalQ2IV4AaABAg,중립
버추얼 아이돌 인기가 이정도? '이세계 아이돌' 역대 펀딩 88억 돌파/ KNN,KNN NEWS,최상위 댓글,@김인미-b7k,왁물원에 소식 알리기 두개재~~~~,0,2024-11-28T14:13:51Z,0,Ugx3Wah_LwRzQp5OqeZ4AaABAg,Av1zma6uJco,UCxvUBjBjoxGM1zHEKXPiLcQ,2024-11-28T14:13:51Z,,중립
버추얼 아이돌 인기가 이정도? '이세계 아이돌' 역대 펀딩 88억 돌파/ KNN,KNN NEWS,최상위 댓글,@감보-q9s,레게노,0,2024-11-29T07:18:53Z,0,Ugzqnmb-Ru3_fkgSydt4AaABAg,Av1zma6uJco,UCMQqIr6IZw_HYEe7ddHzgGA,2024-11-29T07:18:53Z,,중립
버추얼 아이돌 인기가 이정도? '이세계 아이돌' 역대 펀딩 88억 돌파/ KNN,KNN NEWS,최상위 댓글,@안녕하세욥-e5e,"이해가 안가면 하지마세요ㅋㅋ
세상 모든일 어떻게 다 이해하면서 삽니까?
다른사람 행동 다 이해 하시나요?
안되면 안하면 됩니다",1,2024-11-30T05:39:22Z,1,UgyZMMooUJx4BsNgPs54AaABAg,Av1zma6uJco,UC0u5c6nxF39oy2xPjN8sE2g,2024-11-30T05:39:22Z,,중립
버추얼 아이돌 인기가 이정도? '이세계 아이돌' 역대 펀딩 88억 돌파/ KNN,KNN NEWS,대댓글,@hyunjun4095,하... 모두 잠수 준비!! 드릉드릉 허버허버 군적금 ㅗㅜㅑ 금지~~~,0,2024-11-30T08:39:54Z,0,UgyZMMooUJx4BsNgPs54AaABAg.ABSUgfRGUdiABSoLvi8OQM,Av1zma6uJco,UCjzmwRqsgvUllcVnM8oNHZw,2024-11-30T08:39:54Z,UgyZMMooUJx4BsNgPs54AaABAg,중립
버추얼 아이돌 인기가 이정도? '이세계 아이돌' 역대 펀딩 88억 돌파/ KNN,KNN NEWS,최상위 댓글,@user-alex-08._.,사실30대가 더..,0,2024-11-30T16:32:52Z,0,UgxTFz37dBmbSIYMUS14AaABAg,Av1zma6uJco,UCKFIq4orxuJpioya8t5GNsw,2024-11-30T16:32:52Z,,중립
버추얼 아이돌 인기가 이정도? '이세계 아이돌' 역대 펀딩 88억 돌파/ KNN,KNN NEWS,최상위 댓글,@jominseo_0805,돈못벌어서 꼬우면 니도 버튜버 해서 성공해봐라 얼마나 힘든지 아니?ㅋㅋ,0,2024-11-28T11:13:48Z,0,UgwRs-2JEwRS_rP6Zu94AaABAg,Av1zma6uJco,UCzDzycMCo-_cdkRBKUwlbRw,2024-11-28T11:13:48Z,,중립
버추얼 아이돌 인기가 이정도? '이세계 아이돌' 역대 펀딩 88억 돌파/ KNN,KNN NEWS,최상위 댓글,@이파리가되버려,"저기에내7,6900있다 ㅋㅋ",0,2024-11-28T08:32:54Z,0,Ugx6DPjXdxqDQYaAI8F4AaABAg,Av1zma6uJco,UC4XbKIwojGaSK722Z2lPiQQ,2024-11-28T08:32:54Z,,중립
버추얼 아이돌 인기가 이정도? '이세계 아이돌' 역대 펀딩 88억 돌파/ KNN,KNN NEWS,최상위 댓글,@하이네_y6k,"이세돌!이세돌!❤❤
이거 왁굳형이 봐야겠지?😂",0,2024-12-02T20:42:55Z,0,UgxoqqM4H9Pf7IbMnJl4AaABAg,Av1zma6uJco,UCqHM2b1ObBbmrAjV4SdCKRQ,2024-12-02T20:44:13Z,,중립
버추얼 아이돌 인기가 이정도? '이세계 아이돌' 역대 펀딩 88억 돌파/ KNN,KNN NEWS,최상위 댓글,@Danbam1120,우왁굳 성공했다!,1,2024-12-02T13:58:29Z,0,Ugx-iEr22n9gukHRF8x4AaABAg,Av1zma6uJco,UCEV1K-YMGkYA4wgOOcpaG4Q,2024-12-02T13:58:29Z,,중립
버추얼 아이돌 인기가 이정도? '이세계 아이돌' 역대 펀딩 88억 돌파/ KNN,KNN NEWS,최상위 댓글,@babooppa6833,영택아~ 밥 안 먹고 뭐하니~!,0,2024-11-28T00:21:40Z,0,Ugw_2PidrszlPpaxSZB4AaABAg,Av1zma6uJco,UCFjaHY8Vlpl4WV_NRVdcYFg,2024-11-28T00:21:40Z,,중립
버추얼 아이돌 인기가 이정도? '이세계 아이돌' 역대 펀딩 88억 돌파/ KNN,KNN NEWS,최상위 댓글,@sksno3606,3만명? 적은데,0,2024-12-04T06:52:27Z,0,UgxWjqsKYT0PdDnHmMZ4AaABAg,Av1zma6uJco,UCupaJ0i9rE-2zk3ZYjvD3XQ,2024-12-04T06:52:27Z,,중립
버추얼 아이돌 인기가 이정도? '이세계 아이돌' 역대 펀딩 88억 돌파/ KNN,KNN NEWS,최상위 댓글,@Bitcoin-king1992,정신차려라,0,2024-11-29T03:19:21Z,0,UgzbiXoV6U0ufz1p0jd4AaABAg,Av1zma6uJco,UCHg1cMNpikp3EjCsjQxdi0A,2024-11-29T03:19:21Z,,중립
버추얼 아이돌 인기가 이정도? '이세계 아이돌' 역대 펀딩 88억 돌파/ KNN,KNN NEWS,최상위 댓글,@yoonbin31,돈냄새 맡았다 ㅋㅋㅋ,1,2024-11-30T23:25:15Z,0,UgzSHUn84rVlvELwNmh4AaABAg,Av1zma6uJco,UCUE4mMW_e7dzJxoGL2tz0YA,2024-11-30T23:25:15Z,,중립
버추얼 아이돌 인기가 이정도? '이세계 아이돌' 역대 펀딩 88억 돌파/ KNN,KNN NEWS,최상위 댓글,@REDHooD_GDS,이야 뽕찬다,0,2024-11-29T16:21:16Z,0,Ugy86J6IunIjgQOuqth4AaABAg,Av1zma6uJco,UCuRD6tgmqPKbFeglxnhJvYA,2024-11-29T16:21:16Z,,중립
버추얼 아이돌 인기가 이정도? '이세계 아이돌' 역대 펀딩 88억 돌파/ KNN,KNN NEWS,최상위 댓글,@남자-q6i,키보드만해도 20 억인데 뭐,0,2024-11-28T06:22:31Z,0,Ugx7ZH7iW0x6Lfc0nO54AaABAg,Av1zma6uJco,UCTtgtGiJDDrLYPO3Q0Vbpsg,2024-11-28T06:22:31Z,,중립
버추얼 아이돌 인기가 이정도? '이세계 아이돌' 역대 펀딩 88억 돌파/ KNN,KNN NEWS,최상위 댓글,@Maxim_Coffee,우왁굳은 천재가 맞다,0,2024-11-28T03:20:17Z,0,UgziOPWiQ9q7O9D_NUx4AaABAg,Av1zma6uJco,UC3w_KPitFB1rzzFkd7YLMzQ,2024-11-28T03:20:17Z,,중립
버추얼 아이돌 인기가 이정도? '이세계 아이돌' 역대 펀딩 88억 돌파/ KNN,KNN NEWS,최상위 댓글,@초고교급곰보조강현,나라 망했다,1,2024-11-28T15:33:29Z,0,Ugzepn7etzbtRfi6xqt4AaABAg,Av1zma6uJco,UCFgxt3ZeouvT7zXu0fOGx_w,2024-11-28T15:33:29Z,,중립
버추얼 아이돌 인기가 이정도? '이세계 아이돌' 역대 펀딩 88억 돌파/ KNN,KNN NEWS,최상위 댓글,@secoed475,우욱,0,2024-11-28T05:09:09Z,0,UgwPSLwl5h0ObQK_iuJ4AaABAg,Av1zma6uJco,UCp_0hMUN6ZUgszip_FKW1Qg,2024-11-28T05:09:09Z,,중립
버추얼 아이돌 인기가 이정도? '이세계 아이돌' 역대 펀딩 88억 돌파/ KNN,KNN NEWS,최상위 댓글,@cccc-g8r,2030대 한테 인기가 많은거임  팬들 나이대가 그렇다….,0,2024-11-30T11:30:06Z,0,UgyDKGp2F-TOuVR1QeN4AaABAg,Av1zma6uJco,UCZuJQDzhwT8sHtex9mvoYQQ,2024-11-30T11:30:06Z,,중립
버추얼 아이돌 인기가 이정도? '이세계 아이돌' 역대 펀딩 88억 돌파/ KNN,KNN NEWS,최상위 댓글,@moooonless,우왁굳…ㅎㅎ,0,2024-11-29T03:04:06Z,0,UgyUnWKoS8Nkf27kTlR4AaABAg,Av1zma6uJco,UCY783m6ssKS5cKSNaNEjXQw,2024-11-29T03:04:06Z,,중립
버추얼 아이돌 인기가 이정도? '이세계 아이돌' 역대 펀딩 88억 돌파/ KNN,KNN NEWS,최상위 댓글,@벤베크만,모두 잠수 준비,1,2024-11-29T05:52:24Z,0,UgyJBu7Tc_vq7W5PGqt4AaABAg,Av1zma6uJco,UCSw65w-B3t5zM2sVIXpU2Hg,2024-11-29T05:52:24Z,,중립
버추얼 아이돌 인기가 이정도? '이세계 아이돌' 역대 펀딩 88억 돌파/ KNN,KNN NEWS,최상위 댓글,@김선재-o7z,나라 망했네,1,2024-11-28T15:35:49Z,0,UgzGZ9OmqCLBQ95SasF4AaABAg,Av1zma6uJco,UCZ4TUW7YCeBiZSyWqrDdZNw,2024-11-28T15:36:45Z,,중립
버추얼 아이돌 인기가 이정도? '이세계 아이돌' 역대 펀딩 88억 돌파/ KNN,KNN NEWS,최상위 댓글,@프프-w3q,캬!!,1,2024-11-27T22:05:00Z,1,Ugy9LAaynIEbTieQrPh4AaABAg,Av1zma6uJco,UCGdxyygdZMxoEctXSq9n8Ng,2024-11-27T22:05:00Z,,중립
버추얼 아이돌 인기가 이정도? '이세계 아이돌' 역대 펀딩 88억 돌파/ KNN,KNN NEWS,대댓글,@394beuriw9,모두 잠수 준비 네 드릉드릉 잘안들어오우 네 허버허버 오우 깊은저 한남속 깃치마을 드릉드릉스폰지밪 광대얼굴에 식데도 보성이도 모두친구 허버허버스폰지밥 군적금과 희망이 보글보글 스폰지밥 다시는 이세돌을 무시하지마라😊😊,1,2024-11-27T22:06:18Z,0,Ugy9LAaynIEbTieQrPh4AaABAg.ABMX63XnUTPABMXFdks26a,Av1zma6uJco,UCeqTZvOf83hnNBORRbVKiUA,2024-11-27T22:06:18Z,Ugy9LAaynIEbTieQrPh4AaABAg,중립
버추얼 아이돌 인기가 이정도? '이세계 아이돌' 역대 펀딩 88억 돌파/ KNN,KNN NEWS,최상위 댓글,@만두-l2k,문제없다,0,2024-11-27T23:23:00Z,0,UgzxHaiJsQxi3AqS8YN4AaABAg,Av1zma6uJco,UCBWH2et1CwiAnrHRgjDWtwg,2024-11-27T23:23:00Z,,중립
버추얼 아이돌 인기가 이정도? '이세계 아이돌' 역대 펀딩 88억 돌파/ KNN,KNN NEWS,최상위 댓글,@몽글몽글-f2m,30대한테도 인기 많으니 저런 펀딩금액이 모임ㅋㅋ,1,2024-11-29T00:58:34Z,1,UgzRvNmfffGkbysTvbx4AaABAg,Av1zma6uJco,UCAU4ZwzAHIRjC4vHuYAV4Pw,2024-11-29T00:58:34Z,,중립
버추얼 아이돌 인기가 이정도? '이세계 아이돌' 역대 펀딩 88억 돌파/ KNN,KNN NEWS,대댓글,@hyunjun4095,모두 잠수 준비 네 드릉드릉 잘안들어오우 네 허버허버 오우 깊은저 한남속 갓치마을 드릉드릉스폰지밥 네모난얼굴에 광대얼굴 드릉드릉스폰지밥 식데도 보성이도 모두친구 허버허버스폰지밥 군적금과 희망이 보글보글 스폰지밥 다시는 이세돌을 무시하지마라😊,1,2024-11-29T05:37:07Z,0,UgzRvNmfffGkbysTvbx4AaABAg.ABPPlC76LAXABPudMYMbpg,Av1zma6uJco,UCjzmwRqsgvUllcVnM8oNHZw,2024-11-29T05:37:07Z,UgzRvNmfffGkbysTvbx4AaABAg,중립
버추얼 아이돌 인기가 이정도? '이세계 아이돌' 역대 펀딩 88억 돌파/ KNN,KNN NEWS,최상위 댓글,@뭘라-u6c,홀로라이브 사랑합니다.❤,1,2024-11-28T08:15:56Z,0,Ugz41rTRRnwOaz98I9t4AaABAg,Av1zma6uJco,UCPkj5hLcQDp80FlrsKGd5Cw,2024-11-28T08:15:56Z,,긍정
버추얼 아이돌 인기가 이정도? '이세계 아이돌' 역대 펀딩 88억 돌파/ KNN,KNN NEWS,최상위 댓글,@Speaky117,혹시 팬치니?,0,2024-11-27T22:33:50Z,0,UgwxmMQ7B8s-YqphYy94AaABAg,Av1zma6uJco,UClRXgFa9ALwglwARUX70Img,2024-11-27T22:33:50Z,,중립
버추얼 아이돌 인기가 이정도? '이세계 아이돌' 역대 펀딩 88억 돌파/ KNN,KNN NEWS,최상위 댓글,@PYH-0821,???:쒸익 쒸익 우리는 캐릭터를 좋아하는거라 빨간약이 한녀여도 상관없다고!!!,2,2024-11-29T07:19:05Z,0,UgxKgRyPCzSrswkBAG94AaABAg,Av1zma6uJco,UCpGB6hRRXXB1aQvPO8W8sZA,2024-11-29T07:19:05Z,,긍정
버추얼 아이돌 인기가 이정도? '이세계 아이돌' 역대 펀딩 88억 돌파/ KNN,KNN NEWS,최상위 댓글,@BakedYoungwoo,"이 영상 썸네일의 그림, 이세돌의 그림이 아닌 ai 그림이네요

모르는 사람이 보면 이게 이세돌이구나 오해 할거같습니다 수정 해주셔야 할거같아요",0,2024-11-28T11:36:22Z,1,UgyJ-T7Ue4ojD40ECLZ4AaABAg,Av1zma6uJco,UCygRmoKiZnTnt9fZKsmptOw,2024-11-28T11:36:22Z,,중립
버추얼 아이돌 인기가 이정도? '이세계 아이돌' 역대 펀딩 88억 돌파/ KNN,KNN NEWS,대댓글,@으랑이이,패악질 ㄴ,0,2024-11-28T14:59:02Z,0,UgyJ-T7Ue4ojD40ECLZ4AaABAg.ABNyxi_z8UkABOL92fuqMF,Av1zma6uJco,UCHLcqvpTm0undnWua1lnEHw,2024-11-28T14:59:02Z,UgyJ-T7Ue4ojD40ECLZ4AaABAg,중립
버추얼 아이돌 인기가 이정도? '이세계 아이돌' 역대 펀딩 88억 돌파/ KNN,KNN NEWS,최상위 댓글,@poonde,"세상이 말세다

고세구가 필요해",0,2024-11-28T04:53:52Z,1,UgxWcTpSFIT2U7LtVlR4AaABAg,Av1zma6uJco,UCjzlv6no024ef8frKLP4RuQ,2024-11-28T04:53:52Z,,중립
버추얼 아이돌 인기가 이정도? '이세계 아이돌' 역대 펀딩 88억 돌파/ KNN,KNN NEWS,대댓글,@흥분의도가니-n9j,자아분열 레게노 ㄷㄷ,0,2024-11-28T05:08:32Z,0,UgxWcTpSFIT2U7LtVlR4AaABAg.ABNFthgkUiWABNH_3PFEaC,Av1zma6uJco,UC7UujFsIK0AEfWDnRMM0dLw,2024-11-28T05:08:32Z,UgxWcTpSFIT2U7LtVlR4AaABAg,중립
버추얼 아이돌 인기가 이정도? '이세계 아이돌' 역대 펀딩 88억 돌파/ KNN,KNN NEWS,최상위 댓글,@heh4028,"난 시대에 뒤쳐졌나보군
키즈나 아이 세대 이후의 버추얼 아이돌은
하나도 모르겠어",2,2024-11-28T00:41:48Z,2,Ugzf2Teb4G30vrn6-uZ4AaABAg,Av1zma6uJco,UCar5v-LutAIOKEtAKlnSX2Q,2024-11-28T00:41:48Z,,중립
버추얼 아이돌 인기가 이정도? '이세계 아이돌' 역대 펀딩 88억 돌파/ KNN,KNN NEWS,대댓글,@isegye4ever,이제부터라도 알았으니 됐죠,0,2024-11-28T02:49:49Z,0,Ugzf2Teb4G30vrn6-uZ4AaABAg.ABMo2Wsb_FPABN1h9MJld8,Av1zma6uJco,UCvVm5-UYNSVMhyUwo3mk4kQ,2024-11-28T02:49:49Z,Ugzf2Teb4G30vrn6-uZ4AaABAg,중립
버추얼 아이돌 인기가 이정도? '이세계 아이돌' 역대 펀딩 88억 돌파/ KNN,KNN NEWS,대댓글,@dmgxz,늦은거 아니에요 알려고 하지않던사람이 도태되는거지 알아가는건 전진이죠,1,2024-11-28T02:56:14Z,0,Ugzf2Teb4G30vrn6-uZ4AaABAg.ABMo2Wsb_FPABN2R6m5W9k,Av1zma6uJco,UCDz-C3zU5CGlfaZU1hGyXEA,2024-11-28T02:56:14Z,Ugzf2Teb4G30vrn6-uZ4AaABAg,중립
버추얼 아이돌 인기가 이정도? '이세계 아이돌' 역대 펀딩 88억 돌파/ KNN,KNN NEWS,최상위 댓글,@윤갑이,모두 잠수 준비!!!!!!,0,2024-11-28T22:46:13Z,0,Ugwe-mQFWUnTUA42QZR4AaABAg,Av1zma6uJco,UC0xCdEqJtUFVIJ9LN_-ZrVg,2024-11-28T22:46:13Z,,중립
버추얼 아이돌 인기가 이정도? '이세계 아이돌' 역대 펀딩 88억 돌파/ KNN,KNN NEWS,최상위 댓글,@Ssh5463,이세돌 봉준호 손흥민!!!!,0,2024-11-29T15:42:39Z,0,Ugyr5TOOWqGFBqPpOg54AaABAg,Av1zma6uJco,UCinsheIvoHQmfPv-X3L5V0A,2024-11-29T15:42:39Z,,중립
버추얼 아이돌 인기가 이정도? '이세계 아이돌' 역대 펀딩 88억 돌파/ KNN,KNN NEWS,최상위 댓글,@skdjwidk999,30대가 너 많을듯?,0,2024-12-03T15:45:08Z,0,UgyD1Tx0t_g5XZh5nMl4AaABAg,Av1zma6uJco,UCkq5JnO2wezSfMUmRdIX_HA,2024-12-03T15:45:08Z,,중립
버추얼 아이돌 인기가 이정도? '이세계 아이돌' 역대 펀딩 88억 돌파/ KNN,KNN NEWS,최상위 댓글,@hblee2555,이게 뭔데요 십덕님들,0,2024-11-29T05:56:17Z,0,UgzX3imDo13htJkxScl4AaABAg,Av1zma6uJco,UCYN_pjmgkicjBcXz7x1IeXg,2024-11-29T05:56:17Z,,중립
버추얼 아이돌 인기가 이정도? '이세계 아이돌' 역대 펀딩 88억 돌파/ KNN,KNN NEWS,최상위 댓글,@루나서버에밀리아,"꼬우면...너네도...버츄얼 해...
요즘 뉴스거리가 얼마나 많은데 이딴걸 기삿거리로 올리고있냐",0,2024-11-28T04:35:54Z,0,Ugz6G6yxoYQO22I3jGZ4AaABAg,Av1zma6uJco,UCr1Hbf6cXlw15vEF7kTNZuQ,2024-11-28T04:35:54Z,,중립
버추얼 아이돌 인기가 이정도? '이세계 아이돌' 역대 펀딩 88억 돌파/ KNN,KNN NEWS,최상위 댓글,@smekkfkdbwbao1024,이왜진,0,2024-11-29T17:09:10Z,0,Ugw9ee_EcjejcvAcCmp4AaABAg,Av1zma6uJco,UCYxMUA60pF1pnv42HToc99w,2024-11-29T17:09:10Z,,중립
버추얼 아이돌 인기가 이정도? '이세계 아이돌' 역대 펀딩 88억 돌파/ KNN,KNN NEWS,최상위 댓글,@Le-qx7kt,와....릴파가 이래서 버츄얼로 갔구나..ㄷㄷ,1,2024-11-28T07:53:31Z,2,UgwgTNv7_dVcd6E8Nnl4AaABAg,Av1zma6uJco,UC9Il-B6isdtgncHimgiyb8A,2024-11-28T07:53:31Z,,중립
버추얼 아이돌 인기가 이정도? '이세계 아이돌' 역대 펀딩 88억 돌파/ KNN,KNN NEWS,대댓글,@dest1356,이래서 버츄얼로 온게 아니라 릴파랑 이세돌이 오고나서 이렇게 키운거라 생각함,0,2024-11-29T06:09:28Z,0,UgwgTNv7_dVcd6E8Nnl4AaABAg.ABN_SY2Ml5VABPyLGij5gO,Av1zma6uJco,UCZ-R1AXOzJ_zukB0NTdOWBA,2024-11-29T06:09:28Z,UgwgTNv7_dVcd6E8Nnl4AaABAg,중립
버추얼 아이돌 인기가 이정도? '이세계 아이돌' 역대 펀딩 88억 돌파/ KNN,KNN NEWS,대댓글,@user-sq8ew7ee9x,그땐 이런건 상상도 못했음 전혀 아님,0,2024-11-29T23:30:28Z,0,UgwgTNv7_dVcd6E8Nnl4AaABAg.ABN_SY2Ml5VABRpTmeZnA_,Av1zma6uJco,UCG2zcWpnZDlOpcRH92cr9Xg,2024-11-29T23:30:28Z,UgwgTNv7_dVcd6E8Nnl4AaABAg,중립
버추얼 아이돌 인기가 이정도? '이세계 아이돌' 역대 펀딩 88억 돌파/ KNN,KNN NEWS,최상위 댓글,@choboma-eul,빙하기 언제 끝나~,0,2024-11-28T06:41:42Z,0,UgzA0aESNrcV23xtW0N4AaABAg,Av1zma6uJco,UCOOgL3FDZ-0yvif9AhKMHGQ,2024-11-28T06:42:08Z,,중립
버추얼 아이돌 인기가 이정도? '이세계 아이돌' 역대 펀딩 88억 돌파/ KNN,KNN NEWS,최상위 댓글,@Lang_jo,아 뽕찬다,0,2024-11-28T09:34:08Z,0,UgzICBKNNeiotnwdoIx4AaABAg,Av1zma6uJco,UCNPsdQUOGH4DnwfDciZQdjA,2024-11-28T09:34:08Z,,중립
버추얼 아이돌 인기가 이정도? '이세계 아이돌' 역대 펀딩 88억 돌파/ KNN,KNN NEWS,최상위 댓글,@KJH-u3c-c2k,국내 버튜버 탑이니까 이 정도 나올수도 있지ㅇㅇ,1,2024-11-28T00:34:02Z,0,UgykJgnBqg3uIrws_GR4AaABAg,Av1zma6uJco,UCuDlthovtQCH_n7WpMvoBJg,2024-11-28T00:34:02Z,,중립
버추얼 아이돌 인기가 이정도? '이세계 아이돌' 역대 펀딩 88억 돌파/ KNN,KNN NEWS,최상위 댓글,@짱이네13,와 갓세돌이다,0,2024-11-27T18:41:51Z,1,UgwgFzdhfpL6tBviMgh4AaABAg,Av1zma6uJco,UC3c4-YUHBFXUIDo1l2c10MQ,2024-11-27T18:41:51Z,,중립
버추얼 아이돌 인기가 이정도? '이세계 아이돌' 역대 펀딩 88억 돌파/ KNN,KNN NEWS,대댓글,@hyunjun4095,⁠모두잠수준비 깊은저 한남속 깃치마을 허버허버스폰지밥 광대얼굴 드릉드릉 스폰지밥 허버허버와 군적금 희망이 보글보글~~ 다시는이세돌을 무시하지마라~~😊,1,2024-11-27T21:44:02Z,0,UgwgFzdhfpL6tBviMgh4AaABAg.ABM9rDcAVBTABMUhU4_r7e,Av1zma6uJco,UCjzmwRqsgvUllcVnM8oNHZw,2024-11-27T21:44:02Z,UgwgFzdhfpL6tBviMgh4AaABAg,중립
버추얼 아이돌 인기가 이정도? '이세계 아이돌' 역대 펀딩 88억 돌파/ KNN,KNN NEWS,최상위 댓글,@shacker6575,뉴스까지 나온다고???,1,2024-12-01T09:44:39Z,1,Ugw0ok3j-7J3hIN8myB4AaABAg,Av1zma6uJco,UCbSqzRSE_1ukZ6KqgE-IOog,2024-12-01T09:44:39Z,,중립
버추얼 아이돌 인기가 이정도? '이세계 아이돌' 역대 펀딩 88억 돌파/ KNN,KNN NEWS,대댓글,@sksno3606,뉴스는 아무거나 나옴,0,2024-12-04T06:54:17Z,0,Ugw0ok3j-7J3hIN8myB4AaABAg.ABVVZ8V6x7iABbvRsX5K5x,Av1zma6uJco,UCupaJ0i9rE-2zk3ZYjvD3XQ,2024-12-04T06:54:17Z,Ugw0ok3j-7J3hIN8myB4AaABAg,중립
버추얼 아이돌 인기가 이정도? '이세계 아이돌' 역대 펀딩 88억 돌파/ KNN,KNN NEWS,최상위 댓글,@시로-g8l,이세돌이 이 정도인데 홀로라이브는 도대체 얼마를 번다는 거지 ㄷㄷㄷ,2,2024-11-27T23:06:20Z,4,UgwIMIG7GZpal15X6d94AaABAg,Av1zma6uJco,UCSmyoiGTRCSbON_WeF5G8ng,2024-11-27T23:06:20Z,,중립
버추얼 아이돌 인기가 이정도? '이세계 아이돌' 역대 펀딩 88억 돌파/ KNN,KNN NEWS,대댓글,@Peanutmyfriend,거긴 인기있는 개인이 저정도일걸,2,2024-11-28T00:48:12Z,0,UgwIMIG7GZpal15X6d94AaABAg.ABMd7KLtd_7ABMomREOoxV,Av1zma6uJco,UCIs0UfaTPq6TDWbjr9g_KEg,2024-11-28T00:48:12Z,UgwIMIG7GZpal15X6d94AaABAg,중립
버추얼 아이돌 인기가 이정도? '이세계 아이돌' 역대 펀딩 88억 돌파/ KNN,KNN NEWS,대댓글,@oysterhole,6세돌 = 1홀로,0,2024-11-28T00:58:35Z,0,UgwIMIG7GZpal15X6d94AaABAg.ABMd7KLtd_7ABMpySuQi0V,Av1zma6uJco,UC82mFbAgX8mHp5mrzEPkQbw,2024-11-28T00:58:35Z,UgwIMIG7GZpal15X6d94AaABAg,중립
버추얼 아이돌 인기가 이정도? '이세계 아이돌' 역대 펀딩 88억 돌파/ KNN,KNN NEWS,대댓글,@oysterhole,@aginkim2609 ㅇㅇ 돌천지 발작,0,2024-11-28T02:57:53Z,0,UgwIMIG7GZpal15X6d94AaABAg.ABMd7KLtd_7ABN2cEqx237,Av1zma6uJco,UC82mFbAgX8mHp5mrzEPkQbw,2024-11-28T02:57:53Z,UgwIMIG7GZpal15X6d94AaABAg,중립
버추얼 아이돌 인기가 이정도? '이세계 아이돌' 역대 펀딩 88억 돌파/ KNN,KNN NEWS,대댓글,@막한다_막한다,홀로는 세계적 기업이니까,1,2024-11-28T06:19:46Z,0,UgwIMIG7GZpal15X6d94AaABAg.ABMd7KLtd_7ABNPionSU1P,Av1zma6uJco,UCjqy1SrBvz9rXsteMFUE2_g,2024-11-28T06:19:46Z,UgwIMIG7GZpal15X6d94AaABAg,중립
버추얼 아이돌 인기가 이정도? '이세계 아이돌' 역대 펀딩 88억 돌파/ KNN,KNN NEWS,최상위 댓글,@user-fy7hu4el3h,진짜이세돌있을때태어나서다행입니다..,1,2025-01-10T10:23:34Z,0,UgxG5hnoUba1VWjkF9x4AaABAg,Av1zma6uJco,UCiMgUOOChQJCtE1oB_VJwXA,2025-01-10T10:23:34Z,,중립
버추얼 아이돌 인기가 이정도? '이세계 아이돌' 역대 펀딩 88억 돌파/ KNN,KNN NEWS,최상위 댓글,@작은하마-h,에휴;; ㅋㅋㅋㅋ,0,2024-11-27T19:36:59Z,0,Ugx0aLodBp-xyfbsWLF4AaABAg,Av1zma6uJco,UCPtHUjqaAjOdhVJBfWuZMaw,2024-11-27T19:36:59Z,,중립
버추얼 아이돌 인기가 이정도? '이세계 아이돌' 역대 펀딩 88억 돌파/ KNN,KNN NEWS,최상위 댓글,@방지호-h3l,대 영 택,1,2024-12-01T13:30:06Z,0,Ugy9St-8NqcdMbhWWSl4AaABAg,Av1zma6uJco,UC82SKA7MA22w3Yn9gZs8GuQ,2024-12-01T13:30:06Z,,중립
버추얼 아이돌 인기가 이정도? '이세계 아이돌' 역대 펀딩 88억 돌파/ KNN,KNN NEWS,최상위 댓글,@아잉네157.95cm,이 정도면 솔직히 이제 우리도 음지 아니게 되는 건가?,1,2024-12-04T23:42:48Z,2,Ugy_kJtsdb49zx9mab54AaABAg,Av1zma6uJco,UCPVbn4VDb5wAqfhXvJsn7hg,2024-12-04T23:42:48Z,,중립
버추얼 아이돌 인기가 이정도? '이세계 아이돌' 역대 펀딩 88억 돌파/ KNN,KNN NEWS,대댓글,@2026에도화이팅,흠,3,2024-12-05T11:33:07Z,0,Ugy_kJtsdb49zx9mab54AaABAg.ABdirT8iZerABf-8xhNlQ2,Av1zma6uJco,UCa9G9GQjsW6X26h4lvg4wJw,2024-12-05T11:33:07Z,Ugy_kJtsdb49zx9mab54AaABAg,중립
버추얼 아이돌 인기가 이정도? '이세계 아이돌' 역대 펀딩 88억 돌파/ KNN,KNN NEWS,대댓글,@user-jn9ib2ul3j,그건 아님..,3,2024-12-06T01:40:20Z,0,Ugy_kJtsdb49zx9mab54AaABAg.ABdirT8iZerABgW6DwfPIt,Av1zma6uJco,UCXsde0-qMKtlkdvsR5nY2Sg,2024-12-06T01:40:20Z,Ugy_kJtsdb49zx9mab54AaABAg,중립
버추얼 아이돌 인기가 이정도? '이세계 아이돌' 역대 펀딩 88억 돌파/ KNN,KNN NEWS,최상위 댓글,@DNF_Ak,뭐? 키보드를 못샀다고?,0,2024-11-28T07:09:53Z,1,UgxES81yRxTBiL6vAjZ4AaABAg,Av1zma6uJco,UCUKjAwXUX9NwAtlhfgsxkKw,2024-11-28T07:09:53Z,,중립
버추얼 아이돌 인기가 이정도? '이세계 아이돌' 역대 펀딩 88억 돌파/ KNN,KNN NEWS,대댓글,@AAA_nana,아ㅏㅏㅏㅏㅏㅏㅏㅏ,0,2024-11-28T09:43:36Z,0,UgxES81yRxTBiL6vAjZ4AaABAg.ABNVSu-gVCnABNm2i7qGWn,Av1zma6uJco,UCcFTOwP5RO-uV6_V6qt3TSg,2024-11-28T09:43:36Z,UgxES81yRxTBiL6vAjZ4AaABAg,중립
버추얼 아이돌 인기가 이정도? '이세계 아이돌' 역대 펀딩 88억 돌파/ KNN,KNN NEWS,최상위 댓글,@Fronice,"1020이 아니라, 102030. 심지어 40까지 갈걸요? 단순히 세대로 묶지 마시죠.",0,2024-11-27T17:35:40Z,1,UgyW8hidqbrHSS6h6OZ4AaABAg,Av1zma6uJco,UCktNagH63DomvlL4qVlBinQ,2024-11-27T17:35:40Z,,중립
버추얼 아이돌 인기가 이정도? '이세계 아이돌' 역대 펀딩 88억 돌파/ KNN,KNN NEWS,대댓글,@아무임-s4q,비중이 적으니깐 그러죠? 그리고 그런식이면 VR도 8090이 쓰는거라고 하죠 극히 소수는 쓰는데 가장 많이 쓰는 2세대만 쓰잖아요,0,2024-11-27T23:16:00Z,0,UgyW8hidqbrHSS6h6OZ4AaABAg.ABM2HSJxXaxABMeE2y8igH,Av1zma6uJco,UCOwiMZBab85Wce8ieYvN4oA,2024-11-27T23:16:00Z,UgyW8hidqbrHSS6h6OZ4AaABAg,중립
버추얼 아이돌 인기가 이정도? '이세계 아이돌' 역대 펀딩 88억 돌파/ KNN,KNN NEWS,최상위 댓글,@Kongsin-h2y,세상을 십덕이 지배한다,1,2024-11-30T02:16:15Z,1,Ugw58NeSBofzMNYJoex4AaABAg,Av1zma6uJco,UCuZbuuq-d8IoO0xGEgt12wQ,2024-11-30T02:16:15Z,,중립
버추얼 아이돌 인기가 이정도? '이세계 아이돌' 역대 펀딩 88억 돌파/ KNN,KNN NEWS,대댓글,@민2-q4m,씹덕이 세상을 지배한다!,0,2024-12-01T13:34:08Z,0,Ugw58NeSBofzMNYJoex4AaABAg.ABS7S4mXfrLABVuoqgZsDl,Av1zma6uJco,UCAVVsWkBQ6fSA7RhNeW0CwA,2024-12-01T13:34:08Z,Ugw58NeSBofzMNYJoex4AaABAg,중립
버추얼 아이돌 인기가 이정도? '이세계 아이돌' 역대 펀딩 88억 돌파/ KNN,KNN NEWS,최상위 댓글,@tomhanky2916,캬ㅑㅑㅑㅑㅑㅑㅑ,0,2024-11-27T21:38:19Z,1,UgwauonPnrLGCs-at894AaABAg,Av1zma6uJco,UCFAZ7-1y4cS0KcYLSrb4tDA,2024-11-27T21:38:19Z,,중립
버추얼 아이돌 인기가 이정도? '이세계 아이돌' 역대 펀딩 88억 돌파/ KNN,KNN NEWS,대댓글,@hyunjun4095,⁠모두잠수준비 깊은저 한남속 깃치마을 허버허버스폰지밥 광대얼굴 드릉드릉 스폰지밥 허버허버와 군적금 희망이 보글보글~~ 다시는이세돌을 무시하지마라~~,0,2024-11-27T21:42:25Z,0,UgwauonPnrLGCs-at894AaABAg.ABMU2bF6OLOABMUWi8gXn9,Av1zma6uJco,UCjzmwRqsgvUllcVnM8oNHZw,2024-11-27T21:42:25Z,UgwauonPnrLGCs-at894AaABAg,중립
버추얼 아이돌 인기가 이정도? '이세계 아이돌' 역대 펀딩 88억 돌파/ KNN,KNN NEWS,최상위 댓글,@henrygabriel5403,역시 우왁굳.,0,2024-11-30T01:35:22Z,0,Ugy5Lcqm8mlscJLUqwp4AaABAg,Av1zma6uJco,UCapGA7ATSuDealdSju7XS9Q,2024-11-30T01:35:22Z,,중립
버추얼 아이돌 인기가 이정도? '이세계 아이돌' 역대 펀딩 88억 돌파/ KNN,KNN NEWS,최상위 댓글,@xmaskiller386,아주 모시깽하구만,0,2024-11-28T00:37:06Z,0,UgxOSBDvWz0uy7nXta94AaABAg,Av1zma6uJco,UCLpOuv4JZ__JFNVZFVqMr6w,2024-11-28T00:37:06Z,,중립
버추얼 아이돌 인기가 이정도? '이세계 아이돌' 역대 펀딩 88억 돌파/ KNN,KNN NEWS,최상위 댓글,@mphdudgd,뻘짓하네,0,2024-11-28T23:38:09Z,0,UgyK8su49a4XlykYNlB4AaABAg,Av1zma6uJco,UCmqz0VN9F5blOzNmsl2tH7A,2024-11-28T23:38:09Z,,중립
버추얼 아이돌 인기가 이정도? '이세계 아이돌' 역대 펀딩 88억 돌파/ KNN,KNN NEWS,최상위 댓글,@가라킹,응 3040이 더써 ㅋㅋ,0,2024-11-29T07:27:50Z,0,UgztpWA2L5SA3BN0pdJ4AaABAg,Av1zma6uJco,UCJpxK5tyckfr7m0I_ujmiqQ,2024-11-29T07:27:50Z,,중립
버추얼 아이돌 인기가 이정도? '이세계 아이돌' 역대 펀딩 88억 돌파/ KNN,KNN NEWS,최상위 댓글,@파이크-w8m,아프리카에서 방송하고 펀딩금액 늘었네,0,2024-12-02T16:07:27Z,1,UgwYnqweQWl8lUDClxd4AaABAg,Av1zma6uJco,UCTUsRB2nfhlmVlFdBWXLfQg,2024-12-02T16:07:27Z,,중립
버추얼 아이돌 인기가 이정도? '이세계 아이돌' 역대 펀딩 88억 돌파/ KNN,KNN NEWS,대댓글,@배종우-g1o,숲에서 방송하고 좀 늘은듯,0,2024-12-03T04:52:02Z,0,UgwYnqweQWl8lUDClxd4AaABAg.ABYl9gIGWyTAB_7edxxdLZ,Av1zma6uJco,UCr4n6E3ok9L3M0DEpfxuE7A,2024-12-03T04:52:02Z,UgwYnqweQWl8lUDClxd4AaABAg,중립
버추얼 아이돌 인기가 이정도? '이세계 아이돌' 역대 펀딩 88억 돌파/ KNN,KNN NEWS,최상위 댓글,@GwangMo,1~20대도 중에서 내 친구들 한명도 안 좋아함 저런거 있는거 모르는 얘들도 있고 걍 저기다 돈 쓰는걸 서스럼없이 쓰는 얘들이 많아서 저정도로 모이는거 같긴함 인방 유튜브에 올라오는거만 봐도 좀 과몰입하는 얘들도 많고 ㅋㅋ,1,2024-11-29T19:13:25Z,3,UgzSIM0NDZQJL87e_zh4AaABAg,Av1zma6uJco,UCIh1uHKUdZqy0gtCTAQTcmQ,2024-11-29T19:13:25Z,,긍정
버추얼 아이돌 인기가 이정도? '이세계 아이돌' 역대 펀딩 88억 돌파/ KNN,KNN NEWS,대댓글,@뒤디,88억이면 그런사람ㅣㅇ 은근히많은듯?,0,2024-11-29T22:46:37Z,0,UgzSIM0NDZQJL87e_zh4AaABAg.ABRN3AlAutAABRkSapzRrV,Av1zma6uJco,UCJJOf1sE_y_cH0bP67ucTgg,2024-11-29T22:46:37Z,UgzSIM0NDZQJL87e_zh4AaABAg,중립
버추얼 아이돌 인기가 이정도? '이세계 아이돌' 역대 펀딩 88억 돌파/ KNN,KNN NEWS,대댓글,@Cherry-0292,너네 없어도 돈 ㅈㄴ 잘벌어 돈 지르는사람만 3만명 넘어 ㅋㅋㅋㅋㅋㅋㅋㅋㅋㅋㅋㅋㅋ 돈 못쓰는 애들까지 합하면 4만명은 족히 넘겠지,0,2024-11-30T00:08:19Z,0,UgzSIM0NDZQJL87e_zh4AaABAg.ABRN3AlAutAABRto-5ox-A,Av1zma6uJco,UC0Bua9bU0CuWLWAurS1iUQA,2024-11-30T00:08:19Z,UgzSIM0NDZQJL87e_zh4AaABAg,중립
버추얼 아이돌 인기가 이정도? '이세계 아이돌' 역대 펀딩 88억 돌파/ KNN,KNN NEWS,대댓글,@hyunjun4095,모두 잠수 준비 네 드릉드릉 잘안들어오우 네 허버허버 오우 깊은저 한남속 갓치마을 드릉드릉스폰지밥 네모난얼굴에 광대얼굴 드릉드릉스폰지밥 식데도 보성이도 모두친구 허버허버스폰지밥 군적금과 희망이 보글보글 스폰지밥 다시는 이세돌을 무시하지마라😊 스폰지밥아 힘조!!!!!!! 힘빡쪼!!!!!​@Cherry-0292,0,2024-11-30T05:55:25Z,0,UgzSIM0NDZQJL87e_zh4AaABAg.ABRN3AlAutAABSWXDJuwUA,Av1zma6uJco,UCjzmwRqsgvUllcVnM8oNHZw,2024-11-30T05:55:25Z,UgzSIM0NDZQJL87e_zh4AaABAg,중립
버추얼 아이돌 인기가 이정도? '이세계 아이돌' 역대 펀딩 88억 돌파/ KNN,KNN NEWS,최상위 댓글,@너굴샷,버튜버 욕하는애들 보면 즈그 게임아바타는 이쁘게 꾸미더라ㅋㅋ,1,2024-11-28T07:27:50Z,0,UgzvVjFJ76JtVfZpotN4AaABAg,Av1zma6uJco,UC0qKDtRu2cikQieztf2zRJg,2024-11-28T07:27:50Z,,중립
버추얼 아이돌 인기가 이정도? '이세계 아이돌' 역대 펀딩 88억 돌파/ KNN,KNN NEWS,최상위 댓글,@user-tr7nh2jz1l-ppi,"글면은 모하나.. 트위치급 글러벌회사면은 몰라도 국내회사라서
 외국인이 접속하기도 힘들어 보이든데.. 그나마 유투브가 버티니간 외국인이 보기라도 하지만 일본에 갈라파고스급 될가봐 우려스럽다..",0,2024-11-28T03:54:01Z,1,UgzNQqf1d6y2Nwfc2-p4AaABAg,Av1zma6uJco,UC3yu2A-2BDeQup0BRBawBSQ,2024-11-28T03:54:01Z,,중립
버추얼 아이돌 인기가 이정도? '이세계 아이돌' 역대 펀딩 88억 돌파/ KNN,KNN NEWS,대댓글,@Superddong-r3,통신3사 크아아아악,0,2024-11-28T06:14:59Z,0,UgzNQqf1d6y2Nwfc2-p4AaABAg.ABN92KWPJXcABNPAm4EV8v,Av1zma6uJco,UC_MFHpeNMbGeXMruJ3YJY9w,2024-11-28T06:14:59Z,UgzNQqf1d6y2Nwfc2-p4AaABAg,중립
버추얼 아이돌 인기가 이정도? '이세계 아이돌' 역대 펀딩 88억 돌파/ KNN,KNN NEWS,최상위 댓글,@이름-t6b,버츄얼은 콘서트나 팬미팅같은건 어떻게 하는거임 ?? 궁금한데,0,2024-11-28T12:14:16Z,1,UgwUijS3OjRf8t98D3B4AaABAg,Av1zma6uJco,UCnSBIh-yv44GbCikcJlfbFA,2024-11-28T12:14:16Z,,중립
버추얼 아이돌 인기가 이정도? '이세계 아이돌' 역대 펀딩 88억 돌파/ KNN,KNN NEWS,대댓글,@MGAS2,팬미팅은 잘 모르겠는데 콘서트는 화면 틀어두고 하는거로 알아용 플레이브 보면 아실수 있어용,0,2024-11-28T12:36:47Z,0,UgwUijS3OjRf8t98D3B4AaABAg.ABO2IKOdgSQABO4sC8PqDL,Av1zma6uJco,UCLV3celZ0QX-mZetFlfiRzg,2024-11-28T12:36:47Z,UgwUijS3OjRf8t98D3B4AaABAg,중립
버추얼 아이돌 인기가 이정도? '이세계 아이돌' 역대 펀딩 88억 돌파/ KNN,KNN NEWS,최상위 댓글,@memecomm,형 우리가 이래도 음지야?,1,2024-11-28T10:32:01Z,0,UgxYSnrud9LBUroM6wp4AaABAg,Av1zma6uJco,UCRtAdQ3GkZ_0YsgpeRtV8rw,2024-11-28T10:32:01Z,,중립
버추얼 아이돌 인기가 이정도? '이세계 아이돌' 역대 펀딩 88억 돌파/ KNN,KNN NEWS,최상위 댓글,@Fortuna-Aesculapius,그냥 연애나 해주면 안 되겠니.,1,2024-11-27T23:53:52Z,1,UgydISdpxWPK3Y3HC2Z4AaABAg,Av1zma6uJco,UCXWUuftdOfLgGP2SiRZF2SQ,2024-11-27T23:53:52Z,,중립
버추얼 아이돌 인기가 이정도? '이세계 아이돌' 역대 펀딩 88억 돌파/ KNN,KNN NEWS,대댓글,@microguts,ㅋㅋㅋㅋㅋㅋㅋ둘다하는사란도 많고 팬중에 기혼자들도 꽤있는데 지랄옘병은,0,2024-11-28T00:40:27Z,0,UgydISdpxWPK3Y3HC2Z4AaABAg.ABMiZIPis-FABMntYAFlAx,Av1zma6uJco,UCWVc0rc0psCWUIIHehINnhw,2024-11-28T00:40:27Z,UgydISdpxWPK3Y3HC2Z4AaABAg,중립
버추얼 아이돌 인기가 이정도? '이세계 아이돌' 역대 펀딩 88억 돌파/ KNN,KNN NEWS,최상위 댓글,@IllIIIIlI,나 30살 오타쿠인데.. 이젠 오타쿠문화가 너무 메이저해진것같다,0,2024-12-01T04:09:02Z,2,UgzXL8sY_DubGbXydz94AaABAg,Av1zma6uJco,UCCBWsBV4gAXOF8vRYSZnYvw,2024-12-01T04:09:02Z,,중립
버추얼 아이돌 인기가 이정도? '이세계 아이돌' 역대 펀딩 88억 돌파/ KNN,KNN NEWS,대댓글,@QMFKDLDJS-z5c,이젠 버튜버도 아는 사람은 다 알더라 감스트도 버튜버랑 방송하는 거 보면,0,2024-12-01T04:41:45Z,0,UgzXL8sY_DubGbXydz94AaABAg.ABUu9-wMcbfABUxtZcMenX,Av1zma6uJco,UChiduOmvRTsopRXDI3zzwgg,2024-12-01T04:41:45Z,UgzXL8sY_DubGbXydz94AaABAg,중립
버추얼 아이돌 인기가 이정도? '이세계 아이돌' 역대 펀딩 88억 돌파/ KNN,KNN NEWS,대댓글,@IllIIIIlI,@QMFKDLDJS-z5c애초에 세계유튜브 후원순위 최상위권이 다 버튜버라고 주워들었는데 무섭다무서워 나는 버튜버후원보다 피규어 수집에 돈쓰긴한데,0,2024-12-01T04:51:48Z,0,UgzXL8sY_DubGbXydz94AaABAg.ABUu9-wMcbfABUz2Eoa0p5,Av1zma6uJco,UCCBWsBV4gAXOF8vRYSZnYvw,2024-12-01T04:51:48Z,UgzXL8sY_DubGbXydz94AaABAg,중립
버추얼 아이돌 인기가 이정도? '이세계 아이돌' 역대 펀딩 88억 돌파/ KNN,KNN NEWS,최상위 댓글,@Playboimoohyun,😩😩😩😩😩😩😩😩😩,0,2024-11-28T12:20:09Z,0,Ugz_7ObGXHI3EDD-K_14AaABAg,Av1zma6uJco,UC-tUBd7k6PKicP6lrFeRoFw,2024-11-28T12:20:09Z,,중립
버추얼 아이돌 인기가 이정도? '이세계 아이돌' 역대 펀딩 88억 돌파/ KNN,KNN NEWS,최상위 댓글,@Macfly5951,세균단 손드셈!!,1,2024-11-29T02:03:17Z,1,UgwHPBA3c9-5vxhISnF4AaABAg,Av1zma6uJco,UCBFqenJCxpk1j002_nZkoVA,2024-11-29T02:03:17Z,,중립
버추얼 아이돌 인기가 이정도? '이세계 아이돌' 역대 펀딩 88억 돌파/ KNN,KNN NEWS,대댓글,@hyunjun4095,모두 잠수 준비 네 드릉드릉 잘안들어오우 네 허버허버 오우 깊은저 한남속 갓치마을 드릉드릉스폰지밥 네모난얼굴에 광대얼굴 드릉드릉스폰지밥 식데도 보성이도 모두친구 허버허버스폰지밥 군적금과 희망이 보글보글 스폰지밥 다시는 이세돌을 무시하지마라😊 스폰지밥아 힘조!!!!!!! 힘빡쪼!!!!!,1,2024-11-29T05:37:57Z,0,UgwHPBA3c9-5vxhISnF4AaABAg.ABPXA9C94rcABPujRUgwH4,Av1zma6uJco,UCjzmwRqsgvUllcVnM8oNHZw,2024-11-29T05:37:57Z,UgwHPBA3c9-5vxhISnF4AaABAg,중립
버추얼 아이돌 인기가 이정도? '이세계 아이돌' 역대 펀딩 88억 돌파/ KNN,KNN NEWS,최상위 댓글,@아이네는_역시_158cm,"이야~ 날개 적는다~!!!!!!!
역시 우리 여신님들 ㅠㅠ",0,2024-11-30T03:07:15Z,3,UgwoBdk9IKuc5IqQjVB4AaABAg,Av1zma6uJco,UC2Cj5bCstXTO3HrrZdyuXcw,2024-11-30T03:07:36Z,,중립
버추얼 아이돌 인기가 이정도? '이세계 아이돌' 역대 펀딩 88억 돌파/ KNN,KNN NEWS,대댓글,@굴천지,드릉드릉 피자여신,0,2024-12-01T09:26:03Z,0,UgwoBdk9IKuc5IqQjVB4AaABAg.ABSDH_OFBl3ABVTQrEzINI,Av1zma6uJco,UCAgzqaUq_JbF-FV-XMcAO0A,2024-12-01T09:26:03Z,UgwoBdk9IKuc5IqQjVB4AaABAg,중립
버추얼 아이돌 인기가 이정도? '이세계 아이돌' 역대 펀딩 88억 돌파/ KNN,KNN NEWS,대댓글,@민2-q4m,​@굴천지 비늘이님 얼굴 활짝 피자🍕,0,2024-12-01T13:32:19Z,0,UgwoBdk9IKuc5IqQjVB4AaABAg.ABSDH_OFBl3ABVub_EJmCR,Av1zma6uJco,UCAVVsWkBQ6fSA7RhNeW0CwA,2024-12-01T13:32:19Z,UgwoBdk9IKuc5IqQjVB4AaABAg,중립
버추얼 아이돌 인기가 이정도? '이세계 아이돌' 역대 펀딩 88억 돌파/ KNN,KNN NEWS,대댓글,@굴천지,@민2-q4m 허버허버 드릉드릉 나 고로시~,0,2024-12-01T14:17:41Z,0,UgwoBdk9IKuc5IqQjVB4AaABAg.ABSDH_OFBl3ABVznq2AoSf,Av1zma6uJco,UCAgzqaUq_JbF-FV-XMcAO0A,2024-12-01T14:17:41Z,UgwoBdk9IKuc5IqQjVB4AaABAg,중립
버추얼 아이돌 인기가 이정도? '이세계 아이돌' 역대 펀딩 88억 돌파/ KNN,KNN NEWS,최상위 댓글,@iilllllliilllliilllllliillii,Ai 렉카 방송,0,2024-11-28T21:03:38Z,0,Ugy_eqOqveAuJa-iNzh4AaABAg,Av1zma6uJco,UC5M_JXAqC5Du1VdcNo0ZqMQ,2024-11-28T21:03:38Z,,중립
버추얼 아이돌 인기가 이정도? '이세계 아이돌' 역대 펀딩 88억 돌파/ KNN,KNN NEWS,최상위 댓글,@징징이-t3y,1020 아니고 102030,0,2024-11-27T21:43:56Z,1,UgwFXkv-U5bTsC_k3Ax4AaABAg,Av1zma6uJco,UC5Lr0NqEP_svMhR3e5oQFow,2024-11-27T21:43:56Z,,중립
버추얼 아이돌 인기가 이정도? '이세계 아이돌' 역대 펀딩 88억 돌파/ KNN,KNN NEWS,대댓글,@아무임-s4q,비중이 크지 않으니깐 그러지 그리고 일반적으로  두 세대만 씀,0,2024-11-27T23:14:47Z,0,UgwFXkv-U5bTsC_k3Ax4AaABAg.ABMUgoGDD1JABMe5CGViUl,Av1zma6uJco,UCOwiMZBab85Wce8ieYvN4oA,2024-11-27T23:14:47Z,UgwFXkv-U5bTsC_k3Ax4AaABAg,중립
버추얼 아이돌 인기가 이정도? '이세계 아이돌' 역대 펀딩 88억 돌파/ KNN,KNN NEWS,최상위 댓글,@psy0516,1020일리 없고 2030이잖아,0,2024-11-29T16:07:32Z,1,UgzqoT8w9CIcn4z-EAh4AaABAg,Av1zma6uJco,UCrluuZiOyIpDd-nepo97RRA,2024-11-29T16:07:32Z,,중립
버추얼 아이돌 인기가 이정도? '이세계 아이돌' 역대 펀딩 88억 돌파/ KNN,KNN NEWS,대댓글,@xsk2kw8sk,102030,0,2024-11-30T22:21:04Z,0,UgzqoT8w9CIcn4z-EAh4AaABAg.ABR1mgMkCz2ABUHKMk6zsM,Av1zma6uJco,UCR08mrmVxgV5kj22k3wXNRQ,2024-11-30T22:21:04Z,UgzqoT8w9CIcn4z-EAh4AaABAg,중립
버추얼 아이돌 인기가 이정도? '이세계 아이돌' 역대 펀딩 88억 돌파/ KNN,KNN NEWS,최상위 댓글,@Muyo_cute,65만원 보탰습니다 킹애😊😊,0,2024-11-27T18:06:14Z,1,Ugwzrz2hNvEpdXakSZx4AaABAg,Av1zma6uJco,UCTL0LnK0bwS8UqvmCFKNHVw,2024-11-27T18:06:14Z,,중립
버추얼 아이돌 인기가 이정도? '이세계 아이돌' 역대 펀딩 88억 돌파/ KNN,KNN NEWS,대댓글,@hyunjun4095,⁠모두잠수준비 깊은저 한남속 깃치마을 허버허버스폰지밥 광대얼굴 드릉드릉 스폰지밥 허버허버와 군적금 희망이 보글보글~~ 다시는이세돌을 무시하지마라~~😊😊,0,2024-11-27T21:44:21Z,0,Ugwzrz2hNvEpdXakSZx4AaABAg.ABM5mIz2CkhABMUjotZRrR,Av1zma6uJco,UCjzmwRqsgvUllcVnM8oNHZw,2024-11-27T21:44:21Z,Ugwzrz2hNvEpdXakSZx4AaABAg,중립
버추얼 아이돌 인기가 이정도? '이세계 아이돌' 역대 펀딩 88억 돌파/ KNN,KNN NEWS,최상위 댓글,@l-bear,이게뭐야 ㅋㅋ 처음보는데 이런걸  좋아하구나  신기하다 ㅋㅋ  레게노,0,2024-11-28T11:54:57Z,0,UgxXxCRZPcDfiSET9Ph4AaABAg,Av1zma6uJco,UCFuJ0w73ClTMk5lKYbnTypA,2024-11-28T11:54:57Z,,긍정
버추얼 아이돌 인기가 이정도? '이세계 아이돌' 역대 펀딩 88억 돌파/ KNN,KNN NEWS,최상위 댓글,@Young_peng,무슨 아이돌인지는 모르겠는데 굿즈하나는 예쁘길래 후원했습니다 킹애~!,1,2024-11-27T22:51:35Z,0,Ugw65-bFH0R4qv9Qu6B4AaABAg,Av1zma6uJco,UCYZxVJYjaGKCgesUrh9lZyQ,2024-11-27T22:51:35Z,,긍정
버추얼 아이돌 인기가 이정도? '이세계 아이돌' 역대 펀딩 88억 돌파/ KNN,KNN NEWS,최상위 댓글,@Lilpaaaaaa-w1f,이게 혁명이지,2,2024-11-30T08:24:33Z,5,UgyQ9aJxoFsvtpob01p4AaABAg,Av1zma6uJco,UCKX0IctSyTeGcN-tJaQJmCw,2024-11-30T08:24:33Z,,중립
버추얼 아이돌 인기가 이정도? '이세계 아이돌' 역대 펀딩 88억 돌파/ KNN,KNN NEWS,대댓글,@hyunjun4095,하... 모두 잠수 준비!! 드릉드릉 허버허버 군적금 ㅗㅜㅑ 금지~~~,1,2024-11-30T08:39:28Z,0,UgyQ9aJxoFsvtpob01p4AaABAg.ABSmaVMi34YABSoImLamjL,Av1zma6uJco,UCjzmwRqsgvUllcVnM8oNHZw,2024-11-30T08:39:28Z,UgyQ9aJxoFsvtpob01p4AaABAg,중립
버추얼 아이돌 인기가 이정도? '이세계 아이돌' 역대 펀딩 88억 돌파/ KNN,KNN NEWS,대댓글,@s.r2889,Revolution 느그스텔과는 다른 ㅋㅋ,4,2024-11-30T16:43:20Z,0,UgyQ9aJxoFsvtpob01p4AaABAg.ABSmaVMi34YABTffkuARhT,Av1zma6uJco,UCcXb2GC5gtZHP0zPoDztmgQ,2024-11-30T16:43:20Z,UgyQ9aJxoFsvtpob01p4AaABAg,중립
버추얼 아이돌 인기가 이정도? '이세계 아이돌' 역대 펀딩 88억 돌파/ KNN,KNN NEWS,대댓글,@굴천지,​@s.r2889모두 잠수준비! 드릉드릉 허버허버 힘조 군적금 200 시청자 칼찌 ㅗㅜㅑ 금지 동덕여대 렛츠고~,0,2024-12-01T09:25:17Z,0,UgyQ9aJxoFsvtpob01p4AaABAg.ABSmaVMi34YABVTLDaG4zk,Av1zma6uJco,UCAgzqaUq_JbF-FV-XMcAO0A,2024-12-01T09:25:17Z,UgyQ9aJxoFsvtpob01p4AaABAg,중립
버추얼 아이돌 인기가 이정도? '이세계 아이돌' 역대 펀딩 88억 돌파/ KNN,KNN NEWS,대댓글,@민2-q4m,여기 대댓들은 무지 심심하신가봐요><,2,2024-12-01T13:28:09Z,0,UgyQ9aJxoFsvtpob01p4AaABAg.ABSmaVMi34YABVu86D0i3H,Av1zma6uJco,UCAVVsWkBQ6fSA7RhNeW0CwA,2024-12-01T13:28:09Z,UgyQ9aJxoFsvtpob01p4AaABAg,중립
버추얼 아이돌 인기가 이정도? '이세계 아이돌' 역대 펀딩 88억 돌파/ KNN,KNN NEWS,대댓글,@amare295,​@민2-q4m아이 할 일 없어보여><,0,2024-12-04T07:58:47Z,0,UgyQ9aJxoFsvtpob01p4AaABAg.ABSmaVMi34YABc1pKPY2Ld,Av1zma6uJco,UCJV-2UdfHmWhDl2xTo-Y86Q,2024-12-04T07:58:47Z,UgyQ9aJxoFsvtpob01p4AaABAg,중립
버추얼 아이돌 인기가 이정도? '이세계 아이돌' 역대 펀딩 88억 돌파/ KNN,KNN NEWS,최상위 댓글,@garahan-t6d,킹아,1,2025-02-10T23:45:20Z,0,Ugzppw_3bu9rt4vAcw54AaABAg,Av1zma6uJco,UCOS3qbzeqJIfSOBkNMYFunQ,2025-02-10T23:45:20Z,,중립
버추얼 아이돌 인기가 이정도? '이세계 아이돌' 역대 펀딩 88억 돌파/ KNN,KNN NEWS,최상위 댓글,@미즈키-k9d,"근데 저쪽은 진짜 거창한회사도아니고 ㅈ소규모의 인원들이 저걸 분배해서먹는다는거자나 진짜 개꿀이겟다.
역시 떠오르는트랜드를 먼저 섭렵하면 개이득을본다",0,2024-11-28T07:27:24Z,3,UgxdziyenN4k_D5vMgB4AaABAg,Av1zma6uJco,UCxHj1G8kVbOISZwG4lNUs-g,2024-11-28T07:27:24Z,,중립
버추얼 아이돌 인기가 이정도? '이세계 아이돌' 역대 펀딩 88억 돌파/ KNN,KNN NEWS,대댓글,@We-patty-on_the-block,뼈빠지게 일해서 얻은돈안데 좀 칭찬해주면 덧남?..그리고 그 트렌드를 본것도 그 사람의 센스지,1,2024-11-28T12:43:23Z,0,UgxdziyenN4k_D5vMgB4AaABAg.ABNXTFUMQImABO5cY0jbg5,Av1zma6uJco,UCJNcj2TcsLgNS0UKjYppL7w,2024-11-28T12:43:23Z,UgxdziyenN4k_D5vMgB4AaABAg,중립
버추얼 아이돌 인기가 이정도? '이세계 아이돌' 역대 펀딩 88억 돌파/ KNN,KNN NEWS,대댓글,@흥분의도가니-n9j,"""부아내비""",0,2024-11-28T16:59:35Z,0,UgxdziyenN4k_D5vMgB4AaABAg.ABNXTFUMQImABOYx1kiy43,Av1zma6uJco,UC7UujFsIK0AEfWDnRMM0dLw,2024-11-28T16:59:35Z,UgxdziyenN4k_D5vMgB4AaABAg,중립
버추얼 아이돌 인기가 이정도? '이세계 아이돌' 역대 펀딩 88억 돌파/ KNN,KNN NEWS,대댓글,@Hanabi_12867,ㅈ소규모 ㅋㅋㅌㅌㅌ 님아 저사람들 한국 MCN이자 대형 연예 기획사 패러블의 중심임ㅋㅋㅋㅋ 제발 좀 알고 말했으면,0,2024-11-29T11:43:18Z,0,UgxdziyenN4k_D5vMgB4AaABAg.ABNXTFUMQImABQZYJQABeL,Av1zma6uJco,UCRcBFNjOJ-IORVLjzBQJgoA,2024-11-29T11:44:19Z,UgxdziyenN4k_D5vMgB4AaABAg,중립
버추얼 아이돌 인기가 이정도? '이세계 아이돌' 역대 펀딩 88억 돌파/ KNN,KNN NEWS,최상위 댓글,@해삐-r5f,애니메이션 캐릭터들이 노래하는게 인기가 많군요,1,2024-11-27T23:56:58Z,6,UgwXC-3Y8S910cQCBuZ4AaABAg,Av1zma6uJco,UCnnAFRjvi5dd4y-J6hYjcNg,2024-11-27T23:56:58Z,,중립
버추얼 아이돌 인기가 이정도? '이세계 아이돌' 역대 펀딩 88억 돌파/ KNN,KNN NEWS,대댓글,@두더지-o4r,실제 인간이에요,1,2024-11-28T00:18:56Z,0,UgwXC-3Y8S910cQCBuZ4AaABAg.ABMivAxpTcbABMlR-Qom5r,Av1zma6uJco,UC1uo8thJwjy4nmVH-SjZTvQ,2024-11-28T00:18:56Z,UgwXC-3Y8S910cQCBuZ4AaABAg,중립
버추얼 아이돌 인기가 이정도? '이세계 아이돌' 역대 펀딩 88억 돌파/ KNN,KNN NEWS,대댓글,@Peanutmyfriend,얼굴공개 없이 활동하는 가수라고 보면 쉬움,2,2024-11-28T00:44:07Z,0,UgwXC-3Y8S910cQCBuZ4AaABAg.ABMivAxpTcbABMoJWhjrgq,Av1zma6uJco,UCIs0UfaTPq6TDWbjr9g_KEg,2024-11-28T00:44:07Z,UgwXC-3Y8S910cQCBuZ4AaABAg,중립
버추얼 아이돌 인기가 이정도? '이세계 아이돌' 역대 펀딩 88억 돌파/ KNN,KNN NEWS,대댓글,@oysterhole,그래서 페미라네여,1,2024-11-28T00:57:24Z,0,UgwXC-3Y8S910cQCBuZ4AaABAg.ABMivAxpTcbABMppom04Wn,Av1zma6uJco,UC82mFbAgX8mHp5mrzEPkQbw,2024-11-28T00:57:24Z,UgwXC-3Y8S910cQCBuZ4AaABAg,중립
버추얼 아이돌 인기가 이정도? '이세계 아이돌' 역대 펀딩 88억 돌파/ KNN,KNN NEWS,대댓글,@dmgxz,"세상이 바뀌는거라 생각합니다 
좋은 문화라고 생각해요",1,2024-11-28T03:02:54Z,0,UgwXC-3Y8S910cQCBuZ4AaABAg.ABMivAxpTcbABN3C0P5Y12,Av1zma6uJco,UCDz-C3zU5CGlfaZU1hGyXEA,2024-11-28T03:02:54Z,UgwXC-3Y8S910cQCBuZ4AaABAg,중립
버추얼 아이돌 인기가 이정도? '이세계 아이돌' 역대 펀딩 88억 돌파/ KNN,KNN NEWS,대댓글,@고독한찬미,ㅋㅋㅋㅋㅋㅋㅋㅋㅋㅋㅋㅋㅋㅋㅋㅋㅋㅋㅋㅋㅋㅋㅋㅋㅋㅋㅋㅋㅋㅋㅋㅋㅋㅋ,1,2024-11-28T06:20:25Z,0,UgwXC-3Y8S910cQCBuZ4AaABAg.ABMivAxpTcbABNPnfRVvMw,Av1zma6uJco,UCVRrZzn4QRnHNHnbdPKDBSg,2024-11-28T06:20:25Z,UgwXC-3Y8S910cQCBuZ4AaABAg,중립
버추얼 아이돌 인기가 이정도? '이세계 아이돌' 역대 펀딩 88억 돌파/ KNN,KNN NEWS,최상위 댓글,@kunq1109,"이게 양지로 올라올 내용인가?
라고하기에 88억은 좀 큰 돈이긴 하다",0,2024-11-27T22:58:42Z,3,UgyoMI4sm1BZkruRlP94AaABAg,Av1zma6uJco,UCLfm71sX7MlwKfPw4y_TzNg,2024-11-27T22:58:42Z,,중립
버추얼 아이돌 인기가 이정도? '이세계 아이돌' 역대 펀딩 88억 돌파/ KNN,KNN NEWS,대댓글,@두더지-o4r,저게 왜 음지임?? 음지 양지 구분이 대체 어디있음??,0,2024-11-28T00:22:52Z,0,UgyoMI4sm1BZkruRlP94AaABAg.ABMcFPHucheABMlsmWlwet,Av1zma6uJco,UC1uo8thJwjy4nmVH-SjZTvQ,2024-11-28T00:22:52Z,UgyoMI4sm1BZkruRlP94AaABAg,중립
버추얼 아이돌 인기가 이정도? '이세계 아이돌' 역대 펀딩 88억 돌파/ KNN,KNN NEWS,대댓글,@그냥저냥,​@두더지-o4r인방 + 버추얼이 음지지 그럼 양지임?,2,2024-11-28T01:02:16Z,0,UgyoMI4sm1BZkruRlP94AaABAg.ABMcFPHucheABMqOQr2yXE,Av1zma6uJco,UCGmlS2RZs8abBn4lkOc7WHg,2024-11-28T01:02:16Z,UgyoMI4sm1BZkruRlP94AaABAg,중립
버추얼 아이돌 인기가 이정도? '이세계 아이돌' 역대 펀딩 88억 돌파/ KNN,KNN NEWS,대댓글,@두더지-o4r,@그냥저냥 그게 왜 음지임? 기준점이 머임?,0,2024-11-28T02:12:45Z,0,UgyoMI4sm1BZkruRlP94AaABAg.ABMcFPHucheABMySdqdXPo,Av1zma6uJco,UC1uo8thJwjy4nmVH-SjZTvQ,2024-11-28T02:12:45Z,UgyoMI4sm1BZkruRlP94AaABAg,중립
버추얼 아이돌 인기가 이정도? '이세계 아이돌' 역대 펀딩 88억 돌파/ KNN,KNN NEWS,최상위 댓글,@정신-m9k,우왁굳 그타 노숙자 때부터 좋아했는데 참..,1,2024-11-28T04:28:31Z,2,UgyfNGfqJaOPzJn10m14AaABAg,Av1zma6uJco,UCOWOtTioCLw5JGDiZJ3VHkg,2024-11-28T04:28:31Z,,긍정
버추얼 아이돌 인기가 이정도? '이세계 아이돌' 역대 펀딩 88억 돌파/ KNN,KNN NEWS,대댓글,@흥분의도가니-n9j,아유 어르신 약드실 시간이여유,1,2024-11-28T05:09:46Z,0,UgyfNGfqJaOPzJn10m14AaABAg.ABNCzyqehqTABNHi3J-XFu,Av1zma6uJco,UC7UujFsIK0AEfWDnRMM0dLw,2024-11-28T05:09:46Z,UgyfNGfqJaOPzJn10m14AaABAg,중립
버추얼 아이돌 인기가 이정도? '이세계 아이돌' 역대 펀딩 88억 돌파/ KNN,KNN NEWS,대댓글,@정신-m9k,@흥분의도가니-n9j 왁창 멋지다 야 주기적으로 들어와서 댓글 최신순 뒤져보면서 쉴드치는거 ㅋㅋ,0,2024-11-28T11:38:35Z,0,UgyfNGfqJaOPzJn10m14AaABAg.ABNCzyqehqTABNzCx-N7Vq,Av1zma6uJco,UCOWOtTioCLw5JGDiZJ3VHkg,2024-11-28T11:38:35Z,UgyfNGfqJaOPzJn10m14AaABAg,긍정
버추얼 아이돌 인기가 이정도? '이세계 아이돌' 역대 펀딩 88억 돌파/ KNN,KNN NEWS,최상위 댓글,@백작김군,이세돌은 바둑의 신 아니였나요?,0,2024-11-30T02:33:11Z,2,UgyP6M2ufRmYXz7Ulrp4AaABAg,Av1zma6uJco,UCNpvJbbHwv-3H1WMmiQkx2Q,2024-11-30T02:33:11Z,,중립
버추얼 아이돌 인기가 이정도? '이세계 아이돌' 역대 펀딩 88억 돌파/ KNN,KNN NEWS,대댓글,@right-h2i,요즘에는 이세돌이라 하면 버추얼 아이돌으로 앎 ㅠㅠ,0,2024-11-30T03:30:42Z,0,UgyP6M2ufRmYXz7Ulrp4AaABAg.ABS9O14zqADABSFyNpRNZa,Av1zma6uJco,UCwY-Juo90Zvuc4qGBI0kh1A,2024-11-30T03:30:42Z,UgyP6M2ufRmYXz7Ulrp4AaABAg,중립
버추얼 아이돌 인기가 이정도? '이세계 아이돌' 역대 펀딩 88억 돌파/ KNN,KNN NEWS,대댓글,@민2-q4m,네! 그분도 계시죠! 바둑9단 이세돌님은 바둑기사 은퇴하시구 요새 보드게임 만드신대요,0,2024-12-01T13:33:53Z,0,UgyP6M2ufRmYXz7Ulrp4AaABAg.ABS9O14zqADABVun-r2ttR,Av1zma6uJco,UCAVVsWkBQ6fSA7RhNeW0CwA,2024-12-01T13:33:53Z,UgyP6M2ufRmYXz7Ulrp4AaABAg,중립
버추얼 아이돌 인기가 이정도? '이세계 아이돌' 역대 펀딩 88억 돌파/ KNN,KNN NEWS,최상위 댓글,@수면바지-o3h,20은 알겠는데 10이 굿즈를 구매함? 용돈 많아보네 ㅋㅋ 2030아님? 😂,0,2024-11-28T06:44:26Z,1,UgxBE76snDRQ3e8Vxg54AaABAg,Av1zma6uJco,UCrbWwjnnqWkvg4bHwrLAgiA,2024-11-28T06:44:26Z,,긍정
버추얼 아이돌 인기가 이정도? '이세계 아이돌' 역대 펀딩 88억 돌파/ KNN,KNN NEWS,대댓글,@zwz-w4b,달에 용돈 10~20정도 받고 밖에서 잘안놀고 집에서 사이버 문화생활만 즐기는 사람이면 가능할거 같은데,1,2024-11-28T12:42:01Z,0,UgxBE76snDRQ3e8Vxg54AaABAg.ABNSYVhbh05ABO5TXPZpZP,Av1zma6uJco,UCdSoCJFZXnH6n3xlBJsnmZA,2024-11-28T12:42:01Z,UgxBE76snDRQ3e8Vxg54AaABAg,중립
버추얼 아이돌 인기가 이정도? '이세계 아이돌' 역대 펀딩 88억 돌파/ KNN,KNN NEWS,최상위 댓글,@아니근데진짜-h4j,동덕아이돌밖에 없다 얘들아,0,2024-11-28T05:03:11Z,0,UgxLF2Nuqk3DEuCRMPV4AaABAg,Av1zma6uJco,UCOURx3ThX5kfgxj7vcuNZvg,2024-11-28T05:03:11Z,,중립
버추얼 아이돌 인기가 이정도? '이세계 아이돌' 역대 펀딩 88억 돌파/ KNN,KNN NEWS,최상위 댓글,@Rose_in_Strawberry,왜 썸네일은 ai..ㅠㅠ,0,2024-11-28T05:14:22Z,2,UgwFL3npExTO3M3x-TN4AaABAg,Av1zma6uJco,UCNXnive_6wfxrCAdDj5PhRg,2024-11-28T05:14:22Z,,중립
버추얼 아이돌 인기가 이정도? '이세계 아이돌' 역대 펀딩 88억 돌파/ KNN,KNN NEWS,대댓글,@막한다_막한다,예전에 탈락된 앨범 커버라고 알고 있음,1,2024-11-28T06:17:56Z,0,UgwFL3npExTO3M3x-TN4AaABAg.ABNIEkPzU5-ABNPWP9ft3h,Av1zma6uJco,UCjqy1SrBvz9rXsteMFUE2_g,2024-11-28T06:17:56Z,UgwFL3npExTO3M3x-TN4AaABAg,중립
버추얼 아이돌 인기가 이정도? '이세계 아이돌' 역대 펀딩 88억 돌파/ KNN,KNN NEWS,대댓글,@Rose_in_Strawberry,@MAKANDA_FOREVER_TV  앗 ai일러가 아닌가요?,0,2024-11-28T07:00:35Z,0,UgwFL3npExTO3M3x-TN4AaABAg.ABNIEkPzU5-ABNUOlpyvRE,Av1zma6uJco,UCNXnive_6wfxrCAdDj5PhRg,2024-11-28T07:00:35Z,UgwFL3npExTO3M3x-TN4AaABAg,중립
버추얼 아이돌 인기가 이정도? '이세계 아이돌' 역대 펀딩 88억 돌파/ KNN,KNN NEWS,최상위 댓글,@오소리ye,"비트코인 보는 기분이네요
비트코인은 실물이 아니니 언젠가 거품 빠질 줄 알았는데 1억원 뚫는 거 처럼 
세상 신기하네",0,2024-12-05T18:48:20Z,0,UgzxrA5DN5iMYYRJaf94AaABAg,Av1zma6uJco,UC88z7CpkHC5Pz3siFWSlUnA,2024-12-05T18:48:20Z,,중립
버추얼 아이돌 인기가 이정도? '이세계 아이돌' 역대 펀딩 88억 돌파/ KNN,KNN NEWS,최상위 댓글,@kik310,저거 수익 어떻게 나눠갖으려나?,0,2024-11-27T19:43:18Z,2,Ugy24GsklTdC-iPbKSB4AaABAg,Av1zma6uJco,UCZ-RWwvBd5l_-hEDLtcjFGA,2024-11-27T19:43:18Z,,중립
버추얼 아이돌 인기가 이정도? '이세계 아이돌' 역대 펀딩 88억 돌파/ KNN,KNN NEWS,대댓글,@styright_8ght759,"일단 뭐 세금같은거 제외하고 굿즈사에 드는 돈이 제일 많을거고 그다음으로는 소속사, 그다음이 스트리머들에게 들어가는 돈일거임",0,2024-11-27T20:56:21Z,0,Ugy24GsklTdC-iPbKSB4AaABAg.ABMGtAIiym0ABMPFFgo6TS,Av1zma6uJco,UCcEMQaMSiw45D7Mxw3X0q5g,2024-11-27T20:56:21Z,Ugy24GsklTdC-iPbKSB4AaABAg,긍정
버추얼 아이돌 인기가 이정도? '이세계 아이돌' 역대 펀딩 88억 돌파/ KNN,KNN NEWS,대댓글,@막한다_막한다,"일단 굿즈 제작과 직원들 임금 사용하고 남는돈은 이세돌, 왁굳, 카카오엔터가 가져갈듯",0,2024-11-28T06:14:48Z,0,Ugy24GsklTdC-iPbKSB4AaABAg.ABMGtAIiym0ABNP9T7erbW,Av1zma6uJco,UCjqy1SrBvz9rXsteMFUE2_g,2024-11-28T06:14:48Z,Ugy24GsklTdC-iPbKSB4AaABAg,긍정
버추얼 아이돌 인기가 이정도? '이세계 아이돌' 역대 펀딩 88억 돌파/ KNN,KNN NEWS,최상위 댓글,@싱글벙글가글,티비나오나이제?,0,2024-12-04T09:16:26Z,1,UgwAl1BWE-1R0dK-eAB4AaABAg,Av1zma6uJco,UCA9K3EGGZnbzwSk2k9d7xiw,2024-12-04T09:16:26Z,,중립
버추얼 아이돌 인기가 이정도? '이세계 아이돌' 역대 펀딩 88억 돌파/ KNN,KNN NEWS,대댓글,@sop,음악중심에 이미 나오지 않았음?,0,2024-12-16T13:04:33Z,0,UgwAl1BWE-1R0dK-eAB4AaABAg.ABcAi2SyuyQAC6UMKU2bG1,Av1zma6uJco,UCHolT6YuKXPkSWiBwjWZT_g,2024-12-16T13:04:33Z,UgwAl1BWE-1R0dK-eAB4AaABAg,중립
버추얼 아이돌 인기가 이정도? '이세계 아이돌' 역대 펀딩 88억 돌파/ KNN,KNN NEWS,최상위 댓글,@태공량,바둑?,0,2024-11-29T22:55:12Z,1,UgyrAac9Vu8f_Fh2ZK14AaABAg,Av1zma6uJco,UCVRj_RUO2d9rmI5D-jUysPQ,2024-11-29T22:55:12Z,,중립
버추얼 아이돌 인기가 이정도? '이세계 아이돌' 역대 펀딩 88억 돌파/ KNN,KNN NEWS,대댓글,@민2-q4m,그분도 있죠😂 하지만 이세계아이돌은 바둑9단 이세돌님과는 아무 연관이 없어요ㅋㅋ,0,2024-12-01T13:40:21Z,0,UgyrAac9Vu8f_Fh2ZK14AaABAg.ABRlRUetgymABVvXRSsjyX,Av1zma6uJco,UCAVVsWkBQ6fSA7RhNeW0CwA,2024-12-01T13:40:21Z,UgyrAac9Vu8f_Fh2ZK14AaABAg,중립
버추얼 아이돌 인기가 이정도? '이세계 아이돌' 역대 펀딩 88억 돌파/ KNN,KNN NEWS,최상위 댓글,@로토라,이세돌은 버튜버라 생각하지 않음 K아이돌이지,1,2024-11-28T03:45:10Z,0,UgyYPHa7O8jN3_qRAPd4AaABAg,Av1zma6uJco,UC2q4xqR9KjjMlIV7d00xu_A,2024-11-28T03:45:10Z,,중립
버추얼 아이돌 인기가 이정도? '이세계 아이돌' 역대 펀딩 88억 돌파/ KNN,KNN NEWS,최상위 댓글,@시브,"실제로는 10대~40대 초까지는 인기많지 않나
우왁굳의 팬덤 규모가 고루 분포되있는데",0,2024-11-28T13:36:11Z,1,UgxtIwoFc8Ob9jiVDLJ4AaABAg,Av1zma6uJco,UCfDErrVKJCHd1NYGbbxexZQ,2024-11-28T13:36:11Z,,중립
버추얼 아이돌 인기가 이정도? '이세계 아이돌' 역대 펀딩 88억 돌파/ KNN,KNN NEWS,대댓글,@hyunjun4095,모두 잠수준비 드릉드릉 과 허버허버 군적금의 희망이 버대남을 감싸안는다....,0,2024-11-28T16:58:18Z,0,UgxtIwoFc8Ob9jiVDLJ4AaABAg.ABOBfDR9P9QABOYndGPhkK,Av1zma6uJco,UCjzmwRqsgvUllcVnM8oNHZw,2024-11-28T16:58:18Z,UgxtIwoFc8Ob9jiVDLJ4AaABAg,중립
버추얼 아이돌 인기가 이정도? '이세계 아이돌' 역대 펀딩 88억 돌파/ KNN,KNN NEWS,최상위 댓글,@povy077,욕하는 애들은 얘네들보다 돈도 못 벌면서 버추얼이리고 욕함 ㅋㅋㅋ 너네들은 버추얼이라도 좀 해라,1,2024-11-27T21:58:27Z,2,Ugz_FJC7BBG3fOmPzpp4AaABAg,Av1zma6uJco,UCslQpPZJqD4jc08yxIiPovA,2024-11-27T21:58:27Z,,중립
버추얼 아이돌 인기가 이정도? '이세계 아이돌' 역대 펀딩 88억 돌파/ KNN,KNN NEWS,대댓글,@394beuriw9,모두 잠수 준비 네 드릉드릉 잘안들어오우 네 허버허버 오우 깊은저 한남속 깃치마을 드릉드릉스폰지밪 광대얼굴에 식데도 보성이도 모두친구 허버허버스폰지밥 군적금과 희망이 보글보글 스폰지밥 다시는 이세돌을 무시하지마라😊,6,2024-11-27T21:59:19Z,0,Ugz_FJC7BBG3fOmPzpp4AaABAg.ABMWM6He6OpABMWSRUAPJu,Av1zma6uJco,UCeqTZvOf83hnNBORRbVKiUA,2024-11-27T21:59:19Z,Ugz_FJC7BBG3fOmPzpp4AaABAg,중립
버추얼 아이돌 인기가 이정도? '이세계 아이돌' 역대 펀딩 88억 돌파/ KNN,KNN NEWS,대댓글,@hyunjun4095,⁠모두잠수준비 깊은저 한남속 깃치마을 허버허버스폰지밥 광대얼굴 드릉드릉 스폰지밥 허버허버와 군적금 희망이 보글보글~~ 다시는이세돌을 무시하지마라~~,3,2024-11-27T22:00:00Z,0,Ugz_FJC7BBG3fOmPzpp4AaABAg.ABMWM6He6OpABMWXNe1yx1,Av1zma6uJco,UCjzmwRqsgvUllcVnM8oNHZw,2024-11-27T22:00:00Z,Ugz_FJC7BBG3fOmPzpp4AaABAg,중립
버추얼 아이돌 인기가 이정도? '이세계 아이돌' 역대 펀딩 88억 돌파/ KNN,KNN NEWS,최상위 댓글,@Fried_Apple,뿌듯하네요,0,2024-11-29T00:18:15Z,0,UgwyHYNZ0eG9NIOpD3p4AaABAg,Av1zma6uJco,UCT0CJnDQfOYprn36YhY6adw,2024-11-29T00:18:15Z,,중립
버추얼 아이돌 인기가 이정도? '이세계 아이돌' 역대 펀딩 88억 돌파/ KNN,KNN NEWS,최상위 댓글,@빠야빠빠아빠빠빠빠빠,대체 내 주변엔…. 일반인코스프레하는 덕후들이 얼마나 있을까.. 궁금해진다…..,0,2024-11-29T07:01:20Z,2,UgxjyrPtcpVpobyE3kN4AaABAg,Av1zma6uJco,UCKYygQE5mPJRbbxY1YQ7Y6g,2024-11-29T07:01:20Z,,중립
버추얼 아이돌 인기가 이정도? '이세계 아이돌' 역대 펀딩 88억 돌파/ KNN,KNN NEWS,대댓글,@Cherry-0292,니 주변에 사람이 없는데 뭔 궁금해하고있니,0,2024-11-30T00:12:51Z,0,UgxjyrPtcpVpobyE3kN4AaABAg.ABQ3HCmigfeABRuKAuBC3-,Av1zma6uJco,UC0Bua9bU0CuWLWAurS1iUQA,2024-11-30T00:12:51Z,UgxjyrPtcpVpobyE3kN4AaABAg,중립
버추얼 아이돌 인기가 이정도? '이세계 아이돌' 역대 펀딩 88억 돌파/ KNN,KNN NEWS,대댓글,@xsk2kw8sk,개많음 ㅇㅇ,0,2024-11-30T22:25:21Z,0,UgxjyrPtcpVpobyE3kN4AaABAg.ABQ3HCmigfeABUHokaiT7c,Av1zma6uJco,UCR08mrmVxgV5kj22k3wXNRQ,2024-11-30T22:25:21Z,UgxjyrPtcpVpobyE3kN4AaABAg,중립
버추얼 아이돌 인기가 이정도? '이세계 아이돌' 역대 펀딩 88억 돌파/ KNN,KNN NEWS,최상위 댓글,@온유-y6p,오타쿠를 혐오하던 시절에서 오타쿠의 나라가 되었노 뭐 일본 좋아하면서 내로남불이긴했어,2,2025-01-08T00:27:35Z,0,Ugx-wk3jId80LsJeIYl4AaABAg,Av1zma6uJco,UCz_--1_0iJ2qnvcy2whNqNg,2025-01-08T00:27:35Z,,긍정
버추얼 아이돌 인기가 이정도? '이세계 아이돌' 역대 펀딩 88억 돌파/ KNN,KNN NEWS,최상위 댓글,@백종원-d5i,젊은애들이 이런거 좋아할수록 나라가 정상화될거라 지지함.,2,2024-11-30T05:05:35Z,1,UgxZXeC4ErIqo-tCQQp4AaABAg,Av1zma6uJco,UCy6YHDngHXVHSEokQLTN3Yg,2024-11-30T05:05:35Z,,긍정
버추얼 아이돌 인기가 이정도? '이세계 아이돌' 역대 펀딩 88억 돌파/ KNN,KNN NEWS,대댓글,@민2-q4m,신창섭?,0,2024-12-01T13:29:10Z,0,UgxZXeC4ErIqo-tCQQp4AaABAg.ABSQpGNEFglABVuFURv8vO,Av1zma6uJco,UCAVVsWkBQ6fSA7RhNeW0CwA,2024-12-01T13:29:10Z,UgxZXeC4ErIqo-tCQQp4AaABAg,중립
버추얼 아이돌 인기가 이정도? '이세계 아이돌' 역대 펀딩 88억 돌파/ KNN,KNN NEWS,최상위 댓글,@김주혁-h7z,"나빼고 다 돈이 많네
이런데 돈을 쓰고",0,2024-11-29T23:12:23Z,1,UgxmOBLkU2BLIHqLJq14AaABAg,Av1zma6uJco,UClqEC87tNPgdnDVN2mcvJIQ,2024-11-29T23:12:23Z,,중립
버추얼 아이돌 인기가 이정도? '이세계 아이돌' 역대 펀딩 88억 돌파/ KNN,KNN NEWS,대댓글,@민2-q4m,네! 돈 많아요💲 멋지죠?,0,2024-12-01T13:39:33Z,0,UgxmOBLkU2BLIHqLJq14AaABAg.ABRnPK97ctTABVvRThdVJw,Av1zma6uJco,UCAVVsWkBQ6fSA7RhNeW0CwA,2024-12-01T13:39:33Z,UgxmOBLkU2BLIHqLJq14AaABAg,긍정
버추얼 아이돌 인기가 이정도? '이세계 아이돌' 역대 펀딩 88억 돌파/ KNN,KNN NEWS,최상위 댓글,@쵸치묘,대단한거 인정하는데 춤같은거나 영상제작도 본인들이직접안추고 모션딸수도있는거고 진짜 인지 라이브검증도 불가능하고,1,2024-11-30T01:37:21Z,3,UgyrswMTSpd1dknq_1N4AaABAg,Av1zma6uJco,UCayYOU1trgFUqopsD1Jaopg,2024-11-30T01:37:21Z,,중립
버추얼 아이돌 인기가 이정도? '이세계 아이돌' 역대 펀딩 88억 돌파/ KNN,KNN NEWS,대댓글,@xoxv0116,방송에서 라이브로 모션캡처 슈트입고 춤추는게 찾아보면 얼마나 많은데,0,2024-11-30T06:59:17Z,0,UgyrswMTSpd1dknq_1N4AaABAg.ABS3-5CYWuwABScq0i74TE,Av1zma6uJco,UCQXVEM5rpVg56TU4huyfBnw,2024-11-30T06:59:17Z,UgyrswMTSpd1dknq_1N4AaABAg,중립
버추얼 아이돌 인기가 이정도? '이세계 아이돌' 역대 펀딩 88억 돌파/ KNN,KNN NEWS,대댓글,@성이름-o8h9c,의심병도 정병인뎅ㅋ,0,2024-11-30T07:47:26Z,0,UgyrswMTSpd1dknq_1N4AaABAg.ABS3-5CYWuwABSiLeS0-KK,Av1zma6uJco,UCIU1o0yREEwW42BkhlIWsyQ,2024-11-30T07:47:26Z,UgyrswMTSpd1dknq_1N4AaABAg,중립
버추얼 아이돌 인기가 이정도? '이세계 아이돌' 역대 펀딩 88억 돌파/ KNN,KNN NEWS,대댓글,@VIichan_RANE,요즘 모캡 입고 현실 합방하고 심지어 릴파님은 노래 라이브 쌉가능입니다. 릴파님뿐만 아니라 아이네님 비챤님 고세구님 징버거님 다 노래 잘 부르세요..,0,2024-12-01T11:26:00Z,0,UgyrswMTSpd1dknq_1N4AaABAg.ABS3-5CYWuwABVg9MZa1XZ,Av1zma6uJco,UCwH9f0nhcalCRR4ewTdWhUA,2024-12-01T11:26:00Z,UgyrswMTSpd1dknq_1N4AaABAg,중립
버추얼 아이돌 인기가 이정도? '이세계 아이돌' 역대 펀딩 88억 돌파/ KNN,KNN NEWS,최상위 댓글,@likeit-,씹덕이 점점 늘어나고 있구만.. 이러다가 주류가 되겠어,0,2024-11-27T23:21:14Z,0,UgxDNL9Xwz_VQ3wDUr54AaABAg,Av1zma6uJco,UCJYKaAweoHtYC_WZLJmZPWw,2024-11-27T23:21:14Z,,중립
버추얼 아이돌 인기가 이정도? '이세계 아이돌' 역대 펀딩 88억 돌파/ KNN,KNN NEWS,최상위 댓글,@이진우-f6u3w,bts마냥 세계로 ㅋㅋ,0,2024-11-28T00:20:49Z,0,UgzRCtPxYZv2zdHNtBp4AaABAg,Av1zma6uJco,UCz1yf9yihMrTtlD6NLxKKdw,2024-11-28T00:20:49Z,,중립
버추얼 아이돌 인기가 이정도? '이세계 아이돌' 역대 펀딩 88억 돌파/ KNN,KNN NEWS,최상위 댓글,@user-wechkb,버추얼은 아직도 적응이 안되네 ㅋㅋ,0,2024-11-27T17:46:05Z,0,UgzURnUtKclIK_r9ulZ4AaABAg,Av1zma6uJco,UC1zvslOnGt8ehfH-dpMu5Nw,2024-11-27T17:46:05Z,,중립
버추얼 아이돌 인기가 이정도? '이세계 아이돌' 역대 펀딩 88억 돌파/ KNN,KNN NEWS,최상위 댓글,@Sifmddl110,실물 콘서트 ㄱㅈㅇ,1,2025-02-21T07:48:07Z,0,Ugy_RhZqoL6A8tmJ6gJ4AaABAg,Av1zma6uJco,UCtlvxvFM8I_0xZxdCFnBMSg,2025-02-21T07:48:07Z,,중립
버추얼 아이돌 인기가 이정도? '이세계 아이돌' 역대 펀딩 88억 돌파/ KNN,KNN NEWS,최상위 댓글,@Delmn,1020 지갑털어서 80억대는 진짜 ㅋㅋㅋㅋㅋ,0,2024-11-28T05:31:58Z,0,Ugz9ciT8Gzb5CxQzzLN4AaABAg,Av1zma6uJco,UCzMi9dIpmoRflXQg5_YRtNg,2024-11-28T05:31:58Z,,중립
버추얼 아이돌 인기가 이정도? '이세계 아이돌' 역대 펀딩 88억 돌파/ KNN,KNN NEWS,최상위 댓글,@Unknown36974,ㄹㅇ세상이 미쳐 돌아가노,1,2024-11-28T02:45:59Z,0,Ugx5ebyDZlCbnFzLq854AaABAg,Av1zma6uJco,UCXZydAbSupm3EstK2eIGwKQ,2024-11-28T02:45:59Z,,중립
버추얼 아이돌 인기가 이정도? '이세계 아이돌' 역대 펀딩 88억 돌파/ KNN,KNN NEWS,최상위 댓글,@수리자누다,세구단 화이팅,0,2024-11-27T22:26:15Z,0,Ugz_zrnMaXkqcQyFglp4AaABAg,Av1zma6uJco,UCfbS-PFaflrhaKGOiAXh39g,2024-11-27T22:26:15Z,,중립
버추얼 아이돌 인기가 이정도? '이세계 아이돌' 역대 펀딩 88억 돌파/ KNN,KNN NEWS,최상위 댓글,@iiyoo-xt5sb,88억 저거 누가 가져가나요?,1,2024-11-28T05:54:06Z,3,UgxooEPpyA_VnuOt_zF4AaABAg,Av1zma6uJco,UCW8EgyeZRfYNO6RLFvmW-kA,2024-11-28T05:54:06Z,,중립
버추얼 아이돌 인기가 이정도? '이세계 아이돌' 역대 펀딩 88억 돌파/ KNN,KNN NEWS,대댓글,@user-zx6ez4kk8w,저거 굿즈값 인건비빼면 별로안남을듯,0,2024-11-28T05:59:07Z,0,UgxooEPpyA_VnuOt_zF4AaABAg.ABNMmrYanEaABNNMd4FQCC,Av1zma6uJco,UCuTY3hm07wAVxRUJ5bOWidg,2024-11-28T05:59:07Z,UgxooEPpyA_VnuOt_zF4AaABAg,중립
버추얼 아이돌 인기가 이정도? '이세계 아이돌' 역대 펀딩 88억 돌파/ KNN,KNN NEWS,대댓글,@isegye4ever,"출판사 디앤씨미디어와 11종의 각 굿즈 공장에서 수량에 따라 n분, 카카오랑 텀블벅이랑 mcn인 패러블에서 또 n분, 
그렇게 남은 금액들을 이세계아이돌이랑 왁사장이 받을듯 하네요 메인은 결국 굿즈라 남는건 별로 안남아있겠죠",1,2024-11-28T06:07:33Z,0,UgxooEPpyA_VnuOt_zF4AaABAg.ABNMmrYanEaABNOKPuyNUd,Av1zma6uJco,UCvVm5-UYNSVMhyUwo3mk4kQ,2024-11-28T06:16:36Z,UgxooEPpyA_VnuOt_zF4AaABAg,중립
버추얼 아이돌 인기가 이정도? '이세계 아이돌' 역대 펀딩 88억 돌파/ KNN,KNN NEWS,대댓글,@막한다_막한다,"일단 굿즈 제작과 직원들 임금 사용하고 남는돈은 이세돌, 왁굳, 카카오엔터가 가져갈듯",0,2024-11-28T06:14:36Z,0,UgxooEPpyA_VnuOt_zF4AaABAg.ABNMmrYanEaABNP7yRpiql,Av1zma6uJco,UCjqy1SrBvz9rXsteMFUE2_g,2024-11-28T06:14:36Z,UgxooEPpyA_VnuOt_zF4AaABAg,긍정
버추얼 아이돌 인기가 이정도? '이세계 아이돌' 역대 펀딩 88억 돌파/ KNN,KNN NEWS,최상위 댓글,@땅땅이-r4c,저기 맴버중 누구인지는 몰라도 ㅓㅜㅑ 이거 친다고 불편하다고 말했던거 같은데..,0,2024-11-29T12:06:11Z,0,Ugwv3PXTWWjF3C39il94AaABAg,Av1zma6uJco,UCDoRM4fZWKy7V7VAfSZWtVQ,2024-11-29T12:06:11Z,,중립
버추얼 아이돌 인기가 이정도? '이세계 아이돌' 역대 펀딩 88억 돌파/ KNN,KNN NEWS,최상위 댓글,@KellyJ-z5m,왁굳형 때돈 번거야?,0,2024-11-27T22:03:29Z,1,UgwGH08o3lnqIvJGWmB4AaABAg,Av1zma6uJco,UChr3nyy0eV7YXySO6a-3eww,2024-11-27T22:03:29Z,,중립
버추얼 아이돌 인기가 이정도? '이세계 아이돌' 역대 펀딩 88억 돌파/ KNN,KNN NEWS,대댓글,@cerercse671,"저거 남는거 별로 없음... 카카오, 디앤씨미디어, 텀블벅 수수료 등 + 생산원가 하면 남는게 그다지... 
이윤보다는 카카오쪽이나 이런데서 홍보성 가치를 두고 하는 사업이라고 보는게 맞음..",0,2024-11-28T04:13:26Z,0,UgwGH08o3lnqIvJGWmB4AaABAg.ABMWw0kmddEABNBG_Xxla1,Av1zma6uJco,UCdw3FfSeC7kMIZ27T9nnmmg,2024-11-28T04:13:26Z,UgwGH08o3lnqIvJGWmB4AaABAg,부정
버추얼 아이돌 인기가 이정도? '이세계 아이돌' 역대 펀딩 88억 돌파/ KNN,KNN NEWS,최상위 댓글,@amurika6336,실물이 궁금하다..,0,2024-11-27T17:42:45Z,0,UgyBxRS01LqCoQ71Y0N4AaABAg,Av1zma6uJco,UC_kgsjAcaBZabrnbaGhSR9A,2024-11-27T17:42:45Z,,중립
버추얼 아이돌 인기가 이정도? '이세계 아이돌' 역대 펀딩 88억 돌파/ KNN,KNN NEWS,최상위 댓글,@Zhnmak,이세돌이 뭐하는거임? 얼굴 가리고 노래만 부르는거?,2,2024-11-28T04:26:05Z,3,Ugw_ypetzrw46qPevJJ4AaABAg,Av1zma6uJco,UCFpxMeR_BKMyRdoC63i4DeQ,2024-11-28T04:26:05Z,,중립
버추얼 아이돌 인기가 이정도? '이세계 아이돌' 역대 펀딩 88억 돌파/ KNN,KNN NEWS,대댓글,@user-zx6ez4kk8w,"아이돌컨셉 방송인입니다!
QWER같은건데  얼굴가리고하는거랑 비슷합니다
실제로 아이돌하셨던분도 계십니다",0,2024-11-28T04:44:06Z,0,Ugw_ypetzrw46qPevJJ4AaABAg.ABNCiAHdBUfABNEm6zuCtY,Av1zma6uJco,UCuTY3hm07wAVxRUJ5bOWidg,2024-11-28T04:44:06Z,Ugw_ypetzrw46qPevJJ4AaABAg,중립
버추얼 아이돌 인기가 이정도? '이세계 아이돌' 역대 펀딩 88억 돌파/ KNN,KNN NEWS,대댓글,@흥분의도가니-n9j,킹아,0,2024-11-28T05:10:01Z,0,Ugw_ypetzrw46qPevJJ4AaABAg.ABNCiAHdBUfABNHk-Abxqq,Av1zma6uJco,UC7UujFsIK0AEfWDnRMM0dLw,2024-11-28T05:10:01Z,Ugw_ypetzrw46qPevJJ4AaABAg,중립
버추얼 아이돌 인기가 이정도? '이세계 아이돌' 역대 펀딩 88억 돌파/ KNN,KNN NEWS,대댓글,@user-zx6ez4kk8w,@wooowowow-y1w비꼴려고한것같은데 애초에 QWER이 여캠이였음 웃긴놈이네,0,2024-11-28T06:40:39Z,0,Ugw_ypetzrw46qPevJJ4AaABAg.ABNCiAHdBUfABNS6qyEkKq,Av1zma6uJco,UCuTY3hm07wAVxRUJ5bOWidg,2024-11-28T06:40:49Z,Ugw_ypetzrw46qPevJJ4AaABAg,중립
버추얼 아이돌 인기가 이정도? '이세계 아이돌' 역대 펀딩 88억 돌파/ KNN,KNN NEWS,최상위 댓글,@수면바지-o3h,"54억 내야할 동덕들은 침을 줄줄 흐릅니다 😂
""우리도 동덕빵 솜솜이굿즈를 팔면 54억을..""",1,2024-11-29T14:04:34Z,0,UgyDmkrdqv5XLin5wUB4AaABAg,Av1zma6uJco,UCrbWwjnnqWkvg4bHwrLAgiA,2024-11-29T14:04:34Z,,긍정
버추얼 아이돌 인기가 이정도? '이세계 아이돌' 역대 펀딩 88억 돌파/ KNN,KNN NEWS,최상위 댓글,@dkk5978,어.. 결국 저 2d캐릭터 그림이 이뻐서 유입하는거아니니,0,2024-11-30T03:42:48Z,4,UgyBzZJohxBrBebocnJ4AaABAg,Av1zma6uJco,UCfdb_IV04GrPCU58TaRa4bw,2024-12-02T13:00:09Z,,중립
버추얼 아이돌 인기가 이정도? '이세계 아이돌' 역대 펀딩 88억 돌파/ KNN,KNN NEWS,대댓글,@heeyabooboo5954,"한국여자가 2d그림체로 육수를 우리니까 한국남자들이 발정이 난거지. 

핵심은 한국여자지 2d가 아니다.",0,2024-11-30T23:13:33Z,0,UgyBzZJohxBrBebocnJ4AaABAg.ABSHLwx0S5fABUNKlrN3ne,Av1zma6uJco,UCJzbt5FQfMQUOdF-Uz6D0-Q,2024-11-30T23:13:33Z,UgyBzZJohxBrBebocnJ4AaABAg,중립
버추얼 아이돌 인기가 이정도? '이세계 아이돌' 역대 펀딩 88억 돌파/ KNN,KNN NEWS,대댓글,@민2-q4m,​​@heeyabooboo5954 한국에사 활동하는 버튜버들중 다른국적도 많아요😂 그리고 왜 남자들만 좋아할꺼라고 단정하시죠?,0,2024-12-01T13:30:33Z,0,UgyBzZJohxBrBebocnJ4AaABAg.ABSHLwx0S5fABVuPaMhhTo,Av1zma6uJco,UCAVVsWkBQ6fSA7RhNeW0CwA,2024-12-01T13:31:09Z,UgyBzZJohxBrBebocnJ4AaABAg,긍정
버추얼 아이돌 인기가 이정도? '이세계 아이돌' 역대 펀딩 88억 돌파/ KNN,KNN NEWS,대댓글,@dkk5978,@heeyabooboo5954아 ㄹㅇ 한국사람이하는 버튜버라서 난리인거임? 나였으면 캐릭꼴려서 입덕하겟구만 우리때랑다르군,0,2024-12-02T13:01:15Z,0,UgyBzZJohxBrBebocnJ4AaABAg.ABSHLwx0S5fABYQqmN4PjB,Av1zma6uJco,UCfdb_IV04GrPCU58TaRa4bw,2024-12-02T13:01:15Z,UgyBzZJohxBrBebocnJ4AaABAg,중립
버추얼 아이돌 인기가 이정도? '이세계 아이돌' 역대 펀딩 88억 돌파/ KNN,KNN NEWS,대댓글,@heeyabooboo5954,"@dkk5978 일본애니업계 ㅈ망각이 보이니까  ㅆ덕들이 버육수로 많이 갈아탐

캐릭 꼴리는건 공짜로 퍼주는 AI ㅑ짤이 허벌나게 많은데 ㅋㅋㅋ",0,2024-12-02T14:33:38Z,0,UgyBzZJohxBrBebocnJ4AaABAg.ABSHLwx0S5fABYaQVgK9FG,Av1zma6uJco,UCJzbt5FQfMQUOdF-Uz6D0-Q,2024-12-02T14:33:38Z,UgyBzZJohxBrBebocnJ4AaABAg,중립
버추얼 아이돌 인기가 이정도? '이세계 아이돌' 역대 펀딩 88억 돌파/ KNN,KNN NEWS,최상위 댓글,@IlI1l1IllI1Il,세상이 미쳐돌아간다,0,2024-11-28T01:01:04Z,0,UgxsC1uzt7Uw9RbqvI54AaABAg,Av1zma6uJco,UCnXVB0iT5NXEf72TUPzug8Q,2024-11-28T01:01:04Z,,중립
버추얼 아이돌 인기가 이정도? '이세계 아이돌' 역대 펀딩 88억 돌파/ KNN,KNN NEWS,최상위 댓글,@poiuy01,저 뒤에 뭐가 숨어있으려나,0,2024-12-02T15:10:51Z,3,UgzQetCVvAkrWs5ZbqB4AaABAg,Av1zma6uJco,UCCTyoo7e0ggvACgVj_w4_Gg,2024-12-02T15:10:51Z,,중립
버추얼 아이돌 인기가 이정도? '이세계 아이돌' 역대 펀딩 88억 돌파/ KNN,KNN NEWS,대댓글,@배종우-g1o,안궁금해 캐릭터가 좋아서 보는거임,1,2024-12-03T04:52:20Z,0,UgzQetCVvAkrWs5ZbqB4AaABAg.ABYeg8ClpspAB_7gtvlCLO,Av1zma6uJco,UCr4n6E3ok9L3M0DEpfxuE7A,2024-12-03T04:52:20Z,UgzQetCVvAkrWs5ZbqB4AaABAg,긍정
버추얼 아이돌 인기가 이정도? '이세계 아이돌' 역대 펀딩 88억 돌파/ KNN,KNN NEWS,대댓글,@hungry캣,모자 릴파 검색하세요 ;),0,2024-12-04T09:25:48Z,0,UgzQetCVvAkrWs5ZbqB4AaABAg.ABYeg8ClpspABcBmhYokHc,Av1zma6uJco,UCLVKkixIXSsbScfYg5PzjWw,2024-12-04T09:25:48Z,UgzQetCVvAkrWs5ZbqB4AaABAg,중립
버추얼 아이돌 인기가 이정도? '이세계 아이돌' 역대 펀딩 88억 돌파/ KNN,KNN NEWS,대댓글,@user-zx6ez4kk8w,아이돌 이였는데요,0,2024-12-04T12:39:51Z,0,UgzQetCVvAkrWs5ZbqB4AaABAg.ABYeg8ClpspABcXzw-ochJ,Av1zma6uJco,UCuTY3hm07wAVxRUJ5bOWidg,2024-12-04T12:39:51Z,UgzQetCVvAkrWs5ZbqB4AaABAg,중립
버추얼 아이돌 인기가 이정도? '이세계 아이돌' 역대 펀딩 88억 돌파/ KNN,KNN NEWS,최상위 댓글,@soooyu2645,이세돌은 바둑기사만 알았는데 정말 대단한 그룹이었군요!,0,2024-11-27T18:26:33Z,1,UgyTYGIZkAfdA7fsV4d4AaABAg,Av1zma6uJco,UCxxerFJb1CBvsa0E33YYl7Q,2024-11-27T18:26:33Z,,중립
버추얼 아이돌 인기가 이정도? '이세계 아이돌' 역대 펀딩 88억 돌파/ KNN,KNN NEWS,대댓글,@송시현-e7p,프사부터 ㅋㅋㅋㅋ,0,2024-11-27T18:28:34Z,0,UgyTYGIZkAfdA7fsV4d4AaABAg.ABM869PkINnABM8Kvj4WWi,Av1zma6uJco,UCDVR7P8Z-P5Yftzj87JbTRA,2024-11-27T18:28:34Z,UgyTYGIZkAfdA7fsV4d4AaABAg,중립
버추얼 아이돌 인기가 이정도? '이세계 아이돌' 역대 펀딩 88억 돌파/ KNN,KNN NEWS,최상위 댓글,@유브링,동덕여대 버츄얼로 돈벌어서 값자,2,2024-11-27T23:45:30Z,0,UgwjNl47pCYz6ks6iJh4AaABAg,Av1zma6uJco,UCCrzfdVfrbGnAEUohpnfkhQ,2024-11-27T23:45:30Z,,중립
버추얼 아이돌 인기가 이정도? '이세계 아이돌' 역대 펀딩 88억 돌파/ KNN,KNN NEWS,최상위 댓글,@S_dom,홀로라이브 vs 이세돌 누가더 큰가여? 난둘다 본적이 없지만,1,2024-11-28T03:32:55Z,6,Ugyxq3AUL1gkJHPyb5J4AaABAg,Av1zma6uJco,UCa0BTLs__Lkfuc18H-vB9PA,2024-11-28T03:32:55Z,,중립
버추얼 아이돌 인기가 이정도? '이세계 아이돌' 역대 펀딩 88억 돌파/ KNN,KNN NEWS,대댓글,@dillon4751,"홀로라이브가 더 크죠
거긴 세계적으로 인기있는 버튜버 회사이고
이세돌 아직은 내수가 활발한 회사",5,2024-11-28T03:35:07Z,0,Ugyxq3AUL1gkJHPyb5J4AaABAg.ABN6cqcVm7PABN6suhfN8n,Av1zma6uJco,UC5mhtHSxVUxcCsea_CIa0LA,2024-11-28T03:35:07Z,Ugyxq3AUL1gkJHPyb5J4AaABAg,중립
버추얼 아이돌 인기가 이정도? '이세계 아이돌' 역대 펀딩 88억 돌파/ KNN,KNN NEWS,대댓글,@빨강경,홀로라이브,2,2024-11-28T03:37:17Z,0,Ugyxq3AUL1gkJHPyb5J4AaABAg.ABN6cqcVm7PABN77j00CPL,Av1zma6uJco,UCF9zinUl0CJf09khS5w8OxQ,2024-11-28T03:37:17Z,Ugyxq3AUL1gkJHPyb5J4AaABAg,중립
버추얼 아이돌 인기가 이정도? '이세계 아이돌' 역대 펀딩 88억 돌파/ KNN,KNN NEWS,대댓글,@isegye4ever,우리 이세돌 월드클래스 아닙니다,6,2024-11-28T03:42:36Z,0,Ugyxq3AUL1gkJHPyb5J4AaABAg.ABN6cqcVm7PABN7jjzwolA,Av1zma6uJco,UCvVm5-UYNSVMhyUwo3mk4kQ,2024-11-28T03:42:36Z,Ugyxq3AUL1gkJHPyb5J4AaABAg,중립
버추얼 아이돌 인기가 이정도? '이세계 아이돌' 역대 펀딩 88억 돌파/ KNN,KNN NEWS,대댓글,@-Inori,이세돌은 내수 원툴인데 홀로랑은 못비비지,4,2024-11-28T03:47:37Z,0,Ugyxq3AUL1gkJHPyb5J4AaABAg.ABN6cqcVm7PABN8JSKqyEx,Av1zma6uJco,UCpgdGZktpjvcXZZg_SH3dGw,2024-11-28T03:47:37Z,Ugyxq3AUL1gkJHPyb5J4AaABAg,중립
버추얼 아이돌 인기가 이정도? '이세계 아이돌' 역대 펀딩 88억 돌파/ KNN,KNN NEWS,대댓글,@yyhk_007,홀로라이브를 어캐 이김 이세돌은 우물안의 개구리지,1,2024-11-28T04:40:55Z,0,Ugyxq3AUL1gkJHPyb5J4AaABAg.ABN6cqcVm7PABNEPofQmre,Av1zma6uJco,UCwD4QmeUjOZ9w7pVq7GdzmQ,2024-11-28T04:40:55Z,Ugyxq3AUL1gkJHPyb5J4AaABAg,중립
버추얼 아이돌 인기가 이정도? '이세계 아이돌' 역대 펀딩 88억 돌파/ KNN,KNN NEWS,최상위 댓글,@S리즈,흠 이런거보면 나라 망하긴했다,1,2024-11-28T06:31:12Z,0,UgxZpNF05Wd55QFGXsF4AaABAg,Av1zma6uJco,UCUJqeZMgdCinatK33eP1ahg,2024-11-28T06:31:12Z,,중립
버추얼 아이돌 인기가 이정도? '이세계 아이돌' 역대 펀딩 88억 돌파/ KNN,KNN NEWS,최상위 댓글,@부릉부릉-s9v,88억은 진짜 ㅋㅋㅋㅋㅋ 말도 안되긴해,0,2024-11-28T06:00:08Z,1,UgxQcq66ygD5Iakh_kF4AaABAg,Av1zma6uJco,UCMTxj1sJp5hkPmr2lx_Iv3Q,2024-11-28T06:00:08Z,,중립
버추얼 아이돌 인기가 이정도? '이세계 아이돌' 역대 펀딩 88억 돌파/ KNN,KNN NEWS,대댓글,@hyunjun4095,모두 잠수 준비 네 드릉드릉 잘안들어오우 네 허버허버 오우 깊은저 한남속 깃치마을 드릉드릉스폰지밪 광대얼굴에 식데도 보성이도 모두친구 허버허버스폰지밥 군적금과 희망이 보글보글 스폰지밥 다시는 이세돌을 무시하지마라😊,0,2024-11-28T07:21:47Z,0,UgxQcq66ygD5Iakh_kF4AaABAg.ABNNU-PD9eAABNWp2n1EV2,Av1zma6uJco,UCjzmwRqsgvUllcVnM8oNHZw,2024-11-28T07:21:47Z,UgxQcq66ygD5Iakh_kF4AaABAg,중립
버추얼 아이돌 인기가 이정도? '이세계 아이돌' 역대 펀딩 88억 돌파/ KNN,KNN NEWS,최상위 댓글,@FrostwoodForest,저것도 엑셀인가 그건가?,0,2024-11-28T07:33:15Z,0,UgxswDOV4H2N2_hSVB14AaABAg,Av1zma6uJco,UCPJ6vmCZWdxn7zwJYfWgaUA,2024-11-28T07:33:15Z,,중립
버추얼 아이돌 인기가 이정도? '이세계 아이돌' 역대 펀딩 88억 돌파/ KNN,KNN NEWS,최상위 댓글,@Samsa56,얘넨 빨간약 뭐있음?,1,2024-11-29T12:53:04Z,3,Ugww60K8TU8wYxjTXYd4AaABAg,Av1zma6uJco,UC5T-k8WQU3HxMRFGoUPDSQA,2024-11-29T12:53:04Z,,중립
버추얼 아이돌 인기가 이정도? '이세계 아이돌' 역대 펀딩 88억 돌파/ KNN,KNN NEWS,대댓글,@hyunjun4095,모두 잠수 준비 네 드릉드릉 잘안들어오우 네 허버허버 오우 깊은저 한남속 갓치마을 드릉드릉스폰지밥 네모난얼굴에 광대얼굴 드릉드릉스폰지밥 식데도 보성이도 모두친구 허버허버스폰지밥 군적금과 희망이 보글보글 스폰지밥 다시는 이세돌을 무시하지마라😊 스폰지밥아 힘조!!!!!!! 힘빡쪼!!!!!,1,2024-11-29T17:52:44Z,0,Ugww60K8TU8wYxjTXYd4AaABAg.ABQgXP8MIcyABRDpDFCJEK,Av1zma6uJco,UCjzmwRqsgvUllcVnM8oNHZw,2024-11-29T17:52:44Z,Ugww60K8TU8wYxjTXYd4AaABAg,중립
버추얼 아이돌 인기가 이정도? '이세계 아이돌' 역대 펀딩 88억 돌파/ KNN,KNN NEWS,대댓글,@육성지씨맞죠천량의왕,페미,0,2024-11-30T02:44:08Z,0,Ugww60K8TU8wYxjTXYd4AaABAg.ABQgXP8MIcyABSAdHik_O1,Av1zma6uJco,UCVjyT7qKrt_5KFo086K3_pQ,2024-11-30T02:44:08Z,Ugww60K8TU8wYxjTXYd4AaABAg,중립
버추얼 아이돌 인기가 이정도? '이세계 아이돌' 역대 펀딩 88억 돌파/ KNN,KNN NEWS,대댓글,@민2-q4m,​@육성지씨맞죠천량의왕 잘못된 정보에요😅,0,2024-12-01T13:47:17Z,0,Ugww60K8TU8wYxjTXYd4AaABAg.ABQgXP8MIcyABVwKDnnyIZ,Av1zma6uJco,UCAVVsWkBQ6fSA7RhNeW0CwA,2024-12-01T13:47:17Z,Ugww60K8TU8wYxjTXYd4AaABAg,중립
버추얼 아이돌 인기가 이정도? '이세계 아이돌' 역대 펀딩 88억 돌파/ KNN,KNN NEWS,최상위 댓글,@jingbuger700,"잉 당연한 숫자아닌가? 
나랑 주위사람만 봐두 인당 몇백씩 넣었는데  ..",0,2024-12-01T16:59:24Z,5,UgxwQ7KvqDenf_CQ_L14AaABAg,Av1zma6uJco,UChVYn_SKIFucZDZFVmr454A,2024-12-01T16:59:24Z,,중립
버추얼 아이돌 인기가 이정도? '이세계 아이돌' 역대 펀딩 88억 돌파/ KNN,KNN NEWS,대댓글,@Playboimoohyun,허언도 참😅,0,2024-12-02T13:30:21Z,0,UgxwQ7KvqDenf_CQ_L14AaABAg.ABWHJHWhYn4ABYUB1SOh7J,Av1zma6uJco,UC-tUBd7k6PKicP6lrFeRoFw,2024-12-02T13:30:21Z,UgxwQ7KvqDenf_CQ_L14AaABAg,중립
버추얼 아이돌 인기가 이정도? '이세계 아이돌' 역대 펀딩 88억 돌파/ KNN,KNN NEWS,대댓글,@굴천지,허버허버 힘조 카사나리우 사건의 지평선,0,2024-12-02T20:29:48Z,0,UgxwQ7KvqDenf_CQ_L14AaABAg.ABWHJHWhYn4ABZEB67zySg,Av1zma6uJco,UCAgzqaUq_JbF-FV-XMcAO0A,2024-12-02T20:29:48Z,UgxwQ7KvqDenf_CQ_L14AaABAg,중립
버추얼 아이돌 인기가 이정도? '이세계 아이돌' 역대 펀딩 88억 돌파/ KNN,KNN NEWS,대댓글,@user-jn9ib2ul3j,​@굴천지칸나가..누구..더라..?,0,2024-12-06T01:47:05Z,0,UgxwQ7KvqDenf_CQ_L14AaABAg.ABWHJHWhYn4ABgWscSr6XP,Av1zma6uJco,UCXsde0-qMKtlkdvsR5nY2Sg,2024-12-06T01:47:05Z,UgxwQ7KvqDenf_CQ_L14AaABAg,중립
버추얼 아이돌 인기가 이정도? '이세계 아이돌' 역대 펀딩 88억 돌파/ KNN,KNN NEWS,대댓글,@usergoatgg,@굴천지힘조는 날조야 인마 ㅋㅋ,2,2025-01-01T00:21:24Z,0,UgxwQ7KvqDenf_CQ_L14AaABAg.ABWHJHWhYn4ACjJjrujX3Y,Av1zma6uJco,UCcvzHQyFen07y1OirRb7lfg,2025-01-01T00:21:24Z,UgxwQ7KvqDenf_CQ_L14AaABAg,중립
버추얼 아이돌 인기가 이정도? '이세계 아이돌' 역대 펀딩 88억 돌파/ KNN,KNN NEWS,대댓글,@아리가또라베스크-i6p,​@굴천지꼭 그렇게 자기얼굴에 먹Chill을 해서야 쓰겠어요.,0,2025-01-28T07:22:03Z,0,UgxwQ7KvqDenf_CQ_L14AaABAg.ABWHJHWhYn4ADpaLQaL5qa,Av1zma6uJco,UCzS_BQ9EvOQo90TnV2POsRg,2025-01-28T07:22:03Z,UgxwQ7KvqDenf_CQ_L14AaABAg,중립
버추얼 아이돌 인기가 이정도? '이세계 아이돌' 역대 펀딩 88억 돌파/ KNN,KNN NEWS,최상위 댓글,@Sharp_eat,사이바 가수 아담. 부활하나?,1,2024-11-28T05:53:28Z,0,Ugy46GqfEIZdZBOk54h4AaABAg,Av1zma6uJco,UCQRfS-3fEc7pEQMUtAwtslA,2024-11-28T05:53:28Z,,중립
버추얼 아이돌 인기가 이정도? '이세계 아이돌' 역대 펀딩 88억 돌파/ KNN,KNN NEWS,최상위 댓글,@팍올라가자,이게대체뭔데... 2d캐릭터 가수임? 한국어로부르네 일본인인줄알앗드만 1020대단합니다;,0,2024-11-28T09:05:30Z,12,Ugx016vm7DZU8erL5H94AaABAg,Av1zma6uJco,UCoiwkDOSLuYH03Lv59dI_hw,2024-11-28T09:06:23Z,,중립
버추얼 아이돌 인기가 이정도? '이세계 아이돌' 역대 펀딩 88억 돌파/ KNN,KNN NEWS,대댓글,@따옥이-z7q,30대도 있음 문제는 ㅋㅋㅋ,0,2024-11-28T10:48:33Z,0,Ugx016vm7DZU8erL5H94AaABAg.ABNhgfeRLGFABNtUQABbKP,Av1zma6uJco,UCpwEQMfptKlZabBwBlRCJTg,2024-11-28T10:48:33Z,Ugx016vm7DZU8erL5H94AaABAg,중립
버추얼 아이돌 인기가 이정도? '이세계 아이돌' 역대 펀딩 88억 돌파/ KNN,KNN NEWS,대댓글,@팍올라가자,@따옥이-z7q  뉴스에서는 1020이라나옴 ㅋ  오타쿠대부분 저 나이대지 ㅋㅋ 세상말세여,0,2024-11-28T11:15:07Z,0,Ugx016vm7DZU8erL5H94AaABAg.ABNhgfeRLGFABNwWzgvtdf,Av1zma6uJco,UCoiwkDOSLuYH03Lv59dI_hw,2024-11-28T11:19:24Z,Ugx016vm7DZU8erL5H94AaABAg,중립
버추얼 아이돌 인기가 이정도? '이세계 아이돌' 역대 펀딩 88억 돌파/ KNN,KNN NEWS,대댓글,@따옥이-z7q,@팍올라가자 ㄴㄴ 근데 10 20대가 돈이 어딨겠냐 ㅋㅋ 88억이면 아마 30대도 있을겨 ㅋㅋ,0,2024-11-28T11:23:12Z,0,Ugx016vm7DZU8erL5H94AaABAg.ABNhgfeRLGFABNxS6ZpnU6,Av1zma6uJco,UCpwEQMfptKlZabBwBlRCJTg,2024-11-28T11:23:12Z,Ugx016vm7DZU8erL5H94AaABAg,중립
버추얼 아이돌 인기가 이정도? '이세계 아이돌' 역대 펀딩 88억 돌파/ KNN,KNN NEWS,대댓글,@팍올라가자,@따옥이-z7q  30대도있겟찌 근데 수는 1020임 ㅋㅋㅋ쟤들 푼돈이 모여서 30얘네들꺼랑 비슷한거겟지 ㅋㅋ 어느쪽이됬든 2d캐릭터가수라니 기묘하다,0,2024-11-28T11:55:09Z,0,Ugx016vm7DZU8erL5H94AaABAg.ABNhgfeRLGFABO06EMpisO,Av1zma6uJco,UCoiwkDOSLuYH03Lv59dI_hw,2024-11-28T11:55:40Z,Ugx016vm7DZU8erL5H94AaABAg,중립
버추얼 아이돌 인기가 이정도? '이세계 아이돌' 역대 펀딩 88억 돌파/ KNN,KNN NEWS,대댓글,@user-sq8ew7ee9x,​@팍올라가자 뭔지 하나도 이해 못해놓고는 말세다~ 이러고만 있네 참 말세다 그쵸?,0,2024-11-29T23:34:13Z,0,Ugx016vm7DZU8erL5H94AaABAg.ABNhgfeRLGFABRpuEHH15L,Av1zma6uJco,UCG2zcWpnZDlOpcRH92cr9Xg,2024-11-29T23:34:13Z,Ugx016vm7DZU8erL5H94AaABAg,중립
버추얼 아이돌 인기가 이정도? '이세계 아이돌' 역대 펀딩 88억 돌파/ KNN,KNN NEWS,최상위 댓글,@user-isywvwuy,좌표 여기에도 찍히냐,0,2024-11-27T22:04:08Z,4,UgySqu67fC_-1qjqkX94AaABAg,Av1zma6uJco,UCTnKfUNSsozpE0fU235qpww,2024-11-27T22:04:08Z,,중립
버추얼 아이돌 인기가 이정도? '이세계 아이돌' 역대 펀딩 88억 돌파/ KNN,KNN NEWS,대댓글,@isegye4ever,쟤들은 이세돌이 안드로메다에 가든 좌표찍을 애들임 이파리들보다 열심임😂,0,2024-11-28T00:30:15Z,0,UgySqu67fC_-1qjqkX94AaABAg.ABMX-hZaUNgABMmisoI-IL,Av1zma6uJco,UCvVm5-UYNSVMhyUwo3mk4kQ,2024-11-28T00:30:43Z,UgySqu67fC_-1qjqkX94AaABAg,중립
버추얼 아이돌 인기가 이정도? '이세계 아이돌' 역대 펀딩 88억 돌파/ KNN,KNN NEWS,대댓글,@oysterhole,좌표찍고 테러하는건 돌천지들이 원조지,1,2024-11-28T01:02:09Z,0,UgySqu67fC_-1qjqkX94AaABAg.ABMX-hZaUNgABMqNazOLtY,Av1zma6uJco,UC82mFbAgX8mHp5mrzEPkQbw,2024-11-28T01:02:09Z,UgySqu67fC_-1qjqkX94AaABAg,중립
버추얼 아이돌 인기가 이정도? '이세계 아이돌' 역대 펀딩 88억 돌파/ KNN,KNN NEWS,대댓글,@gwo-t7k,여기도 좌표 찍혔네 슬슬 댓글 쓰러 온다,0,2024-11-28T02:48:44Z,0,UgySqu67fC_-1qjqkX94AaABAg.ABMX-hZaUNgABN1_Dp-1ma,Av1zma6uJco,UCMqU-WjVFOFBBE0K37d-4mw,2024-11-28T02:48:44Z,UgySqu67fC_-1qjqkX94AaABAg,중립
버추얼 아이돌 인기가 이정도? '이세계 아이돌' 역대 펀딩 88억 돌파/ KNN,KNN NEWS,대댓글,@user-isywvwuy,"팬들도 뭐 너무 깊게 파는 진짜들만 빼면 나머지는 다 현생살고 자기할거 하고 사는데
여기 좌표 찍고 욕하러 오는 애들은 현실에서 어떻게 살지 안봐도 비디오",0,2024-11-28T07:32:54Z,0,UgySqu67fC_-1qjqkX94AaABAg.ABMX-hZaUNgABNY5YOh8Ja,Av1zma6uJco,UCTnKfUNSsozpE0fU235qpww,2024-11-28T07:32:54Z,UgySqu67fC_-1qjqkX94AaABAg,중립
버추얼 아이돌 인기가 이정도? '이세계 아이돌' 역대 펀딩 88억 돌파/ KNN,KNN NEWS,최상위 댓글,@우리는깐부-i6z,이세돌  스텔라이브   팬덤층이 어마어마 하지 ㅋㅋㅋㅋㅋㅋㅋ,0,2024-11-28T02:11:57Z,1,UgzxDpWQDib2CDvThQ54AaABAg,Av1zma6uJco,UCyU5hpwuTUyMCGkIfFoNNvA,2024-11-28T02:11:57Z,,중립
버추얼 아이돌 인기가 이정도? '이세계 아이돌' 역대 펀딩 88억 돌파/ KNN,KNN NEWS,대댓글,@INCHEONBUS-NO.1,"버츄얼 2종류로 정리가능
버츄얼(스트리머중점) (각종행사참여)
1.이세돌
2.스텔

버츄얼 (아이돌 중점)
플레이브",0,2024-11-28T02:15:55Z,0,UgzxDpWQDib2CDvThQ54AaABAg.ABMyMkwtIjYABMyorw3kGJ,Av1zma6uJco,UCOG8uHQ_f-KbM5qat7dQMrg,2024-11-28T02:15:55Z,UgzxDpWQDib2CDvThQ54AaABAg,중립
버추얼 아이돌 인기가 이정도? '이세계 아이돌' 역대 펀딩 88억 돌파/ KNN,KNN NEWS,최상위 댓글,@성이름-p9i4f,ㅋㅋ 오타쿠는 돈이 된다 오늘도 연전연승,0,2024-11-28T08:28:36Z,0,UgwKscuX2asIrOwn5mh4AaABAg,Av1zma6uJco,UC5uVwlW_iZNexL2iVKq0z1A,2024-11-28T08:28:36Z,,중립
버추얼 아이돌 인기가 이정도? '이세계 아이돌' 역대 펀딩 88억 돌파/ KNN,KNN NEWS,최상위 댓글,@user-1cv4b5hh,10덕은 돈이 된다고 ㅋㅋㅋㅋㅋㅋ,0,2024-11-27T18:34:29Z,0,UgxT9eqpGvdChf34LCt4AaABAg,Av1zma6uJco,UCzaURd7BCBvHbIOuT1mtpAw,2024-11-27T18:34:29Z,,중립
버추얼 아이돌 인기가 이정도? '이세계 아이돌' 역대 펀딩 88억 돌파/ KNN,KNN NEWS,최상위 댓글,@안녕하세요오옷,알빠노 어차피 내 돈 아님 ㅋㅋㅋ 스윗영서티버튜버슬레이어 육수들 돈임 캬 ㅋㅋㅋ,1,2024-12-02T07:42:49Z,1,UgzVrxg2ocISDj9BfgN4AaABAg,Av1zma6uJco,UCEX9-RrQd3RR-reQGkyprLw,2024-12-02T07:45:11Z,,중립
버추얼 아이돌 인기가 이정도? '이세계 아이돌' 역대 펀딩 88억 돌파/ KNN,KNN NEWS,대댓글,@아리가또라베스크-i6p,"노우 만삣삐, 자기비하는 좋지않아 자기가 얼마의 돈을 가졌든, 상대가 얼마나 큰 돈을 가졌든 그것은 중요하지않아 마이썬",0,2025-01-28T07:20:15Z,0,UgzVrxg2ocISDj9BfgN4AaABAg.ABXrPdnB_I1ADpa8Iz1OrI,Av1zma6uJco,UCzS_BQ9EvOQo90TnV2POsRg,2025-01-28T07:20:15Z,UgzVrxg2ocISDj9BfgN4AaABAg,중립
버추얼 아이돌 인기가 이정도? '이세계 아이돌' 역대 펀딩 88억 돌파/ KNN,KNN NEWS,최상위 댓글,@팩트앵무새,버튜버를 안보는건 21세기 중반에 올 거대한 새로운 산업에 뒤쳐진 거다,0,2024-11-29T21:20:19Z,1,UgwX52CLZGpc7J8K6bB4AaABAg,Av1zma6uJco,UCSx4h8R2XriJPV3yy-Bwseg,2024-11-29T21:20:19Z,,중립
버추얼 아이돌 인기가 이정도? '이세계 아이돌' 역대 펀딩 88억 돌파/ KNN,KNN NEWS,대댓글,@hyunjun4095,모두 잠수 준비 네 드릉드릉 잘안들어오우 네 허버허버 오우 깊은저 한남속 갓치마을 드릉드릉스폰지밥 네모난얼굴에 광대얼굴 드릉드릉스폰지밥 식데도 보성이도 모두친구 허버허버스폰지밥 군적금과 희망이 보글보글 스폰지밥 다시는 이세돌을 무시하지마라😊 스폰지밥아 힘조!!!!!!! 힘빡쪼!!!!!,0,2024-11-30T05:54:52Z,0,UgwX52CLZGpc7J8K6bB4AaABAg.ABRa_VVHvVVABSWTEOa4QN,Av1zma6uJco,UCjzmwRqsgvUllcVnM8oNHZw,2024-11-30T05:54:52Z,UgwX52CLZGpc7J8K6bB4AaABAg,중립
버추얼 아이돌 인기가 이정도? '이세계 아이돌' 역대 펀딩 88억 돌파/ KNN,KNN NEWS,최상위 댓글,@민종-z8y,이세돌이 뭔지 모르겠지만 모시깽이하군요😊,0,2024-11-28T04:27:34Z,0,UgzUfq53Ed3KkP8pdFF4AaABAg,Av1zma6uJco,UCoDA5-tKXkwXVBCzcSFsKyg,2024-11-28T04:27:34Z,,중립
버추얼 아이돌 인기가 이정도? '이세계 아이돌' 역대 펀딩 88억 돌파/ KNN,KNN NEWS,최상위 댓글,@이마이마트,"솔직히 걍 노래를 잘만든거같음 ㅇㅇ
얘네가 뭘 잘한거라기보단 노래가 다 함",1,2024-11-28T02:47:09Z,3,UgztkLA_P3A5L_59duF4AaABAg,Av1zma6uJco,UCAiZJQQxMGZ_yFx5q9fhG7Q,2024-11-28T02:47:09Z,,중립
버추얼 아이돌 인기가 이정도? '이세계 아이돌' 역대 펀딩 88억 돌파/ KNN,KNN NEWS,대댓글,@Lilpa_Love__7OO,그건 너만 그렇게 생각하는거고,0,2024-11-28T04:14:28Z,0,UgztkLA_P3A5L_59duF4AaABAg.ABN1OY3NkmaABNBO4aVwZi,Av1zma6uJco,UCienPZHiGytTooM5SGyfjmQ,2024-11-28T04:14:28Z,UgztkLA_P3A5L_59duF4AaABAg,중립
버추얼 아이돌 인기가 이정도? '이세계 아이돌' 역대 펀딩 88억 돌파/ KNN,KNN NEWS,대댓글,@hyunjun4095,"@Lilpa_Love__7OO 
모두 잠수준비 드릉드릉 과 허버허버 군적금의 희망이 버대남을 감싸안는다....🍍🍍",0,2024-11-28T17:05:51Z,0,UgztkLA_P3A5L_59duF4AaABAg.ABN1OY3NkmaABOZeoX6gOL,Av1zma6uJco,UCjzmwRqsgvUllcVnM8oNHZw,2024-11-28T17:05:51Z,UgztkLA_P3A5L_59duF4AaABAg,긍정
버추얼 아이돌 인기가 이정도? '이세계 아이돌' 역대 펀딩 88억 돌파/ KNN,KNN NEWS,대댓글,@Lilpa_Love__7OO,@hyunjun4095 열등감에 찌들어서 남을 까내리는것만 하는 너같은 애들이 참 불쌍하다,1,2024-11-28T17:18:39Z,0,UgztkLA_P3A5L_59duF4AaABAg.ABN1OY3NkmaABOa7drbMda,Av1zma6uJco,UCienPZHiGytTooM5SGyfjmQ,2024-11-28T17:18:39Z,UgztkLA_P3A5L_59duF4AaABAg,중립
버추얼 아이돌 인기가 이정도? '이세계 아이돌' 역대 펀딩 88억 돌파/ KNN,KNN NEWS,최상위 댓글,@frieddove-w9b,이걸 육수라 하는 불쌍한 자들이 있다고? 아이고...,0,2024-12-16T14:15:15Z,0,UgzqIu03_JmqH1VOjbR4AaABAg,Av1zma6uJco,UCLq7iUyQ67vToQWKn9Zn-_g,2024-12-16T14:15:15Z,,중립
버추얼 아이돌 인기가 이정도? '이세계 아이돌' 역대 펀딩 88억 돌파/ KNN,KNN NEWS,최상위 댓글,@yionann7590,십덕이양지로 .. ㅠ ;;,0,2024-11-28T07:07:10Z,0,UgwJEGiGw-9Rqw9-gq94AaABAg,Av1zma6uJco,UCVBnqVR9Syhd5O0D-cZQ4Mw,2024-11-28T07:07:10Z,,중립
버추얼 아이돌 인기가 이정도? '이세계 아이돌' 역대 펀딩 88억 돌파/ KNN,KNN NEWS,최상위 댓글,@JingburgerFan,음~ 뭔진 잘 모르겠지만 모시깽? 한 것이 참 좋네요. 킹아~,1,2024-11-28T04:47:18Z,2,Ugw1JCoZfJy-vqPs-7J4AaABAg,Av1zma6uJco,UCyLmmZJSqOSkXi7NozbyWyQ,2024-11-28T04:47:18Z,,긍정
버추얼 아이돌 인기가 이정도? '이세계 아이돌' 역대 펀딩 88억 돌파/ KNN,KNN NEWS,대댓글,@JingburgerFan,최강 징버거 앞으로도 이세돌과 함께 화이팅 💛,0,2024-11-28T04:47:37Z,0,Ugw1JCoZfJy-vqPs-7J4AaABAg.ABNF8bqX4aAABNFAw5SSLS,Av1zma6uJco,UCyLmmZJSqOSkXi7NozbyWyQ,2024-11-28T04:47:37Z,Ugw1JCoZfJy-vqPs-7J4AaABAg,중립
버추얼 아이돌 인기가 이정도? '이세계 아이돌' 역대 펀딩 88억 돌파/ KNN,KNN NEWS,대댓글,@흥분의도가니-n9j,검거.,0,2024-11-28T05:08:49Z,0,Ugw1JCoZfJy-vqPs-7J4AaABAg.ABNF8bqX4aAABNHbD7hlnl,Av1zma6uJco,UC7UujFsIK0AEfWDnRMM0dLw,2024-11-28T05:08:49Z,Ugw1JCoZfJy-vqPs-7J4AaABAg,중립
버추얼 아이돌 인기가 이정도? '이세계 아이돌' 역대 펀딩 88억 돌파/ KNN,KNN NEWS,최상위 댓글,@노상철-m7i,재산이 88억이 넘는 나는 얼마나 능력있는 괴물인거냐?,2,2024-12-14T04:03:14Z,0,Ugw7Dk8fsmUoW4imuvF4AaABAg,Av1zma6uJco,UC1xbVSlAqYLHF9e4MwqVjDg,2024-12-14T04:03:14Z,,중립
버추얼 아이돌 인기가 이정도? '이세계 아이돌' 역대 펀딩 88억 돌파/ KNN,KNN NEWS,최상위 댓글,@루나틱-h2d,"1020 사회초년생들이 어케 88억을 모으지 ㅈㄴ 신기하네 내가 아는 학생들은 브랜드패딩이나 하이엔드 제품 하나사기도 부담스러워하는데 이게 말이됨? ㄷㄷㄷ
저거 사려고 부모님손 빌리진않았을거같은데 주말알바하는 돈으로는 친구들이랑 노는돈만해도 빠듯할거같고",0,2024-11-27T19:41:44Z,3,Ugzfeb0ZOolDXtyATI54AaABAg,Av1zma6uJco,UCvE8EgkVaBi8lPyGl3FZIXw,2024-11-27T19:42:39Z,,중립
버추얼 아이돌 인기가 이정도? '이세계 아이돌' 역대 펀딩 88억 돌파/ KNN,KNN NEWS,대댓글,@KR_Crew,30대들도 많고 20대 후반도 많음,0,2024-11-27T19:47:05Z,0,Ugzfeb0ZOolDXtyATI54AaABAg.ABMGhkOt3GLABMHJtbrypQ,Av1zma6uJco,UC0pa4UDfFh9adWjjszZ0mmA,2024-11-27T19:47:05Z,Ugzfeb0ZOolDXtyATI54AaABAg,중립
버추얼 아이돌 인기가 이정도? '이세계 아이돌' 역대 펀딩 88억 돌파/ KNN,KNN NEWS,대댓글,@련웅-i1r,20  30  10순일듯?,0,2024-11-27T20:35:42Z,0,Ugzfeb0ZOolDXtyATI54AaABAg.ABMGhkOt3GLABMMt-IPOJL,Av1zma6uJco,UClIbwGh8Ae6FRedTUGbb5Pg,2024-11-27T20:35:42Z,Ugzfeb0ZOolDXtyATI54AaABAg,중립
버추얼 아이돌 인기가 이정도? '이세계 아이돌' 역대 펀딩 88억 돌파/ KNN,KNN NEWS,대댓글,@INCHEONBUS-NO.1,@련웅-i1r +로 40도 있다는 ㅋㅋ,0,2024-11-28T02:24:07Z,0,Ugzfeb0ZOolDXtyATI54AaABAg.ABMGhkOt3GLABMzkveaA1g,Av1zma6uJco,UCOG8uHQ_f-KbM5qat7dQMrg,2024-11-28T02:24:07Z,Ugzfeb0ZOolDXtyATI54AaABAg,중립
버추얼 아이돌 인기가 이정도? '이세계 아이돌' 역대 펀딩 88억 돌파/ KNN,KNN NEWS,최상위 댓글,@ssukung,Qwer는 진짜 사람이기라도 하지....,1,2024-12-04T22:37:30Z,1,UgwD7TxGAPvqgXjS8Rx4AaABAg,Av1zma6uJco,UCWQvBGuIjoRlt8Brf262u2Q,2024-12-04T22:37:30Z,,중립
버추얼 아이돌 인기가 이정도? '이세계 아이돌' 역대 펀딩 88억 돌파/ KNN,KNN NEWS,대댓글,@괴물과함께,"Qwer은 거부감 없음 아이돌 밴드 느낌이고 진짜 사람이 나서서 공연하니까
 근데 우왁굳 이세돌은 리스펙하고 대단하다고 생각되는데 개인적으로는 손이 잘 안감..ㅠ",0,2025-01-29T09:59:55Z,0,UgwD7TxGAPvqgXjS8Rx4AaABAg.ABdbOBOXx4aADsSCdXfqEw,Av1zma6uJco,UCFaDT5APFf0BXGh5TEBrwjA,2025-01-29T09:59:55Z,UgwD7TxGAPvqgXjS8Rx4AaABAg,중립
버추얼 아이돌 인기가 이정도? '이세계 아이돌' 역대 펀딩 88억 돌파/ KNN,KNN NEWS,최상위 댓글,@그가든콜라,찐따들 긁어모아서 찐따들로 아이돌을 만들어서 찐따들로 팬을 모아서 찐따들로 구독자가 이루어 진거지 ㅋㅋ,1,2025-11-15T13:14:28Z,0,Ugwy9ztpBl8ohG5Z3bh4AaABAg,Av1zma6uJco,UCBMY163t-J38ACDHtRJgnWw,2025-11-15T13:14:28Z,,중립
버추얼 아이돌 인기가 이정도? '이세계 아이돌' 역대 펀딩 88억 돌파/ KNN,KNN NEWS,최상위 댓글,@아메리칸디트로이터,석열아 저 펀딩으로 한번 더 세금징수.한번더하자 이건 기회야,0,2024-11-29T10:39:21Z,0,UgxIJJ_Efo-N0VpAfY14AaABAg,Av1zma6uJco,UCyMAkop8YMKCz3tr5Q_4cqw,2024-11-29T10:39:21Z,,중립
버추얼 아이돌 인기가 이정도? '이세계 아이돌' 역대 펀딩 88억 돌파/ KNN,KNN NEWS,최상위 댓글,@user-nr8sq7op3p,20대 후반부턴 아무도모르던데 10대들이 돈이많나봐,0,2024-11-29T21:18:55Z,2,UgyUvhqWSApdV4kByAh4AaABAg,Av1zma6uJco,UCkzKpG-itXtlEDaburibezg,2024-11-29T21:18:55Z,,중립
버추얼 아이돌 인기가 이정도? '이세계 아이돌' 역대 펀딩 88억 돌파/ KNN,KNN NEWS,대댓글,@xsk2kw8sk,10대들 돈 많긴함 부모님이 지금 40대 후반이니,0,2024-11-30T22:18:58Z,0,UgyUvhqWSApdV4kByAh4AaABAg.ABRaQKSkc3jABUH5-gTuye,Av1zma6uJco,UCR08mrmVxgV5kj22k3wXNRQ,2024-11-30T22:18:58Z,UgyUvhqWSApdV4kByAh4AaABAg,중립
버추얼 아이돌 인기가 이정도? '이세계 아이돌' 역대 펀딩 88억 돌파/ KNN,KNN NEWS,대댓글,@배종우-g1o,샤이 이파리들 다 숨어있다 😂,0,2024-12-03T04:59:57Z,0,UgyUvhqWSApdV4kByAh4AaABAg.ABRaQKSkc3jAB_8Zf35CtB,Av1zma6uJco,UCr4n6E3ok9L3M0DEpfxuE7A,2024-12-03T04:59:57Z,UgyUvhqWSApdV4kByAh4AaABAg,중립
버추얼 아이돌 인기가 이정도? '이세계 아이돌' 역대 펀딩 88억 돌파/ KNN,KNN NEWS,최상위 댓글,@lmcaa23,세상이 날 몰카하나;;,0,2024-11-27T18:18:33Z,2,Ugy-S_qYJV-ERCBxJ4B4AaABAg,Av1zma6uJco,UClQpQFcMuwJfedq6rSRPxOQ,2024-11-27T18:18:33Z,,중립
버추얼 아이돌 인기가 이정도? '이세계 아이돌' 역대 펀딩 88억 돌파/ KNN,KNN NEWS,대댓글,@즈서슷,굿애프터눈 굿이브닝 굿나잇~,0,2024-11-27T22:51:14Z,0,Ugy-S_qYJV-ERCBxJ4B4AaABAg.ABM7BVyM2LJABMbOjo6awf,Av1zma6uJco,UCPk6QLysigI1A_z3WABgIiw,2024-11-27T22:51:14Z,Ugy-S_qYJV-ERCBxJ4B4AaABAg,긍정
버추얼 아이돌 인기가 이정도? '이세계 아이돌' 역대 펀딩 88억 돌파/ KNN,KNN NEWS,대댓글,@crocodile6927,니 몰카할정도로 세상이 한가하겠니?,1,2024-11-28T02:07:14Z,0,Ugy-S_qYJV-ERCBxJ4B4AaABAg.ABM7BVyM2LJABMxpEsMFCB,Av1zma6uJco,UChpG9h-CW4gALw65i2cR3Qg,2024-11-28T02:07:14Z,Ugy-S_qYJV-ERCBxJ4B4AaABAg,중립
버추얼 아이돌 인기가 이정도? '이세계 아이돌' 역대 펀딩 88억 돌파/ KNN,KNN NEWS,최상위 댓글,@이지훈-q3o,아 대한민국 망했다...,2,2024-11-28T12:41:34Z,1,UgxWAp7ELrPzGPbbHVN4AaABAg,Av1zma6uJco,UCmstlqx5lpjgJK66MMG1egA,2024-11-28T12:41:34Z,,중립
버추얼 아이돌 인기가 이정도? '이세계 아이돌' 역대 펀딩 88억 돌파/ KNN,KNN NEWS,대댓글,@아리가또라베스크-i6p,뉴스안보고 뭐했니?,0,2024-11-28T16:43:17Z,0,UgxWAp7ELrPzGPbbHVN4AaABAg.ABO5QH3rcu7ABOX4cASOUL,Av1zma6uJco,UCzS_BQ9EvOQo90TnV2POsRg,2024-11-28T16:43:17Z,UgxWAp7ELrPzGPbbHVN4AaABAg,중립
버추얼 아이돌 인기가 이정도? '이세계 아이돌' 역대 펀딩 88억 돌파/ KNN,KNN NEWS,최상위 댓글,@Bcoz314,파쿠리를 벗어나려 애쓰지만 근본부터가티는 남아잇어 아니라고 입꾹닫 우기는 이파리 페미해명은 못한다고요,2,2024-11-28T03:21:40Z,0,UgyEAI-6ex3ndcBjxY54AaABAg,Av1zma6uJco,UC4P1n1YTDXIkWsBBqDDcvIQ,2024-11-28T03:21:40Z,,중립
버추얼 아이돌 인기가 이정도? '이세계 아이돌' 역대 펀딩 88억 돌파/ KNN,KNN NEWS,최상위 댓글,@노미현-l6y,저딴보면 뭐 나옴?ㅋㅋㅋ,2,2024-12-06T13:29:49Z,1,UgxxmZIrlAXAGqX5QEZ4AaABAg,Av1zma6uJco,UC8LmjxkuuqnnOz-h0AnzA5w,2024-12-06T13:29:49Z,,중립
버추얼 아이돌 인기가 이정도? '이세계 아이돌' 역대 펀딩 88억 돌파/ KNN,KNN NEWS,대댓글,@중2병-t9r,도파민ㅋㅋ,5,2024-12-06T13:56:34Z,0,UgxxmZIrlAXAGqX5QEZ4AaABAg.ABhmIcX2tQGABhpMaeQYmR,Av1zma6uJco,UCM9nFUMP-2XZcffEjoq2l7A,2024-12-06T13:56:34Z,UgxxmZIrlAXAGqX5QEZ4AaABAg,중립
버추얼 아이돌 인기가 이정도? '이세계 아이돌' 역대 펀딩 88억 돌파/ KNN,KNN NEWS,최상위 댓글,@ppwoqoqoqqo,그래서 얘내가 철구보다 돈 잘범?,1,2024-11-27T21:53:37Z,2,UgwCATNHT7qkO_uvTt14AaABAg,Av1zma6uJco,UChzOsckhmQLjiT3h5fYMtVg,2024-11-27T21:53:37Z,,중립
버추얼 아이돌 인기가 이정도? '이세계 아이돌' 역대 펀딩 88억 돌파/ KNN,KNN NEWS,대댓글,@slow__cow3047,아이덜 컨셉 방송인임 그냥 만든지 생각보다 몇년 안됐는데 이정도 실적이면 나쁘지는않지,1,2024-11-27T23:22:17Z,0,UgwCATNHT7qkO_uvTt14AaABAg.ABMVncB2U5kABMex4mbkSe,Av1zma6uJco,UCWohrNkYg2G_fQuGpzUNrSg,2024-11-27T23:22:17Z,UgwCATNHT7qkO_uvTt14AaABAg,부정
버추얼 아이돌 인기가 이정도? '이세계 아이돌' 역대 펀딩 88억 돌파/ KNN,KNN NEWS,대댓글,@막한다_막한다,@slow__cow3047 뭐 아이돌이 맞긴 함,1,2024-11-28T06:12:59Z,0,UgwCATNHT7qkO_uvTt14AaABAg.ABMVncB2U5kABNOxCgXwuF,Av1zma6uJco,UCjqy1SrBvz9rXsteMFUE2_g,2024-11-28T06:12:59Z,UgwCATNHT7qkO_uvTt14AaABAg,중립
버추얼 아이돌 인기가 이정도? '이세계 아이돌' 역대 펀딩 88억 돌파/ KNN,KNN NEWS,최상위 댓글,@빈빈-m2h,욕하는사람들 다 나이많아보인다..,2,2024-11-28T13:52:22Z,2,Ugw_JAdPTCp00dwKgmF4AaABAg,Av1zma6uJco,UC-S1cEcK6XYW5WV5LELNoUg,2024-11-28T13:52:22Z,,중립
버추얼 아이돌 인기가 이정도? '이세계 아이돌' 역대 펀딩 88억 돌파/ KNN,KNN NEWS,대댓글,@darkpinkgall9719,찐따잼민이인거 자랑하노 ㅋㅋㅋㅋ,1,2024-11-28T23:53:42Z,0,Ugw_JAdPTCp00dwKgmF4AaABAg.ABODWnWK5WZABPIL807eqr,Av1zma6uJco,UCmXDXIvvO0-A453nJXRfT3g,2024-11-28T23:53:42Z,Ugw_JAdPTCp00dwKgmF4AaABAg,중립
버추얼 아이돌 인기가 이정도? '이세계 아이돌' 역대 펀딩 88억 돌파/ KNN,KNN NEWS,대댓글,@아즈사는어렸을때부터,@darkpinkgall9719 ㅋㅋㅋㅋㅋㅋㅋㅋㅋ 속이~~~~~~뻥!!!!!!!!,1,2024-11-29T03:06:04Z,0,Ugw_JAdPTCp00dwKgmF4AaABAg.ABODWnWK5WZABPdM35k0zV,Av1zma6uJco,UC_Wl4ag6Rme3kyMNioVjgvw,2024-11-29T03:06:04Z,Ugw_JAdPTCp00dwKgmF4AaABAg,중립
버추얼 아이돌 인기가 이정도? '이세계 아이돌' 역대 펀딩 88억 돌파/ KNN,KNN NEWS,최상위 댓글,@seisomatsuri,왁천지,1,2024-11-27T18:34:29Z,0,UgwExtIiX8Gs6JtH3Bd4AaABAg,Av1zma6uJco,UCfSiwDiHz3-hCiLfpzOTI_Q,2024-11-27T18:34:29Z,,중립
버추얼 아이돌 인기가 이정도? '이세계 아이돌' 역대 펀딩 88억 돌파/ KNN,KNN NEWS,최상위 댓글,@hiyo8643,취존은하지만 아직 모르겟네 ㅇㅅㅇ…버튜버자체를 알고리즘 뜨는거말곤 인봐서,1,2024-11-28T10:24:17Z,0,UgxatKJ2U9YVN_eough4AaABAg,Av1zma6uJco,UCFtpFrmPoaPB-gxrMiq5vjg,2024-11-28T10:24:17Z,,중립
버추얼 아이돌 인기가 이정도? '이세계 아이돌' 역대 펀딩 88억 돌파/ KNN,KNN NEWS,최상위 댓글,@akaps9999,저걸 왜봄?😊,2,2024-11-30T01:09:47Z,4,UgzYFyHddWMlr43JAZR4AaABAg,Av1zma6uJco,UCLeDcEw6W8IfR5oLoJWixqw,2024-11-30T01:09:47Z,,중립
버추얼 아이돌 인기가 이정도? '이세계 아이돌' 역대 펀딩 88억 돌파/ KNN,KNN NEWS,대댓글,@xoxv0116,보지마 그럼,1,2024-11-30T06:59:33Z,0,UgzYFyHddWMlr43JAZR4AaABAg.ABS-qDM0U3jABScrvfZoqV,Av1zma6uJco,UCQXVEM5rpVg56TU4huyfBnw,2024-11-30T06:59:33Z,UgzYFyHddWMlr43JAZR4AaABAg,중립
버추얼 아이돌 인기가 이정도? '이세계 아이돌' 역대 펀딩 88억 돌파/ KNN,KNN NEWS,대댓글,@성이름-o8h9c,먹다보니 12시? 쿵쾅이 냄새나노ㅋㅋ,0,2024-11-30T07:47:46Z,0,UgzYFyHddWMlr43JAZR4AaABAg.ABS-qDM0U3jABSiOBjTviL,Av1zma6uJco,UCIU1o0yREEwW42BkhlIWsyQ,2024-11-30T07:47:46Z,UgzYFyHddWMlr43JAZR4AaABAg,중립
버추얼 아이돌 인기가 이정도? '이세계 아이돌' 역대 펀딩 88억 돌파/ KNN,KNN NEWS,대댓글,@민2-q4m,안봐도 돼요😊,0,2024-12-01T13:36:05Z,0,UgzYFyHddWMlr43JAZR4AaABAg.ABS-qDM0U3jABVv24pMfx3,Av1zma6uJco,UCAVVsWkBQ6fSA7RhNeW0CwA,2024-12-01T13:36:05Z,UgzYFyHddWMlr43JAZR4AaABAg,중립
버추얼 아이돌 인기가 이정도? '이세계 아이돌' 역대 펀딩 88억 돌파/ KNN,KNN NEWS,대댓글,@배종우-g1o,안봐도됌 우리만볼게,0,2024-12-03T04:58:47Z,0,UgzYFyHddWMlr43JAZR4AaABAg.ABS-qDM0U3jAB_8R1x57tU,Av1zma6uJco,UCr4n6E3ok9L3M0DEpfxuE7A,2024-12-03T04:58:47Z,UgzYFyHddWMlr43JAZR4AaABAg,중립
버추얼 아이돌 인기가 이정도? '이세계 아이돌' 역대 펀딩 88억 돌파/ KNN,KNN NEWS,최상위 댓글,@grrrrrrr88,흠 그정돈가,2,2024-11-30T03:15:42Z,0,UgyzSvk_zmmIBZ8Ic-F4AaABAg,Av1zma6uJco,UCjPfqja_xveSasITbUK-rqA,2024-11-30T03:15:42Z,,중립
버추얼 아이돌 인기가 이정도? '이세계 아이돌' 역대 펀딩 88억 돌파/ KNN,KNN NEWS,최상위 댓글,@버튜버보는노짱,콘서트 같은 거 열어서 거따가 네이팜탄 몇발 떨구면 사회가 좀 나아질 듯.,1,2024-11-29T13:50:13Z,5,UgyvGkuypjnuwsMjyoZ4AaABAg,Av1zma6uJco,UCgsmeEPkDJVSxVgcvdeIQDg,2024-11-29T13:50:13Z,,중립
버추얼 아이돌 인기가 이정도? '이세계 아이돌' 역대 펀딩 88억 돌파/ KNN,KNN NEWS,대댓글,@산천-z7i,(아야츠노유니를 구독하며),3,2024-11-29T16:46:21Z,0,UgyvGkuypjnuwsMjyoZ4AaABAg.ABQn3win1v8ABR6E0ZDktN,Av1zma6uJco,UCZ8BStYHZIsoklBdZoGV-Bg,2024-11-29T16:46:21Z,UgyvGkuypjnuwsMjyoZ4AaABAg,중립
버추얼 아이돌 인기가 이정도? '이세계 아이돌' 역대 펀딩 88억 돌파/ KNN,KNN NEWS,대댓글,@피이01,​@산천-z7i ㅋㅋㅋㅋㅋㅋㅋ,1,2024-11-29T17:03:22Z,0,UgyvGkuypjnuwsMjyoZ4AaABAg.ABQn3win1v8ABR8Ab7zpoQ,Av1zma6uJco,UCuHwEWyMH-b6IiX_TClExbQ,2024-11-29T17:03:22Z,UgyvGkuypjnuwsMjyoZ4AaABAg,중립
버추얼 아이돌 인기가 이정도? '이세계 아이돌' 역대 펀딩 88억 돌파/ KNN,KNN NEWS,대댓글,@00876d,@산천-z7iㅋㅋㅋㅋㅋㅋㅋㅋ,1,2024-11-29T21:13:31Z,0,UgyvGkuypjnuwsMjyoZ4AaABAg.ABQn3win1v8ABR_nkek5oC,Av1zma6uJco,UC82kPEnzmkHWz18q89mYB9g,2024-11-29T21:13:31Z,UgyvGkuypjnuwsMjyoZ4AaABAg,중립
버추얼 아이돌 인기가 이정도? '이세계 아이돌' 역대 펀딩 88억 돌파/ KNN,KNN NEWS,대댓글,@hyunjun4095,모두 잠수 준비 네 드릉드릉 잘안들어오우 네 허버허버 오우 깊은저 한남속 갓치마을 드릉드릉스폰지밥 네모난얼굴에 광대얼굴 드릉드릉스폰지밥 식데도 보성이도 모두친구 허버허버스폰지밥 군적금과 희망이 보글보글 스폰지밥 다시는 이세돌을 무시하지마라😊 스폰지밥아 힘조!!!!!!! 힘빡쪼!!!!!​@산천-z7i 넌페미 욕할자격없다 스윗한남아~,0,2024-11-30T05:56:35Z,0,UgyvGkuypjnuwsMjyoZ4AaABAg.ABQn3win1v8ABSWemx9edb,Av1zma6uJco,UCjzmwRqsgvUllcVnM8oNHZw,2024-11-30T05:56:35Z,UgyvGkuypjnuwsMjyoZ4AaABAg,중립
버추얼 아이돌 인기가 이정도? '이세계 아이돌' 역대 펀딩 88억 돌파/ KNN,KNN NEWS,대댓글,@민2-q4m,씹덕이 없어져봤자 사회가 뭐가 달라지죠? 진짜 궁금해서 그래요. 대통령이 씹덕은 아닐텐데😢,0,2024-12-01T13:46:46Z,0,UgyvGkuypjnuwsMjyoZ4AaABAg.ABQn3win1v8ABVwGQifgYC,Av1zma6uJco,UCAVVsWkBQ6fSA7RhNeW0CwA,2024-12-01T13:46:46Z,UgyvGkuypjnuwsMjyoZ4AaABAg,중립
버추얼 아이돌 인기가 이정도? '이세계 아이돌' 역대 펀딩 88억 돌파/ KNN,KNN NEWS,최상위 댓글,@wowo3680,"내 취향 아니라서 망한 줄 알았는데 내 알고리즘에 안 뜨는 거였구나ㅋㅋㅋ
덕후는 돈이 되지.. 우왁굳 역시 똑똑해",1,2024-11-28T02:26:11Z,2,Ugz2UnoQOtf8YJHzYOt4AaABAg,Av1zma6uJco,UCUTZG7LtBTZev2pLWrlGGwQ,2024-11-28T02:26:11Z,,중립
버추얼 아이돌 인기가 이정도? '이세계 아이돌' 역대 펀딩 88억 돌파/ KNN,KNN NEWS,대댓글,@세이클러스,지 취향 아니라고 망한대 ㅋㅋ 자의식 과잉?,2,2024-11-28T02:41:14Z,0,Ugz2UnoQOtf8YJHzYOt4AaABAg.ABN--0IuKM8ABN0iF54jMS,Av1zma6uJco,UC7_dssR3VDDqobP2zCMnbiA,2024-11-28T02:41:14Z,Ugz2UnoQOtf8YJHzYOt4AaABAg,중립
버추얼 아이돌 인기가 이정도? '이세계 아이돌' 역대 펀딩 88억 돌파/ KNN,KNN NEWS,대댓글,@SACABAMBASPIS-z2u,@세이클러스 안보이길래 망한 줄 알았는데 그냥 취향이 아니라서 알고리즘에 안뜰 뿐이었다는 듯 자의식 과잉이 아니라 그냥 한글을 못하는 거임,3,2024-11-28T06:04:10Z,0,Ugz2UnoQOtf8YJHzYOt4AaABAg.ABN--0IuKM8ABNNwbqRur2,Av1zma6uJco,UCZfVADgb_Qcdw16ZvNMW3MA,2024-11-28T06:04:10Z,Ugz2UnoQOtf8YJHzYOt4AaABAg,중립
버추얼 아이돌 인기가 이정도? '이세계 아이돌' 역대 펀딩 88억 돌파/ KNN,KNN NEWS,최상위 댓글,@이니-g4v,모두 잠수 준비,1,2024-11-28T04:14:24Z,0,Ugwdw6CtS6NtEGGviGd4AaABAg,Av1zma6uJco,UC-XjpOtF8luCBh_0afoIFKg,2024-11-28T04:14:24Z,,중립
버추얼 아이돌 인기가 이정도? '이세계 아이돌' 역대 펀딩 88억 돌파/ KNN,KNN NEWS,최상위 댓글,@모두까기인형-h9y,이게 뭐냐? 애니냐?,0,2024-11-28T00:06:22Z,1,Ugzy5xQe22CURPOwgoV4AaABAg,Av1zma6uJco,UCi_7gY_lPMUv4oJobjKoRzA,2024-11-28T00:06:22Z,,중립
버추얼 아이돌 인기가 이정도? '이세계 아이돌' 역대 펀딩 88억 돌파/ KNN,KNN NEWS,대댓글,@막한다_막한다,아이돌임,0,2024-11-28T06:10:54Z,0,Ugzy5xQe22CURPOwgoV4AaABAg.ABMk-0BHQIVABNOhvjeVzM,Av1zma6uJco,UCjqy1SrBvz9rXsteMFUE2_g,2024-11-28T06:10:54Z,Ugzy5xQe22CURPOwgoV4AaABAg,중립
버추얼 아이돌 인기가 이정도? '이세계 아이돌' 역대 펀딩 88억 돌파/ KNN,KNN NEWS,최상위 댓글,@cres-e7w,버튜버를 좋아하는 이유를 모르겠네 정신적 문제 있는 거 아닌가..연예인도 카메라 돌 때랑 안돌 때랑 다른데. 참 신기한 세상임.,1,2025-11-14T16:57:56Z,0,Ugyon1CVugxQ4vNjqDh4AaABAg,Av1zma6uJco,UC3qnueNhXuPV8eGFVSvpinw,2025-11-14T16:57:56Z,,긍정
버추얼 아이돌 인기가 이정도? '이세계 아이돌' 역대 펀딩 88억 돌파/ KNN,KNN NEWS,최상위 댓글,@Djskisokqn,울집 막네.. 이거에 돈 오지게 붙던데...눈물난더..,0,2024-11-28T05:42:52Z,0,UgzCyDsoSNp34zdX4354AaABAg,Av1zma6uJco,UC1x6TbQr5Xm2h2J4S4XAnRA,2024-11-28T05:42:52Z,,중립
버추얼 아이돌 인기가 이정도? '이세계 아이돌' 역대 펀딩 88억 돌파/ KNN,KNN NEWS,최상위 댓글,@밤하늘-p9y,모두 잠수준비!!!!,2,2024-12-02T15:09:03Z,3,UgyG677-RfX591B1UK94AaABAg,Av1zma6uJco,UCt5vcjsXZZ_Jiou6Lu7akBg,2024-12-02T15:09:03Z,,중립
버추얼 아이돌 인기가 이정도? '이세계 아이돌' 역대 펀딩 88억 돌파/ KNN,KNN NEWS,대댓글,@user-jn9ib2ul3j,칸나가...누구..더라..?,1,2024-12-06T01:46:12Z,0,UgyG677-RfX591B1UK94AaABAg.ABYeTvjwnVcABgWmDgW6bt,Av1zma6uJco,UCXsde0-qMKtlkdvsR5nY2Sg,2024-12-06T01:46:12Z,UgyG677-RfX591B1UK94AaABAg,중립
버추얼 아이돌 인기가 이정도? '이세계 아이돌' 역대 펀딩 88억 돌파/ KNN,KNN NEWS,대댓글,@밤하늘-p9y,@ 칸바오야 가지마ㅠㅠ,1,2024-12-06T02:37:46Z,0,UgyG677-RfX591B1UK94AaABAg.ABYeTvjwnVcABgbfovlaka,Av1zma6uJco,UCt5vcjsXZZ_Jiou6Lu7akBg,2024-12-06T02:37:46Z,UgyG677-RfX591B1UK94AaABAg,중립
버추얼 아이돌 인기가 이정도? '이세계 아이돌' 역대 펀딩 88억 돌파/ KNN,KNN NEWS,대댓글,@user-jn9ib2ul3j,@밤하늘-p9y 아쉽긴함 노래 잘불렀는데 쩝..,1,2024-12-06T06:53:40Z,0,UgyG677-RfX591B1UK94AaABAg.ABYeTvjwnVcABh3y7acqtj,Av1zma6uJco,UCXsde0-qMKtlkdvsR5nY2Sg,2024-12-06T06:53:40Z,UgyG677-RfX591B1UK94AaABAg,중립
버추얼 아이돌 인기가 이정도? '이세계 아이돌' 역대 펀딩 88억 돌파/ KNN,KNN NEWS,최상위 댓글,@멀봥-n4i,어지럽네..,0,2024-11-28T05:43:52Z,0,UgxU6sdeKaE5hiZ4Vpp4AaABAg,Av1zma6uJco,UCXkXO6mSXgfbq35yhCKikxQ,2024-11-28T05:43:52Z,,중립
버추얼 아이돌 인기가 이정도? '이세계 아이돌' 역대 펀딩 88억 돌파/ KNN,KNN NEWS,최상위 댓글,@참치-e4r,별로,0,2024-11-27T20:01:53Z,1,Ugz0JjcNqMqIi0AuLIp4AaABAg,Av1zma6uJco,UCSsXSGP75JnrIYqt35Mvciw,2024-11-27T20:01:53Z,,부정
버추얼 아이돌 인기가 이정도? '이세계 아이돌' 역대 펀딩 88억 돌파/ KNN,KNN NEWS,대댓글,@막한다_막한다,ㅇ 내마음의 별로,0,2024-11-28T06:09:41Z,0,Ugz0JjcNqMqIi0AuLIp4AaABAg.ABMJ0MuUIbwABNO_08zqrj,Av1zma6uJco,UCjqy1SrBvz9rXsteMFUE2_g,2024-11-28T06:09:41Z,Ugz0JjcNqMqIi0AuLIp4AaABAg,부정
버추얼 아이돌 인기가 이정도? '이세계 아이돌' 역대 펀딩 88억 돌파/ KNN,KNN NEWS,최상위 댓글,@Mons3882,모두 잠수준비!,0,2024-11-30T03:59:07Z,0,Ugxr3IHkmiFTFzHpUZl4AaABAg,Av1zma6uJco,UCFBHqRb1A6ah5qVI9hWRTpg,2024-11-30T03:59:07Z,,중립
버추얼 아이돌 인기가 이정도? '이세계 아이돌' 역대 펀딩 88억 돌파/ KNN,KNN NEWS,최상위 댓글,@arthurmorgan850,물품보관소 아이돌이네,0,2024-11-28T00:56:40Z,1,UgxqDbarXaOo9IXxkv94AaABAg,Av1zma6uJco,UC_NCpEB5e4TuLD3hZLBlCbw,2024-11-28T00:56:40Z,,중립
버추얼 아이돌 인기가 이정도? '이세계 아이돌' 역대 펀딩 88억 돌파/ KNN,KNN NEWS,대댓글,@공주님-r5x,버츄얼그룹 플레이브 도 물품보관소 보이그룹 이네 그럼,1,2024-11-28T01:21:38Z,0,UgxqDbarXaOo9IXxkv94AaABAg.ABMpkRlfIhyABMsbA1WwDx,Av1zma6uJco,UCuTTQhZoUWGxZ2QQH7Wib0w,2024-11-28T01:21:38Z,UgxqDbarXaOo9IXxkv94AaABAg,중립
버추얼 아이돌 인기가 이정도? '이세계 아이돌' 역대 펀딩 88억 돌파/ KNN,KNN NEWS,최상위 댓글,@익명의너구리-m8x,모두 잠수 준비~~~~~~~~~~~💦💦💦💦💦,0,2024-11-30T11:39:50Z,0,Ugy88OA-_kQYw7HxeTp4AaABAg,Av1zma6uJco,UCqZkeenNse_Fw0b2nvGA6QQ,2024-11-30T11:39:50Z,,중립
버추얼 아이돌 인기가 이정도? '이세계 아이돌' 역대 펀딩 88억 돌파/ KNN,KNN NEWS,최상위 댓글,@박기명-r7f,이세계아이돌 최고,1,2025-12-11T15:37:45Z,0,UgzgkhG915u8rV3gH4p4AaABAg,Av1zma6uJco,UCFHmAvGBc6HLPMV-KF3_G9g,2025-12-11T15:37:45Z,,긍정
버추얼 아이돌 인기가 이정도? '이세계 아이돌' 역대 펀딩 88억 돌파/ KNN,KNN NEWS,최상위 댓글,@kiby0706,모두 잠수준비,0,2024-11-29T21:16:49Z,0,UgzNPT3YPANcX9OxPzB4AaABAg,Av1zma6uJco,UCsBVnr37caNoSfxIDfqxVhg,2024-11-29T21:16:49Z,,중립
버추얼 아이돌 인기가 이정도? '이세계 아이돌' 역대 펀딩 88억 돌파/ KNN,KNN NEWS,최상위 댓글,@이조-h6d,모두 잠수준비,0,2024-11-28T22:32:18Z,0,Ugy1U4Ln51AFNwFNUGF4AaABAg,Av1zma6uJco,UCVVb3b93fxzGhpFUU7tOnaw,2024-11-28T22:32:18Z,,중립
버추얼 아이돌 인기가 이정도? '이세계 아이돌' 역대 펀딩 88억 돌파/ KNN,KNN NEWS,최상위 댓글,@WWC22z,"작년처럼 팬 관리 못해서 반토막나지 말고
팬덤 단도리치기를 근데 하는 꼬락서니는 힘들어 보인다만",2,2026-01-04T13:52:05Z,0,Ugzp8b8aa2d1RLIgUip4AaABAg,Av1zma6uJco,UCq7duh1RsJPYcTrpPKSojkA,2026-01-04T13:52:05Z,,중립
버추얼 아이돌 인기가 이정도? '이세계 아이돌' 역대 펀딩 88억 돌파/ KNN,KNN NEWS,최상위 댓글,@nonongno1379,QWER 보다 훨 낫지 ㅋㅋㅋ,1,2024-11-30T07:40:09Z,3,UgzLpX8L44RYruc9jCF4AaABAg,Av1zma6uJco,UC52IEEni6vlX82mg3VZBCQQ,2024-11-30T07:40:09Z,,중립
버추얼 아이돌 인기가 이정도? '이세계 아이돌' 역대 펀딩 88억 돌파/ KNN,KNN NEWS,대댓글,@hyunjun4095,모두 잠수 준비 네 드릉드릉 잘안들어오우 네 허버허버 오우 깊은저 한남속 갓치마을 드릉드릉스폰지밥 네모난얼굴에 광대얼굴 드릉드릉스폰지밥 식데도 보성이도 모두친구 허버허버스폰지밥 군적금과 희망이 보글보글 스폰지밥 다시는 이세돌을 무시하지마라😊 스폰지밥아 힘조!!!!!!! 힘빡쪼!!!!!,0,2024-11-30T08:48:15Z,0,UgzLpX8L44RYruc9jCF4AaABAg.ABShWLX9RYfABSpJAagSI1,Av1zma6uJco,UCjzmwRqsgvUllcVnM8oNHZw,2024-11-30T08:48:15Z,UgzLpX8L44RYruc9jCF4AaABAg,중립
버추얼 아이돌 인기가 이정도? '이세계 아이돌' 역대 펀딩 88억 돌파/ KNN,KNN NEWS,대댓글,@근첩패는노무현,​@hyunjun4095댓글 55개는 찐정병이노,2,2024-11-30T10:55:36Z,0,UgzLpX8L44RYruc9jCF4AaABAg.ABShWLX9RYfABT2srwoflG,Av1zma6uJco,UCJQwpFSDa439wpp46vscxRQ,2024-11-30T10:55:36Z,UgzLpX8L44RYruc9jCF4AaABAg,중립
버추얼 아이돌 인기가 이정도? '이세계 아이돌' 역대 펀딩 88억 돌파/ KNN,KNN NEWS,대댓글,@usergoatgg,@근첩패는노무현 분탕이 인정한 분탕 ㅋㅋㅋ,0,2025-01-01T00:25:32Z,0,UgzLpX8L44RYruc9jCF4AaABAg.ABShWLX9RYfACjKDC2ntcf,Av1zma6uJco,UCcvzHQyFen07y1OirRb7lfg,2025-01-01T00:25:32Z,UgzLpX8L44RYruc9jCF4AaABAg,중립
버추얼 아이돌 인기가 이정도? '이세계 아이돌' 역대 펀딩 88억 돌파/ KNN,KNN NEWS,최상위 댓글,@메창,이세돌 그 바둑기사 아닌가요,1,2024-12-05T08:11:19Z,4,UgzAtkdXe-T0MHIwrlx4AaABAg,Av1zma6uJco,UCFQ_NPDGYBgUBKKA9OyjzLQ,2024-12-05T08:11:19Z,,중립
버추얼 아이돌 인기가 이정도? '이세계 아이돌' 역대 펀딩 88억 돌파/ KNN,KNN NEWS,대댓글,@be.ddulgyie,넌 나가라,0,2024-12-05T08:50:21Z,0,UgzAtkdXe-T0MHIwrlx4AaABAg.ABed3-ByuU8ABehWpeYBmU,Av1zma6uJco,UCDl7qLAZHeyZON1RJ0gr7OA,2024-12-05T08:50:21Z,UgzAtkdXe-T0MHIwrlx4AaABAg,중립
버추얼 아이돌 인기가 이정도? '이세계 아이돌' 역대 펀딩 88억 돌파/ KNN,KNN NEWS,대댓글,@hair_tuft,​@be.ddulgyie 이세돌은 바둑기사 맞잖아... 뭘 나가라야,0,2024-12-22T01:59:53Z,0,UgzAtkdXe-T0MHIwrlx4AaABAg.ABed3-ByuU8ACKk3SQIOzZ,Av1zma6uJco,UC6EA2Vf0teTt6Q9cUu7bEYQ,2024-12-22T01:59:53Z,UgzAtkdXe-T0MHIwrlx4AaABAg,중립
버추얼 아이돌 인기가 이정도? '이세계 아이돌' 역대 펀딩 88억 돌파/ KNN,KNN NEWS,대댓글,@아리가또라베스크-i6p,이세돌 vs 이세돌 2월 21일 금요일 저녁 8시,0,2025-01-28T07:15:13Z,0,UgzAtkdXe-T0MHIwrlx4AaABAg.ABed3-ByuU8ADp_ZQYqheU,Av1zma6uJco,UCzS_BQ9EvOQo90TnV2POsRg,2025-01-28T07:15:13Z,UgzAtkdXe-T0MHIwrlx4AaABAg,중립
버추얼 아이돌 인기가 이정도? '이세계 아이돌' 역대 펀딩 88억 돌파/ KNN,KNN NEWS,대댓글,@문병순-f8x,"요즘 누가 바둑을 봄? 10대,20대가?",0,2025-07-11T23:28:03Z,0,UgzAtkdXe-T0MHIwrlx4AaABAg.ABed3-ByuU8AKSbGA9gfcK,Av1zma6uJco,UCqw7ZAzgGwL5vLf5wZ7t_XA,2025-07-11T23:28:03Z,UgzAtkdXe-T0MHIwrlx4AaABAg,중립
버추얼 아이돌 인기가 이정도? '이세계 아이돌' 역대 펀딩 88억 돌파/ KNN,KNN NEWS,최상위 댓글,@초s서큐퀸,댄서가 춤을 대리로 춰 주는건데 왜 아이돌이라고 하죠? 다라이도 그래픽 쪼가리고... 이세계 성우라고 정정해 주세요,0,2024-11-28T11:09:23Z,0,UgzcZuWpUB9QCv9Ma3t4AaABAg,Av1zma6uJco,UCzOU_CvHvrJbW6Ha-wACJ0A,2024-11-28T11:09:23Z,,중립
버추얼 아이돌 인기가 이정도? '이세계 아이돌' 역대 펀딩 88억 돌파/ KNN,KNN NEWS,최상위 댓글,@무리다요,뭔 하츠네미쿠 짭이냐 ㅉ,0,2024-11-28T06:23:50Z,3,UgzPk9vuQrK6rC6cNCV4AaABAg,Av1zma6uJco,UCgXqs4XkeQv_-DQYrVhDeYQ,2024-11-28T06:23:50Z,,중립
버추얼 아이돌 인기가 이정도? '이세계 아이돌' 역대 펀딩 88억 돌파/ KNN,KNN NEWS,대댓글,@isegye4ever,"아니 홀로라이브 짭이라는 소리도 못들었는데
하츠네미쿠 짭이라는 ㅄ같은 소리는 ㄹㅇ 첨들어보네",9,2024-11-28T06:27:02Z,0,UgzPk9vuQrK6rC6cNCV4AaABAg.ABNQBhj_q2rABNQZ48op1h,Av1zma6uJco,UCvVm5-UYNSVMhyUwo3mk4kQ,2024-11-28T06:27:02Z,UgzPk9vuQrK6rC6cNCV4AaABAg,중립
버추얼 아이돌 인기가 이정도? '이세계 아이돌' 역대 펀딩 88억 돌파/ KNN,KNN NEWS,대댓글,@박쥐기능사,​@isegye4everㄹㅇㅋㅋ,1,2024-11-28T07:57:35Z,0,UgzPk9vuQrK6rC6cNCV4AaABAg.ABNQBhj_q2rABN_vGWpGHP,Av1zma6uJco,UCqP2kNHmpZfdO7UJSEGc8eQ,2024-11-28T07:57:35Z,UgzPk9vuQrK6rC6cNCV4AaABAg,중립
버추얼 아이돌 인기가 이정도? '이세계 아이돌' 역대 펀딩 88억 돌파/ KNN,KNN NEWS,대댓글,@We-patty-on_the-block,"보컬로이드랑 버츄얼의 차이를 모르시는건가요?,,",0,2024-11-28T12:46:09Z,0,UgzPk9vuQrK6rC6cNCV4AaABAg.ABNQBhj_q2rABO5wp2KReB,Av1zma6uJco,UCJNcj2TcsLgNS0UKjYppL7w,2024-11-28T12:46:09Z,UgzPk9vuQrK6rC6cNCV4AaABAg,중립
버추얼 아이돌 인기가 이정도? '이세계 아이돌' 역대 펀딩 88억 돌파/ KNN,KNN NEWS,최상위 댓글,@SungjinMoon-dt3kc,갈때 까지 갔구나 ... 일본 따라 간다더니 곧 imf 터지긴 하겠다 조만간,0,2024-11-29T23:04:51Z,0,Ugy0EUbiBoOqRJZKoe14AaABAg,Av1zma6uJco,UCXYvcmFYQbIwfQG227GA_5w,2024-11-29T23:04:51Z,,중립
버추얼 아이돌 인기가 이정도? '이세계 아이돌' 역대 펀딩 88억 돌파/ KNN,KNN NEWS,최상위 댓글,@windymaker,거품 진짜 심하네 이세돌,1,2024-11-29T17:43:19Z,1,UgwtGL62JQ4jPvsKSfB4AaABAg,Av1zma6uJco,UCwUwFNf6cmT52f6iStY7-Dw,2024-11-29T17:43:19Z,,중립
버추얼 아이돌 인기가 이정도? '이세계 아이돌' 역대 펀딩 88억 돌파/ KNN,KNN NEWS,대댓글,@민2-q4m,88억으로 거품목욕해요!,0,2024-12-01T13:41:24Z,0,UgwtGL62JQ4jPvsKSfB4AaABAg.ABRCkB7AbFQABVve3zYezf,Av1zma6uJco,UCAVVsWkBQ6fSA7RhNeW0CwA,2024-12-01T13:41:24Z,UgwtGL62JQ4jPvsKSfB4AaABAg,중립
버추얼 아이돌 인기가 이정도? '이세계 아이돌' 역대 펀딩 88억 돌파/ KNN,KNN NEWS,최상위 댓글,@kus02260,30대인데 내또래다 이세돌 좋아한다.,2,2025-01-02T04:42:59Z,0,UgxMbCvx8tUDr98NFP14AaABAg,Av1zma6uJco,UCmIIIJicpUslbenCdm0OCHw,2025-01-02T04:42:59Z,,긍정
버추얼 아이돌 인기가 이정도? '이세계 아이돌' 역대 펀딩 88억 돌파/ KNN,KNN NEWS,최상위 댓글,@이원형-z2q,아재감성이라 그런가 이런거에 물고빨고 하는건 이해가 잘 안되긴하네  흐음.,2,2024-11-28T07:24:23Z,1,UgxFWJ0TTY6T4VhRz6N4AaABAg,Av1zma6uJco,UCfQ2FcnQ8p31-bvM06n56jw,2024-11-28T07:24:23Z,,중립
버추얼 아이돌 인기가 이정도? '이세계 아이돌' 역대 펀딩 88억 돌파/ KNN,KNN NEWS,대댓글,@dashmaster_0,"서로 이해가 안되는 부분도 당연히 있겠지만 

젊은 사람들이 트로트 잘 이해를 못하듯이 서로 취향과 해당 분야에 대한 이해도에서 나오는 호감이 달라서 생긴다고 봅니다 

댓글을 쓴 선생님도 무턱대고 욕은 안하시는 좋은 분이시니 이말이 무슨 말인지 어렴풋이 이해할 것이라 믿습니다 ㅎㅎ",7,2024-11-28T07:45:48Z,0,UgxFWJ0TTY6T4VhRz6N4AaABAg.ABNX75I3w_BABNZZylAo3J,Av1zma6uJco,UC4J9MfOwkgh7Xgn4_tarpGw,2024-11-28T07:46:18Z,UgxFWJ0TTY6T4VhRz6N4AaABAg,중립
버추얼 아이돌 인기가 이정도? '이세계 아이돌' 역대 펀딩 88억 돌파/ KNN,KNN NEWS,최상위 댓글,@A-starborns-diary,이세돌을 모르는 당신이 불쌍해,2,2024-11-28T03:43:33Z,0,UgwV4_t1fEWIHZ5Xrx94AaABAg,Av1zma6uJco,UCh1HQjvRDoHDaWEvcV8tfrA,2024-11-28T03:43:33Z,,중립
버추얼 아이돌 인기가 이정도? '이세계 아이돌' 역대 펀딩 88억 돌파/ KNN,KNN NEWS,최상위 댓글,@화러사,동덕여대생이 버튜버를했으면 54억을 갚았을텐데,2,2024-12-01T05:52:38Z,0,UgwTocjILAKN2rFD4Hx4AaABAg,Av1zma6uJco,UCYq8t6N709XFDqKxh00jZ-Q,2024-12-01T05:52:38Z,,중립
버추얼 아이돌 인기가 이정도? '이세계 아이돌' 역대 펀딩 88억 돌파/ KNN,KNN NEWS,최상위 댓글,@user-pr5co7dd9e,말세다 정말...,0,2024-11-28T02:06:34Z,2,UgwtJ6RpUQ2Hvl0J7GJ4AaABAg,Av1zma6uJco,UCoEVo2sz2DC2gsWCCn6_ewQ,2024-11-28T02:06:34Z,,중립
버추얼 아이돌 인기가 이정도? '이세계 아이돌' 역대 펀딩 88억 돌파/ KNN,KNN NEWS,대댓글,@식빵-x2h,딸피 하이,0,2024-11-28T02:08:08Z,0,UgwtJ6RpUQ2Hvl0J7GJ4AaABAg.ABMxkLX-JmYABMxvlh5dpX,Av1zma6uJco,UCWVuQl-JX9ZJ_kmvJhvVkEA,2024-11-28T02:08:08Z,UgwtJ6RpUQ2Hvl0J7GJ4AaABAg,중립
버추얼 아이돌 인기가 이정도? '이세계 아이돌' 역대 펀딩 88억 돌파/ KNN,KNN NEWS,대댓글,@user-pr5co7dd9e,@식빵-x2h 나이 18 먹고 딸피는 첨들어보노 ㅋㅋ 한심한 버육수 ㅋㅋㅋㅋ,0,2024-12-04T23:45:20Z,0,UgwtJ6RpUQ2Hvl0J7GJ4AaABAg.ABMxkLX-JmYABdj97QovPP,Av1zma6uJco,UCoEVo2sz2DC2gsWCCn6_ewQ,2024-12-04T23:45:20Z,UgwtJ6RpUQ2Hvl0J7GJ4AaABAg,중립
버추얼 아이돌 인기가 이정도? '이세계 아이돌' 역대 펀딩 88억 돌파/ KNN,KNN NEWS,최상위 댓글,@무명-m1d,세상이 확실히 ㅈ됐다 싶지,1,2024-12-01T04:30:49Z,1,UgzgmAoCZn6gIWw-KAB4AaABAg,Av1zma6uJco,UCFtKCIZUoaQRQzXwA0U2XMA,2024-12-01T04:30:49Z,,중립
버추얼 아이돌 인기가 이정도? '이세계 아이돌' 역대 펀딩 88억 돌파/ KNN,KNN NEWS,대댓글,@민2-q4m,세상이 확실히 잘됐다 싶죠?,1,2024-12-01T13:22:13Z,0,UgzgmAoCZn6gIWw-KAB4AaABAg.ABUwdSmdV1tABVtScNR14T,Av1zma6uJco,UCAVVsWkBQ6fSA7RhNeW0CwA,2024-12-01T13:22:13Z,UgzgmAoCZn6gIWw-KAB4AaABAg,중립
버추얼 아이돌 인기가 이정도? '이세계 아이돌' 역대 펀딩 88억 돌파/ KNN,KNN NEWS,최상위 댓글,@youramom,하...세상 말세네,0,2024-11-28T00:15:57Z,0,UgxmZKFWsMvbAVI08Jd4AaABAg,Av1zma6uJco,UCoj5Ecfs-YEHXV3FFboxT0g,2024-11-28T00:15:57Z,,중립
버추얼 아이돌 인기가 이정도? '이세계 아이돌' 역대 펀딩 88억 돌파/ KNN,KNN NEWS,최상위 댓글,@rjsdyd8883,W,2,2025-02-25T00:52:50Z,0,UgyHih5kWiN2kzsMkSJ4AaABAg,Av1zma6uJco,UCDI9Cdwgxic9n9gj_0hGRbg,2025-02-25T00:52:50Z,,중립
버추얼 아이돌 인기가 이정도? '이세계 아이돌' 역대 펀딩 88억 돌파/ KNN,KNN NEWS,최상위 댓글,@행복했다말해줘,현실 연애는 피곤하고 스트레스 받으니까 저런데로 빠지나보네요,0,2024-12-04T04:19:41Z,1,UgypE7FXNf1tP_jaNAp4AaABAg,Av1zma6uJco,UCRjo8G27F34g4PXPkyk7NKQ,2024-12-04T04:19:41Z,,중립
버추얼 아이돌 인기가 이정도? '이세계 아이돌' 역대 펀딩 88억 돌파/ KNN,KNN NEWS,대댓글,@아리가또라베스크-i6p,"일단 뭐라도 해봐 만삣삐, 포기하지 않고 하루하루 나아가는것 그게 니가 가져야할 모토이자 삶의 이유야. 마이 썬",0,2025-01-28T07:17:46Z,0,UgypE7FXNf1tP_jaNAp4AaABAg.ABbdkdj62p-ADp_r7E0CsZ,Av1zma6uJco,UCzS_BQ9EvOQo90TnV2POsRg,2025-01-28T07:17:46Z,UgypE7FXNf1tP_jaNAp4AaABAg,중립
버추얼 아이돌 인기가 이정도? '이세계 아이돌' 역대 펀딩 88억 돌파/ KNN,KNN NEWS,최상위 댓글,@Seohyun_000,미래지향으로 더더욱 바뀝시다,2,2025-07-21T06:20:07Z,0,UgymscnZBoXx30dxlDl4AaABAg,Av1zma6uJco,UCzx1B0CYC7KKUTYRFLO6c_Q,2025-07-21T06:20:07Z,,중립
버추얼 아이돌 인기가 이정도? '이세계 아이돌' 역대 펀딩 88억 돌파/ KNN,KNN NEWS,최상위 댓글,@zYlf5PIcHP,하... 모두 잠수 준비!! 드릉드릉 허버허버 군적금 ㅗㅜㅑ 금지~~~,1,2024-11-30T07:27:20Z,0,UgyFcyXszkfh_ymr_cB4AaABAg,Av1zma6uJco,UCnSoO2j7jsLjvy_GOgdglIA,2024-11-30T07:27:20Z,,중립
버추얼 아이돌 인기가 이정도? '이세계 아이돌' 역대 펀딩 88억 돌파/ KNN,KNN NEWS,최상위 댓글,@탑베인,페이커는 물로켓론 반증 성공했는데 얘내는 안타깝게 됬네 그래도 맴버랑 당사자들은 나쁜사람까진 않은거 같던데 어쩌다 이렇게까지 추락했을까? 한때 이계돌 응원했던 전직 이파리로서 진짜 물로켓이 되지 않기를 진심으로 바랍니다 그리고 엘범 초동 판매량 14만 넘은거 축하드려요,1,2026-01-04T11:06:07Z,2,UgxAnoOuqlDMCx2aiYF4AaABAg,Av1zma6uJco,UCLRpx39iGDaXLKuS1kjsOxA,2026-01-04T11:06:07Z,,긍정
버추얼 아이돌 인기가 이정도? '이세계 아이돌' 역대 펀딩 88억 돌파/ KNN,KNN NEWS,대댓글,@탑베인,"또 대댓에 몰려와서 시비걸까봐 입장 미리 밝혀둡니다, 굴포차 사건은 에초에 동일인물이라는거 믿지도 않고요 설령 맞다고 쳐도 그건 이계돌이 잘못한 일이라고 생각하지 않습니다 소수의 굴천지때문에 이파리 전체가 싸잡혀 욕먹는거 원하지 않고요 굴천지는 진짜 최악의 인간집단이 맞습니다 궁극적으로 이파리 내부에서 자정작용이 일어나서 굴천지가 싹다 교화되는걸 지향합니다",1,2026-01-04T11:10:39Z,0,UgxAnoOuqlDMCx2aiYF4AaABAg.ARZ22tbY2FMARZ2_8LrgxL,Av1zma6uJco,UCLRpx39iGDaXLKuS1kjsOxA,2026-01-04T11:10:39Z,UgxAnoOuqlDMCx2aiYF4AaABAg,부정
버추얼 아이돌 인기가 이정도? '이세계 아이돌' 역대 펀딩 88억 돌파/ KNN,KNN NEWS,대댓글,@user-Co7Ca7Co7la,"이미 다떠나서 님이라도 댓글 달아줘서 감사합니다 이파리들 다떠나버려서
글쓸사람도없어짐",1,2026-01-19T19:38:12Z,0,UgxAnoOuqlDMCx2aiYF4AaABAg.ARZ22tbY2FMASA__iq4604,Av1zma6uJco,UCDXtK-R8iF5mntttzSHBwMg,2026-01-19T19:38:12Z,UgxAnoOuqlDMCx2aiYF4AaABAg,긍정
버추얼 아이돌 인기가 이정도? '이세계 아이돌' 역대 펀딩 88억 돌파/ KNN,KNN NEWS,최상위 댓글,@김미친놈,이젠 노래도 안내던데,1,2024-11-30T00:11:24Z,1,UgxwMY1exN8mHWD0b_p4AaABAg,Av1zma6uJco,UCfIwjFOcOnaU0IZNBC0b-Tw,2024-11-30T00:11:24Z,,중립
버추얼 아이돌 인기가 이정도? '이세계 아이돌' 역대 펀딩 88억 돌파/ KNN,KNN NEWS,대댓글,@m-1217-u7b,4집 준비 중 이에요! 간간히 커버곡도 내고 있고요,1,2024-12-01T01:44:11Z,0,UgxwMY1exN8mHWD0b_p4AaABAg.ABRu9b8sARlABUd_4SOy2D,Av1zma6uJco,UCDYyzy2MXvysfwRm8ji17vQ,2024-12-01T01:44:11Z,UgxwMY1exN8mHWD0b_p4AaABAg,중립
버추얼 아이돌 인기가 이정도? '이세계 아이돌' 역대 펀딩 88억 돌파/ KNN,KNN NEWS,최상위 댓글,@smd3494,15% 수수료를 가져가니 쟤들은 얼마나 좋아;.... 계약체결만으로 앉아서 돈버는 샘이였으니,1,2024-11-30T21:41:06Z,0,UgyfMKNUYVi8pY7DC1d4AaABAg,Av1zma6uJco,UCh0udZmL15ODO9zehPQrvAA,2024-11-30T21:41:06Z,,긍정
버추얼 아이돌 인기가 이정도? '이세계 아이돌' 역대 펀딩 88억 돌파/ KNN,KNN NEWS,최상위 댓글,@聖み園そのミカ-435,2023~2024가 전성기였고 2025부터는 하락임,1,2026-01-17T00:11:21Z,10,Ugy2Fv_xryuwtN60a9l4AaABAg,Av1zma6uJco,UCsAw8GamAwItsEJSg5FPl9A,2026-01-17T00:11:21Z,,중립
버추얼 아이돌 인기가 이정도? '이세계 아이돌' 역대 펀딩 88억 돌파/ KNN,KNN NEWS,대댓글,@widjishxudhsusj,앨범 15만장 아가ㅡㅡㅡㅡ리,2,2026-01-28T09:47:10Z,0,Ugy2Fv_xryuwtN60a9l4AaABAg.AS3LSbQBL3BASWh5iLJWNq,Av1zma6uJco,UCxPsxXP33gCh_-9sRm24szw,2026-01-28T09:47:10Z,Ugy2Fv_xryuwtN60a9l4AaABAg,중립
버추얼 아이돌 인기가 이정도? '이세계 아이돌' 역대 펀딩 88억 돌파/ KNN,KNN NEWS,대댓글,@WWC22z,​@widjishxudhsusj 초동 14.5만 날조를 하네 근데 14만장 팔아도 OST나 머 활동하는게 없네,0,2026-01-29T11:53:15Z,0,Ugy2Fv_xryuwtN60a9l4AaABAg.AS3LSbQBL3BASZVK4G70Xh,Av1zma6uJco,UCq7duh1RsJPYcTrpPKSojkA,2026-01-29T11:53:15Z,Ugy2Fv_xryuwtN60a9l4AaABAg,중립
버추얼 아이돌 인기가 이정도? '이세계 아이돌' 역대 펀딩 88억 돌파/ KNN,KNN NEWS,대댓글,@WWC22z,"​@겜엔수-Ipari 난 초동 14.5만이라고 말했고 14만장 해도 OST하나 못 받는 다고 했다.
노래 내는거랑 별개로 말이지 ㅎㅎ 보통 인기있는 가수면 OST 불러달라고 할텐데 왜 여기는 그런게 1도 없지? 그리고 핑클 노래 나오면 머하니 200만 조회수도 못 찍은거? 비마라도 400만은 찍었니?",0,2026-01-30T07:13:11Z,0,Ugy2Fv_xryuwtN60a9l4AaABAg.AS3LSbQBL3BASa_3ZZMVvA,Av1zma6uJco,UCq7duh1RsJPYcTrpPKSojkA,2026-01-30T07:13:11Z,Ugy2Fv_xryuwtN60a9l4AaABAg,중립
버추얼 아이돌 인기가 이정도? '이세계 아이돌' 역대 펀딩 88억 돌파/ KNN,KNN NEWS,대댓글,@widjishxudhsusj,​@WWC22z왤케 발작하냐ㅋㅋ 고소라도 당했음?,0,2026-02-01T15:56:51Z,0,Ugy2Fv_xryuwtN60a9l4AaABAg.AS3LSbQBL3BASge_pwWHUW,Av1zma6uJco,UCxPsxXP33gCh_-9sRm24szw,2026-02-01T15:56:51Z,Ugy2Fv_xryuwtN60a9l4AaABAg,중립
버추얼 아이돌 인기가 이정도? '이세계 아이돌' 역대 펀딩 88억 돌파/ KNN,KNN NEWS,대댓글,@dinoace_1,@WWC22z 초동 14만장이 옆집 개이름인줄 아나. 걸그룹별 초동 고점 순위로 따지면 24위인데. 그리고 전체 발매곡의 절반 가량이 2025년에 나왔는데 뭔 활동이 없어. 다른 분들 끌고와서 죄송하긴 한데 블랙핑크 분들도 9년동안 ost 1곡내셨다. 유명함과 ost곡 발매수는 상관관계가 절대적이라고 할수는 없는거임. 그리고 조회수는 논리가 개웃기네. 곧 네임리스 400만 찍으면 네임리스는 500만도 못 찍었니? 이러겠네 ㅋㅋ,0,2026-02-01T21:59:54Z,0,Ugy2Fv_xryuwtN60a9l4AaABAg.AS3LSbQBL3BAShJ7r9KNTu,Av1zma6uJco,UCTNKu0I6dD1s3oG55OD-InA,2026-02-01T21:59:54Z,Ugy2Fv_xryuwtN60a9l4AaABAg,중립
버추얼 아이돌 인기가 이정도? '이세계 아이돌' 역대 펀딩 88억 돌파/ KNN,KNN NEWS,최상위 댓글,@fifu6373,1020이라 하지말고 3040이라고 해줘... 난 저런거 좋아한적 없어ㅠ,1,2024-11-28T14:08:46Z,0,UgwdOO9CqW1fbYmYcNt4AaABAg,Av1zma6uJco,UCxnCIRcr9AuiUHWpFrqqXtA,2024-11-28T14:08:46Z,,긍정
버추얼 아이돌 인기가 이정도? '이세계 아이돌' 역대 펀딩 88억 돌파/ KNN,KNN NEWS,최상위 댓글,@즈서슷,자자 우리 신사 숙녀 이파리분들 품어 아시죠?,1,2024-11-27T22:49:21Z,0,Ugz7OAK309aH1_R8ngp4AaABAg,Av1zma6uJco,UCPk6QLysigI1A_z3WABgIiw,2024-11-27T22:49:21Z,,중립
버추얼 아이돌 인기가 이정도? '이세계 아이돌' 역대 펀딩 88억 돌파/ KNN,KNN NEWS,최상위 댓글,@뚤기-158cm,우리 아이돌이 이정도에요! 여러분!,1,2025-04-19T12:03:28Z,0,UgwELt0Rk-jYD8PGTz14AaABAg,Av1zma6uJco,UC5eqAn3SS7BMFu6lr8AHH8g,2025-04-19T12:03:28Z,,중립
버추얼 아이돌 인기가 이정도? '이세계 아이돌' 역대 펀딩 88억 돌파/ KNN,KNN NEWS,최상위 댓글,@강아지구름-heygwi61,우리아이네님이뉴스에나왔어요ㅛㅛ(?),1,2025-05-23T14:12:14Z,0,Ugyb85RCoR3DIgd9zTB4AaABAg,Av1zma6uJco,UCv0HFZsyi7KNe1oyjyCGhtA,2025-05-23T14:12:14Z,,중립
버추얼 아이돌 인기가 이정도? '이세계 아이돌' 역대 펀딩 88억 돌파/ KNN,KNN NEWS,최상위 댓글,@산중턱바위,거의 일화급 종교 ㅋㅋ 아프리카가서 다행이다,1,2025-01-06T18:49:48Z,5,Ugyp5if817eOLC89VO54AaABAg,Av1zma6uJco,UCfJsZpEe0VCuclSXRWQ0Kug,2025-01-06T18:49:48Z,,중립
버추얼 아이돌 인기가 이정도? '이세계 아이돌' 역대 펀딩 88억 돌파/ KNN,KNN NEWS,대댓글,@Nutnutbut,king A,2,2025-01-09T02:51:48Z,0,Ugyp5if817eOLC89VO54AaABAg.ACyAZPTmjYvAD3BJPmRvsi,Av1zma6uJco,UCAbZbjlkl5CZBxTGvXxOFpA,2025-01-09T02:51:48Z,Ugyp5if817eOLC89VO54AaABAg,중립
버추얼 아이돌 인기가 이정도? '이세계 아이돌' 역대 펀딩 88억 돌파/ KNN,KNN NEWS,대댓글,@user-gf9vg846h1,king-a,1,2025-01-11T18:29:22Z,0,Ugyp5if817eOLC89VO54AaABAg.ACyAZPTmjYvADA0C8WNP5-,Av1zma6uJco,UCJ30AakDMyoi0SpMABGt4qw,2025-01-11T18:29:22Z,Ugyp5if817eOLC89VO54AaABAg,중립
버추얼 아이돌 인기가 이정도? '이세계 아이돌' 역대 펀딩 88억 돌파/ KNN,KNN NEWS,대댓글,@아리가또라베스크-i6p,King-a,1,2025-01-28T07:11:50Z,0,Ugyp5if817eOLC89VO54AaABAg.ACyAZPTmjYvADp_AbmI7Fy,Av1zma6uJco,UCzS_BQ9EvOQo90TnV2POsRg,2025-01-28T07:11:50Z,Ugyp5if817eOLC89VO54AaABAg,중립
버추얼 아이돌 인기가 이정도? '이세계 아이돌' 역대 펀딩 88억 돌파/ KNN,KNN NEWS,대댓글,@bsbkowx,Siuuuuuuu,1,2025-02-06T10:01:18Z,0,Ugyp5if817eOLC89VO54AaABAg.ACyAZPTmjYvAEC2iiiIrLf,Av1zma6uJco,UCNpSC-wvbowJ7HR5bqnbShw,2025-02-06T10:01:18Z,Ugyp5if817eOLC89VO54AaABAg,중립
버추얼 아이돌 인기가 이정도? '이세계 아이돌' 역대 펀딩 88억 돌파/ KNN,KNN NEWS,대댓글,@배떡만이2,Sye sye 셰셰,0,2025-07-29T15:39:46Z,0,Ugyp5if817eOLC89VO54AaABAg.ACyAZPTmjYvALA6z3wXN3m,Av1zma6uJco,UCSWeDZKne4d4kymZ-lGQEcQ,2025-07-29T15:39:46Z,Ugyp5if817eOLC89VO54AaABAg,중립
버추얼 아이돌 인기가 이정도? '이세계 아이돌' 역대 펀딩 88억 돌파/ KNN,KNN NEWS,최상위 댓글,@wonve0516,이세돌 바둑기사 아니냐,1,2024-12-04T14:26:09Z,0,Ugzi7TZ68TVCJ8FpCdp4AaABAg,Av1zma6uJco,UCF1EYvYsCvLeOyRiKGjRBCg,2024-12-04T14:26:09Z,,중립
버추얼 아이돌 인기가 이정도? '이세계 아이돌' 역대 펀딩 88억 돌파/ KNN,KNN NEWS,최상위 댓글,@user-og6il6cd6u,근데 버튜버 보면서 귀엽다ㅇㅈㄹ은 좀 웃기긴함 걔네 실제 얼굴보고도 그럴까ㅋㅋ예외는 잇겠지만 그것도 10명중 한명이지,0,2024-11-28T01:49:42Z,0,UgwnQ6sJ0zOgDCPIlTN4AaABAg,Av1zma6uJco,UCx50610XPyiEQlb2UIVBTXg,2024-11-28T01:49:42Z,,중립
버추얼 아이돌 인기가 이정도? '이세계 아이돌' 역대 펀딩 88억 돌파/ KNN,KNN NEWS,최상위 댓글,@0-OoO-0,이제와서? 요즘 하락세인데,1,2024-11-27T18:37:48Z,0,UgyRAWkOmPpyos_-HsF4AaABAg,Av1zma6uJco,UClCWZKOgO1gUl2c4fFprKDQ,2024-11-27T18:37:48Z,,중립
버추얼 아이돌 인기가 이정도? '이세계 아이돌' 역대 펀딩 88억 돌파/ KNN,KNN NEWS,최상위 댓글,@cheseona,저긴 좀 사이비같음,3,2024-11-28T07:00:26Z,0,UgxmNH40xMQDcJWfVhB4AaABAg,Av1zma6uJco,UCuM3irJ4HdgQuaMdh2ve1ng,2024-11-28T07:00:26Z,,중립
버추얼 아이돌 인기가 이정도? '이세계 아이돌' 역대 펀딩 88억 돌파/ KNN,KNN NEWS,최상위 댓글,@user-ho7nz1kk1u,저돈 우왁굳이 꿀꺽함?????,0,2024-11-28T06:22:38Z,1,Ugybv8sHG_n9wOHu9Ll4AaABAg,Av1zma6uJco,UCr-Jy6lUsOA8PFcErdd57IQ,2024-11-28T06:22:38Z,,중립
버추얼 아이돌 인기가 이정도? '이세계 아이돌' 역대 펀딩 88억 돌파/ KNN,KNN NEWS,대댓글,@황석현-r3q,겠냐?,5,2024-11-28T06:43:13Z,0,Ugybv8sHG_n9wOHu9Ll4AaABAg.ABNQ2sOHleUABNSPZJfywO,Av1zma6uJco,UCMGpBbi6oIOvFP8IPEBsTpw,2024-11-28T06:43:13Z,Ugybv8sHG_n9wOHu9Ll4AaABAg,중립
버추얼 아이돌 인기가 이정도? '이세계 아이돌' 역대 펀딩 88억 돌파/ KNN,KNN NEWS,최상위 댓글,@oysterhole,"모 두 잠 수 준 비 !!!!!!!
88억 ㅊㅊㅊㅊㅊㅊㅊ",0,2024-11-28T00:52:27Z,0,UgzPpEUM0dyoU6BCWEx4AaABAg,Av1zma6uJco,UC82mFbAgX8mHp5mrzEPkQbw,2024-11-28T00:52:27Z,,중립
버추얼 아이돌 인기가 이정도? '이세계 아이돌' 역대 펀딩 88억 돌파/ KNN,KNN NEWS,최상위 댓글,@Ye0n_1o0,이거보니까 이파리라는것에 감사해짐✨ 킹애,0,2024-11-27T22:49:30Z,0,UgyoTgh7BvxhUu8CNWF4AaABAg,Av1zma6uJco,UCmX4zhqi7l1txOKWw2Vd03A,2024-11-27T22:49:30Z,,긍정
버추얼 아이돌 인기가 이정도? '이세계 아이돌' 역대 펀딩 88억 돌파/ KNN,KNN NEWS,최상위 댓글,@로날도-w5n,주르르 이사람 군적금 발언으로 논란인데 아직도 하고있음?,4,2025-02-06T02:22:35Z,3,Ugxrk_2OQTcRjFzp7mF4AaABAg,Av1zma6uJco,UCDXJ-i0lQihhWT-lUjG1cyg,2025-02-06T02:22:35Z,,중립
버추얼 아이돌 인기가 이정도? '이세계 아이돌' 역대 펀딩 88억 돌파/ KNN,KNN NEWS,대댓글,@아리가또라베스크-i6p,틀!,2,2025-02-21T14:16:56Z,0,Ugxrk_2OQTcRjFzp7mF4AaABAg.AEBEDvCyn1vAEo7u7UZIKE,Av1zma6uJco,UCzS_BQ9EvOQo90TnV2POsRg,2025-02-21T14:16:56Z,Ugxrk_2OQTcRjFzp7mF4AaABAg,중립
버추얼 아이돌 인기가 이정도? '이세계 아이돌' 역대 펀딩 88억 돌파/ KNN,KNN NEWS,대댓글,@ndcd,???: 잊으라고!! 민수들아! 그냥 잊어!!,0,2025-04-03T00:08:55Z,0,Ugxrk_2OQTcRjFzp7mF4AaABAg.AEBEDvCyn1vAGRBRyysDeC,Av1zma6uJco,UCg9jya_7fZynPaK1R1mIekQ,2025-04-03T00:08:55Z,Ugxrk_2OQTcRjFzp7mF4AaABAg,중립
버추얼 아이돌 인기가 이정도? '이세계 아이돌' 역대 펀딩 88억 돌파/ KNN,KNN NEWS,대댓글,@배떡만이2,그건 진짜... 팬이긴 한데 좀 그래서 주르르 방송은 안봄,0,2025-07-29T15:38:56Z,0,Ugxrk_2OQTcRjFzp7mF4AaABAg.AEBEDvCyn1vALA6sy9szGt,Av1zma6uJco,UCSWeDZKne4d4kymZ-lGQEcQ,2025-07-29T15:38:56Z,Ugxrk_2OQTcRjFzp7mF4AaABAg,중립
버추얼 아이돌 인기가 이정도? '이세계 아이돌' 역대 펀딩 88억 돌파/ KNN,KNN NEWS,최상위 댓글,@그가든콜라,굴찜 먹방 준비,1,2025-11-15T13:13:47Z,1,UgwdYu_DhxE4lTWN5eV4AaABAg,Av1zma6uJco,UCBMY163t-J38ACDHtRJgnWw,2025-11-15T13:13:47Z,,중립
버추얼 아이돌 인기가 이정도? '이세계 아이돌' 역대 펀딩 88억 돌파/ KNN,KNN NEWS,대댓글,@박기명-r7f,나가 뒤질 준비,2,2025-12-11T15:36:42Z,0,UgwdYu_DhxE4lTWN5eV4AaABAg.APYWvDF1emCAQaiwmxW1pY,Av1zma6uJco,UCFHmAvGBc6HLPMV-KF3_G9g,2025-12-11T15:36:42Z,UgwdYu_DhxE4lTWN5eV4AaABAg,중립
버추얼 아이돌 인기가 이정도? '이세계 아이돌' 역대 펀딩 88억 돌파/ KNN,KNN NEWS,최상위 댓글,@emiya9gizzada,모두 잠수 준비!,0,2024-11-30T13:30:42Z,0,Ugx1K93reQRvRf9hWH14AaABAg,Av1zma6uJco,UCQoZS_uUAUIlWmmZkUXYP3A,2024-11-30T13:30:42Z,,중립
버추얼 아이돌 인기가 이정도? '이세계 아이돌' 역대 펀딩 88억 돌파/ KNN,KNN NEWS,최상위 댓글,@An-225,댓글 웃기네 ㅋ,0,2024-11-28T07:37:56Z,0,UgyNxwYJGUAHpSkqSRZ4AaABAg,Av1zma6uJco,UCgEaLloMXI4k_0yEtv5GTug,2024-11-28T07:37:56Z,,중립
버추얼 아이돌 인기가 이정도? '이세계 아이돌' 역대 펀딩 88억 돌파/ KNN,KNN NEWS,최상위 댓글,@프리-y8g,"1020아니지
10대 20대초반 애들한테서나 유행하는거지 뭔
20대후반 엮지좀마",1,2025-02-25T07:14:09Z,2,UgxeFaxVDEXwxSD6XR14AaABAg,Av1zma6uJco,UCmG5Q-FTHmg-CpLj2wVy_RQ,2025-02-25T07:14:09Z,,중립
버추얼 아이돌 인기가 이정도? '이세계 아이돌' 역대 펀딩 88억 돌파/ KNN,KNN NEWS,대댓글,@pari01178,그건 니 기준이고 조용히하고 잠이나 자쇼 ;;,0,2025-06-21T01:06:37Z,0,UgxeFaxVDEXwxSD6XR14AaABAg.AExfh3AZmyMAJbhqdynCtw,Av1zma6uJco,UCPlbXgh_9jgxVCrPpG9LYbA,2025-06-21T01:06:37Z,UgxeFaxVDEXwxSD6XR14AaABAg,중립
버추얼 아이돌 인기가 이정도? '이세계 아이돌' 역대 펀딩 88억 돌파/ KNN,KNN NEWS,대댓글,@개입신당,"2030 이세돌
1020 스텔",0,2025-06-29T12:33:13Z,0,UgxeFaxVDEXwxSD6XR14AaABAg.AExfh3AZmyMAJxXmXUAjNH,Av1zma6uJco,UCVacEr4NSuuz7-AW4U6s8rw,2025-06-29T12:33:13Z,UgxeFaxVDEXwxSD6XR14AaABAg,중립
버추얼 아이돌 인기가 이정도? '이세계 아이돌' 역대 펀딩 88억 돌파/ KNN,KNN NEWS,최상위 댓글,@쿠찌모찌,저걸로 동덕여대 54억 지원해주면 되겠네,0,2024-11-27T18:35:44Z,0,UgwM7qvWZEP49pR7HeB4AaABAg,Av1zma6uJco,UCzUYjIa0TKA5j9xrhTyhdow,2024-11-27T18:35:44Z,,중립
버추얼 아이돌 인기가 이정도? '이세계 아이돌' 역대 펀딩 88억 돌파/ KNN,KNN NEWS,최상위 댓글,@수진-o9o,으 싫어,2,2025-01-26T09:19:11Z,2,Ugxcsxy9oxVskKZvKDR4AaABAg,Av1zma6uJco,UC8bXvdaVue00LHoK4kGkDew,2025-01-26T09:19:11Z,,부정
버추얼 아이돌 인기가 이정도? '이세계 아이돌' 역대 펀딩 88억 돌파/ KNN,KNN NEWS,대댓글,@유석엄마파워,오우 닭 한대 치시고,1,2025-02-15T02:08:46Z,0,Ugxcsxy9oxVskKZvKDR4AaABAg.ADke9__ZPTxAEYNnfKNHve,Av1zma6uJco,UCOuHRA_LMeGxJEkUI_zJIVg,2025-02-15T02:08:46Z,Ugxcsxy9oxVskKZvKDR4AaABAg,중립
버추얼 아이돌 인기가 이정도? '이세계 아이돌' 역대 펀딩 88억 돌파/ KNN,KNN NEWS,대댓글,@아리가또라베스크-i6p,난 너가 좋단다 품어,1,2025-02-21T14:17:16Z,0,Ugxcsxy9oxVskKZvKDR4AaABAg.ADke9__ZPTxAEo7wdHVad7,Av1zma6uJco,UCzS_BQ9EvOQo90TnV2POsRg,2025-02-21T14:17:16Z,Ugxcsxy9oxVskKZvKDR4AaABAg,중립
