동영상 제목,채널명,댓글 유형,작성자,댓글 내용,좋아요,작성일시,대댓글 수,댓글 ID,동영상 ID,작성자 채널 ID,수정일시,상위 댓글 ID,감성
콘서트 티켓 8분 만에 전석 매진시킨다는 버추얼 아이돌 근황 / 스브스뉴스,스브스뉴스 SUBUSUNEWS,최상위 댓글,@SUBUSUNEWS,"※ 본 영상에 출연한 출연자를 향한 인신공격, 비난 및 비방을 담은 댓글은 삭제할 예정입니다.
출연자를 보호하기 위한 최소한의 조치이오니 구독자 여러분의 양해 부탁드립니다.
스브스뉴스는 여러분의 건강한 의견 교류를 권장합니다. 감사합니다.",3259,2023-09-28T02:02:04Z,107,Ugz4Cw6QT5ExH7VpUVV4AaABAg,S1bcy4h1mS8,UCQabORQKQRHP-iUqe-xIFvg,2023-09-28T02:02:04Z,,긍정
콘서트 티켓 8분 만에 전석 매진시킨다는 버추얼 아이돌 근황 / 스브스뉴스,스브스뉴스 SUBUSUNEWS,대댓글,@INCHEONBUS-NO.1,킹아 스브스 최고,163,2023-09-28T02:19:09Z,0,Ugz4Cw6QT5ExH7VpUVV4AaABAg.9vBSniay10u9vBUkqEk1Fu,S1bcy4h1mS8,UCOG8uHQ_f-KbM5qat7dQMrg,2023-09-28T02:19:09Z,Ugz4Cw6QT5ExH7VpUVV4AaABAg,긍정
콘서트 티켓 8분 만에 전석 매진시킨다는 버추얼 아이돌 근황 / 스브스뉴스,스브스뉴스 SUBUSUNEWS,대댓글,@l다크초코,킹애,37,2023-09-28T02:19:44Z,0,Ugz4Cw6QT5ExH7VpUVV4AaABAg.9vBSniay10u9vBUpAAkB5A,S1bcy4h1mS8,UC00LVpwmhOn3r_g42rNHdNA,2023-09-28T02:19:44Z,Ugz4Cw6QT5ExH7VpUVV4AaABAg,중립
콘서트 티켓 8분 만에 전석 매진시킨다는 버추얼 아이돌 근황 / 스브스뉴스,스브스뉴스 SUBUSUNEWS,대댓글,@toptototk,오늘부터 스브스 입덕합니다,57,2023-09-28T02:20:02Z,0,Ugz4Cw6QT5ExH7VpUVV4AaABAg.9vBSniay10u9vBUrKVK-AT,S1bcy4h1mS8,UC4kofNg_8oFAsvwXbLPRtDg,2023-09-28T02:20:02Z,Ugz4Cw6QT5ExH7VpUVV4AaABAg,중립
콘서트 티켓 8분 만에 전석 매진시킨다는 버추얼 아이돌 근황 / 스브스뉴스,스브스뉴스 SUBUSUNEWS,대댓글,@이상민-n7g8w,앨잴땍 네이스,27,2023-09-28T02:22:11Z,0,Ugz4Cw6QT5ExH7VpUVV4AaABAg.9vBSniay10u9vBV6B8SROe,S1bcy4h1mS8,UC6AwaRGwmYEcERojTR_ra8g,2023-09-28T02:22:11Z,Ugz4Cw6QT5ExH7VpUVV4AaABAg,중립
콘서트 티켓 8분 만에 전석 매진시킨다는 버추얼 아이돌 근황 / 스브스뉴스,스브스뉴스 SUBUSUNEWS,대댓글,@리치마루-u6q,스브스 킹아,17,2023-09-28T02:24:19Z,0,Ugz4Cw6QT5ExH7VpUVV4AaABAg.9vBSniay10u9vBVLhYesb9,S1bcy4h1mS8,UCY-bVvlpPwlYqy19qQZWArg,2023-09-28T02:24:19Z,Ugz4Cw6QT5ExH7VpUVV4AaABAg,중립
콘서트 티켓 8분 만에 전석 매진시킨다는 버추얼 아이돌 근황 / 스브스뉴스,스브스뉴스 SUBUSUNEWS,최상위 댓글,@lifestyleparkoh5314,"팬들 인터뷰 보니까 소통이 핵심이네 ㅋㅋ
현실 아이돌은 소통이 힘든데 버츄얼은 매일 방송하고 커뮤니티 피드백 받아주고 등등 이러면 팬이 생길수밖에없지 재밌고",726,2024-02-23T06:35:47Z,3,UgzIMuQWrjkh0Umye7x4AaABAg,S1bcy4h1mS8,UCcAK-tUAIC6XudM4BoB6IWQ,2024-02-23T06:35:47Z,,긍정
콘서트 티켓 8분 만에 전석 매진시킨다는 버추얼 아이돌 근황 / 스브스뉴스,스브스뉴스 SUBUSUNEWS,대댓글,@user13486,하긴 아이돌들 소통이래봐야 인스타같은거뿐이니까 많아봣자 팬카페에 확률출현 같은거?,36,2024-04-14T01:34:44Z,0,UgzIMuQWrjkh0Umye7x4AaABAg.A091m5BUd85A2BorjxCwvc,S1bcy4h1mS8,UCd0hHC-n0LsEvE72_y374_w,2024-04-14T01:34:44Z,UgzIMuQWrjkh0Umye7x4AaABAg,중립
콘서트 티켓 8분 만에 전석 매진시킨다는 버추얼 아이돌 근황 / 스브스뉴스,스브스뉴스 SUBUSUNEWS,대댓글,@sttens123,가장 큰 차이지 심리적인 거리감이 진짜 다른 듯,59,2024-04-16T14:33:11Z,0,UgzIMuQWrjkh0Umye7x4AaABAg.A091m5BUd85A2IMXypyBhq,S1bcy4h1mS8,UCUmtW5apDgNDTcuFOyiffLQ,2024-04-16T14:33:11Z,UgzIMuQWrjkh0Umye7x4AaABAg,중립
콘서트 티켓 8분 만에 전석 매진시킨다는 버추얼 아이돌 근황 / 스브스뉴스,스브스뉴스 SUBUSUNEWS,대댓글,@bongdodo900,정확하게 보셧네요 ㅎㅎ,1,2024-11-16T04:30:23Z,0,UgzIMuQWrjkh0Umye7x4AaABAg.A091m5BUd85AAtJfF8wRtS,S1bcy4h1mS8,UCSZBWsJvFFhkOFJ7sImACpg,2024-11-16T04:30:23Z,UgzIMuQWrjkh0Umye7x4AaABAg,중립
콘서트 티켓 8분 만에 전석 매진시킨다는 버추얼 아이돌 근황 / 스브스뉴스,스브스뉴스 SUBUSUNEWS,최상위 댓글,@ggeumo,사장님이란 분이 인터뷰하는데 잘생긴 얼굴과 태평양 어깨만 믿고 너무 후줄근한 차림으로 오셨네요..,546,2023-09-28T03:06:54Z,2,UgwFosG3yEFMVT_OVQd4AaABAg,S1bcy4h1mS8,UCBCyMWvSFwPiaNRdarpCiLA,2023-09-28T03:06:54Z,,중립
콘서트 티켓 8분 만에 전석 매진시킨다는 버추얼 아이돌 근황 / 스브스뉴스,스브스뉴스 SUBUSUNEWS,대댓글,@ChoiMiffy,말더듬는거 너무귀여워형...,30,2023-09-28T03:09:46Z,0,UgwFosG3yEFMVT_OVQd4AaABAg.9vB_D_SM1sw9vB_YagxRtx,S1bcy4h1mS8,UCiBRt6W8IrhxsnSg6Hus_cg,2023-09-28T03:09:46Z,UgwFosG3yEFMVT_OVQd4AaABAg,중립
콘서트 티켓 8분 만에 전석 매진시킨다는 버추얼 아이돌 근황 / 스브스뉴스,스브스뉴스 SUBUSUNEWS,대댓글,@Blaksixk,그러게요 우끼끼,3,2024-03-28T17:33:10Z,0,UgwFosG3yEFMVT_OVQd4AaABAg.9vB_D_SM1swA1Xl1aS41Mg,S1bcy4h1mS8,UCulpKIeX8IszYvJzWAsiNWg,2024-03-28T17:33:10Z,UgwFosG3yEFMVT_OVQd4AaABAg,중립
콘서트 티켓 8분 만에 전석 매진시킨다는 버추얼 아이돌 근황 / 스브스뉴스,스브스뉴스 SUBUSUNEWS,최상위 댓글,@gosegu,"안녕하세요! 이세계아이돌의 청량함과 98년생을 맡고있는 고세구입니다! ^ㅁ^
스브스 뉴스팀과 함께 인터뷰를 받게 되다니... 너무 뜻깊고 영광인 시간이었습니다! 감사합니다!
다들 즐거운 추석 한가위 보내세요!!!!!!!!",10976,2023-09-28T04:01:57Z,428,Ugy4LY0a5bpzSqEpVi54AaABAg,S1bcy4h1mS8,UCV9WL7sW6_KjanYkUUaIDfQ,2023-09-28T04:01:57Z,,긍정
콘서트 티켓 8분 만에 전석 매진시킨다는 버추얼 아이돌 근황 / 스브스뉴스,스브스뉴스 SUBUSUNEWS,대댓글,@hearthnell,킹아,274,2023-09-28T04:03:23Z,0,Ugy4LY0a5bpzSqEpVi54AaABAg.9vBfWqAExak9vBfgLeW17w,S1bcy4h1mS8,UC-NsyXX3JoH5SL93yVFoqvw,2023-09-28T04:03:23Z,Ugy4LY0a5bpzSqEpVi54AaABAg,중립
콘서트 티켓 8분 만에 전석 매진시킨다는 버추얼 아이돌 근황 / 스브스뉴스,스브스뉴스 SUBUSUNEWS,대댓글,@뜨거운_아아,와!!! 세구님!!! 세구님도 즐거운 추석 한가위 보내세요!!!,154,2023-09-28T04:03:41Z,0,Ugy4LY0a5bpzSqEpVi54AaABAg.9vBfWqAExak9vBfi_p83gp,S1bcy4h1mS8,UCxMBON4C7lnFMHhthTccuxw,2023-09-28T04:04:12Z,Ugy4LY0a5bpzSqEpVi54AaABAg,중립
콘서트 티켓 8분 만에 전석 매진시킨다는 버추얼 아이돌 근황 / 스브스뉴스,스브스뉴스 SUBUSUNEWS,대댓글,@망나니얌,킹아!,52,2023-09-28T04:03:52Z,0,Ugy4LY0a5bpzSqEpVi54AaABAg.9vBfWqAExak9vBfjq4W68B,S1bcy4h1mS8,UCJ52JYX3rd4QtaBCZsCywXQ,2023-09-28T04:03:52Z,Ugy4LY0a5bpzSqEpVi54AaABAg,중립
콘서트 티켓 8분 만에 전석 매진시킨다는 버추얼 아이돌 근황 / 스브스뉴스,스브스뉴스 SUBUSUNEWS,대댓글,@hyeopgok_polarbear,헉,23,2023-09-28T04:03:57Z,0,Ugy4LY0a5bpzSqEpVi54AaABAg.9vBfWqAExak9vBfkQkPOAv,S1bcy4h1mS8,UCefsFxoI4LzxcMXfdQdDvVg,2023-09-28T04:03:57Z,Ugy4LY0a5bpzSqEpVi54AaABAg,중립
콘서트 티켓 8분 만에 전석 매진시킨다는 버추얼 아이돌 근황 / 스브스뉴스,스브스뉴스 SUBUSUNEWS,대댓글,@ohhamdo,킹애!!!,19,2023-09-28T04:04:06Z,0,Ugy4LY0a5bpzSqEpVi54AaABAg.9vBfWqAExak9vBflXeIvLR,S1bcy4h1mS8,UCi0Eqd5YbwLCqbVTHJ5u8xg,2023-09-28T04:04:06Z,Ugy4LY0a5bpzSqEpVi54AaABAg,중립
콘서트 티켓 8분 만에 전석 매진시킨다는 버추얼 아이돌 근황 / 스브스뉴스,스브스뉴스 SUBUSUNEWS,최상위 댓글,@lyebye,세상이 나를 억까해 라는 댓글이 많아보이는데 세상은 너한테 관심 없음 ㅋㅋㅋㅋㅋㅋㅋㅋㅋㅋ,20,2024-02-19T18:19:44Z,0,UgxizdkZ_qaOSLtrsvJ4AaABAg,S1bcy4h1mS8,UCeRbPvGBFk2O7X6hlrfze1w,2024-02-19T18:19:44Z,,중립
콘서트 티켓 8분 만에 전석 매진시킨다는 버추얼 아이돌 근황 / 스브스뉴스,스브스뉴스 SUBUSUNEWS,최상위 댓글,@실명전사긽쨡뙖,"자존감을 올리는 쉬운 방법: 남의 결함찾기
자존감을 올리는 어려운 방법: 내 결함 메꾸기",571,2023-09-28T04:59:31Z,7,UgwCiRAz5LSnBV20iqB4AaABAg,S1bcy4h1mS8,UCp7_UjJgldbC-iV8W4EPAhw,2023-09-28T04:59:31Z,,중립
콘서트 티켓 8분 만에 전석 매진시킨다는 버추얼 아이돌 근황 / 스브스뉴스,스브스뉴스 SUBUSUNEWS,대댓글,@연동용-i8m,눈물을 흘리며 추천,27,2023-09-28T05:00:58Z,0,UgwCiRAz5LSnBV20iqB4AaABAg.9vBm6RAIjJU9vBmH5acgOn,S1bcy4h1mS8,UCOVM3moEFxcQixeieFD3ZlQ,2023-09-28T05:00:58Z,UgwCiRAz5LSnBV20iqB4AaABAg,중립
콘서트 티켓 8분 만에 전석 매진시킨다는 버추얼 아이돌 근황 / 스브스뉴스,스브스뉴스 SUBUSUNEWS,대댓글,@Ineaf_0804,역시 형이야,11,2023-09-28T05:03:31Z,0,UgwCiRAz5LSnBV20iqB4AaABAg.9vBm6RAIjJU9vBmZp2MDPf,S1bcy4h1mS8,UCePUO4jYvxTXAtq-6Eir80Q,2023-09-28T05:03:31Z,UgwCiRAz5LSnBV20iqB4AaABAg,중립
콘서트 티켓 8분 만에 전석 매진시킨다는 버추얼 아이돌 근황 / 스브스뉴스,스브스뉴스 SUBUSUNEWS,대댓글,@fantasticBull,이정도면 송도에 오영택 기념비 세워야한다.,22,2023-09-28T05:08:05Z,0,UgwCiRAz5LSnBV20iqB4AaABAg.9vBm6RAIjJU9vBn5CnbI02,S1bcy4h1mS8,UC2Dfo-GlseRwduX4LCplFgQ,2023-09-28T05:08:10Z,UgwCiRAz5LSnBV20iqB4AaABAg,중립
콘서트 티켓 8분 만에 전석 매진시킨다는 버추얼 아이돌 근황 / 스브스뉴스,스브스뉴스 SUBUSUNEWS,대댓글,@nephoneeee,​@fantasticBull송도 주민으로써 격하게 찬성합니다,2,2023-09-29T10:58:38Z,0,UgwCiRAz5LSnBV20iqB4AaABAg.9vBm6RAIjJU9vF--dAB-Rc,S1bcy4h1mS8,UChb1WLnt0QKgAeOxgh66fgw,2024-06-18T04:23:08Z,UgwCiRAz5LSnBV20iqB4AaABAg,긍정
콘서트 티켓 8분 만에 전석 매진시킨다는 버추얼 아이돌 근황 / 스브스뉴스,스브스뉴스 SUBUSUNEWS,대댓글,@Lio-no.10,후자는 맞는데 전자는 남 결함찾는다고 내 자존감이 올라가지 않음. 자존감은 나를 아끼고 존중하는 마음인데 남 깎고 자위질하는 건 그냥 허영된 자존심 채우는 것 밖에 안됨.,4,2024-03-05T19:21:04Z,0,UgwCiRAz5LSnBV20iqB4AaABAg.9vBm6RAIjJUA0bj5nkGLFL,S1bcy4h1mS8,UCealQUB94uXHLi61hddR_dQ,2024-03-05T19:21:04Z,UgwCiRAz5LSnBV20iqB4AaABAg,중립
콘서트 티켓 8분 만에 전석 매진시킨다는 버추얼 아이돌 근황 / 스브스뉴스,스브스뉴스 SUBUSUNEWS,최상위 댓글,@odoken477,안 좋아할순 있는데 굳이 혐오하면서까지 욕할 필요가 있나.. 그냥 저런 문화도 있나보다하면되는 거,718,2023-09-30T16:01:58Z,22,UgwGdYFSb-l8aQR2Rg94AaABAg,S1bcy4h1mS8,UCgIljoBVSihtasHC7tOxzmQ,2023-09-30T16:01:58Z,,긍정
콘서트 티켓 8분 만에 전석 매진시킨다는 버추얼 아이돌 근황 / 스브스뉴스,스브스뉴스 SUBUSUNEWS,대댓글,@푸바오도축업자,나라를 좀먹는거 아니노,1,2023-10-05T10:16:26Z,0,UgwGdYFSb-l8aQR2Rg94AaABAg.9vI6WA5JtOX9vUMwn6YcpZ,S1bcy4h1mS8,UC4f8XCWOPzVR4wYJKsiIIuw,2023-10-05T10:16:26Z,UgwGdYFSb-l8aQR2Rg94AaABAg,중립
콘서트 티켓 8분 만에 전석 매진시킨다는 버추얼 아이돌 근황 / 스브스뉴스,스브스뉴스 SUBUSUNEWS,대댓글,@gret8090,똑같은 찐따들끼리 급 나누고 우월감 느끼는게 개웃김 ㅋㅋㅋㅋㅋ,90,2024-02-05T09:10:16Z,0,UgwGdYFSb-l8aQR2Rg94AaABAg.9vI6WA5JtOXA-Qy8o3YEFj,S1bcy4h1mS8,UCspFPpDK52YI3WH7erYzFig,2024-02-05T09:10:16Z,UgwGdYFSb-l8aQR2Rg94AaABAg,중립
콘서트 티켓 8분 만에 전석 매진시킨다는 버추얼 아이돌 근황 / 스브스뉴스,스브스뉴스 SUBUSUNEWS,대댓글,@비교불가,​@gret8090나 육수인데 이거맞다,21,2024-02-16T18:50:34Z,0,UgwGdYFSb-l8aQR2Rg94AaABAg.9vI6WA5JtOXA-tKIeU189K,S1bcy4h1mS8,UCx7nBJHNdnd0_2T7JJFiSsQ,2024-06-18T02:09:13Z,UgwGdYFSb-l8aQR2Rg94AaABAg,중립
콘서트 티켓 8분 만에 전석 매진시킨다는 버추얼 아이돌 근황 / 스브스뉴스,스브스뉴스 SUBUSUNEWS,대댓글,@user-Sg7ok6ew71,​@푸바오도축업자우리가 나라에 뭐 해끼쳤냐ㅠㅠ,31,2024-02-17T12:15:25Z,0,UgwGdYFSb-l8aQR2Rg94AaABAg.9vI6WA5JtOXA-vBsFzD3Od,S1bcy4h1mS8,UCCaaBfqv6u3jwK64woMHhQQ,2024-06-18T02:09:13Z,UgwGdYFSb-l8aQR2Rg94AaABAg,중립
콘서트 티켓 8분 만에 전석 매진시킨다는 버추얼 아이돌 근황 / 스브스뉴스,스브스뉴스 SUBUSUNEWS,대댓글,@h-119,웃긴건 별로다 왜이러냐 이런 댓글도 자기들 생각 쓰는건데 그런건 쓰지말고 응원만 쓰라는게 여기가 공산국가냐고ㅋㅋㅋㅋ 응원만 듣고싶으면 다시 음지로 들어가던가,1,2024-03-02T07:59:42Z,0,UgwGdYFSb-l8aQR2Rg94AaABAg.9vI6WA5JtOXA0TmjfHUxIS,S1bcy4h1mS8,UCzPdknswFnMfKVAr0etTE2Q,2024-03-02T07:59:42Z,UgwGdYFSb-l8aQR2Rg94AaABAg,중립
콘서트 티켓 8분 만에 전석 매진시킨다는 버추얼 아이돌 근황 / 스브스뉴스,스브스뉴스 SUBUSUNEWS,최상위 댓글,@jhb7212,기자님 좋은 컴퓨터 지급받으시길 기원합니다,280,2023-09-29T13:44:48Z,3,UgwyQYnSYby3iRm4mOB4AaABAg,S1bcy4h1mS8,UCJ6MRAaouejlDkCFe1QGPBw,2023-09-29T13:44:48Z,,중립
콘서트 티켓 8분 만에 전석 매진시킨다는 버추얼 아이돌 근황 / 스브스뉴스,스브스뉴스 SUBUSUNEWS,대댓글,@midori-q6l,ㅋㅋㅋㅋㅋㅋㅋㅋㅋㅋㅋㅋㅋㅋㅋㅋㅋㅋㅋㅋㅋㅋㅋㅋㅋㅋㅋㅋㅋ,6,2024-07-17T13:26:25Z,0,UgwyQYnSYby3iRm4mOB4AaABAg.9vFI0fJjba_A6-81YTc4VV,S1bcy4h1mS8,UCUvMAEV282ccPnJd168-nlQ,2024-07-17T13:26:25Z,UgwyQYnSYby3iRm4mOB4AaABAg,중립
콘서트 티켓 8분 만에 전석 매진시킨다는 버추얼 아이돌 근황 / 스브스뉴스,스브스뉴스 SUBUSUNEWS,대댓글,@hng9341,기자님 똥컴 눈물남 ㅠㅠ,7,2024-08-12T17:32:27Z,0,UgwyQYnSYby3iRm4mOB4AaABAg.9vFI0fJjba_A72WrFe4Q_G,S1bcy4h1mS8,UCLA0Xl-Xk8iSleg8aL2G3Ew,2024-08-12T17:32:27Z,UgwyQYnSYby3iRm4mOB4AaABAg,중립
콘서트 티켓 8분 만에 전석 매진시킨다는 버추얼 아이돌 근황 / 스브스뉴스,스브스뉴스 SUBUSUNEWS,대댓글,@Ebaule,안튕기는게 다행일정도로 끊김..ㅠ,0,2025-01-15T14:30:31Z,0,UgwyQYnSYby3iRm4mOB4AaABAg.9vFI0fJjba_ADJt2GVm9ie,S1bcy4h1mS8,UCkP_3gyKChAbLh1f7nbLcTA,2025-01-15T14:30:31Z,UgwyQYnSYby3iRm4mOB4AaABAg,중립
콘서트 티켓 8분 만에 전석 매진시킨다는 버추얼 아이돌 근황 / 스브스뉴스,스브스뉴스 SUBUSUNEWS,최상위 댓글,@midori-q6l,나라에서 컴퓨터 지원 안해주냐 이정도면 좀 해줘라 열심히 하시는데,10,2024-07-17T13:26:45Z,0,Ugx5yVLPWzKhEidJd954AaABAg,S1bcy4h1mS8,UCUvMAEV282ccPnJd168-nlQ,2024-07-17T13:26:45Z,,중립
콘서트 티켓 8분 만에 전석 매진시킨다는 버추얼 아이돌 근황 / 스브스뉴스,스브스뉴스 SUBUSUNEWS,최상위 댓글,@user-hl8ec1vd1,스브스 컴좀 바꿔라;,375,2023-09-28T08:05:47Z,5,Ugw1UaprQn8SHO0MqB14AaABAg,S1bcy4h1mS8,UCxB1CyzgpVVWOGiclqTbDbg,2023-09-28T08:05:47Z,,중립
콘서트 티켓 8분 만에 전석 매진시킨다는 버추얼 아이돌 근황 / 스브스뉴스,스브스뉴스 SUBUSUNEWS,대댓글,@DdoANa,ㄹㅇ 개똥컴이라 렉걸리네,65,2023-09-28T08:33:48Z,0,Ugw1UaprQn8SHO0MqB14AaABAg.9vC6QhVBbw49vC9cxRztqA,S1bcy4h1mS8,UCoU08JgEcKcCgq3MunaWuFQ,2023-09-28T08:33:48Z,Ugw1UaprQn8SHO0MqB14AaABAg,중립
콘서트 티켓 8분 만에 전석 매진시킨다는 버추얼 아이돌 근황 / 스브스뉴스,스브스뉴스 SUBUSUNEWS,대댓글,@우유-j4n,ㅋㅋㅋㅋㅋㅋㅋㅋㅋㅋㅋㅋㅋㅋㅋㅋㅋㅋㅋㅋㅋ,0,2024-01-30T12:39:25Z,0,Ugw1UaprQn8SHO0MqB14AaABAg.9vC6QhVBbw4A-BtJJCBBv5,S1bcy4h1mS8,UCfZ_A9bSRQXDDuITdZTg3Lg,2024-01-30T12:39:25Z,Ugw1UaprQn8SHO0MqB14AaABAg,중립
콘서트 티켓 8분 만에 전석 매진시킨다는 버추얼 아이돌 근황 / 스브스뉴스,스브스뉴스 SUBUSUNEWS,대댓글,@pyeongpalju,ㄹㅇ 뭔 vr챗도 안돌아가냐,10,2024-02-01T13:38:10Z,0,Ugw1UaprQn8SHO0MqB14AaABAg.9vC6QhVBbw4A-H8cTEyQ8e,S1bcy4h1mS8,UC9882Pf_m0Rm4nrHbrI3b0w,2024-02-01T13:38:10Z,Ugw1UaprQn8SHO0MqB14AaABAg,중립
콘서트 티켓 8분 만에 전석 매진시킨다는 버추얼 아이돌 근황 / 스브스뉴스,스브스뉴스 SUBUSUNEWS,대댓글,@anch0viii,와씨 ㅋㅋㅋㅋㅋㅋㅋ,0,2024-04-23T13:58:15Z,0,Ugw1UaprQn8SHO0MqB14AaABAg.9vC6QhVBbw4A2_K6Bq8yxq,S1bcy4h1mS8,UCwXmXgbaF4jmamJIRwotEvw,2024-04-23T13:58:15Z,Ugw1UaprQn8SHO0MqB14AaABAg,중립
콘서트 티켓 8분 만에 전석 매진시킨다는 버추얼 아이돌 근황 / 스브스뉴스,스브스뉴스 SUBUSUNEWS,대댓글,@리틀머메이드,스브스:우리도 바꾸고싶어ㅠㅠ,0,2025-01-07T01:10:57Z,0,Ugw1UaprQn8SHO0MqB14AaABAg.9vC6QhVBbw4ACyrB3FSsXv,S1bcy4h1mS8,UCvLmpFeZ2f5aoUm2yRmDyaA,2025-01-07T01:10:57Z,Ugw1UaprQn8SHO0MqB14AaABAg,중립
콘서트 티켓 8분 만에 전석 매진시킨다는 버추얼 아이돌 근황 / 스브스뉴스,스브스뉴스 SUBUSUNEWS,최상위 댓글,@turtle_777-w4s,"사실 아직도 그들의 매력은 잘 모르겠지만 자기들이 좋다는데 욕할 생각은 없음.
 자기가 안 좋아하는걸 좋아한다고 욕하는 사람들이 많아서 슬플 따름임",291,2023-09-28T02:42:04Z,11,UgyTdu-rOFm9hSS14j54AaABAg,S1bcy4h1mS8,UCNgDgZwpICeRrXY-ysdR0_A,2023-09-28T02:42:04Z,,긍정
콘서트 티켓 8분 만에 전석 매진시킨다는 버추얼 아이돌 근황 / 스브스뉴스,스브스뉴스 SUBUSUNEWS,대댓글,@Stopthesteal-o6c,마인드 너무 멋져요!!,3,2023-09-28T02:47:42Z,0,UgyTdu-rOFm9hSS14j54AaABAg.9vBXNkbe-rL9vBY1-Cqegm,S1bcy4h1mS8,UCNlfrUyM6aCa5nLWg1G-Mcg,2023-09-28T02:47:42Z,UgyTdu-rOFm9hSS14j54AaABAg,중립
콘서트 티켓 8분 만에 전석 매진시킨다는 버추얼 아이돌 근황 / 스브스뉴스,스브스뉴스 SUBUSUNEWS,대댓글,@녹두레기,진짜 멋지십니다,1,2023-09-28T02:50:54Z,0,UgyTdu-rOFm9hSS14j54AaABAg.9vBXNkbe-rL9vBYOQ5rqfY,S1bcy4h1mS8,UCPmbNoXr-UojpuOsv4uaZiw,2023-09-28T02:50:54Z,UgyTdu-rOFm9hSS14j54AaABAg,긍정
콘서트 티켓 8분 만에 전석 매진시킨다는 버추얼 아이돌 근황 / 스브스뉴스,스브스뉴스 SUBUSUNEWS,대댓글,@what_my_name_is,ㅇㅈ,0,2023-09-28T02:51:11Z,0,UgyTdu-rOFm9hSS14j54AaABAg.9vBXNkbe-rL9vBYQYQxAO4,S1bcy4h1mS8,UCbk9rDrTNr9oVDIYDF9NQUA,2023-09-28T02:51:11Z,UgyTdu-rOFm9hSS14j54AaABAg,중립
콘서트 티켓 8분 만에 전석 매진시킨다는 버추얼 아이돌 근황 / 스브스뉴스,스브스뉴스 SUBUSUNEWS,대댓글,@Nyyho,감사합니다~~!,1,2023-09-28T02:54:42Z,0,UgyTdu-rOFm9hSS14j54AaABAg.9vBXNkbe-rL9vBYpFNS3Gy,S1bcy4h1mS8,UCqdJBpCaRfM6MtsD4Ewb4gA,2023-09-28T02:54:42Z,UgyTdu-rOFm9hSS14j54AaABAg,긍정
콘서트 티켓 8분 만에 전석 매진시킨다는 버추얼 아이돌 근황 / 스브스뉴스,스브스뉴스 SUBUSUNEWS,대댓글,@turtle_777-w4s,"@@dlwoaudx  내가 정치에는 정말 잼병이라 그분들 얼굴도 모름......
정치에 관심없다는 점에서 욕먹으면 모를까 그분들 욕한적은 없음",6,2024-02-20T01:35:59Z,0,UgyTdu-rOFm9hSS14j54AaABAg.9vBXNkbe-rLA00m4bdJ69p,S1bcy4h1mS8,UCNgDgZwpICeRrXY-ysdR0_A,2024-05-30T18:27:37Z,UgyTdu-rOFm9hSS14j54AaABAg,중립
콘서트 티켓 8분 만에 전석 매진시킨다는 버추얼 아이돌 근황 / 스브스뉴스,스브스뉴스 SUBUSUNEWS,최상위 댓글,@하하하1005,형 긴장한거 다보여 ㅋㅋㅋㅋㅋㅋ,12,2023-09-28T05:56:37Z,0,UgwOBYonQGQ7aO_7QpJ4AaABAg,S1bcy4h1mS8,UC0r7SaPtF20818tqua6Snvg,2023-09-28T05:56:37Z,,중립
콘서트 티켓 8분 만에 전석 매진시킨다는 버추얼 아이돌 근황 / 스브스뉴스,스브스뉴스 SUBUSUNEWS,최상위 댓글,@Mangupdate,얘들아 악플 좀 내비둬 이번 영상에서 특히 날카롭게 구는 애들이 많네 실제 아이돌들도 별 이상한 걸로 욕하는 사람들 많은데 우리라고 별 거 다르겠어? 그리고 봤잖아 우욱거리던 사람들이 몇 달 뒤에 이세돌 프사달고 있는거 ㅋㅋㅋㅋㅋ 유입될수있는 사람들이니까 제발 유하게 굴자..,201,2023-09-30T02:47:11Z,5,UgxrTf7eUEDR_dI-A1B4AaABAg,S1bcy4h1mS8,UCS1i26TwofdPXj1Z2-Elh1w,2023-09-30T02:47:11Z,,중립
콘서트 티켓 8분 만에 전석 매진시킨다는 버추얼 아이돌 근황 / 스브스뉴스,스브스뉴스 SUBUSUNEWS,대댓글,@flyingdog-11,"이거ㄹㅇ
잼민 이파리들이 알잘딱을 잘 못함
신고만 넣으면 되는데",15,2023-09-30T02:49:30Z,0,UgxrTf7eUEDR_dI-A1B4AaABAg.9vGgYwQXDCH9vGgoxuG-pl,S1bcy4h1mS8,UCh7qWJLZg7vct8kDDTItJtg,2023-09-30T02:49:30Z,UgxrTf7eUEDR_dI-A1B4AaABAg,중립
콘서트 티켓 8분 만에 전석 매진시킨다는 버추얼 아이돌 근황 / 스브스뉴스,스브스뉴스 SUBUSUNEWS,대댓글,@AAA-i8u7w,"결국 과도기라 비판하는 사람들이 많을 수 밖에 없음 그냥 무시하고 자기 갈 길 가면 됨 
아무리 욕하더라도 서로에게 가는 피해는 거의 없음",4,2023-09-30T13:11:35Z,0,UgxrTf7eUEDR_dI-A1B4AaABAg.9vGgYwQXDCH9vHo09uIWsD,S1bcy4h1mS8,UCIIuyqpVkrXPpv-xVAeB2_A,2023-09-30T13:11:35Z,UgxrTf7eUEDR_dI-A1B4AaABAg,중립
콘서트 티켓 8분 만에 전석 매진시킨다는 버추얼 아이돌 근황 / 스브스뉴스,스브스뉴스 SUBUSUNEWS,대댓글,@ookku_ya,품어~,1,2024-05-02T05:25:18Z,0,UgxrTf7eUEDR_dI-A1B4AaABAg.9vGgYwQXDCHA2v_ZCs-CgD,S1bcy4h1mS8,UCn4zEzvpxqGh35seRRxag-A,2024-05-02T05:25:18Z,UgxrTf7eUEDR_dI-A1B4AaABAg,중립
콘서트 티켓 8분 만에 전석 매진시킨다는 버추얼 아이돌 근황 / 스브스뉴스,스브스뉴스 SUBUSUNEWS,대댓글,@kunclass,신은 하나님뿐. 예수님 믿고 구원 받으세요.,1,2024-06-19T20:05:16Z,0,UgxrTf7eUEDR_dI-A1B4AaABAg.9vGgYwQXDCHA4skQAzYVBF,S1bcy4h1mS8,UCMeoyySWJYhm6DcI6f219tA,2024-06-19T20:05:16Z,UgxrTf7eUEDR_dI-A1B4AaABAg,중립
콘서트 티켓 8분 만에 전석 매진시킨다는 버추얼 아이돌 근황 / 스브스뉴스,스브스뉴스 SUBUSUNEWS,대댓글,@garam037,이게ㄹㅇ인게 나도 릴스에 띠용띠용 김띠용사건 하루에 한 번씩 올리는 사람 보고 욕했는데 내가 띠용띠용 워익워익 이러고 있음,0,2025-02-21T04:24:45Z,0,UgxrTf7eUEDR_dI-A1B4AaABAg.9vGgYwQXDCHAEn47uADOKs,S1bcy4h1mS8,UCzlkw2U_aO2AzVBp50ZV4wA,2025-02-21T04:24:45Z,UgxrTf7eUEDR_dI-A1B4AaABAg,중립
콘서트 티켓 8분 만에 전석 매진시킨다는 버추얼 아이돌 근황 / 스브스뉴스,스브스뉴스 SUBUSUNEWS,최상위 댓글,@illiillillil8031,"이뭔씹 - 정상
이세돌 사랑해요 -정상
악플 및 비난 - 비정상",72,2023-09-28T04:00:56Z,7,UgwS7SzjU2o9AUX_PoR4AaABAg,S1bcy4h1mS8,UCwXUCvmuQlmzDD_UfKTMMmA,2023-09-28T04:00:56Z,,긍정
콘서트 티켓 8분 만에 전석 매진시킨다는 버추얼 아이돌 근황 / 스브스뉴스,스브스뉴스 SUBUSUNEWS,대댓글,@luckymallee,​@knit-abroad-glide맞는말인데,4,2023-09-28T04:02:25Z,0,UgwS7SzjU2o9AUX_PoR4AaABAg.9vBfPNxHkbQ9vBf_FhaF9Q,S1bcy4h1mS8,UCzBujeW4y0OnJ-puWvbIEHg,2024-04-18T01:59:38Z,UgwS7SzjU2o9AUX_PoR4AaABAg,중립
콘서트 티켓 8분 만에 전석 매진시킨다는 버추얼 아이돌 근황 / 스브스뉴스,스브스뉴스 SUBUSUNEWS,대댓글,@luckymallee,@knit-abroad-glide 에휴,2,2023-09-28T04:07:09Z,0,UgwS7SzjU2o9AUX_PoR4AaABAg.9vBfPNxHkbQ9vBg6yJCP4q,S1bcy4h1mS8,UCzBujeW4y0OnJ-puWvbIEHg,2024-04-18T01:59:38Z,UgwS7SzjU2o9AUX_PoR4AaABAg,중립
콘서트 티켓 8분 만에 전석 매진시킨다는 버추얼 아이돌 근황 / 스브스뉴스,스브스뉴스 SUBUSUNEWS,대댓글,@원격-s1k,​@knit-abroad-glide뭐가 그리 불만임. 악플과 비난이 비정상이라는거지. 호불호는 개개인의 선택인데 비호감작은 또 뭔소리?,1,2023-09-28T04:15:00Z,0,UgwS7SzjU2o9AUX_PoR4AaABAg.9vBfPNxHkbQ9vBh0SZDT5S,S1bcy4h1mS8,UCoALB1m8cOI9p0PPOWz73uQ,2024-04-18T01:59:38Z,UgwS7SzjU2o9AUX_PoR4AaABAg,중립
콘서트 티켓 8분 만에 전석 매진시킨다는 버추얼 아이돌 근황 / 스브스뉴스,스브스뉴스 SUBUSUNEWS,대댓글,@leeghhaha,​@knit-abroad-glide응 너만 조용히 있으면 돼 너 일부러 그러는거 다 알어,0,2023-09-28T04:29:13Z,0,UgwS7SzjU2o9AUX_PoR4AaABAg.9vBfPNxHkbQ9vBidaXF-g_,S1bcy4h1mS8,UCBNX4VKOI4grxT7mTgsLGPw,2024-04-18T01:59:38Z,UgwS7SzjU2o9AUX_PoR4AaABAg,중립
콘서트 티켓 8분 만에 전석 매진시킨다는 버추얼 아이돌 근황 / 스브스뉴스,스브스뉴스 SUBUSUNEWS,대댓글,@illiillillil8031,"@knit-abroad-glide 저도 이세돌 팬이고 지금 버튜버 판이나 사람들의 시선을 보았을 때 ”이게뭐냐;;“ ”세상이 왜 이렇게 돌아가냐“ 등의 반응이 꽤 있어서 간단하게 이뭔씹이라 표현했고, 이세돌을 좋아하고 사랑하는 팬들의 생각을 “이세돌 사랑해요” 라고 표현했습니다. 버튜버라는 건 애초에 서브컬쳐 느낌이 강해서 두가지 의견 다 층분히 있을 수 있다고 생각합니다. 하지만 무분별한 악플과 비난은 있어서는 인되기 때문에 저렇게 표현한 것이고, 비호감작이라는 말의 뜻을 잘 이해는 못하겠지만 저의 객관안으로 보았을 때 그렇다는 것이였습니다. 악플의 의미는 아니었습니다.",1,2023-10-01T13:54:02Z,0,UgwS7SzjU2o9AUX_PoR4AaABAg.9vBfPNxHkbQ9vKSf0YqtR6,S1bcy4h1mS8,UCwXUCvmuQlmzDD_UfKTMMmA,2024-04-18T01:59:38Z,UgwS7SzjU2o9AUX_PoR4AaABAg,긍정
콘서트 티켓 8분 만에 전석 매진시킨다는 버추얼 아이돌 근황 / 스브스뉴스,스브스뉴스 SUBUSUNEWS,최상위 댓글,@JH-JIKIMI,장훈이형 튽훈이 보러 갔다가 이세돌 처음 알았는데 관객분들 진짜로 열정적인 함성과 이세돌의 매력에 빠졌네요. 튽훈이 & 이세돌 항상 응원합니다😊😊,88,2023-09-28T03:26:34Z,0,Ugz-sBb9N0pUJisxNUF4AaABAg,S1bcy4h1mS8,UCRWpHcPOd94dGFryHD-kEgQ,2023-09-28T03:26:34Z,,긍정
콘서트 티켓 8분 만에 전석 매진시킨다는 버추얼 아이돌 근황 / 스브스뉴스,스브스뉴스 SUBUSUNEWS,최상위 댓글,@goms9710,"여러분 생방으로 오시거나 유튜브로 오시면 끊김 현상은 거의 없다시피 합니다 
이렇게 끊기는데 왜 봐 이런생각은 노우노우
이렇게 끊기는건 pd님 컴터가... 읍읍.....",28,2023-09-28T05:06:50Z,0,UgygrTWkKUNZLYRFVR54AaABAg,S1bcy4h1mS8,UCqC9KX04wzdfaoTGoreH7jQ,2023-09-28T05:06:50Z,,중립
콘서트 티켓 8분 만에 전석 매진시킨다는 버추얼 아이돌 근황 / 스브스뉴스,스브스뉴스 SUBUSUNEWS,최상위 댓글,@hanukim3096,그냥 다들 그렇구나 하고들 넘어가지.. 좀 응원하는사람들은 응원하라하고 이런게 있구나 별로다 하고 보고가던가 왜 욕들을 하고 서로들 보기 안 좋게 싸우냐,103,2023-09-29T13:57:06Z,4,Ugw_zF0_ep0t94Nq__B4AaABAg,S1bcy4h1mS8,UCiGF7rI4BAHTnQTX68ZCc4w,2023-09-29T13:57:06Z,,중립
콘서트 티켓 8분 만에 전석 매진시킨다는 버추얼 아이돌 근황 / 스브스뉴스,스브스뉴스 SUBUSUNEWS,대댓글,@linus3zetq,선빵을 치는데 맞고만 있어? 선빵때려서 정당방위 하겠다는데 맨날 빠가 까를 만드니 어쩌니 ㅇㅈㄹ만 하지 또,1,2023-09-29T16:57:42Z,0,Ugw_zF0_ep0t94Nq__B4AaABAg.9vFJQkbnXvW9vFd5SQJWsR,S1bcy4h1mS8,UCuqGwpJ7WftqBImD44UUH9Q,2023-09-29T16:57:42Z,Ugw_zF0_ep0t94Nq__B4AaABAg,중립
콘서트 티켓 8분 만에 전석 매진시킨다는 버추얼 아이돌 근황 / 스브스뉴스,스브스뉴스 SUBUSUNEWS,대댓글,@flyingdog-11,"@linus3zetq그냥 가만히 있어 신고만 하라고
너땜에 또 악플생성되는거잖아 니 댓글은 까들한테 먹이가 되는거라고
선플에만 댓글 남기고 아닌거에는 신고만 눌러",13,2023-09-30T02:57:01Z,0,Ugw_zF0_ep0t94Nq__B4AaABAg.9vFJQkbnXvW9vGhg3MbALv,S1bcy4h1mS8,UCh7qWJLZg7vct8kDDTItJtg,2024-06-17T23:34:31Z,Ugw_zF0_ep0t94Nq__B4AaABAg,중립
콘서트 티켓 8분 만에 전석 매진시킨다는 버추얼 아이돌 근황 / 스브스뉴스,스브스뉴스 SUBUSUNEWS,대댓글,@호두씨-7717-p9,@dlwoaudxㄴㄴ 의견이 다른게 아니라 무지성으로 깎아 내렸잖슴 그건 다른거임 이런것도 알려줘야하나,0,2024-04-06T08:10:10Z,0,Ugw_zF0_ep0t94Nq__B4AaABAg.9vFJQkbnXvWA1svkzn3HCm,S1bcy4h1mS8,UCsYdwbgk4Pl2zV-26yonLvA,2024-05-30T19:53:28Z,Ugw_zF0_ep0t94Nq__B4AaABAg,중립
콘서트 티켓 8분 만에 전석 매진시킨다는 버추얼 아이돌 근황 / 스브스뉴스,스브스뉴스 SUBUSUNEWS,대댓글,@호두씨-7717-p9,dlwoaudx 일상생활 잘 하고 재미로만 봅니다~ 그냥 아이돌들 덕질하는 거랑 비슷하게 생각해 주세요~~ 그냥 저런 문화를 즐기는 사람들도 있구나~ 하면서 넓은 마음으로 이해해 주시면 감사할 것 같아요 ㅎㅎ 나쁜 건 아니니까요 ㅠ,1,2024-04-06T12:35:08Z,0,Ugw_zF0_ep0t94Nq__B4AaABAg.9vFJQkbnXvWA1tP4d0kIkY,S1bcy4h1mS8,UCsYdwbgk4Pl2zV-26yonLvA,2024-05-30T16:05:44Z,Ugw_zF0_ep0t94Nq__B4AaABAg,긍정
콘서트 티켓 8분 만에 전석 매진시킨다는 버추얼 아이돌 근황 / 스브스뉴스,스브스뉴스 SUBUSUNEWS,최상위 댓글,@user-MuhKur,이세돌도 좋지만 사람들은 사실 맨처음에 나온 왠 노란 아저씨를 더 좋아합니다,46,2023-09-28T03:03:49Z,2,UgwGDcOvrV0dAMqgMdB4AaABAg,S1bcy4h1mS8,UCrAm-CIk1YRtt5grVJoEmgQ,2023-09-28T03:03:49Z,,긍정
콘서트 티켓 8분 만에 전석 매진시킨다는 버추얼 아이돌 근황 / 스브스뉴스,스브스뉴스 SUBUSUNEWS,대댓글,@chili_concarne,이세돌은 7명이자너..,3,2023-09-28T03:05:31Z,0,UgwGDcOvrV0dAMqgMdB4AaABAg.9vBZs1oEB_o9vB_3YHj1Bf,S1bcy4h1mS8,UC24kiSlLJ9XM3_0-EbeiutA,2023-09-28T03:05:31Z,UgwGDcOvrV0dAMqgMdB4AaABAg,중립
콘서트 티켓 8분 만에 전석 매진시킨다는 버추얼 아이돌 근황 / 스브스뉴스,스브스뉴스 SUBUSUNEWS,대댓글,@앤드류-2class_agent,팩트)다.,0,2025-04-07T13:19:43Z,0,UgwGDcOvrV0dAMqgMdB4AaABAg.9vBZs1oEB_oAGbu7PDFAba,S1bcy4h1mS8,UC20lZ2fjx68Edt6YvxHmY1g,2025-04-07T13:19:43Z,UgwGDcOvrV0dAMqgMdB4AaABAg,중립
콘서트 티켓 8분 만에 전석 매진시킨다는 버추얼 아이돌 근황 / 스브스뉴스,스브스뉴스 SUBUSUNEWS,최상위 댓글,@Aurel_22,복면가왕인데 시청자랑 소통 가능하다고 생각하시면 이해하기 편하실 거예요,23,2023-09-28T03:54:51Z,0,UgxuJoTM8tqjhzs9CER4AaABAg,S1bcy4h1mS8,UCq59BLXAGQaSYN0mJLEGRqw,2023-09-28T03:54:51Z,,중립
콘서트 티켓 8분 만에 전석 매진시킨다는 버추얼 아이돌 근황 / 스브스뉴스,스브스뉴스 SUBUSUNEWS,최상위 댓글,@눈초,평범하게 소개해주는줄 알았는게 갑자기 형 나오면서 인터뷰 해서 놀란 팬치는 개추,25,2023-09-28T05:42:58Z,0,Ugz2y5E_6hqlfkkkp0h4AaABAg,S1bcy4h1mS8,UCsjeMpGNI9rh_CGIiNA53gA,2023-09-28T05:42:58Z,,중립
콘서트 티켓 8분 만에 전석 매진시킨다는 버추얼 아이돌 근황 / 스브스뉴스,스브스뉴스 SUBUSUNEWS,최상위 댓글,@여아홍,"사람들이 착각하는게 그냥 그림(아바타) 움직이는걸 뭐가 좋다고 그러냐고 하던데

현실의 아이돌도 대부분의 사람들에겐 실제로 보기 힘든 화면 속 이쁜 사람들일 뿐인데 좋아하는건 각자의 매력이 있긴 때문 아닌가? 그게 외모일수도 있고 개성이나 실력때문일 수도 있듯이 버츄얼도 똑같은 거라고 생각함
나도 '이세돌'이 무엇인지는 알아도 딱히 관심 없었다가 우연찮게 알게되서 좋아하게 됐는데, 깜짝놀란건 어디선가 듣고 ""어 이노래 좋은데 누구노래지?"" 했던게 키딩이랑 락다운이었음.

사람들이 편견을 깨고 마주했으면 합니다.",17,2024-07-13T16:24:51Z,0,UgxW2xchmdK2lxzoril4AaABAg,S1bcy4h1mS8,UCEKScUF3idp8HCDZfubuKhA,2024-07-13T16:24:51Z,,긍정
콘서트 티켓 8분 만에 전석 매진시킨다는 버추얼 아이돌 근황 / 스브스뉴스,스브스뉴스 SUBUSUNEWS,최상위 댓글,@Hyperion8372,인터뷰 해주신거 너무 감사하고 다 좋은데.. 근데 도대체 얼마나 오래된 컴퓨터로 인터뷰를 했으면 VRChat 인게임 프레임이... 심지어 VR도 아니고 PC로 접속했는데 저런 프레임이면 심각하네요. 만약 다음에도 기회가 된다면 좀 좋은 컴퓨터를 사용하시는게 어떨까 합니다. 이걸로 처음 이세돌을 알게 되신 분들이 혹여나 기술 수준이 아직 저렇게 끊기고 불안정한 수준이라고 오해할지 걱정이 됩니다.,12,2023-09-28T03:21:01Z,0,Ugz1JRxAmryiCqaqcFh4AaABAg,S1bcy4h1mS8,UCa3MkXAGHgzUcwBdAOg9-sQ,2023-09-28T03:25:41Z,,긍정
콘서트 티켓 8분 만에 전석 매진시킨다는 버추얼 아이돌 근황 / 스브스뉴스,스브스뉴스 SUBUSUNEWS,최상위 댓글,@Chani_99,그렇게 릴파님은 오프라인 단독 콘서트까지 성황리에 마무리 하였습니다..! 성지순례 하고 갑니다!,11,2024-07-15T03:35:26Z,0,Ugyisshph_lSMLqodMJ4AaABAg,S1bcy4h1mS8,UC9vnCnw55Icfimry85B70Yw,2024-07-15T03:35:26Z,,중립
콘서트 티켓 8분 만에 전석 매진시킨다는 버추얼 아이돌 근황 / 스브스뉴스,스브스뉴스 SUBUSUNEWS,최상위 댓글,@fufure3556,버튜버라는 특성상 유명해질수록 지나가는 사람들이 돌 휙휙 던지고 가는 횟수도 많아지니 이게 참 양날의 검이다,16,2023-10-19T14:47:35Z,0,Ugw9HphhggVbHUfwxSt4AaABAg,S1bcy4h1mS8,UCtFZYaytc8do8OpMwZWGL0Q,2023-10-19T14:47:35Z,,중립
콘서트 티켓 8분 만에 전석 매진시킨다는 버추얼 아이돌 근황 / 스브스뉴스,스브스뉴스 SUBUSUNEWS,최상위 댓글,@마플키백육십구점구,진입장벽이 높은 만큼 빠져나올수없다 킹아,8,2024-07-07T09:00:13Z,0,Ugy_9JBJD5lVz3AWqpZ4AaABAg,S1bcy4h1mS8,UCOAZa6S3qdGs8NdNTd6kdfg,2024-07-07T09:00:13Z,,중립
콘서트 티켓 8분 만에 전석 매진시킨다는 버추얼 아이돌 근황 / 스브스뉴스,스브스뉴스 SUBUSUNEWS,최상위 댓글,@Chaeng_0,"처음엔 나도 정말 거부감이 많이 들었는데
결국에 안에 들어있는 사람이 항상 열심히 하는 모습을 보여주니까 정이 갈 수 밖에 없는듯",36,2023-09-28T02:21:41Z,0,UgxOd8VQG5OutXxEwTF4AaABAg,S1bcy4h1mS8,UC_R57GzFYpTwQVtY-IFgX3g,2023-09-28T02:21:41Z,,중립
콘서트 티켓 8분 만에 전석 매진시킨다는 버추얼 아이돌 근황 / 스브스뉴스,스브스뉴스 SUBUSUNEWS,최상위 댓글,@튀김소보루-e2q,우왁굳.... 옛날부터 인방판에서 참신하고 획기적인 아이디어로 컨텐츠를 많이해서 종종 봤었는데 꾸준히 롱런하면서 잘되는 이유가 있네. 버튜버 그룹을 만들어서 대성할 줄 누가 알았을까..,574,2023-09-28T03:28:13Z,7,Ugw9BVTbYnmUQveadF54AaABAg,S1bcy4h1mS8,UC-tt2A0C3g-MYv5l5cHtSXg,2023-09-28T03:28:13Z,,중립
콘서트 티켓 8분 만에 전석 매진시킨다는 버추얼 아이돌 근황 / 스브스뉴스,스브스뉴스 SUBUSUNEWS,대댓글,@GAMSST,확실한건 나라망신인건 맞는 듯,2,2023-12-29T16:37:29Z,0,Ugw9BVTbYnmUQveadF54AaABAg.9vBbej_iKUO9yuv704oB3T,S1bcy4h1mS8,UCpmFDZqnEKV1kTMcWZC5O1g,2023-12-29T16:37:29Z,Ugw9BVTbYnmUQveadF54AaABAg,중립
콘서트 티켓 8분 만에 전석 매진시킨다는 버추얼 아이돌 근황 / 스브스뉴스,스브스뉴스 SUBUSUNEWS,대댓글,@sktak47,​@GAMSST넌 부모 망신,0,2024-01-06T12:55:44Z,0,Ugw9BVTbYnmUQveadF54AaABAg.9vBbej_iKUO9zE75qGXodO,S1bcy4h1mS8,UCEBffAIT-kJs6hRBrtQP6eA,2024-06-18T02:11:50Z,Ugw9BVTbYnmUQveadF54AaABAg,중립
콘서트 티켓 8분 만에 전석 매진시킨다는 버추얼 아이돌 근황 / 스브스뉴스,스브스뉴스 SUBUSUNEWS,대댓글,@김상윤-m1c,​@jhs-zy3kc드릉드릉 아이네~,0,2024-01-12T23:10:59Z,0,Ugw9BVTbYnmUQveadF54AaABAg.9vBbej_iKUO9zUfHNsO9fh,S1bcy4h1mS8,UCWB1htsVhUiFNP-Lt12OE9g,2024-06-18T02:11:50Z,Ugw9BVTbYnmUQveadF54AaABAg,중립
콘서트 티켓 8분 만에 전석 매진시킨다는 버추얼 아이돌 근황 / 스브스뉴스,스브스뉴스 SUBUSUNEWS,대댓글,@hwaya_91,​@GAMSST어디가? 어디가? 어디가? 어디가? 어디가? 어디가? 어디가? 어디가? 어디가? 어디가? 어디가? 어디가? 어디가? 어디가? 어디가? 어디가? 어디가? 어디가? 어디가? 어디가? 어디가? 어디가? 어디가? 어디가? 어디가? 어디가? 어디가? 어디가? 어디가? 어디가? 어디가? 어디가? 어디가? 어디가? 어디가? 어디가? 어디가? 어디가? 어디가? 어디가? 어디가? 어디가? 어디가? 어디가? 어디가? 어디가?,4,2024-01-27T13:06:33Z,0,Ugw9BVTbYnmUQveadF54AaABAg.9vBbej_iKUOA-4D1WQjUtL,S1bcy4h1mS8,UC5OcVDPAa8f1d9zlY0kCJ3A,2024-06-18T02:11:50Z,Ugw9BVTbYnmUQveadF54AaABAg,중립
콘서트 티켓 8분 만에 전석 매진시킨다는 버추얼 아이돌 근황 / 스브스뉴스,스브스뉴스 SUBUSUNEWS,대댓글,@silsilze,​​@GAMSST 빌보드 코리아 3위 멜론 차트 6위가 망신이구나 니 인생에 그거보다 높은 업적 세우면 인정할게,14,2024-02-07T08:35:03Z,0,Ugw9BVTbYnmUQveadF54AaABAg.9vBbej_iKUOA-W2hVFjyPk,S1bcy4h1mS8,UCWRnCQByAK5xd3o52qN3CwA,2024-06-18T02:11:50Z,Ugw9BVTbYnmUQveadF54AaABAg,중립
콘서트 티켓 8분 만에 전석 매진시킨다는 버추얼 아이돌 근황 / 스브스뉴스,스브스뉴스 SUBUSUNEWS,최상위 댓글,@BBBONG111,"이세돌의 매력은 오디션부터 쭉 이어진 스토리가 너무 재밌음
맴버들도 너무 착하고 재밌어서 첨엔 거부감 들다가 빠져들게댐

악플러들도 이해함
나도 저랬으니까",156,2023-09-28T03:09:06Z,5,UgwFOEXXQ7PEfTY9UI54AaABAg,S1bcy4h1mS8,UC9DJHyBn5ZvrZXU0CJ-xsNA,2023-09-28T03:09:06Z,,긍정
콘서트 티켓 8분 만에 전석 매진시킨다는 버추얼 아이돌 근황 / 스브스뉴스,스브스뉴스 SUBUSUNEWS,대댓글,@Whenever_cheer_up,역시 아이돌은 스토리가 맞다..,4,2023-09-28T13:14:50Z,0,UgwFOEXXQ7PEfTY9UI54AaABAg.9vB_Ti4dYHC9vCenGnLcaX,S1bcy4h1mS8,UCf28HK8CnfULWHgf0geqRWQ,2023-09-28T13:14:50Z,UgwFOEXXQ7PEfTY9UI54AaABAg,중립
콘서트 티켓 8분 만에 전석 매진시킨다는 버추얼 아이돌 근황 / 스브스뉴스,스브스뉴스 SUBUSUNEWS,대댓글,@쿠모린린,적응이 안되거나 낯설어서 긍정적이지 않은 반응을 보이는 사람들은 이해되는데 악플달고 까내리는건 진짜 이해가 안감 보면서 너무 스트레스 받음..,16,2023-09-28T15:54:00Z,0,UgwFOEXXQ7PEfTY9UI54AaABAg.9vB_Ti4dYHC9vCx04EY583,S1bcy4h1mS8,UC3VFxBmbDhm49RMd4WXC35w,2023-09-28T15:54:00Z,UgwFOEXXQ7PEfTY9UI54AaABAg,중립
콘서트 티켓 8분 만에 전석 매진시킨다는 버추얼 아이돌 근황 / 스브스뉴스,스브스뉴스 SUBUSUNEWS,대댓글,@oinkoink6906,@쿠모린린 세상에 병ㅅ은 많단다.,0,2023-09-28T21:36:58Z,0,UgwFOEXXQ7PEfTY9UI54AaABAg.9vB_Ti4dYHC9vDZFxuvwrv,S1bcy4h1mS8,UCL2P7cZOboepMTkRJaSbl9w,2024-06-18T02:33:19Z,UgwFOEXXQ7PEfTY9UI54AaABAg,중립
콘서트 티켓 8분 만에 전석 매진시킨다는 버추얼 아이돌 근황 / 스브스뉴스,스브스뉴스 SUBUSUNEWS,대댓글,@쿠모린린,@oinkoink6906 진짜 너무 많음 ㅋㅋ 사는 동안 상상 이상으로 너무 많이 마주침,0,2023-09-30T06:34:03Z,0,UgwFOEXXQ7PEfTY9UI54AaABAg.9vB_Ti4dYHC9vH5WcBnL_2,S1bcy4h1mS8,UC3VFxBmbDhm49RMd4WXC35w,2024-06-18T02:33:19Z,UgwFOEXXQ7PEfTY9UI54AaABAg,중립
콘서트 티켓 8분 만에 전석 매진시킨다는 버추얼 아이돌 근황 / 스브스뉴스,스브스뉴스 SUBUSUNEWS,대댓글,@앤드류-2class_agent,뭐 갱생 했으니까.. 쩻든 다른대선 이제 그러지 말고 흑역사로 치부하고 다니쇼,0,2024-10-02T15:00:35Z,0,UgwFOEXXQ7PEfTY9UI54AaABAg.9vB_Ti4dYHCA95_0WjV6mZ,S1bcy4h1mS8,UC20lZ2fjx68Edt6YvxHmY1g,2024-10-02T15:00:35Z,UgwFOEXXQ7PEfTY9UI54AaABAg,중립
콘서트 티켓 8분 만에 전석 매진시킨다는 버추얼 아이돌 근황 / 스브스뉴스,스브스뉴스 SUBUSUNEWS,최상위 댓글,@282epari,"댓글 쓰는거보면 일반인도아니고 그냥 커뮤망령,안티들인데 너무 어그로 끌린다 병먹금 좀 하지",120,2023-09-29T08:24:19Z,2,UgxuqzYCgN8btSw2nEd4AaABAg,S1bcy4h1mS8,UCZ_fzwdaWcq6VOdP1sAu6iA,2023-09-29T08:24:19Z,,중립
콘서트 티켓 8분 만에 전석 매진시킨다는 버추얼 아이돌 근황 / 스브스뉴스,스브스뉴스 SUBUSUNEWS,대댓글,@rightlowlow,ㄹㅇㅋㅋ 먹금이 답임,0,2023-09-29T08:43:24Z,0,UgxuqzYCgN8btSw2nEd4AaABAg.9vEiLMMTOnb9vEkX82Xhpa,S1bcy4h1mS8,UCYkTpGzntA8dQLXhHLHi8Ew,2023-09-29T08:43:24Z,UgxuqzYCgN8btSw2nEd4AaABAg,중립
콘서트 티켓 8분 만에 전석 매진시킨다는 버추얼 아이돌 근황 / 스브스뉴스,스브스뉴스 SUBUSUNEWS,대댓글,@1o-2o-3o,요즘 유입 많아져서 잘 모르는사람많은듯,1,2023-09-29T08:55:05Z,0,UgxuqzYCgN8btSw2nEd4AaABAg.9vEiLMMTOnb9vElre0NhRX,S1bcy4h1mS8,UC7Ki8OKdhOXDAd1V50rgPcw,2023-09-29T08:55:05Z,UgxuqzYCgN8btSw2nEd4AaABAg,중립
콘서트 티켓 8분 만에 전석 매진시킨다는 버추얼 아이돌 근황 / 스브스뉴스,스브스뉴스 SUBUSUNEWS,최상위 댓글,@nam_puxxyboi,"군인이라 이번 공연 못갔습니다…다음에 곡들을 더 만들고, 더욱더 유명해져서 꼭! 이세돌 단콘 열어주시기 바랍니다..! 그땐 무슨일이 있어도 참여하겠습니다 사랑합니다 이세돌💜💛🖤❤️💙💚",246,2023-09-28T02:41:49Z,6,Ugz_Sn15oylZvT4oee54AaABAg,S1bcy4h1mS8,UCFr59honS-Jz6Wfv4IVJMcg,2023-09-28T02:41:49Z,,긍정
콘서트 티켓 8분 만에 전석 매진시킨다는 버추얼 아이돌 근황 / 스브스뉴스,스브스뉴스 SUBUSUNEWS,대댓글,@minsuk0426,항상 고생이 많으십니다 몸 조심히 전역하셔요,9,2023-09-28T03:14:16Z,0,Ugz_Sn15oylZvT4oee54AaABAg.9vBXLsbeBk19vBa3dLPX1g,S1bcy4h1mS8,UCq8nUHLbfQu5FH8xq39fTEQ,2023-09-28T03:14:16Z,Ugz_Sn15oylZvT4oee54AaABAg,중립
콘서트 티켓 8분 만에 전석 매진시킨다는 버추얼 아이돌 근황 / 스브스뉴스,스브스뉴스 SUBUSUNEWS,대댓글,@dawn_chagari,수고하십쇼!!,3,2023-09-28T03:46:24Z,0,Ugz_Sn15oylZvT4oee54AaABAg.9vBXLsbeBk19vBdjxj1Gcq,S1bcy4h1mS8,UCSOVm0MqR9XOYw5g1L0HfXA,2023-09-28T03:46:24Z,Ugz_Sn15oylZvT4oee54AaABAg,중립
콘서트 티켓 8분 만에 전석 매진시킨다는 버추얼 아이돌 근황 / 스브스뉴스,스브스뉴스 SUBUSUNEWS,대댓글,@KTP-yi3tt,몸 조심하시고 항상 화이팅!,6,2023-09-28T04:36:21Z,0,Ugz_Sn15oylZvT4oee54AaABAg.9vBXLsbeBk19vBjSoIa9iB,S1bcy4h1mS8,UCYDADa6AbGfLoZnPq6cuQUQ,2023-09-28T04:36:21Z,Ugz_Sn15oylZvT4oee54AaABAg,중립
콘서트 티켓 8분 만에 전석 매진시킨다는 버추얼 아이돌 근황 / 스브스뉴스,스브스뉴스 SUBUSUNEWS,대댓글,@Fuahitm-h3l,아앗.....,0,2023-09-28T06:42:52Z,0,Ugz_Sn15oylZvT4oee54AaABAg.9vBXLsbeBk19vBxwQkaZ7R,S1bcy4h1mS8,UC9YpWmCKhl87EBNoS0ZhOxw,2023-09-28T06:42:52Z,Ugz_Sn15oylZvT4oee54AaABAg,중립
콘서트 티켓 8분 만에 전석 매진시킨다는 버추얼 아이돌 근황 / 스브스뉴스,스브스뉴스 SUBUSUNEWS,대댓글,@Gall_Gall_Gall,단콘 이루어졌다!,0,2024-07-25T02:42:53Z,0,Ugz_Sn15oylZvT4oee54AaABAg.9vBXLsbeBk1A6I_k6Osysc,S1bcy4h1mS8,UC3ktG2hohU85GMgzvtS7sfw,2024-07-25T02:42:53Z,Ugz_Sn15oylZvT4oee54AaABAg,중립
콘서트 티켓 8분 만에 전석 매진시킨다는 버추얼 아이돌 근황 / 스브스뉴스,스브스뉴스 SUBUSUNEWS,최상위 댓글,@treeplanet9810,"스브스 분들 감사합니다

이세페에 출연해주신  모든 아티스트분들도 이세계페스티벌이란것은 낯설으셨을건데 참가해주셔서 모두 모두 감사했습니다.
참가하셨었던 아티스트팬분들도 저희를 좋게 봐주셨었다고 들어서 기뻤습니다.
다른분들도 편견없이 그저 즐길수있는 그런 아이돌이니 이쁘게 봐주세요

자~ 수정했습니다 싸우지들 마세요~",686,2023-09-28T02:43:04Z,21,UgwoEUABj38DWVtiLuV4AaABAg,S1bcy4h1mS8,UCZkGd1k07N5AR9NoS2yNE_g,2023-09-28T12:07:47Z,,긍정
콘서트 티켓 8분 만에 전석 매진시킨다는 버추얼 아이돌 근황 / 스브스뉴스,스브스뉴스 SUBUSUNEWS,대댓글,@dawn_chagari,킹아,4,2023-09-28T03:47:01Z,0,UgwoEUABj38DWVtiLuV4AaABAg.9vBXV1cqEOy9vBdoWMDMTX,S1bcy4h1mS8,UCSOVm0MqR9XOYw5g1L0HfXA,2023-09-28T03:47:01Z,UgwoEUABj38DWVtiLuV4AaABAg,중립
콘서트 티켓 8분 만에 전석 매진시킨다는 버추얼 아이돌 근황 / 스브스뉴스,스브스뉴스 SUBUSUNEWS,대댓글,@user-wx9gw4xr6v,자기들이 후발주자에 명성 강탈하려는 주제에 인지도도 딸리면서 이하생략,4,2023-09-28T04:18:29Z,0,UgwoEUABj38DWVtiLuV4AaABAg.9vBXV1cqEOy9vBhPwmCiXZ,S1bcy4h1mS8,UC8yaEVeBkbRI9vilsvNmIew,2023-09-28T04:18:29Z,UgwoEUABj38DWVtiLuV4AaABAg,중립
콘서트 티켓 8분 만에 전석 매진시킨다는 버추얼 아이돌 근황 / 스브스뉴스,스브스뉴스 SUBUSUNEWS,대댓글,@dour1234,@yami_fishing우리 아이돌을 이쁘게 봐주셔서 감사하다는거죠.. 님 T에요?,42,2023-09-28T04:28:57Z,0,UgwoEUABj38DWVtiLuV4AaABAg.9vBXV1cqEOy9vBibYe75iI,S1bcy4h1mS8,UC4VaKhQHady6qkacFNJraxg,2024-10-04T20:11:43Z,UgwoEUABj38DWVtiLuV4AaABAg,긍정
콘서트 티켓 8분 만에 전석 매진시킨다는 버추얼 아이돌 근황 / 스브스뉴스,스브스뉴스 SUBUSUNEWS,대댓글,@욤욤이-i6j,⁠@dour1234T입니다 저건그냥 한번 긁어보려고하는거 같아용,0,2023-09-28T04:34:59Z,0,UgwoEUABj38DWVtiLuV4AaABAg.9vBXV1cqEOy9vBjIoDK3up,S1bcy4h1mS8,UC7e7r4qXPvcN4vjYa6Fl9JQ,2024-06-18T03:30:13Z,UgwoEUABj38DWVtiLuV4AaABAg,중립
콘서트 티켓 8분 만에 전석 매진시킨다는 버추얼 아이돌 근황 / 스브스뉴스,스브스뉴스 SUBUSUNEWS,대댓글,@little_spicy_topokki,​@dour1234T는 객관적인거지 말귀 못알아듣는 멍청이가 아님 저사람은 후자인듯ㅋㅋ,0,2023-09-28T06:06:04Z,0,UgwoEUABj38DWVtiLuV4AaABAg.9vBXV1cqEOy9vBtirP6_rm,S1bcy4h1mS8,UChx9tSeUGPjMTSj_0ajW-Vw,2024-06-18T03:30:13Z,UgwoEUABj38DWVtiLuV4AaABAg,중립
콘서트 티켓 8분 만에 전석 매진시킨다는 버추얼 아이돌 근황 / 스브스뉴스,스브스뉴스 SUBUSUNEWS,최상위 댓글,@imegg999,처음 보시는 분들은 단순히 캐릭터 혹은 AI인가 오해하실 수 있지만 화면 너머에 사람이 있어요! 다재다능하고 매력적인 사람들에게 빠져서 팬이 된 만큼 더 많은 분들이 우리 아이돌에 대해 알게 된다면 진심으로 행복할 것 같아요 고마워요 스브스!,736,2023-09-28T02:38:34Z,10,UgxM8VC05tQVq5Zw9z54AaABAg,S1bcy4h1mS8,UCIIOgaAhdaxSMe5S4FXIUkw,2023-09-28T02:38:34Z,,중립
콘서트 티켓 8분 만에 전석 매진시킨다는 버추얼 아이돌 근황 / 스브스뉴스,스브스뉴스 SUBUSUNEWS,대댓글,@ovemeda8647,@실베 아니면 복면가왕 너낌?,61,2023-09-28T02:58:13Z,0,UgxM8VC05tQVq5Zw9z54AaABAg.9vBWz5zOFNN9vBZE2TStMe,S1bcy4h1mS8,UC87OC2UAV2ovoNOng5XkK1w,2024-04-18T03:14:26Z,UgxM8VC05tQVq5Zw9z54AaABAg,중립
콘서트 티켓 8분 만에 전석 매진시킨다는 버추얼 아이돌 근황 / 스브스뉴스,스브스뉴스 SUBUSUNEWS,대댓글,@Re-wind,"마술이라고 생각하면 편할 거 같네요!
관객들은 트릭을 알려고 하지도 않고 트릭이라는 걸 알지만 그 트릭이 정말로 좋기 때문에 즐기는 거니까요",65,2023-09-28T03:00:25Z,0,UgxM8VC05tQVq5Zw9z54AaABAg.9vBWz5zOFNN9vBZU7534GB,S1bcy4h1mS8,UCRDbtxDdz0e8NcYPQjNpX2g,2023-09-28T03:00:25Z,UgxM8VC05tQVq5Zw9z54AaABAg,중립
콘서트 티켓 8분 만에 전석 매진시킨다는 버추얼 아이돌 근황 / 스브스뉴스,스브스뉴스 SUBUSUNEWS,대댓글,@dojiyee79,복면가왕 느낌 맞네요. 그 사람의 정체를 드러내지 않음으로서 오히려 진짜 그 사람의 실력과 매력에만 집중하게 되는. 아무나 다 할 수 있는거 아니냐 말할 수 도 있는데 얼굴도 안보이고 아바타야 더 예쁜 버튜버들도 많은데 몇 만명이 좋아하는 것만 봐도 매력이 상당하다는 소리.,170,2023-09-28T03:02:56Z,0,UgxM8VC05tQVq5Zw9z54AaABAg.9vBWz5zOFNN9vBZlZ2ntuh,S1bcy4h1mS8,UCeftP_pll052dwAT6EJoKVQ,2023-09-28T03:02:56Z,UgxM8VC05tQVq5Zw9z54AaABAg,긍정
콘서트 티켓 8분 만에 전석 매진시킨다는 버추얼 아이돌 근황 / 스브스뉴스,스브스뉴스 SUBUSUNEWS,대댓글,@uo_ov,콘서트 무대 뒤에서 춤 노래 다 하신건가요??,2,2023-09-28T03:14:23Z,0,UgxM8VC05tQVq5Zw9z54AaABAg.9vBWz5zOFNN9vBa4PfPY5f,S1bcy4h1mS8,UCglBDiKYvp_iVrngllVWRfQ,2023-09-28T03:14:23Z,UgxM8VC05tQVq5Zw9z54AaABAg,중립
콘서트 티켓 8분 만에 전석 매진시킨다는 버추얼 아이돌 근황 / 스브스뉴스,스브스뉴스 SUBUSUNEWS,대댓글,@해보자-g4n,미리 다 녹음하신거에요 말할때는 조금? 말해주시고요@uo_ov,7,2023-09-28T03:15:42Z,0,UgxM8VC05tQVq5Zw9z54AaABAg.9vBWz5zOFNN9vBaE4cUaZz,S1bcy4h1mS8,UCSW5J8O-Nc3PqVyRU9VLfMg,2024-04-18T03:14:26Z,UgxM8VC05tQVq5Zw9z54AaABAg,중립
콘서트 티켓 8분 만에 전석 매진시킨다는 버추얼 아이돌 근황 / 스브스뉴스,스브스뉴스 SUBUSUNEWS,최상위 댓글,@사일칠-417,진짜 이세돌은 아무나 억지로 한번씩 먹야봐야함 ㄹㅇ 빠져나올수 없음,3,2024-04-13T13:00:47Z,0,Ugx-YdTMCy843IHOOeB4AaABAg,S1bcy4h1mS8,UC2E3A-dWLWiluxiRAzMx__Q,2024-04-13T13:00:47Z,,중립
콘서트 티켓 8분 만에 전석 매진시킨다는 버추얼 아이돌 근황 / 스브스뉴스,스브스뉴스 SUBUSUNEWS,최상위 댓글,@가리비-y9t,플레이브도 그렇고 실패한 아이돌에게 버츄얼을 통해 새로운 기회가 주워졌다는게 너무 좋은 것 같다,305,2023-09-28T03:04:59Z,12,Ugz77P9G7v60zg_AuP94AaABAg,S1bcy4h1mS8,UCqnJC5l_keczssTWcyFziog,2023-09-28T03:04:59Z,,중립
콘서트 티켓 8분 만에 전석 매진시킨다는 버추얼 아이돌 근황 / 스브스뉴스,스브스뉴스 SUBUSUNEWS,대댓글,@달처럼별처럼,"플레이브도 연습생들이 언제데뷔할수있을까 불안하던걸 용기내서 지원해 만들어진그룹이죠
같이 응원하는팀임",141,2023-09-28T03:32:32Z,0,Ugz77P9G7v60zg_AuP94AaABAg.9vB_-YdXRNE9vBc9PYe4If,S1bcy4h1mS8,UCSwp944US7VPvwFdIqYXezA,2023-09-28T03:32:32Z,Ugz77P9G7v60zg_AuP94AaABAg,긍정
콘서트 티켓 8분 만에 전석 매진시킨다는 버추얼 아이돌 근황 / 스브스뉴스,스브스뉴스 SUBUSUNEWS,대댓글,@user-nasanato,​@달처럼별처럼ㄹㅇ,0,2023-09-28T07:22:13Z,0,Ugz77P9G7v60zg_AuP94AaABAg.9vB_-YdXRNE9vC1RdMUatV,S1bcy4h1mS8,UCvmgloK-EnPANv8i2Juzp3Q,2024-06-18T01:39:13Z,Ugz77P9G7v60zg_AuP94AaABAg,중립
콘서트 티켓 8분 만에 전석 매진시킨다는 버추얼 아이돌 근황 / 스브스뉴스,스브스뉴스 SUBUSUNEWS,대댓글,@user-bj9rv3qi4y,⁠​⁠@달처럼별처럼ㅇㅈ 돌판 사람들한테 버츄얼이라고 무작정 까이니까 같이 응원하게됨,57,2023-09-28T15:01:42Z,0,Ugz77P9G7v60zg_AuP94AaABAg.9vB_-YdXRNE9vCr0xjJpmE,S1bcy4h1mS8,UCDBN0_80p99b95buJj9oWrg,2024-06-18T01:39:13Z,Ugz77P9G7v60zg_AuP94AaABAg,긍정
콘서트 티켓 8분 만에 전석 매진시킨다는 버추얼 아이돌 근황 / 스브스뉴스,스브스뉴스 SUBUSUNEWS,대댓글,@whwrkk,​@달처럼별처럼뭔 연습생임 망돌이였다가 버츄얼로 다시 데뷔한건디,2,2023-10-01T02:07:06Z,0,Ugz77P9G7v60zg_AuP94AaABAg.9vB_-YdXRNE9vJBlI32l_Y,S1bcy4h1mS8,UCoig2UwTDZ44B3hJadZIBQQ,2024-06-18T01:39:13Z,Ugz77P9G7v60zg_AuP94AaABAg,중립
콘서트 티켓 8분 만에 전석 매진시킨다는 버추얼 아이돌 근황 / 스브스뉴스,스브스뉴스 SUBUSUNEWS,대댓글,@르엘-0605,​@whwrkk플레이브 연습생들이 버츄얼로 데뷔한 거 맞아요,0,2024-04-29T16:38:44Z,0,Ugz77P9G7v60zg_AuP94AaABAg.9vB_-YdXRNEA2p3Ey77_fT,S1bcy4h1mS8,UCMdpldE6sqNfIk1_NqKzZ1w,2024-04-29T16:38:44Z,Ugz77P9G7v60zg_AuP94AaABAg,중립
콘서트 티켓 8분 만에 전석 매진시킨다는 버추얼 아이돌 근황 / 스브스뉴스,스브스뉴스 SUBUSUNEWS,최상위 댓글,@marinadecat,일단 주류거나 유행아니면 깔보려는 습성이 있음,9,2023-09-28T04:31:43Z,0,Ugyt5Rye_uasEe3bvy14AaABAg,S1bcy4h1mS8,UClGEX1WLu6h5JJMP-dUSY1A,2023-09-28T04:31:43Z,,중립
콘서트 티켓 8분 만에 전석 매진시킨다는 버추얼 아이돌 근황 / 스브스뉴스,스브스뉴스 SUBUSUNEWS,최상위 댓글,@ABCDEFG-ez7gn,컴퓨터좀 하나 사줘라 진짜ㅋㅋㅋㅋㅋㅋ,2185,2023-09-28T05:52:35Z,28,UgzVRScbbni7RsHOFyJ4AaABAg,S1bcy4h1mS8,UCfgXrwP1ByXKKz6urFHIZrw,2023-09-28T05:52:35Z,,중립
콘서트 티켓 8분 만에 전석 매진시킨다는 버추얼 아이돌 근황 / 스브스뉴스,스브스뉴스 SUBUSUNEWS,대댓글,@마론maron,ㄹㅇ 렉 겁나 걸리네...,247,2023-09-30T16:57:48Z,0,UgzVRScbbni7RsHOFyJ4AaABAg.9vBsB99Qfuj9vICu3-o0U0,S1bcy4h1mS8,UCdxoRyrEUoxm5JKLS4nH4cg,2023-09-30T16:57:48Z,UgzVRScbbni7RsHOFyJ4AaABAg,중립
콘서트 티켓 8분 만에 전석 매진시킨다는 버추얼 아이돌 근황 / 스브스뉴스,스브스뉴스 SUBUSUNEWS,대댓글,@이름-v3u1b,저때 아예 게임 자체에 렉걸린거임,192,2023-09-30T17:07:28Z,0,UgzVRScbbni7RsHOFyJ4AaABAg.9vBsB99Qfuj9vIE-pWEKGW,S1bcy4h1mS8,UCBds0V76Jcd9J5ch21a1OMQ,2023-09-30T17:07:28Z,UgzVRScbbni7RsHOFyJ4AaABAg,중립
콘서트 티켓 8분 만에 전석 매진시킨다는 버추얼 아이돌 근황 / 스브스뉴스,스브스뉴스 SUBUSUNEWS,대댓글,@yuse213,ㅋㄱㅋㄱㅋㄱㅋㄱㅋㅋㅋ,8,2023-10-02T05:43:24Z,0,UgzVRScbbni7RsHOFyJ4AaABAg.9vBsB99Qfuj9vM9JObW6wR,S1bcy4h1mS8,UCS8JjldlLHNyA6XBkB3-WKQ,2023-10-02T05:43:24Z,UgzVRScbbni7RsHOFyJ4AaABAg,중립
콘서트 티켓 8분 만에 전석 매진시킨다는 버추얼 아이돌 근황 / 스브스뉴스,스브스뉴스 SUBUSUNEWS,대댓글,@포켓몬애호가-d2g,​@이름-v3u1b엌ㅋㅋㅋ,5,2023-10-02T07:15:42Z,0,UgzVRScbbni7RsHOFyJ4AaABAg.9vBsB99Qfuj9vMJsOBjHaV,S1bcy4h1mS8,UCnV48krzRFpXhL7edNx8lsQ,2024-04-18T01:15:55Z,UgzVRScbbni7RsHOFyJ4AaABAg,중립
콘서트 티켓 8분 만에 전석 매진시킨다는 버추얼 아이돌 근황 / 스브스뉴스,스브스뉴스 SUBUSUNEWS,대댓글,@웅냐-i5s,​@이름-v3u1b저맵이 저정도..?,14,2023-10-03T02:56:36Z,0,UgzVRScbbni7RsHOFyJ4AaABAg.9vBsB99Qfuj9vOR0UYdHli,S1bcy4h1mS8,UCmV2KprQzLnMKIrrZFFyVCQ,2024-04-18T01:15:55Z,UgzVRScbbni7RsHOFyJ4AaABAg,중립
콘서트 티켓 8분 만에 전석 매진시킨다는 버추얼 아이돌 근황 / 스브스뉴스,스브스뉴스 SUBUSUNEWS,최상위 댓글,@Alksjs-t5e,그냥 딴거보다 노래가 너무 좋은게 제일 기여를 많이 한거같음 요즘 아이돌들 살짝 양산형 느낌이 나는거같은데 거기다가 좋은 노래가 나오니까 입덕하게 되는거지,6,2024-06-22T14:10:06Z,0,UgxWNzphKru54JAQMAB4AaABAg,S1bcy4h1mS8,UCNY6SnHyt0ny_6K-iIvYGSg,2024-06-22T14:10:06Z,,중립
콘서트 티켓 8분 만에 전석 매진시킨다는 버추얼 아이돌 근황 / 스브스뉴스,스브스뉴스 SUBUSUNEWS,최상위 댓글,@DongHo0331,진짜 스브스 폼 미쳤다 100만 가야겠다 이건 진짜,25,2023-09-28T02:35:33Z,0,UgyVO2ljyjyRa9r3fsZ4AaABAg,S1bcy4h1mS8,UCObLRNYyJckPTthO0M3fGDg,2023-09-28T02:35:33Z,,중립
콘서트 티켓 8분 만에 전석 매진시킨다는 버추얼 아이돌 근황 / 스브스뉴스,스브스뉴스 SUBUSUNEWS,최상위 댓글,@ppppp12-y8e,그냥 단순히 캐릭터만 좋아하기 보다는 이세계 아이돌이 보여주는 스토리와 감동에 더 반해서 응원하는 듯 역시 아이돌은 스토리지 킹아 이세계 아이돌 화이팅!!!!,24,2023-09-28T02:29:22Z,0,UgxwGttDctQlMAJX2hN4AaABAg,S1bcy4h1mS8,UCqiuoBIJwazD7SwEF2UjBUQ,2023-09-28T02:29:22Z,,긍정
콘서트 티켓 8분 만에 전석 매진시킨다는 버추얼 아이돌 근황 / 스브스뉴스,스브스뉴스 SUBUSUNEWS,최상위 댓글,@L_O_L777,썸내일 못보고 달려온 이파리들이면 개추 ㅋㅋ,11,2023-10-24T12:54:43Z,0,Ugw2635ZPJGvX0ViCV14AaABAg,S1bcy4h1mS8,UCu5sSBonD0af93BEPpdqQkw,2023-10-24T12:54:43Z,,중립
콘서트 티켓 8분 만에 전석 매진시킨다는 버추얼 아이돌 근황 / 스브스뉴스,스브스뉴스 SUBUSUNEWS,최상위 댓글,@shootlowaimhigh,고정관념 거부감 살짝만 내려놓고 보니 이런 재미가있구나 매력이있구나 생각이 듭니다,7,2023-09-28T11:04:45Z,0,UgymzEopLJ7MtW-A2uh4AaABAg,S1bcy4h1mS8,UCNImbrwYsigGKxDxhj_qy2A,2023-09-28T11:04:45Z,,중립
콘서트 티켓 8분 만에 전석 매진시킨다는 버추얼 아이돌 근황 / 스브스뉴스,스브스뉴스 SUBUSUNEWS,최상위 댓글,@RIL0612,"존중받고 당당해질 수 있는 그날까지...
우리 이세계아이돌은 성장할 것 입니다.. 😢😢",74,2023-09-28T02:35:25Z,0,UgzGkR0g1CrdYlFI-yR4AaABAg,S1bcy4h1mS8,UCrUP7PnzhZy6vs6bM3t7a5Q,2023-09-28T02:35:25Z,,중립
콘서트 티켓 8분 만에 전석 매진시킨다는 버추얼 아이돌 근황 / 스브스뉴스,스브스뉴스 SUBUSUNEWS,최상위 댓글,@marangf,"진짜 단순히 컨텐츠로 시작됐던 이 프로젝트가 만들어낸 이세돌.. 점점 성장해가면서 많은 분들께 좋은 모습을 보여줄 수 있는거 같아서 너무 좋네요 
엄청난 버팀목이 되어주는 우리 왁굳형 너무 감사하고 이세돌분들도 항상 너무 좋은 모습으로 저희한테 다가와주셔서 너무 감사합니다 
덕분에 많은 늘 많은 에너지 받고 있습니다 킹아!",872,2023-09-28T05:20:17Z,28,UgwrTyUzFjMOuMpOorx4AaABAg,S1bcy4h1mS8,UCFhKpV--hGVjC6h33JZMXXw,2023-09-28T05:20:17Z,,긍정
콘서트 티켓 8분 만에 전석 매진시킨다는 버추얼 아이돌 근황 / 스브스뉴스,스브스뉴스 SUBUSUNEWS,대댓글,@jinnnn3,우욱...,16,2023-09-29T09:35:56Z,0,UgwrTyUzFjMOuMpOorx4AaABAg.9vBoUbowObG9vEqXuL7wIP,S1bcy4h1mS8,UCExY723dcVAHVA2LZ-GFqdw,2023-09-29T09:35:56Z,UgwrTyUzFjMOuMpOorx4AaABAg,중립
콘서트 티켓 8분 만에 전석 매진시킨다는 버추얼 아이돌 근황 / 스브스뉴스,스브스뉴스 SUBUSUNEWS,대댓글,@marangf,@jinnnn3 나도 처음엔 그랬었어....,71,2023-09-29T10:25:57Z,0,UgwrTyUzFjMOuMpOorx4AaABAg.9vBoUbowObG9vEwG9B1Lt5,S1bcy4h1mS8,UCFhKpV--hGVjC6h33JZMXXw,2024-04-18T02:57:06Z,UgwrTyUzFjMOuMpOorx4AaABAg,중립
콘서트 티켓 8분 만에 전석 매진시킨다는 버추얼 아이돌 근황 / 스브스뉴스,스브스뉴스 SUBUSUNEWS,대댓글,@성이름-g3i4t,"""버튜버""가 문제가 아님 이세돌 멤버들 개개인의 전과가 문제지",6,2023-09-29T13:18:27Z,0,UgwrTyUzFjMOuMpOorx4AaABAg.9vBoUbowObG9vFF-csaZmm,S1bcy4h1mS8,UCLToJgc7pDcSd-u6E1BvIFg,2023-09-29T13:18:27Z,UgwrTyUzFjMOuMpOorx4AaABAg,중립
콘서트 티켓 8분 만에 전석 매진시킨다는 버추얼 아이돌 근황 / 스브스뉴스,스브스뉴스 SUBUSUNEWS,대댓글,@Siberian_Husky123,근데 저분들이 그렇다는게 아니고 만약 실물 개오크라면 그래도 한결같이 좋아할까 라는 생각이 듬,3,2023-09-29T13:36:55Z,0,UgwrTyUzFjMOuMpOorx4AaABAg.9vBoUbowObG9vFH6wGfqvU,S1bcy4h1mS8,UCos7owGGCLh7kbCQHGCjVNg,2023-09-29T13:36:55Z,UgwrTyUzFjMOuMpOorx4AaABAg,긍정
콘서트 티켓 8분 만에 전석 매진시킨다는 버추얼 아이돌 근황 / 스브스뉴스,스브스뉴스 SUBUSUNEWS,대댓글,@성이름-g3i4t,@Siberian_Husky123 예뻐야 본전이고 평타쳐도 손해임,3,2023-09-29T13:58:28Z,0,UgwrTyUzFjMOuMpOorx4AaABAg.9vBoUbowObG9vFJ_j3W2ME,S1bcy4h1mS8,UCLToJgc7pDcSd-u6E1BvIFg,2024-04-18T02:57:06Z,UgwrTyUzFjMOuMpOorx4AaABAg,중립
콘서트 티켓 8분 만에 전석 매진시킨다는 버추얼 아이돌 근황 / 스브스뉴스,스브스뉴스 SUBUSUNEWS,최상위 댓글,@l_eelim,"우리 아이돌 정말 자랑스럽다...처음보시는 분들은 '이게 뭐야'라고 하실 수 있지만 '이런 아이돌도 있구나'라고 생각해 주시면 감사하겠습니다
이세돌 화이팅💜💛🖤💖💙💚",250,2023-09-28T02:38:27Z,10,UgyHMa3V5vqvBaTUPWh4AaABAg,S1bcy4h1mS8,UCUrxqjvP5qNRfbhGpQ5DBKg,2023-09-28T02:38:27Z,,긍정
콘서트 티켓 8분 만에 전석 매진시킨다는 버추얼 아이돌 근황 / 스브스뉴스,스브스뉴스 SUBUSUNEWS,대댓글,@Seagull_674,이세돌 화이팅 킹아ㅏㅏㅏㅏ!!!!!,0,2023-09-28T03:07:09Z,0,UgyHMa3V5vqvBaTUPWh4AaABAg.9vBWyH4q0lV9vB_FT7Tqxf,S1bcy4h1mS8,UCYATpPwoOxRvDJzbR7kdXYg,2023-09-28T03:07:09Z,UgyHMa3V5vqvBaTUPWh4AaABAg,중립
콘서트 티켓 8분 만에 전석 매진시킨다는 버추얼 아이돌 근황 / 스브스뉴스,스브스뉴스 SUBUSUNEWS,대댓글,@이신우부계,ㄴㄷㅆ,1,2023-09-28T03:48:37Z,0,UgyHMa3V5vqvBaTUPWh4AaABAg.9vBWyH4q0lV9vBe-BMIrcN,S1bcy4h1mS8,UCBvZp5057FDwyWrXA758aaw,2023-09-28T03:48:37Z,UgyHMa3V5vqvBaTUPWh4AaABAg,중립
콘서트 티켓 8분 만에 전석 매진시킨다는 버추얼 아이돌 근황 / 스브스뉴스,스브스뉴스 SUBUSUNEWS,대댓글,@QuentinKim428,우와 이게 뭐야~,0,2023-09-28T04:06:50Z,0,UgyHMa3V5vqvBaTUPWh4AaABAg.9vBWyH4q0lV9vBg4_fvVzY,S1bcy4h1mS8,UCczmx053Tdfwg_vZLjaxN9g,2023-09-28T04:06:50Z,UgyHMa3V5vqvBaTUPWh4AaABAg,중립
콘서트 티켓 8분 만에 전석 매진시킨다는 버추얼 아이돌 근황 / 스브스뉴스,스브스뉴스 SUBUSUNEWS,대댓글,@skyheavensky,@이신우부계 ㄴㄱㅁ,0,2023-09-28T06:48:17Z,0,UgyHMa3V5vqvBaTUPWh4AaABAg.9vBWyH4q0lV9vByZ9TFLZk,S1bcy4h1mS8,UCBuPV2h5sCEMZut0IQlpyaw,2024-06-17T23:10:36Z,UgyHMa3V5vqvBaTUPWh4AaABAg,중립
콘서트 티켓 8분 만에 전석 매진시킨다는 버추얼 아이돌 근황 / 스브스뉴스,스브스뉴스 SUBUSUNEWS,대댓글,@이신우부계,@skyheavensky ㄴㄷㅆ,0,2023-09-28T06:48:26Z,0,UgyHMa3V5vqvBaTUPWh4AaABAg.9vBWyH4q0lV9vBy_EpibHO,S1bcy4h1mS8,UCBvZp5057FDwyWrXA758aaw,2024-06-17T23:10:36Z,UgyHMa3V5vqvBaTUPWh4AaABAg,중립
콘서트 티켓 8분 만에 전석 매진시킨다는 버추얼 아이돌 근황 / 스브스뉴스,스브스뉴스 SUBUSUNEWS,최상위 댓글,@asmr7919,"뭐 난 30대가 넘어서 관심없지만 서태지때나 박진영 비 등 컨셉 잡고나온 연예인들 보면 다들 첨에 오바하지마라 욕먹고 희한한 컨셉이라 욕먹고 이러다가 결국 다들 좋아하고 성공하게된거보면
그냥 꿋꿋히 밀고 나가면 될듯 ? 이것도 결국 기술의 발전이 이뤄낸 성과물아닌가 ㅋㅋ 그냥 시대를 거스르지말고 받아들이는게 우리가 할일인거지",25,2023-12-14T06:15:41Z,0,UgwnR-JAYOpILVvv2O94AaABAg,S1bcy4h1mS8,UCKarF7Ow0EK5oubZ0A1FM5w,2023-12-14T06:15:41Z,,긍정
콘서트 티켓 8분 만에 전석 매진시킨다는 버추얼 아이돌 근황 / 스브스뉴스,스브스뉴스 SUBUSUNEWS,최상위 댓글,@이이-e9e6u,"처음엔 마냥 꺼려지고 이게 뭐지 싶었던 버츄얼아이돌이었는데… 어느새 그런 편견은 사라지고 주어진 것을 열심히 하고, 끊임없이 컨텐츠를 만들어내며 노력하는 멋진 모습을 보고 대단하다고 생각하고 있습니다! 이세계아이돌 화이팅!",139,2023-09-28T02:23:24Z,2,UgxnRFvGm4eTGHs9r-V4AaABAg,S1bcy4h1mS8,UChRpuatmzRqpmnvOVrJnNLg,2023-09-28T02:23:24Z,,중립
콘서트 티켓 8분 만에 전석 매진시킨다는 버추얼 아이돌 근황 / 스브스뉴스,스브스뉴스 SUBUSUNEWS,대댓글,@suholee1564,킹아,2,2023-09-28T03:03:47Z,0,UgxnRFvGm4eTGHs9r-V4AaABAg.9vBVF2BrEoy9vBZrmx_3-Y,S1bcy4h1mS8,UCDtjfWj6W8umSngV3smqzVQ,2023-09-28T03:03:47Z,UgxnRFvGm4eTGHs9r-V4AaABAg,중립
콘서트 티켓 8분 만에 전석 매진시킨다는 버추얼 아이돌 근황 / 스브스뉴스,스브스뉴스 SUBUSUNEWS,대댓글,@dawn_chagari,킹아,2,2023-09-28T03:46:54Z,0,UgxnRFvGm4eTGHs9r-V4AaABAg.9vBVF2BrEoy9vBdn_aoMuz,S1bcy4h1mS8,UCSOVm0MqR9XOYw5g1L0HfXA,2023-09-28T03:46:54Z,UgxnRFvGm4eTGHs9r-V4AaABAg,중립
콘서트 티켓 8분 만에 전석 매진시킨다는 버추얼 아이돌 근황 / 스브스뉴스,스브스뉴스 SUBUSUNEWS,최상위 댓글,@와진짜이걸아니리얼,실물 운운하는 새끼들 연애 한번도 못해봤다 ㅋㅋㅋㅋ,7,2023-09-28T06:12:48Z,0,UgzPXZByOtqGHTfR32t4AaABAg,S1bcy4h1mS8,UCCHuIAZJIocJNWi994YBOHw,2023-09-28T06:12:48Z,,중립
콘서트 티켓 8분 만에 전석 매진시킨다는 버추얼 아이돌 근황 / 스브스뉴스,스브스뉴스 SUBUSUNEWS,최상위 댓글,@스시스시-q9l,"솔직히 어떤 사람이 어떤걸 좋아하든 그것이 범죄가 아니라면 그냥 입다물고 제갈길 가면 된다고 생각합니다.

그리고 이세돌 ㅎㅇㅌ!",10,2023-09-29T14:37:23Z,0,UgxRcK8qFtHnvWohulR4AaABAg,S1bcy4h1mS8,UCgmdKeOVNLYwuJ9q1MBRjwg,2023-09-29T14:37:23Z,,긍정
콘서트 티켓 8분 만에 전석 매진시킨다는 버추얼 아이돌 근황 / 스브스뉴스,스브스뉴스 SUBUSUNEWS,최상위 댓글,@jhs5922,외면이 아니라 사람 그차체  내면을 좋아하는거로 생각하면 되지 않을까?,7,2023-09-28T10:54:02Z,0,UgxcXXBKIQydcY3bzHx4AaABAg,S1bcy4h1mS8,UCcOKoEMOor9JPEEEh99ToRw,2023-09-28T10:54:02Z,,긍정
콘서트 티켓 8분 만에 전석 매진시킨다는 버추얼 아이돌 근황 / 스브스뉴스,스브스뉴스 SUBUSUNEWS,최상위 댓글,@Remikim73,이세돌 팬은 아니지만 버츄얼 팬으로써.. 더이상 이런걸 보고 눈살을 찌푸리는게 아닌 함께 존중해주고 즐겨줬으면 좋겠어요..👍,10,2023-09-28T03:06:37Z,0,UgwGrIuU8KeL-iewwGZ4AaABAg,S1bcy4h1mS8,UCxDeY9zMoVL9uzFQCQ6qvfg,2023-09-28T03:06:37Z,,중립
콘서트 티켓 8분 만에 전석 매진시킨다는 버추얼 아이돌 근황 / 스브스뉴스,스브스뉴스 SUBUSUNEWS,최상위 댓글,@김승하_tmi,뭐 음지니 뭐니 해도 압도적인 조회수...너희도 사실 관심 있는거잖아~😊,9,2023-09-28T07:41:50Z,0,UgxR5lM2cCDfwUgqast4AaABAg,S1bcy4h1mS8,UCYantP40MSi26gep8ECrptw,2023-09-28T07:41:50Z,,중립
콘서트 티켓 8분 만에 전석 매진시킨다는 버추얼 아이돌 근황 / 스브스뉴스,스브스뉴스 SUBUSUNEWS,최상위 댓글,@gosemfdleocpanjsep,할머니집 컴퓨터로 VR챗 들어간 느낌이네 ㅋㅋㅋ,6,2023-10-22T13:32:50Z,0,UgzaeeeDUP4oXbxkCBZ4AaABAg,S1bcy4h1mS8,UCoDxmiNqlateyZs-zIS1Ytg,2023-10-22T13:32:50Z,,중립
콘서트 티켓 8분 만에 전석 매진시킨다는 버추얼 아이돌 근황 / 스브스뉴스,스브스뉴스 SUBUSUNEWS,최상위 댓글,@user-Sg7ok6ew71,이세돌을 처음보시는 사람들이 처음 본다면 조금 위화감이 들수있지만 건전한 방송을 지향하시는 분들이니까 이쁘게 봐주십쇼ㅠㅠ,10,2023-09-28T04:47:05Z,0,Ugxw_N-zWUws6NBTS_F4AaABAg,S1bcy4h1mS8,UCCaaBfqv6u3jwK64woMHhQQ,2023-09-28T04:47:05Z,,중립
콘서트 티켓 8분 만에 전석 매진시킨다는 버추얼 아이돌 근황 / 스브스뉴스,스브스뉴스 SUBUSUNEWS,최상위 댓글,@감만-y2h,"이런거 처음보는데 신기하네요... 저런것도 있구나.
세상 참 모시깽하네요 음...뭐 좋네요 킹아",19,2024-07-23T02:49:37Z,1,UgyZ5GkMY0gYbHfk6614AaABAg,S1bcy4h1mS8,UCmJfmv6Ox5UvSVqiniD3AYQ,2024-07-23T02:49:37Z,,긍정
콘서트 티켓 8분 만에 전석 매진시킨다는 버추얼 아이돌 근황 / 스브스뉴스,스브스뉴스 SUBUSUNEWS,대댓글,@앤드류-2class_agent,잡았다.. 왁물원으로 돌아가야지 펜치씨?????????,1,2024-10-02T14:55:51Z,0,UgyZ5GkMY0gYbHfk6614AaABAg.A6DRveirbAOA95ZTsqjVTe,S1bcy4h1mS8,UC20lZ2fjx68Edt6YvxHmY1g,2024-10-02T14:55:51Z,UgyZ5GkMY0gYbHfk6614AaABAg,중립
콘서트 티켓 8분 만에 전석 매진시킨다는 버추얼 아이돌 근황 / 스브스뉴스,스브스뉴스 SUBUSUNEWS,최상위 댓글,@치즈빵-g9p,"이게...이세돌 파고나서 함부로 멸시하지 말자는 교훈을 얻었음.

내가 닫힌사람이었나 싶고..좀 더 열린 눈으로 세상을 바라보려고 노력하게됐습니다

+)왁굳형보고 처음엔 와...그거 잼민이들이 보는 거 아닌가..싶었으나 1년이 지난 지금 이세페, 24시간 스밍, 생방도 챙겨보는 팬이 돼버렸네요ㅋㅋㅋ 킹아🩵",51,2023-09-28T02:27:44Z,0,UgybEvD_18VeUrZI60J4AaABAg,S1bcy4h1mS8,UCIalB6iUJ2BOAuA-GEo93aw,2023-10-04T04:01:25Z,,중립
콘서트 티켓 8분 만에 전석 매진시킨다는 버추얼 아이돌 근황 / 스브스뉴스,스브스뉴스 SUBUSUNEWS,최상위 댓글,@o_o.b,"와 이쁘게 봐주셔서 감사합니다... 우리 아이돌,,.,,",16,2023-09-28T11:02:14Z,0,UgwEU_8X-PuLZ_gAgAR4AaABAg,S1bcy4h1mS8,UCDpxCYRsMYweYJRP_wC7gHg,2023-09-28T11:02:14Z,,긍정
콘서트 티켓 8분 만에 전석 매진시킨다는 버추얼 아이돌 근황 / 스브스뉴스,스브스뉴스 SUBUSUNEWS,최상위 댓글,@chanun113,"매일매일 빛나줬던 이파리들의 아이돌이 언제 이렇게 아름다운 보석으로.....
진짜 매일 방송켜줘서 너무 고맙구 이파리들이 많이 사랑합니다!!!💜💛🖤❤💙💚",415,2023-09-28T05:29:00Z,4,UgyyX9IEVYwTQtKaGxN4AaABAg,S1bcy4h1mS8,UCCHPAzspDqsuUzW8p9Yc4MQ,2023-09-28T05:29:00Z,,긍정
콘서트 티켓 8분 만에 전석 매진시킨다는 버추얼 아이돌 근황 / 스브스뉴스,스브스뉴스 SUBUSUNEWS,대댓글,@ss-wi3mx,도네놔 쏴,0,2023-10-05T13:41:05Z,0,UgyyX9IEVYwTQtKaGxN4AaABAg.9vBpURwMoN-9vUjMec0h40,S1bcy4h1mS8,UCmM68pohqborD-eWxYZBZ9g,2023-10-05T13:41:05Z,UgyyX9IEVYwTQtKaGxN4AaABAg,중립
콘서트 티켓 8분 만에 전석 매진시킨다는 버추얼 아이돌 근황 / 스브스뉴스,스브스뉴스 SUBUSUNEWS,대댓글,@담다미-k4q,💜💛💙🩷🩵💚,0,2024-02-20T16:41:36Z,0,UgyyX9IEVYwTQtKaGxN4AaABAg.9vBpURwMoN-A02OiVJMrXS,S1bcy4h1mS8,UC8XqBxC2WndHQbR6BSucuAg,2024-02-20T16:41:36Z,UgyyX9IEVYwTQtKaGxN4AaABAg,중립
콘서트 티켓 8분 만에 전석 매진시킨다는 버추얼 아이돌 근황 / 스브스뉴스,스브스뉴스 SUBUSUNEWS,대댓글,@kim527,💜💜💜💜,1,2024-02-28T09:52:44Z,0,UgyyX9IEVYwTQtKaGxN4AaABAg.9vBpURwMoN-A0MGHsPO3tr,S1bcy4h1mS8,UCH0WJaFqw7viFoysm-ISrjg,2024-02-28T09:52:44Z,UgyyX9IEVYwTQtKaGxN4AaABAg,중립
콘서트 티켓 8분 만에 전석 매진시킨다는 버추얼 아이돌 근황 / 스브스뉴스,스브스뉴스 SUBUSUNEWS,대댓글,@kunclass,신은 하나님뿐. 예수님 믿고 구원 받으세요.,0,2024-06-19T20:04:54Z,0,UgyyX9IEVYwTQtKaGxN4AaABAg.9vBpURwMoN-A4skNaj5UiJ,S1bcy4h1mS8,UCMeoyySWJYhm6DcI6f219tA,2024-06-19T20:04:54Z,UgyyX9IEVYwTQtKaGxN4AaABAg,중립
콘서트 티켓 8분 만에 전석 매진시킨다는 버추얼 아이돌 근황 / 스브스뉴스,스브스뉴스 SUBUSUNEWS,최상위 댓글,@먕이myang,"우리 아이돌 너무 자랑스러워요💜💛🖤❤️💙💚
앞으로도 쭉쭉 뻗어서 생방송 음악프로그램 출연 성사되시길 바랄게요!",144,2023-09-28T02:51:36Z,0,UgzxCumhcVTqQ4Fc-Ix4AaABAg,S1bcy4h1mS8,UCb1owEdTOcCTM8YLqZ-0lXQ,2023-09-28T02:51:36Z,,중립
콘서트 티켓 8분 만에 전석 매진시킨다는 버추얼 아이돌 근황 / 스브스뉴스,스브스뉴스 SUBUSUNEWS,최상위 댓글,@helpNVDA,"1~2년전 사업 내용에 너도나도 메타버스 붙여서 
코인, nft, 주식으로 한탕 해 먹는 놈들만 봤었는데...  
이렇게 사람들이 좋아하고 콘서트 할 정도로 결과물을 보여주는 건 처음 보는 거 같아요.
노래도 되게 좋고 앞으로도 잘되면 좋겠네요.🎤🎶🥳",99,2023-09-28T03:10:53Z,3,Ugxh96rraNdB_RDIm3Z4AaABAg,S1bcy4h1mS8,UCK8ydYjbem0J05Y43uiFCEA,2023-09-28T03:11:08Z,,긍정
콘서트 티켓 8분 만에 전석 매진시킨다는 버추얼 아이돌 근황 / 스브스뉴스,스브스뉴스 SUBUSUNEWS,대댓글,@nataehanIiri,ㄹㅇㅋㅋ,7,2023-09-28T03:41:28Z,0,Ugxh96rraNdB_RDIm3Z4AaABAg.9vB_fl7x_dH9vBdAkOG6f9,S1bcy4h1mS8,UC9xgotzJA6sD6aREvOsCBNA,2023-09-28T03:41:33Z,Ugxh96rraNdB_RDIm3Z4AaABAg,중립
콘서트 티켓 8분 만에 전석 매진시킨다는 버추얼 아이돌 근황 / 스브스뉴스,스브스뉴스 SUBUSUNEWS,대댓글,@아부-s3g,아이돌을 돈으로 안보고 사랑만으로 키운 우왁굳,9,2023-09-28T03:50:31Z,0,Ugxh96rraNdB_RDIm3Z4AaABAg.9vB_fl7x_dH9vBeD8FHj7v,S1bcy4h1mS8,UCxUfSQrggy9ada0XSeN8e8g,2023-09-28T03:50:31Z,Ugxh96rraNdB_RDIm3Z4AaABAg,긍정
콘서트 티켓 8분 만에 전석 매진시킨다는 버추얼 아이돌 근황 / 스브스뉴스,스브스뉴스 SUBUSUNEWS,대댓글,@Muyo_cute,왁굳형이 돈만 보고 키웠으면 절대 여기까지 못왔다... 사랑해 왁굳형 사랑해 이세계아이돌 💜💛🖤❤💙💚,1,2023-09-28T07:57:47Z,0,Ugxh96rraNdB_RDIm3Z4AaABAg.9vB_fl7x_dH9vC5W96Myo0,S1bcy4h1mS8,UCTL0LnK0bwS8UqvmCFKNHVw,2023-09-28T07:57:47Z,Ugxh96rraNdB_RDIm3Z4AaABAg,긍정
콘서트 티켓 8분 만에 전석 매진시킨다는 버추얼 아이돌 근황 / 스브스뉴스,스브스뉴스 SUBUSUNEWS,최상위 댓글,@파스우트,이거제작자님 원픽이 르르땅인거같닼ㅋㅋㅋㅋㅋ,8,2023-10-09T09:52:09Z,0,UgzMzlKJbywru085NRt4AaABAg,S1bcy4h1mS8,UCeqkE5MboFXCWuYbK9IhrNw,2023-10-09T09:52:09Z,,중립
콘서트 티켓 8분 만에 전석 매진시킨다는 버추얼 아이돌 근황 / 스브스뉴스,스브스뉴스 SUBUSUNEWS,최상위 댓글,@행복한붕어빵j,"가상현실 기술력의 발전과 메타버스라는 단어를 가장 잘 표현하고 앞으로가 더욱 기대되는컨텐츠인것 같아요~
처음이라 어려운 도전이었을텐데 대단하구
멋있습니다!",33,2023-09-28T07:00:08Z,0,Ugy7L7Ol5qwIfI5LHw94AaABAg,S1bcy4h1mS8,UCQzx47LKyV4ObJ0NPV8ewDQ,2023-09-28T07:00:08Z,,중립
콘서트 티켓 8분 만에 전석 매진시킨다는 버추얼 아이돌 근황 / 스브스뉴스,스브스뉴스 SUBUSUNEWS,최상위 댓글,@이상민-n7g8w,"그냥 이런게 있구나 하면서 넘기면 되는거지 혐오까지 할게 있나 싶다
 나도 이런거 첨보긴 하는데 딱히 아무생각 안들고 그냥 그렇구나 하는데 여기서까지 혐일 젠더문제까지 나오는게 레전드다 ㅋㅋㅋㅋ",13,2023-09-28T04:58:42Z,1,UgzZeAvMVYX502J8z5x4AaABAg,S1bcy4h1mS8,UC6AwaRGwmYEcERojTR_ra8g,2023-09-28T04:58:42Z,,중립
콘서트 티켓 8분 만에 전석 매진시킨다는 버추얼 아이돌 근황 / 스브스뉴스,스브스뉴스 SUBUSUNEWS,대댓글,@crescendo_999,혐오조장에는 항상 일단의 조직적인 무리가  있는 경우가 많음. 그거 알만 한 이들은 알고 있음. 중국.,0,2025-04-24T04:50:40Z,0,UgzZeAvMVYX502J8z5x4AaABAg.9vBm0TEUnPvAHHlNsABwHo,S1bcy4h1mS8,UCe-k0TvHv5soCcbKj__547A,2025-04-24T04:50:40Z,UgzZeAvMVYX502J8z5x4AaABAg,중립
콘서트 티켓 8분 만에 전석 매진시킨다는 버추얼 아이돌 근황 / 스브스뉴스,스브스뉴스 SUBUSUNEWS,최상위 댓글,@kimcsb,이세계 아이돌이라는 아이돌을 이번 뉴스를 통해 새롭게 알게되었네요 시대가 빠르게 바뀌는 만큼 우리의 인식 또한 바뀌어야하고 이세계 아이돌의 멋진 미래를 응원하겠습니다 킹아!,16,2023-09-28T02:46:50Z,0,UgypAMEsip2FjrTmNaF4AaABAg,S1bcy4h1mS8,UCxaAVIy7_UgnW5j9EHL7Qcg,2023-09-28T02:46:50Z,,긍정
콘서트 티켓 8분 만에 전석 매진시킨다는 버추얼 아이돌 근황 / 스브스뉴스,스브스뉴스 SUBUSUNEWS,최상위 댓글,@아잉네사랑해-e9r,난 왜!!!!! 이세페 이후 이파리가 되건데!!!!!!!,7,2024-01-08T23:22:52Z,0,Ugw0yHdswQOmsOQH7e54AaABAg,S1bcy4h1mS8,UC-QsG_Jf81FTNeLNeTW3Pgg,2024-01-08T23:22:52Z,,중립
콘서트 티켓 8분 만에 전석 매진시킨다는 버추얼 아이돌 근황 / 스브스뉴스,스브스뉴스 SUBUSUNEWS,최상위 댓글,@chacha__0,현장에 2만명 넘게 왔던데 다른아이돌 콘서트 10번도 넘게 가봤지만 이번이 최고였어요ㅠㅠ,9,2023-09-28T03:46:35Z,0,UgyGZJEyFQHgwGTrf5Z4AaABAg,S1bcy4h1mS8,UCkiBEdA0cXzTvyW4Kl4_p0w,2023-09-28T03:46:35Z,,긍정
콘서트 티켓 8분 만에 전석 매진시킨다는 버추얼 아이돌 근황 / 스브스뉴스,스브스뉴스 SUBUSUNEWS,최상위 댓글,@Go-hl6ru,점차 많은 사람들이 알아간다는 점에서 뿌듯하네요! 흔히 말하는 덕질이라는 개념에서는 아이돌을 좋아하는 팬분들 모두가 같기 때문에 그 마음을 이해해주고 같이 좋아해주신다면 감사할 따름입니다😊 버츄얼아이돌의 가장 큰 장점은 소통이라고 할 수 있겠네요! 실시간 소통과 다양한 컨텐츠를 통해서 청자가 공감을 할 수 있는 요소들로 다가오니깐요! 많은 관심 부탁드리겠습니다😊,312,2023-09-28T02:46:22Z,15,UgyC6wUYk3wpdqwJRWR4AaABAg,S1bcy4h1mS8,UCxa8aXm_nm17e4Y9wO6HtsA,2023-09-28T02:46:22Z,,긍정
콘서트 티켓 8분 만에 전석 매진시킨다는 버추얼 아이돌 근황 / 스브스뉴스,스브스뉴스 SUBUSUNEWS,대댓글,@user-w9nixo4d8z,정신차려라ㅋㅋ 얼굴예쁜데 저딴걸 하겠냐 ㅋㅋㅋ,7,2023-09-28T03:20:12Z,0,UgyC6wUYk3wpdqwJRWR4AaABAg.9vBXsC2Gn0S9vBak1LOBJR,S1bcy4h1mS8,UCNfMDqqwhnnkSmyghErONRQ,2023-09-28T03:20:12Z,UgyC6wUYk3wpdqwJRWR4AaABAg,중립
콘서트 티켓 8분 만에 전석 매진시킨다는 버추얼 아이돌 근황 / 스브스뉴스,스브스뉴스 SUBUSUNEWS,대댓글,@Raikiri111,@user-w9nixo4d8z디씨에 좀만 검색해도 다 나오는데 다 예쁨 ㅋㅋ 그냥 너가 생각이 없는걸 입증해주네,0,2023-09-28T03:41:07Z,0,UgyC6wUYk3wpdqwJRWR4AaABAg.9vBXsC2Gn0S9vBd8E-v02F,S1bcy4h1mS8,UChECpRecRT9H-kLV95P_IcQ,2024-06-18T02:41:40Z,UgyC6wUYk3wpdqwJRWR4AaABAg,중립
콘서트 티켓 8분 만에 전석 매진시킨다는 버추얼 아이돌 근황 / 스브스뉴스,스브스뉴스 SUBUSUNEWS,대댓글,@sosou614,"​@user-w9nixo4d8z
ㅇㅈㅋㅋ 예쁘다고 쳐도 굳이 공개할 필요없지 왜냐 안해도 돈 ㅈㄴ 버는데 ㄹㅇㅋㅋ",0,2023-09-28T03:43:49Z,0,UgyC6wUYk3wpdqwJRWR4AaABAg.9vBXsC2Gn0S9vBdS4OPoTl,S1bcy4h1mS8,UCUJicKXoPk24acbXgcSdi2g,2024-06-17T22:17:29Z,UgyC6wUYk3wpdqwJRWR4AaABAg,중립
콘서트 티켓 8분 만에 전석 매진시킨다는 버추얼 아이돌 근황 / 스브스뉴스,스브스뉴스 SUBUSUNEWS,대댓글,@rltkqhgja1,@user-w9nixo4d8z 연기판은 얼굴은 예쁜데 연기 못해서 망하는 경우 개많은데? ㅋㅋㅋ 저쪽 동네도 얼굴 예뻐도 노래 못하면 망함 ㅋㅋ,4,2023-09-28T04:22:57Z,0,UgyC6wUYk3wpdqwJRWR4AaABAg.9vBXsC2Gn0S9vBhvgMhJLx,S1bcy4h1mS8,UC0mJ70FohMyg8we5s7GHFlQ,2024-06-17T22:17:29Z,UgyC6wUYk3wpdqwJRWR4AaABAg,중립
콘서트 티켓 8분 만에 전석 매진시킨다는 버추얼 아이돌 근황 / 스브스뉴스,스브스뉴스 SUBUSUNEWS,대댓글,@jhgyudfgd,​@user-w9nixo4d8z알면 그런 소리가 안나올텐데...,0,2023-09-28T05:37:59Z,0,UgyC6wUYk3wpdqwJRWR4AaABAg.9vBXsC2Gn0S9vBqWFOTO4y,S1bcy4h1mS8,UCYiE20eamo7j-Pbq373e-tQ,2024-06-17T22:17:29Z,UgyC6wUYk3wpdqwJRWR4AaABAg,중립
콘서트 티켓 8분 만에 전석 매진시킨다는 버추얼 아이돌 근황 / 스브스뉴스,스브스뉴스 SUBUSUNEWS,최상위 댓글,@릿댕,우리 이세돌! 💜💛🖤❤💙💚 앞으로도 쭈욱 더 승승장구하기를 바랍니다! 스브스까지 나오다니 우리 아이돌 자랑스럽다!!,160,2023-09-28T03:41:00Z,0,UgzCSEyaoPm6s6L8VNV4AaABAg,S1bcy4h1mS8,UCzYWXApbHfCeI5Tq6RkbOYg,2023-09-28T03:41:19Z,,중립
콘서트 티켓 8분 만에 전석 매진시킨다는 버추얼 아이돌 근황 / 스브스뉴스,스브스뉴스 SUBUSUNEWS,최상위 댓글,@TV-yp4dk,"이게 
이세돌이란 말이야!!!!!!!!!!!!!!!!!!!!!!!!!!!!!!!!!!!!!!!!!!!!!!!!!!!!!!!!",5,2024-07-08T07:59:10Z,0,UgzxSNB1s-wb6JEPIJV4AaABAg,S1bcy4h1mS8,UCO1aDdaWJvfEryMEz9N5XbA,2024-07-08T07:59:10Z,,중립
콘서트 티켓 8분 만에 전석 매진시킨다는 버추얼 아이돌 근황 / 스브스뉴스,스브스뉴스 SUBUSUNEWS,최상위 댓글,@Chocova123,"스브스에도 진출한 이세돌!!
 이번 이세페  고생많으셨습니다!! 
더 높은 세상을 향해 앞으로도 화이팅!! 항상 응원합니다💜💛🖤❤️💙💚
스브스기자님도 감사합니다!",53,2023-09-28T03:13:16Z,0,UgymyQwQsVBJAnbaDfR4AaABAg,S1bcy4h1mS8,UCs_EPcJdschUOKj6KP4qvHQ,2023-09-28T03:15:44Z,,긍정
콘서트 티켓 8분 만에 전석 매진시킨다는 버추얼 아이돌 근황 / 스브스뉴스,스브스뉴스 SUBUSUNEWS,최상위 댓글,@Charny0824,진짜 이세돌 성공 확률이 0.02퍼센트밖에 안됬었을 때 이렇게나 성공할 줄 누가 알았겠음…. 진짜 자랑스럽다 이세돌,12,2023-10-04T11:31:58Z,0,UgyFPFkQY9IHTpznoF14AaABAg,S1bcy4h1mS8,UC3m-W7Fvm2ajHh37l6E7Zyg,2023-10-04T11:34:01Z,,중립
콘서트 티켓 8분 만에 전석 매진시킨다는 버추얼 아이돌 근황 / 스브스뉴스,스브스뉴스 SUBUSUNEWS,최상위 댓글,@kimna93,우린 저기 계신 '사람'들을 좋아하고 팬이된겁니다. 연예인 또는 어떤 사람들의 팬을 해보셨던 사람들은 아실겁니다. 그 사람들이 본인들에게 행복함같은 긍정적인 힘을 주는걸요. 그걸 저희도 이세계아이돌분들한테서  받고 있습니다!  이세계아이돌 파이팅💜💛🖤❤️💙💚,283,2023-09-28T02:55:36Z,26,UgzvS4K6DV90mPyAVh14AaABAg,S1bcy4h1mS8,UCGCIAgmBHItEgt4wC9rpX0g,2023-09-28T02:55:36Z,,긍정
콘서트 티켓 8분 만에 전석 매진시킨다는 버추얼 아이돌 근황 / 스브스뉴스,스브스뉴스 SUBUSUNEWS,대댓글,@B_B-lg5xu,@@NEWSNET_TV 아픈사람 괴롭히는거 아닙니다.,1,2023-09-28T03:44:08Z,0,UgzvS4K6DV90mPyAVh14AaABAg.9vBYvrM3YBD9vBdUJjAEhV,S1bcy4h1mS8,UCVUj4kSWca3qukGayRXOCJg,2023-11-27T07:47:43Z,UgzvS4K6DV90mPyAVh14AaABAg,중립
콘서트 티켓 8분 만에 전석 매진시킨다는 버추얼 아이돌 근황 / 스브스뉴스,스브스뉴스 SUBUSUNEWS,대댓글,@HingPangE,​@@NEWSNET_TV 그거 니 소개하는거 아니지?,24,2023-09-28T03:44:22Z,0,UgzvS4K6DV90mPyAVh14AaABAg.9vBYvrM3YBD9vBdW5yvjU_,S1bcy4h1mS8,UCJV3ag0F6aDvZWhfZIFvyLg,2023-12-03T10:01:37Z,UgzvS4K6DV90mPyAVh14AaABAg,중립
콘서트 티켓 8분 만에 전석 매진시킨다는 버추얼 아이돌 근황 / 스브스뉴스,스브스뉴스 SUBUSUNEWS,대댓글,@1ksh1kong,@@NEWSNET_TV시대에 못 따라오는 분이군요,13,2023-09-28T03:44:26Z,0,UgzvS4K6DV90mPyAVh14AaABAg.9vBYvrM3YBD9vBdWVjBPMi,S1bcy4h1mS8,UCy1Sx6iBsHJHfDVzfX8VM4w,2023-12-02T22:50:24Z,UgzvS4K6DV90mPyAVh14AaABAg,중립
콘서트 티켓 8분 만에 전석 매진시킨다는 버추얼 아이돌 근황 / 스브스뉴스,스브스뉴스 SUBUSUNEWS,대댓글,@sesto_elemento64,병먹금하면 되는데 어떻게든~ 쉴드치고 싶어서 난리가 났노~ 육수게이들아~,7,2023-09-28T03:47:46Z,0,UgzvS4K6DV90mPyAVh14AaABAg.9vBYvrM3YBD9vBdtvehZyo,S1bcy4h1mS8,UCpsCrt3wfkLXTHzWyAROwfg,2023-09-28T03:47:46Z,UgzvS4K6DV90mPyAVh14AaABAg,중립
콘서트 티켓 8분 만에 전석 매진시킨다는 버추얼 아이돌 근황 / 스브스뉴스,스브스뉴스 SUBUSUNEWS,대댓글,@아음-u9j,"저게 왜 사람인가요?
시비 아니고 진심 궁금해서요",3,2023-09-28T03:48:15Z,0,UgzvS4K6DV90mPyAVh14AaABAg.9vBYvrM3YBD9vBdxWUZykE,S1bcy4h1mS8,UCaErIRbIGSIo_ilZi__FIgA,2023-09-28T03:48:15Z,UgzvS4K6DV90mPyAVh14AaABAg,중립
콘서트 티켓 8분 만에 전석 매진시킨다는 버추얼 아이돌 근황 / 스브스뉴스,스브스뉴스 SUBUSUNEWS,최상위 댓글,@천4님,힘들때 마다 이세돌 보며 힘내고 있을 만큼 영향력이 매우 뛰어나다 생각합니다. 정말 정말 자랑스럽고 앞으로도 좋은 노래와 방송으로 팬 모두를 기쁘게 해주셨으면~,223,2023-09-29T23:39:24Z,1,Ugz1PeDrogcpswTwQiJ4AaABAg,S1bcy4h1mS8,UCRoaB-w8KtZ4KDxqibyLNTw,2023-09-29T23:39:24Z,,중립
콘서트 티켓 8분 만에 전석 매진시킨다는 버추얼 아이돌 근황 / 스브스뉴스,스브스뉴스 SUBUSUNEWS,대댓글,@abcd-u9f7p,아이네 키 만들었다,0,2024-03-23T09:02:08Z,0,Ugz1PeDrogcpswTwQiJ4AaABAg.9vGM3e7U5yxA1Jy_KaEWl6,S1bcy4h1mS8,UCv4rrIKaeFPyI1omOHQhqRw,2024-03-23T09:02:08Z,Ugz1PeDrogcpswTwQiJ4AaABAg,중립
콘서트 티켓 8분 만에 전석 매진시킨다는 버추얼 아이돌 근황 / 스브스뉴스,스브스뉴스 SUBUSUNEWS,최상위 댓글,@김영-d5i,버츄얼 아이돌의 좋은 사례가 되어주었으면 좋겠네요. 이런 사례부터 시작해서 케이팝처럼 새로운 문화가 정착하는거죠,8,2023-09-28T02:57:31Z,0,Ugx85DapieIh1YwaKJ94AaABAg,S1bcy4h1mS8,UCg0f7CEYi_jkaU2YRwQkrVA,2023-09-28T02:57:31Z,,중립
콘서트 티켓 8분 만에 전석 매진시킨다는 버추얼 아이돌 근황 / 스브스뉴스,스브스뉴스 SUBUSUNEWS,최상위 댓글,@참새였던둘기,"진짜 미쳤다ㅏㅏㅏㅏ""아이돌은 스토리다""진짜 마네자 명언 연전연승 ㅋㅋㅋㅋㅋㅋㅋ",17,2023-09-28T02:36:43Z,1,UgxsEeFJUVRzeUEIF214AaABAg,S1bcy4h1mS8,UC856pf2cBCaQsFQtfwK9dCw,2023-09-28T02:36:43Z,,중립
콘서트 티켓 8분 만에 전석 매진시킨다는 버추얼 아이돌 근황 / 스브스뉴스,스브스뉴스 SUBUSUNEWS,대댓글,@hjw970212,이세돌의 역사를 관통하는 마네쟈의 명언 ㄷㄷㄷ,3,2023-09-28T03:16:26Z,0,UgxsEeFJUVRzeUEIF214AaABAg.9vBWlcUo9bY9vBaJQL5IY6,S1bcy4h1mS8,UCUnMvhD_Zs9S7bSluVFb5Kg,2023-09-28T03:16:26Z,UgxsEeFJUVRzeUEIF214AaABAg,중립
콘서트 티켓 8분 만에 전석 매진시킨다는 버추얼 아이돌 근황 / 스브스뉴스,스브스뉴스 SUBUSUNEWS,최상위 댓글,@Voinio,스브스까지 진출하다니 우리아이돌 최고다💜💛🖤❤💙💚,182,2023-09-28T02:42:02Z,0,Ugzk3ijPFgsR1hQWhpF4AaABAg,S1bcy4h1mS8,UCp8VqRkl68bJe0-a2HKW5jw,2023-09-28T02:42:02Z,,긍정
콘서트 티켓 8분 만에 전석 매진시킨다는 버추얼 아이돌 근황 / 스브스뉴스,스브스뉴스 SUBUSUNEWS,최상위 댓글,@Pepe-i4s,그래픽으로 만들어진거 안에 있는건 실제 사람인데 적어도 사생활 스토킹 당할 일은 절대 없을테니 그건 장점인듯,57,2023-09-29T08:16:20Z,1,UgyM9aqiHTYdFx1mKR54AaABAg,S1bcy4h1mS8,UCCbYes6KJRopiXcCxmJ4zWQ,2023-09-29T08:16:20Z,,중립
콘서트 티켓 8분 만에 전석 매진시킨다는 버추얼 아이돌 근황 / 스브스뉴스,스브스뉴스 SUBUSUNEWS,대댓글,@앤드류-2class_agent,그것이 확실한 고점이지,1,2024-10-02T14:53:58Z,0,UgyM9aqiHTYdFx1mKR54AaABAg.9vEhQvVeH6QA95ZG1svIW-,S1bcy4h1mS8,UC20lZ2fjx68Edt6YvxHmY1g,2024-10-02T14:53:58Z,UgyM9aqiHTYdFx1mKR54AaABAg,중립
콘서트 티켓 8분 만에 전석 매진시킨다는 버추얼 아이돌 근황 / 스브스뉴스,스브스뉴스 SUBUSUNEWS,최상위 댓글,@bububuzuk,버츄얼 아이돌..? 처음 보지만 왠지..음.... 모시깽한 매력이 있어보이네요 예... 앞으로 좋은 활동 기대해봅니다..예.. 킹애~,11,2023-09-28T04:55:14Z,0,UgyeaB7uMk1vzxcubkt4AaABAg,S1bcy4h1mS8,UC1KoIR3auq5diV21rqHnLkA,2023-09-28T04:55:14Z,,중립
콘서트 티켓 8분 만에 전석 매진시킨다는 버추얼 아이돌 근황 / 스브스뉴스,스브스뉴스 SUBUSUNEWS,최상위 댓글,@sakura3535pp,너무 부정적인 시각으로 봐주시지 마시고 하나의 아이돌이자 문화로 존중해주셨음 하네요 사랑합니다 이세계아이돌❤,9,2023-09-28T03:57:51Z,0,Ugw8W8xxvIQ5eaIEO_x4AaABAg,S1bcy4h1mS8,UCsyJdCjTGn6BJZ6AQlzB8QA,2023-09-28T03:57:51Z,,긍정
콘서트 티켓 8분 만에 전석 매진시킨다는 버추얼 아이돌 근황 / 스브스뉴스,스브스뉴스 SUBUSUNEWS,최상위 댓글,@늘보라-v9r,아직 메타버스에 생소해서 거부감이 드는 건 사실이지만 메타버스를 통한 직업의 다양성을 보여준 긍정적인 사례라고 생각함... 그리고 가상세계라는 걸 어떻게 받아들여야 하는 지 생각하게 됨,8,2023-10-08T01:31:41Z,0,UgwCwfD4a3fFqRKrxMZ4AaABAg,S1bcy4h1mS8,UCdUZbq7Cl3tBKslBzHid1Fw,2023-10-08T01:31:41Z,,중립
콘서트 티켓 8분 만에 전석 매진시킨다는 버추얼 아이돌 근황 / 스브스뉴스,스브스뉴스 SUBUSUNEWS,최상위 댓글,@앤드류-2class_agent,시즌2!!!!!!!!!!!!!!!!!!!!!!!!!!!!!!!!!!!!!!!!!!!!!!!!!!!!!!!!!!!!!!!!!!!!!!!!!!!!!!!!!!!!!!!!!!!!!!!!!!!!!!!!!!!!!!!!!!!!!!!!!!!!!!!!!!!!!!!!!!!!!!!!!!!!!!!!!!!!!!!!!!!!!!!!!!!!!,5,2025-03-20T09:15:39Z,0,UgxB4xCLhvvUlo13L6V4AaABAg,S1bcy4h1mS8,UC20lZ2fjx68Edt6YvxHmY1g,2025-03-20T09:15:39Z,,중립
콘서트 티켓 8분 만에 전석 매진시킨다는 버추얼 아이돌 근황 / 스브스뉴스,스브스뉴스 SUBUSUNEWS,최상위 댓글,@clay_snipper,이세돌을 알고 와꾸텽을 알게되서  하루하루 기쁜나날입니다 ❤❤❤,201,2023-09-28T03:36:19Z,2,UgyQRdGa7rL4H_7jYQl4AaABAg,S1bcy4h1mS8,UCaCZSrBILC5F__sIIUYgtVw,2023-09-28T03:36:31Z,,중립
콘서트 티켓 8분 만에 전석 매진시킨다는 버추얼 아이돌 근황 / 스브스뉴스,스브스뉴스 SUBUSUNEWS,대댓글,@pooma,안녕하세요,1,2023-09-28T03:38:07Z,0,UgyQRdGa7rL4H_7jYQl4AaABAg.9vBca6xIR2N9vBcnJAV3F-,S1bcy4h1mS8,UCIfDdNSn8NxaHjtjv9YbmDw,2023-09-28T03:38:07Z,UgyQRdGa7rL4H_7jYQl4AaABAg,중립
콘서트 티켓 8분 만에 전석 매진시킨다는 버추얼 아이돌 근황 / 스브스뉴스,스브스뉴스 SUBUSUNEWS,대댓글,@kbreacao_kr,🇰🇷🇧🇷.,0,2023-09-30T01:12:16Z,0,UgyQRdGa7rL4H_7jYQl4AaABAg.9vBca6xIR2N9vGWgpjjD9N,S1bcy4h1mS8,UCKX-rPqEsSNbAv5I9Ri4tYQ,2023-09-30T01:12:16Z,UgyQRdGa7rL4H_7jYQl4AaABAg,중립
콘서트 티켓 8분 만에 전석 매진시킨다는 버추얼 아이돌 근황 / 스브스뉴스,스브스뉴스 SUBUSUNEWS,최상위 댓글,@미역이,한 스트리머의 컨텐츠로 시작했지만 이세돌 오디션부터 데뷔까지의 여정을 보면 방식만 다르지 오디션 프로그램으로 결성한 현실 아이돌하고 별 다를게 없지 분명한 한계가 있음에도 여기까지 와준게 정말 대단하다,7,2023-09-29T15:42:12Z,0,UgzgNYzciKiS7HC2RK14AaABAg,S1bcy4h1mS8,UCA3K89OVz_UzPMEA8_-T2ow,2023-09-29T15:42:12Z,,중립
콘서트 티켓 8분 만에 전석 매진시킨다는 버추얼 아이돌 근황 / 스브스뉴스,스브스뉴스 SUBUSUNEWS,최상위 댓글,@jhl9307,팬과 실시간 소통을 한다는게 큰 강점이지...,8,2023-09-28T11:12:31Z,0,UgxSgVX6gWuESrj-yll4AaABAg,S1bcy4h1mS8,UCu23n59yBMSkQVLdCeFobHw,2023-09-28T11:12:31Z,,중립
콘서트 티켓 8분 만에 전석 매진시킨다는 버추얼 아이돌 근황 / 스브스뉴스,스브스뉴스 SUBUSUNEWS,최상위 댓글,@몸은몸,"버튜버가 인방의 하나의 수단으로 자리잡으면서 노래에 자신있는 분들도 버튜버를 하게 되니
자연스러운 현상 같아요",5,2023-11-14T02:12:14Z,0,UgwZbkYS3ezWRj-P2u94AaABAg,S1bcy4h1mS8,UC9jcHmPuio67jkE3XdvzisA,2023-11-14T02:12:14Z,,중립
콘서트 티켓 8분 만에 전석 매진시킨다는 버추얼 아이돌 근황 / 스브스뉴스,스브스뉴스 SUBUSUNEWS,최상위 댓글,@Alksjs-t5e,"이세돌 좋아하면 씹덕, 오타쿠라고 하는데..  맞긴 맞아요ㅋㅋ 오타쿠가 안 좋은 의미로 쓰이고는 있는데 그 뜻은 어떤거에 몰두한 사람이라는 뜻이니까 이세돌 팬들도, 아이브 팬들도, 르세라핌 팬들도, 에스파 팬들도, 배그를 엄청 좋아하는 팬들도 다 오타쿠이긴하죠 단지 이세돌은 처음 보는 문화이니까 거부감이 생길뿐이지 노래 좋고, 예능(방송)도 잘하고, 재미있고 이러면 좋아하는거죠",8,2024-06-22T14:22:43Z,0,Ugx3Z4s-8zgptcTPllp4AaABAg,S1bcy4h1mS8,UCNY6SnHyt0ny_6K-iIvYGSg,2024-06-22T14:22:43Z,,긍정
콘서트 티켓 8분 만에 전석 매진시킨다는 버추얼 아이돌 근황 / 스브스뉴스,스브스뉴스 SUBUSUNEWS,최상위 댓글,@Act-xi2bc,"진짜 이세계 아이돌이 성장해서 이렇게 메타버스 페스티벌까지 열게 되었다는 게 무엇보다도 신기하고, 놀랍네요. 진짜 버츄얼 캐릭터로 이렇게까지 한국에서 뜰 거라고는 생각 못 했는데. 이세돌 화이팅입니다~",9,2023-10-05T07:52:36Z,0,Ugxt42m1EM0hRyEhP794AaABAg,S1bcy4h1mS8,UCpxrV7xTBjOms5g6yFIeUAQ,2023-10-05T07:52:36Z,,중립
콘서트 티켓 8분 만에 전석 매진시킨다는 버추얼 아이돌 근황 / 스브스뉴스,스브스뉴스 SUBUSUNEWS,최상위 댓글,@Kerbell_,우리 아이돌 어디까지 성장하는거야..🎉🎉,8,2023-09-28T03:10:22Z,0,Ugy_mntmNvq_WkjY3hN4AaABAg,S1bcy4h1mS8,UCW6mF7CpOZWRFd-6QbizeWA,2023-09-28T03:10:22Z,,중립
콘서트 티켓 8분 만에 전석 매진시킨다는 버추얼 아이돌 근황 / 스브스뉴스,스브스뉴스 SUBUSUNEWS,최상위 댓글,@2한9,"누굴 좋아하는건 자유니깐 존중은함 근대 난 아직 무슨매력으로 좋아하는건지 ...  
모르겠다",5,2024-03-10T00:23:30Z,0,UgyTu52XDYzvoC_GNG54AaABAg,S1bcy4h1mS8,UC7-g9gYXxTtw0PcUbdE52Vw,2024-03-10T00:23:30Z,,긍정
콘서트 티켓 8분 만에 전석 매진시킨다는 버추얼 아이돌 근황 / 스브스뉴스,스브스뉴스 SUBUSUNEWS,최상위 댓글,@likeherlips,악성댓글쓰는 분들 조회수 1 감사합니다. 많이 보러 와주세요,7,2023-09-28T03:41:09Z,0,Ugzm4zf1zildLovDEKp4AaABAg,S1bcy4h1mS8,UCIXrC9fNNGJ_Rx39f6nu_ww,2023-09-28T03:41:09Z,,긍정
콘서트 티켓 8분 만에 전석 매진시킨다는 버추얼 아이돌 근황 / 스브스뉴스,스브스뉴스 SUBUSUNEWS,최상위 댓글,@anichi93-y6p,공중파 음악프로그램 까지 진출하는 이세계 아이돌이 되길 진심으로 응원합니다!!!,77,2023-09-28T04:00:34Z,0,UgyjJ3Qpba_iCVL7Cql4AaABAg,S1bcy4h1mS8,UChnR4cdrPVxKbRmJlChAw2A,2023-09-28T04:00:34Z,,긍정
콘서트 티켓 8분 만에 전석 매진시킨다는 버추얼 아이돌 근황 / 스브스뉴스,스브스뉴스 SUBUSUNEWS,최상위 댓글,@jine219,너무 자랑스럽다 우리 아이돌 ㅠㅠㅠㅠ 앞으로도 더 승승장구하고 행복한 일만 가득하게 해줄게요💜💛🖤🩷🩵💚🌱,48,2023-09-28T03:08:18Z,0,Ugx4J0U5mJ1AfmMydtZ4AaABAg,S1bcy4h1mS8,UCJrWoduSRBpwB_PKKOgQp3g,2023-09-28T03:08:18Z,,중립
콘서트 티켓 8분 만에 전석 매진시킨다는 버추얼 아이돌 근황 / 스브스뉴스,스브스뉴스 SUBUSUNEWS,최상위 댓글,@기교기,"많은 인방인들. 악플이 반드시 존재하는 이유 본인은 게임 이랑 커뮤를 직업적으로 몰입하는대 정작 수입은 0원
방송인들 한테 열등감을 느껴가며 악플러가 됨",4,2023-12-22T06:13:35Z,0,UgzGWrzZg6WBcpb4MwZ4AaABAg,S1bcy4h1mS8,UCjK6k5w1n5t_aLr-OgCsv7A,2023-12-22T06:13:35Z,,중립
콘서트 티켓 8분 만에 전석 매진시킨다는 버추얼 아이돌 근황 / 스브스뉴스,스브스뉴스 SUBUSUNEWS,최상위 댓글,@aisitelu,이파리분들 아미가 응원합니다 ❤,74,2023-09-28T04:11:06Z,5,UgzsCAcFgtjVQuzN2iF4AaABAg,S1bcy4h1mS8,UCrBiIACuVbctLkulJqqDNmg,2023-09-28T04:11:06Z,,긍정
콘서트 티켓 8분 만에 전석 매진시킨다는 버추얼 아이돌 근황 / 스브스뉴스,스브스뉴스 SUBUSUNEWS,대댓글,@garyden.,아미분들 주간 인기상때도 서로 칭찬하며 좋은 말 해주시던게 기억에 남아요 감사합니다❤,20,2023-09-28T04:12:09Z,0,UgzsCAcFgtjVQuzN2iF4AaABAg.9vBgZomcBsY9vBggZiwM3K,S1bcy4h1mS8,UC_vL9gIqjEip3nrJvhsgpWQ,2023-09-28T04:12:09Z,UgzsCAcFgtjVQuzN2iF4AaABAg,긍정
콘서트 티켓 8분 만에 전석 매진시킨다는 버추얼 아이돌 근황 / 스브스뉴스,스브스뉴스 SUBUSUNEWS,대댓글,@장하이,감사합니다!!!!,3,2023-09-28T04:13:02Z,0,UgzsCAcFgtjVQuzN2iF4AaABAg.9vBgZomcBsY9vBgn3hWBAr,S1bcy4h1mS8,UCdT_cEJWSAXLiVcTGnxJCdQ,2023-09-28T04:13:02Z,UgzsCAcFgtjVQuzN2iF4AaABAg,긍정
콘서트 티켓 8분 만에 전석 매진시킨다는 버추얼 아이돌 근황 / 스브스뉴스,스브스뉴스 SUBUSUNEWS,대댓글,@배우현-x5o,아미 사랑합니다,4,2023-09-28T04:17:50Z,0,UgzsCAcFgtjVQuzN2iF4AaABAg.9vBgZomcBsY9vBhL9Dj7iq,S1bcy4h1mS8,UCbv_Ji5d6ok4A8zjB-15phg,2023-09-28T04:17:50Z,UgzsCAcFgtjVQuzN2iF4AaABAg,긍정
콘서트 티켓 8분 만에 전석 매진시킨다는 버추얼 아이돌 근황 / 스브스뉴스,스브스뉴스 SUBUSUNEWS,대댓글,@usergoatgg,킹갓아미는 인정이지,5,2023-09-28T04:20:20Z,0,UgzsCAcFgtjVQuzN2iF4AaABAg.9vBgZomcBsY9vBhcTX5ItR,S1bcy4h1mS8,UCcvzHQyFen07y1OirRb7lfg,2023-09-28T04:20:20Z,UgzsCAcFgtjVQuzN2iF4AaABAg,중립
콘서트 티켓 8분 만에 전석 매진시킨다는 버추얼 아이돌 근황 / 스브스뉴스,스브스뉴스 SUBUSUNEWS,대댓글,@NoFightPlease,"아미분들 다들 착하셔서 멜론 주간인기상 선의의 경쟁도 잘 하고있습니다
항상 감사합니다",4,2023-09-28T09:46:36Z,0,UgzsCAcFgtjVQuzN2iF4AaABAg.9vBgZomcBsY9vCHy8eRQPJ,S1bcy4h1mS8,UCehJ5Aq9l95_qhnY29QiTKg,2023-09-28T09:46:36Z,UgzsCAcFgtjVQuzN2iF4AaABAg,긍정
콘서트 티켓 8분 만에 전석 매진시킨다는 버추얼 아이돌 근황 / 스브스뉴스,스브스뉴스 SUBUSUNEWS,최상위 댓글,@누후준비-f7i,"여러분 버추얼 아이돌이 싫든  좋든 ,  욕을 하든 찬양을 하든 그게 중요한가요? 지금 핵심적인 문제는 우리가 사는 이 시대에 버추얼, AI, 메타버스가  이제 대중적으로 이익을 가져오는 상품 가치가 생겼다는 겁니다! 시장이 확장됐다는 거죠, 정말 기쁜 소식 아닙니까! 끝물이라고 생각하고 주가가 너무 비싸 투자하지 못한 산업들 얼마나 많습니까 ㅠㅠ ＂현생을 살아야 한다.＂, ＂덕질을 여기 와서도 하냐＂ 등 이런데 낭비할 시간이 없습니다 여러분 투자는 세상을 바꾸는 곳에 해야 합니다, 기회가 있는데 잡지 않고 결론도 없고 의미 없는 싸움에 시간 낭비하지 말고 투자할 수 있는 산업을 찾아보세요!",8,2025-02-19T08:28:31Z,0,UgyU3560I6XS-iNMK-V4AaABAg,S1bcy4h1mS8,UCz-lwLfKE2vTyAdITXtg_6Q,2025-02-19T08:28:31Z,,중립
콘서트 티켓 8분 만에 전석 매진시킨다는 버추얼 아이돌 근황 / 스브스뉴스,스브스뉴스 SUBUSUNEWS,최상위 댓글,@최고다포도씨,이세돌 화이팅!!!! 앞으로도 건강하고 행복하게 활동하길 늘 곁에서 응원하겠습니다!!!!,19,2023-09-28T02:49:26Z,0,Ugw_G6G6RFtJY95Ddex4AaABAg,S1bcy4h1mS8,UCUUB9rnA-1un4KmJhxauo6A,2023-09-28T02:49:26Z,,긍정
콘서트 티켓 8분 만에 전석 매진시킨다는 버추얼 아이돌 근황 / 스브스뉴스,스브스뉴스 SUBUSUNEWS,최상위 댓글,@리안-d9y,시대가 변화하고 있다 그 안에서 기회를 잡아라,4,2024-07-26T07:17:40Z,0,UgzbubeautGq2UHdjfp4AaABAg,S1bcy4h1mS8,UC35YSXWpt4INYmvYhVpTOOQ,2024-07-26T07:17:40Z,,중립
콘서트 티켓 8분 만에 전석 매진시킨다는 버추얼 아이돌 근황 / 스브스뉴스,스브스뉴스 SUBUSUNEWS,최상위 댓글,@Miku_daisuki,이런 아이돌도 있군요!! 요즘 메타버스 거리더니 이런 것도 생겼을 줄이야 ㅎㅎ 세상이 발전해나가는 걸 보니 기분이 모시깽이 하네요 ㅎㅎ 킹애~,7,2023-09-28T12:42:17Z,0,UgzIo0dxM90mU1yQv8t4AaABAg,S1bcy4h1mS8,UCraRPY0Zonmp8l_dVvrgWpw,2023-09-28T12:42:17Z,,중립
콘서트 티켓 8분 만에 전석 매진시킨다는 버추얼 아이돌 근황 / 스브스뉴스,스브스뉴스 SUBUSUNEWS,최상위 댓글,@Financier08,이세돌분들 너무 항상 노력하고 성장하는 모습이 너무 아름답습니다 항상 행복하시면 좋겠습니다 ❤❤❤❤,58,2023-09-28T02:22:42Z,0,UgwDZ-hjZlWWbCgDj8V4AaABAg,S1bcy4h1mS8,UCa4yBEmZ_RZEZJFvhOo-ePg,2023-09-28T02:22:42Z,,중립
콘서트 티켓 8분 만에 전석 매진시킨다는 버추얼 아이돌 근황 / 스브스뉴스,스브스뉴스 SUBUSUNEWS,최상위 댓글,@직직JIKJIK,자신의 눈에 익숙하지 않고 이상하다 생각되시면 그저 이런 문화가 생성되고 있구나 하고 지나가시면 됩니다. 단지 누군가가 익숙지 않은 것을 좋아한다고 그것을 비난한다면 그것은 그저 혐오에 불과합니다. 새로운 문화가 생성되는 과도기라 여겨주시고 누군가가 사랑하는 대상을 폄하하는 것을 멈춰주세요:) 그리고 항상 행복하시길 빕니다☺,28,2023-09-28T12:24:14Z,0,Ugx34RochaBPmde7VsN4AaABAg,S1bcy4h1mS8,UCLNR1WWDPTlH2_8grosdJfg,2023-09-28T12:24:14Z,,긍정
콘서트 티켓 8분 만에 전석 매진시킨다는 버추얼 아이돌 근황 / 스브스뉴스,스브스뉴스 SUBUSUNEWS,최상위 댓글,@poty-1,기자 컴터좀 사줘리 제발 ㅋㅋㅋ,6,2023-11-08T13:02:16Z,0,UgxMSdsg33UOjM1aOLV4AaABAg,S1bcy4h1mS8,UCao_a3uSC_gEUcJM9mxaW9A,2023-11-08T13:02:16Z,,중립
콘서트 티켓 8분 만에 전석 매진시킨다는 버추얼 아이돌 근황 / 스브스뉴스,스브스뉴스 SUBUSUNEWS,최상위 댓글,@뜨거운_아아,"우리가 왤케 이세계 아이돌에 열광하는지 궁금하신가요? 단 한 마디로 설명하자면...
''아이돌은 스토리다.'' 이 한 마디로 설명 가능합니다.",43,2023-09-28T02:53:16Z,7,Ugy-Ytqiz9CpCEzJ9uN4AaABAg,S1bcy4h1mS8,UCxMBON4C7lnFMHhthTccuxw,2023-09-28T02:53:16Z,,중립
콘서트 티켓 8분 만에 전석 매진시킨다는 버추얼 아이돌 근황 / 스브스뉴스,스브스뉴스 SUBUSUNEWS,대댓글,@GENOverse9862,"""아이돌은 스토리다."" 크으~ 그래! 그거지!
정말로 깊이 공감이 가는 한 마디네요. ㅋㅋ",1,2023-09-28T03:41:04Z,0,Ugy-Ytqiz9CpCEzJ9uN4AaABAg.9vBYel_Wavo9vBd7v5duMD,S1bcy4h1mS8,UC9x3UgOGxYKJuhRyZ63BEqA,2023-09-28T03:41:04Z,Ugy-Ytqiz9CpCEzJ9uN4AaABAg,중립
콘서트 티켓 8분 만에 전석 매진시킨다는 버추얼 아이돌 근황 / 스브스뉴스,스브스뉴스 SUBUSUNEWS,대댓글,@HingPangE,릴파 스토리만 봐도 영화 하나로 뚝딱임 흙흙ㅠㅠ,4,2023-09-28T03:45:30Z,0,Ugy-Ytqiz9CpCEzJ9uN4AaABAg.9vBYel_Wavo9vBddLDdV6v,S1bcy4h1mS8,UCJV3ag0F6aDvZWhfZIFvyLg,2023-09-28T03:45:30Z,Ugy-Ytqiz9CpCEzJ9uN4AaABAg,중립
콘서트 티켓 8분 만에 전석 매진시킨다는 버추얼 아이돌 근황 / 스브스뉴스,스브스뉴스 SUBUSUNEWS,대댓글,@배우현-x5o,아이돌은 스토리다,0,2023-09-28T03:45:36Z,0,Ugy-Ytqiz9CpCEzJ9uN4AaABAg.9vBYel_Wavo9vBde24suiK,S1bcy4h1mS8,UCbv_Ji5d6ok4A8zjB-15phg,2023-09-28T03:45:36Z,Ugy-Ytqiz9CpCEzJ9uN4AaABAg,중립
콘서트 티켓 8분 만에 전석 매진시킨다는 버추얼 아이돌 근황 / 스브스뉴스,스브스뉴스 SUBUSUNEWS,대댓글,@busick0129,이거디,0,2023-09-28T07:18:02Z,0,Ugy-Ytqiz9CpCEzJ9uN4AaABAg.9vBYel_Wavo9vC0xzOKwwr,S1bcy4h1mS8,UCR5zSc0M1VvV719OWVOdRmg,2023-09-28T07:18:02Z,Ugy-Ytqiz9CpCEzJ9uN4AaABAg,중립
콘서트 티켓 8분 만에 전석 매진시킨다는 버추얼 아이돌 근황 / 스브스뉴스,스브스뉴스 SUBUSUNEWS,대댓글,@Shucree,"안타깝게도 무슨말인지 이해를 하지못한,,",0,2023-09-28T12:52:46Z,0,Ugy-Ytqiz9CpCEzJ9uN4AaABAg.9vBYel_Wavo9vCcGdRIAI-,S1bcy4h1mS8,UCFySpxiC9OHKL4DdrTQsk5A,2023-09-28T12:52:46Z,Ugy-Ytqiz9CpCEzJ9uN4AaABAg,중립
콘서트 티켓 8분 만에 전석 매진시킨다는 버추얼 아이돌 근황 / 스브스뉴스,스브스뉴스 SUBUSUNEWS,최상위 댓글,@찌랭이,기자님 컴퓨터가 많이 힘드신데도 인터뷰까지 해주셔서 정말 감사합니다,37,2023-09-28T02:14:31Z,0,UgyJ1aZCRAwIUcq3kKN4AaABAg,S1bcy4h1mS8,UCmed9nRd_Gfj61kJQdmE-xQ,2023-09-28T02:14:31Z,,긍정
콘서트 티켓 8분 만에 전석 매진시킨다는 버추얼 아이돌 근황 / 스브스뉴스,스브스뉴스 SUBUSUNEWS,최상위 댓글,@나연-h6x,서사가 너무 감동적이네요. 항상 응원합니다. 파이팅!,10,2023-09-28T03:04:20Z,0,UgwVsiLktZdhgQ69ILR4AaABAg,S1bcy4h1mS8,UCh2rVfczufuZ3ICBN7Gay2w,2023-09-28T03:04:20Z,,긍정
콘서트 티켓 8분 만에 전석 매진시킨다는 버추얼 아이돌 근황 / 스브스뉴스,스브스뉴스 SUBUSUNEWS,최상위 댓글,@user-o1c5r,*안에 사람들이 있잖아!!!*,6,2024-01-15T01:33:55Z,0,UgyN9dBNd_dCDCymjLB4AaABAg,S1bcy4h1mS8,UCZaE_G4CJudVXdjDMVEIjmw,2024-01-15T01:33:55Z,,중립
콘서트 티켓 8분 만에 전석 매진시킨다는 버추얼 아이돌 근황 / 스브스뉴스,스브스뉴스 SUBUSUNEWS,최상위 댓글,@daon-123,"버츄얼 문화가 생소하고 낯설어도 문화의 다양성이 넓어진다는 면에서는 존중받고, 또 성숙한 팬 문화가 자리잡으면 좋겠네요. 스브스뉴스 감사합니다",160,2023-09-28T03:17:18Z,6,Ugx_sJAyFBNcqza3dsZ4AaABAg,S1bcy4h1mS8,UClPcZ7dVEk0knEbCvFcmMNw,2023-09-28T03:26:17Z,,긍정
콘서트 티켓 8분 만에 전석 매진시킨다는 버추얼 아이돌 근황 / 스브스뉴스,스브스뉴스 SUBUSUNEWS,대댓글,@dawn_chagari,킹아,1,2023-09-28T05:04:44Z,0,Ugx_sJAyFBNcqza3dsZ4AaABAg.9vBaPoqwrkv9vBmhe-paZH,S1bcy4h1mS8,UCSOVm0MqR9XOYw5g1L0HfXA,2023-09-28T05:04:44Z,Ugx_sJAyFBNcqza3dsZ4AaABAg,중립
콘서트 티켓 8분 만에 전석 매진시킨다는 버추얼 아이돌 근황 / 스브스뉴스,스브스뉴스 SUBUSUNEWS,대댓글,@휴지5장,언젠가 공중파뉴스채널에 올라가면 좋겠음 여긴 아닌게 아쉽지만 그 단계라고 생각함 화이팅 적어도 그분야의유명한사람이란건 인증된듯,0,2023-09-28T07:46:08Z,0,Ugx_sJAyFBNcqza3dsZ4AaABAg.9vBaPoqwrkv9vC4AmkSV4L,S1bcy4h1mS8,UCR9a7FgCZdmnNn2fyKJZTaQ,2023-09-28T07:46:37Z,Ugx_sJAyFBNcqza3dsZ4AaABAg,중립
콘서트 티켓 8분 만에 전석 매진시킨다는 버추얼 아이돌 근황 / 스브스뉴스,스브스뉴스 SUBUSUNEWS,대댓글,@user-kk4ys9ti6p,"버튜버는 문제가 아님
한국여자같은게 버튜버를 하니까 문제가되는거

외국여자였으면 그냥 그러려니 하는건데
페미남혐 군대비하 한국여자가 버튜버하는거 보니까 역겨움

제발 외국여자가 만든 버튜버판에 끼어들지좀마 토나오는 한국여자,,우웩",4,2023-09-28T10:54:27Z,0,Ugx_sJAyFBNcqza3dsZ4AaABAg.9vBaPoqwrkv9vCPj50Lsxa,S1bcy4h1mS8,UCIqCiIg7kHEtco4dtDojTgQ,2023-09-28T10:54:27Z,Ugx_sJAyFBNcqza3dsZ4AaABAg,중립
콘서트 티켓 8분 만에 전석 매진시킨다는 버추얼 아이돌 근황 / 스브스뉴스,스브스뉴스 SUBUSUNEWS,대댓글,@So_Lag,"​​​@user-kk4ys9ti6p너같은 그 같잖은 편견 때문에 국내에서 다양성 이란게 존재하기 힘든거임 당연히 남성, 군비하 하는 여성들은 잘못된게 맞지만 그걸 왜 모든 '한국여자' 라고 일반화를 해버림? 그렇게 따지면 니 주변 여자,
어머니 한국여자니까 페미임?
좀 깨어 살자;",0,2023-09-28T11:02:09Z,0,Ugx_sJAyFBNcqza3dsZ4AaABAg.9vBaPoqwrkv9vCQbUl3Z7f,S1bcy4h1mS8,UCgbVfAcqetPZEQIyI5de7Bw,2024-06-18T04:06:12Z,Ugx_sJAyFBNcqza3dsZ4AaABAg,중립
콘서트 티켓 8분 만에 전석 매진시킨다는 버추얼 아이돌 근황 / 스브스뉴스,스브스뉴스 SUBUSUNEWS,대댓글,@망-i9l,@user-kk4ys9ti6p뭔 개소리야,0,2023-09-28T12:13:30Z,0,Ugx_sJAyFBNcqza3dsZ4AaABAg.9vBaPoqwrkv9vCYm47YkAR,S1bcy4h1mS8,UCMxoV4acO-RIs4xTc6tVv-A,2024-06-18T04:06:12Z,Ugx_sJAyFBNcqza3dsZ4AaABAg,중립
콘서트 티켓 8분 만에 전석 매진시킨다는 버추얼 아이돌 근황 / 스브스뉴스,스브스뉴스 SUBUSUNEWS,최상위 댓글,@Ruu_Ma,우리 아이돌 너무 자랑스럽다..! 이세돌 영원해!!!💜💛🖤❤️💙💚,108,2023-09-28T02:27:50Z,0,Ugwdqnie6d_o6hJ3jfx4AaABAg,S1bcy4h1mS8,UCXqxxyRSs8ktGT-OvTrtu9g,2023-09-28T02:27:50Z,,중립
콘서트 티켓 8분 만에 전석 매진시킨다는 버추얼 아이돌 근황 / 스브스뉴스,스브스뉴스 SUBUSUNEWS,최상위 댓글,@Godheose,"시대는 빠르게 변합니다
나이를 먹으면 색안경을 벗는 것이 쉽지 않죠;;",17,2023-09-30T11:33:15Z,0,UgxoThy6FWxPj6kRzjh4AaABAg,S1bcy4h1mS8,UCBPjgKmCM2rUnV4fi-qjkSA,2023-09-30T11:33:15Z,,중립
콘서트 티켓 8분 만에 전석 매진시킨다는 버추얼 아이돌 근황 / 스브스뉴스,스브스뉴스 SUBUSUNEWS,최상위 댓글,@신중용,"2010년대 이세돌 : 바둑기사
2020년대 이세돌 : 이세계아이돌",5,2024-02-06T15:24:49Z,0,UgzWix7M2gNRw6S9xEV4AaABAg,S1bcy4h1mS8,UCXhJ1WOAxV2r8ci9zSAHKJw,2024-02-06T15:24:49Z,,중립
콘서트 티켓 8분 만에 전석 매진시킨다는 버추얼 아이돌 근황 / 스브스뉴스,스브스뉴스 SUBUSUNEWS,최상위 댓글,@user-ej8ot2cu6l,이세계아이돌 화이팅!! 앞으로도 팬들과 함께 더 많은것들을 이뤄나가요!,69,2023-09-28T04:51:53Z,0,UgyYTVchx5Jtc7ipf5R4AaABAg,S1bcy4h1mS8,UCYjZlGD8IlBoFV7iAFhhOjg,2023-09-28T04:51:53Z,,중립
콘서트 티켓 8분 만에 전석 매진시킨다는 버추얼 아이돌 근황 / 스브스뉴스,스브스뉴스 SUBUSUNEWS,최상위 댓글,@KkuID,우리 아이돌이 점점 성장해가는 모습... 너무 감격스럽습니다ㅠㅜㅠ 최고의 페스티벌이였고 잊지 못할겁니다 이세돌 파이팅!!!!! 추석 선물 감사합니다,546,2023-09-28T02:49:24Z,41,Ugxb2nLuEICVdaQGw794AaABAg,S1bcy4h1mS8,UCGgQZEwHCQy1hcTKVIsOWUQ,2023-09-28T02:51:02Z,,긍정
콘서트 티켓 8분 만에 전석 매진시킨다는 버추얼 아이돌 근황 / 스브스뉴스,스브스뉴스 SUBUSUNEWS,대댓글,@해보자-g4n,왜요@@user-qt9jp4sy9i,0,2023-09-28T03:13:01Z,0,Ugxb2nLuEICVdaQGw794AaABAg.9vBYDS8NzMV9vB_vQ8UMZ7,S1bcy4h1mS8,UCSW5J8O-Nc3PqVyRU9VLfMg,2024-01-16T05:33:28Z,Ugxb2nLuEICVdaQGw794AaABAg,중립
콘서트 티켓 8분 만에 전석 매진시킨다는 버추얼 아이돌 근황 / 스브스뉴스,스브스뉴스 SUBUSUNEWS,대댓글,@Aurel_22,​@@user-qt9jp4sy9i 우리는 음지에서 노는데 대중들이 양지로 올려주는걸 어떡함? ㅋㅋㅋㅋㅋㅋㅋㅋㅋㅋㅋ,94,2023-09-28T03:15:03Z,0,Ugxb2nLuEICVdaQGw794AaABAg.9vBYDS8NzMV9vBa9PL7l4h,S1bcy4h1mS8,UCq59BLXAGQaSYN0mJLEGRqw,2024-01-16T05:36:54Z,Ugxb2nLuEICVdaQGw794AaABAg,중립
콘서트 티켓 8분 만에 전석 매진시킨다는 버추얼 아이돌 근황 / 스브스뉴스,스브스뉴스 SUBUSUNEWS,대댓글,@hosung34d,@@user-qt9jp4sy9i 어쩔킹아,1,2023-09-28T03:16:24Z,0,Ugxb2nLuEICVdaQGw794AaABAg.9vBYDS8NzMV9vBaJDDvcZm,S1bcy4h1mS8,UClFo4c_eJZd2a5u1AA0g9fQ,2024-01-16T05:36:45Z,Ugxb2nLuEICVdaQGw794AaABAg,중립
콘서트 티켓 8분 만에 전석 매진시킨다는 버추얼 아이돌 근황 / 스브스뉴스,스브스뉴스 SUBUSUNEWS,대댓글,@yukjo79,@@user-qt9jp4sy9i올려준다는데 올라가야지 뭐 ㅋㅋ,22,2023-09-28T03:19:23Z,0,Ugxb2nLuEICVdaQGw794AaABAg.9vBYDS8NzMV9vBae-yJKs-,S1bcy4h1mS8,UCX-dc6K1-NDOAGR36i9kusg,2024-01-16T05:34:20Z,Ugxb2nLuEICVdaQGw794AaABAg,중립
콘서트 티켓 8분 만에 전석 매진시킨다는 버추얼 아이돌 근황 / 스브스뉴스,스브스뉴스 SUBUSUNEWS,대댓글,@무명의씹덕,​@@user-qt9jp4sy9i우리 형은 음지에서 놀자고 하는데? ㅋㅋㅋㅋㅋ,22,2023-09-28T03:19:30Z,0,Ugxb2nLuEICVdaQGw794AaABAg.9vBYDS8NzMV9vBaet1lZKT,S1bcy4h1mS8,UCR_A-PEb2n1-3FANEvzz8Eg,2024-01-16T05:34:20Z,Ugxb2nLuEICVdaQGw794AaABAg,중립
콘서트 티켓 8분 만에 전석 매진시킨다는 버추얼 아이돌 근황 / 스브스뉴스,스브스뉴스 SUBUSUNEWS,최상위 댓글,@인생존망이요,자랑스럽다 이세돌 쭉쭉 상승세를 기록하길!!!!,11,2023-09-28T03:16:48Z,0,Ugzl_cFhCkWuu2nEMfZ4AaABAg,S1bcy4h1mS8,UCzbAbH55ZSdB6PfgL2MtCQQ,2023-09-28T03:16:48Z,,중립
콘서트 티켓 8분 만에 전석 매진시킨다는 버추얼 아이돌 근황 / 스브스뉴스,스브스뉴스 SUBUSUNEWS,최상위 댓글,@JIHOBYEn,그래도 이세돌은 진짜 사람이 아바타 입고하시는거자너~,5,2025-02-06T01:12:22Z,0,UgxQ7UpsT7sbEup16pN4AaABAg,S1bcy4h1mS8,UCCSlyPON-2YDLlteWrr9tEw,2025-02-06T01:12:22Z,,중립
콘서트 티켓 8분 만에 전석 매진시킨다는 버추얼 아이돌 근황 / 스브스뉴스,스브스뉴스 SUBUSUNEWS,최상위 댓글,@ahr-de4mc,2:10 난닝구 차림으로 손님 맞이하는 사장님,45,2023-09-28T04:55:39Z,1,Ugw4UIszZpyYLhiXDbJ4AaABAg,S1bcy4h1mS8,UCGsC6Qux9ibTm9ocdlMGVpQ,2023-09-28T04:55:39Z,,중립
콘서트 티켓 8분 만에 전석 매진시킨다는 버추얼 아이돌 근황 / 스브스뉴스,스브스뉴스 SUBUSUNEWS,대댓글,@Superddong-r3,ㅋㅋㅋㅋㅋㅋㅋㅋㅋㅋㅋ,2,2023-09-28T05:13:16Z,0,Ugw4UIszZpyYLhiXDbJ4AaABAg.9vBlf6L8U4s9vBngE00W7d,S1bcy4h1mS8,UC_MFHpeNMbGeXMruJ3YJY9w,2023-09-28T05:13:16Z,Ugw4UIszZpyYLhiXDbJ4AaABAg,중립
콘서트 티켓 8분 만에 전석 매진시킨다는 버추얼 아이돌 근황 / 스브스뉴스,스브스뉴스 SUBUSUNEWS,최상위 댓글,@stix3945,"처음엔 이 가수는 뭔데 임영웅이랑 비비지? 란 생각이었는데 생각해보면 팬미팅 갈일 없고 노래 위주로 듣는 나같은 잡덕 수준에서는 임영웅 방탄이나 이세돌이나 별 차이 없다고 생각이 들어서 신기해서 최근에 많이 찾아봤네요
작사작곡도 하면 더할 나위 없겠지만 오히려 한명한명이 DJ 겸 PD나 마찬가지인 입장이다보니 기획력이나 진행능력은 일반 아이돌보다 나은 점도 확실히 있어요
하지만 기술 발전은 차치하고라도 자기 파트 안무는 숙지해야하지 않나 싶어요
몇몇 아이돌은 AR을 써서 노래를 립싱크하는데 지금의 이세돌은 따지고 보면 춤을 '모션싱크'하고 있다고 생각합니다
최근 키딩부터는 그래도 그런 모습이 보여서 응원하고 있습니다
기술발전으로 동시 합동안무나 콘서트에서의 실시간 소통이 가능하길 기원하면서,
오늘보다 너 나은 내일의 이세돌을 응원합니다.",15,2023-09-28T03:40:48Z,0,Ugw3SmjKkMhrX5AcG3V4AaABAg,S1bcy4h1mS8,UCDpp35AGMPmJs9vuuIuxzyQ,2023-09-28T03:40:48Z,,긍정
콘서트 티켓 8분 만에 전석 매진시킨다는 버추얼 아이돌 근황 / 스브스뉴스,스브스뉴스 SUBUSUNEWS,최상위 댓글,@도로시-d7o,처음에는 버츄얼 아이돌을 좋아한다는게 가상의 것을 좋아한다고만 느껴질수도있는데 오래보면 볼수록 멤버 한명 한명이 너무 인간적이고 따뜻합니다! 겉으로 보여지는 아바타를 좋아하는 것도 물론 있겠지만 진심으로 이 그룹을 응원하는 마음까지 들게 만든건 아바타 뒤에 있는 따뜻한 사람들이었던것같아요 ㅎㅎ ㅠㅠ,8,2023-09-28T02:54:12Z,0,UgxsBrx6s0_qZvaUBfR4AaABAg,S1bcy4h1mS8,UCkm6HNiwC_1IiJRPUAtTDkg,2023-09-28T02:54:12Z,,긍정
콘서트 티켓 8분 만에 전석 매진시킨다는 버추얼 아이돌 근황 / 스브스뉴스,스브스뉴스 SUBUSUNEWS,최상위 댓글,@Shark_ME11,와 근데 지금 생각하면 이세돌이 뉴스에도 나올만큼 대단한거 잖아... ㄷㄷ,3,2024-12-31T09:42:52Z,0,Ugx0ceOJ7dMxiUkPp914AaABAg,S1bcy4h1mS8,UCaCGJjeoyufZJAURq58Qdow,2024-12-31T09:42:52Z,,중립
콘서트 티켓 8분 만에 전석 매진시킨다는 버추얼 아이돌 근황 / 스브스뉴스,스브스뉴스 SUBUSUNEWS,최상위 댓글,@cdcd2000,여기서 욕하는 애들 저기에 팬들이라고 나온 사람들만큼 꾸미곤 살긴하냐,16,2024-03-13T16:33:52Z,0,UgyLQr8NTr9iwPKKC3N4AaABAg,S1bcy4h1mS8,UC0a7risBVfMBDDysWqXKllQ,2024-03-13T16:33:52Z,,중립
콘서트 티켓 8분 만에 전석 매진시킨다는 버추얼 아이돌 근황 / 스브스뉴스,스브스뉴스 SUBUSUNEWS,최상위 댓글,@zeonms09,"현재의 1020 뿐만 아니라 대한민국 전세대를 아우르는 메타버스 국민 아이돌이 되길 기원합니다. 
생방송 음악 프로그램 출연 언젠가 꼭 성사되길 !! 💛",127,2023-09-28T02:47:47Z,4,UgxfOrFz2fZBswiqJeB4AaABAg,S1bcy4h1mS8,UCZA3QObIY_vPRTlgUnlgQ8g,2023-09-28T02:47:47Z,,중립
콘서트 티켓 8분 만에 전석 매진시킨다는 버추얼 아이돌 근황 / 스브스뉴스,스브스뉴스 SUBUSUNEWS,대댓글,@배우현-x5o,​@@NEWSNET_TV애는 댓글 다달아주누 힘들겟다ㅋㅋㅋ,8,2023-09-28T03:45:08Z,0,UgxfOrFz2fZBswiqJeB4AaABAg.9vBY1aDCVTz9vBdafvQFVt,S1bcy4h1mS8,UCbv_Ji5d6ok4A8zjB-15phg,2023-11-30T03:22:38Z,UgxfOrFz2fZBswiqJeB4AaABAg,중립
콘서트 티켓 8분 만에 전석 매진시킨다는 버추얼 아이돌 근황 / 스브스뉴스,스브스뉴스 SUBUSUNEWS,대댓글,@zombiebeatz2006,1020을 아우른다고..? 반에 한두명 있는 씹덕찐따들만 왁물원같은거 하고 이세돌보던데 ㅋㅋㅋ,6,2023-09-28T05:21:01Z,0,UgxfOrFz2fZBswiqJeB4AaABAg.9vBY1aDCVTz9vBoZtzkLQJ,S1bcy4h1mS8,UCL2sSy-sHlpuTIYSS2lR4Lg,2023-09-28T05:21:01Z,UgxfOrFz2fZBswiqJeB4AaABAg,중립
콘서트 티켓 8분 만에 전석 매진시킨다는 버추얼 아이돌 근황 / 스브스뉴스,스브스뉴스 SUBUSUNEWS,대댓글,@Mangupdate,​@zombiebeatz2006아우른다는 표현이 좀 과장됐을지언정 씹덕찐따든 뭐든간에 반에 한두명씩이나 있다는건 절대 적은 수가 아님 이세돌 팬덤 어마어마하다는 건 알고 있잖아?,0,2023-09-28T05:44:19Z,0,UgxfOrFz2fZBswiqJeB4AaABAg.9vBY1aDCVTz9vBrE_st3Wm,S1bcy4h1mS8,UCS1i26TwofdPXj1Z2-Elh1w,2024-06-17T22:58:08Z,UgxfOrFz2fZBswiqJeB4AaABAg,중립
콘서트 티켓 8분 만에 전석 매진시킨다는 버추얼 아이돌 근황 / 스브스뉴스,스브스뉴스 SUBUSUNEWS,대댓글,@busick0129,@zombiebeatz2006저희는 인싸들이 고세구알아? 이러던데,0,2023-09-28T07:18:42Z,0,UgxfOrFz2fZBswiqJeB4AaABAg.9vBY1aDCVTz9vC11u9IKVL,S1bcy4h1mS8,UCR5zSc0M1VvV719OWVOdRmg,2024-06-17T22:58:08Z,UgxfOrFz2fZBswiqJeB4AaABAg,중립
콘서트 티켓 8분 만에 전석 매진시킨다는 버추얼 아이돌 근황 / 스브스뉴스,스브스뉴스 SUBUSUNEWS,최상위 댓글,@eivicd,그냥 취존좀 해주십셔  욀케 악플이 많음 그냥 시대가 변하고 이런게 있구나 하면되지 ㅋㅋ 킹아,6,2023-10-08T16:14:07Z,0,Ugy9ncGTbvEvJUPlB9d4AaABAg,S1bcy4h1mS8,UC-WzjNfCY2XkTYlSicCC-kw,2023-10-08T16:14:43Z,,중립
콘서트 티켓 8분 만에 전석 매진시킨다는 버추얼 아이돌 근황 / 스브스뉴스,스브스뉴스 SUBUSUNEWS,최상위 댓글,@forest9335,"이세돌 너무 자랑스럽다 ㅠㅠ
앞으로도 건강히 오래오래 좋은모습만 보여주세요 화이팅!! 킹아~~~",65,2023-09-28T10:18:59Z,0,UgwM7Jl3xG1-x5vkae94AaABAg,S1bcy4h1mS8,UCiQmTjqK9Kc4OEAyjeSTUaQ,2023-09-28T10:18:59Z,,중립
콘서트 티켓 8분 만에 전석 매진시킨다는 버추얼 아이돌 근황 / 스브스뉴스,스브스뉴스 SUBUSUNEWS,최상위 댓글,@nomtnomtnom,"이세계아이돌 분들도, 팬 여러분들도 지난 2년이라는 짧지 않은 시간 동안 좋은 일도, 힘든 일도 많았을 테지만
끝내 이세계 페스티벌이라는 큰 무대에서 만나 시청자 수, 영상 조회수처럼 늘 숫자로만 보던 서로가 실재함을 확인하고 좋은 추억을 남긴 것 같아 보기 좋네요
주류 비주류를 떠나서 열정을 갖고 노력해서 꿈을 이루어내는 사람, 그리고 그 사람들을 격려해주는 사람은 응원 받아 마땅합니다",30,2023-09-28T05:10:17Z,0,UgwgKjD8232Dd20QQLN4AaABAg,S1bcy4h1mS8,UC8BoqEEW4WM3kUdH4nefObA,2023-09-28T05:13:08Z,,긍정
콘서트 티켓 8분 만에 전석 매진시킨다는 버추얼 아이돌 근황 / 스브스뉴스,스브스뉴스 SUBUSUNEWS,최상위 댓글,@Amhuya_30,"보니까 이파리90,어디서 쓰는지도 모르겠는 어체쓰면서 이게 뭐냐는 사람5퍼,울 나라망했다는애들 3퍼,순수 악플2퍼
흠...  이파리여러분 악플 달려도 결국 이것또한 이세돌이 더 널리 퍼지고 있다는거니 욕하지말고 대응합시다❤",8,2023-09-28T03:31:47Z,0,Ugw8RoVhnpB7tNthKp54AaABAg,S1bcy4h1mS8,UCcvuXKk6AUFljXNkQXsSvaQ,2023-09-28T03:31:47Z,,중립
콘서트 티켓 8분 만에 전석 매진시킨다는 버추얼 아이돌 근황 / 스브스뉴스,스브스뉴스 SUBUSUNEWS,최상위 댓글,@AAA-c1w7e,나도 이런거 10년전에는 이해못했음 시대가 바뀌니 생각도 바뀌게되네,3,2024-07-26T05:57:02Z,0,UgyV_Lk7HhSyGfO7Kdl4AaABAg,S1bcy4h1mS8,UCgZ5jwIdI9pwajUChZwaEew,2024-07-26T05:57:02Z,,중립
콘서트 티켓 8분 만에 전석 매진시킨다는 버추얼 아이돌 근황 / 스브스뉴스,스브스뉴스 SUBUSUNEWS,최상위 댓글,@oneday325,이렇게 저희 아이돌들을 좋아해주시고 인터뷰까지 해주셔서 너무 감사합니다 ㅠㅜ 스브스 화이팅 이세돌 화이팅!!,53,2023-09-28T03:11:03Z,0,UgyDj1C4WPtYfYuBilt4AaABAg,S1bcy4h1mS8,UCbR9tTT39z2__E274hF6zIQ,2023-09-28T03:11:03Z,,긍정
콘서트 티켓 8분 만에 전석 매진시킨다는 버추얼 아이돌 근황 / 스브스뉴스,스브스뉴스 SUBUSUNEWS,최상위 댓글,@큐큐-c2p,언제나 열심히 활동해주는 모습 보면 사랑하지 않을 수 없는 우리 아이돌🥺💛 오래오래 함께 행복하고 싶다 항상 응원할게요 사랑해!!!!!!!!!!!!!!!!!!,64,2023-09-28T08:06:57Z,0,UgyPRI-LeST6yheSV354AaABAg,S1bcy4h1mS8,UCale4NrGk8TJxdtvDG3c_VA,2023-09-28T08:06:57Z,,긍정
콘서트 티켓 8분 만에 전석 매진시킨다는 버추얼 아이돌 근황 / 스브스뉴스,스브스뉴스 SUBUSUNEWS,최상위 댓글,@Han-tc7wx,이세돌 관심 가져주시는 모든 분들께 너무 감사드립니다. 응원하는 입장에서 요즘 하루하루가 믿기지 않고 꿈만 같아요! ㅎㅎ 이세돌 화이팅!,198,2023-09-28T04:46:44Z,0,UgwDhsoRstxCLI_tzwF4AaABAg,S1bcy4h1mS8,UCw50eB-bVHHFFb75Hgh_7AQ,2023-09-28T04:46:44Z,,긍정
콘서트 티켓 8분 만에 전석 매진시킨다는 버추얼 아이돌 근황 / 스브스뉴스,스브스뉴스 SUBUSUNEWS,최상위 댓글,@rimdk9550,"그냥 노래 한번 들으면 입덕하게 되긴해
버튜버 1도 모르다가 락다운 첨 듣고 몇번을 반복해서 들었는지..",2,2024-05-30T10:25:20Z,0,Ugwj7Cke8DQaQUjJdrJ4AaABAg,S1bcy4h1mS8,UC2sx3qnsPM9W8TKj24yxGaw,2024-05-30T10:25:20Z,,중립
콘서트 티켓 8분 만에 전석 매진시킨다는 버추얼 아이돌 근황 / 스브스뉴스,스브스뉴스 SUBUSUNEWS,최상위 댓글,@KMSND_,와 처음보는 팬덤이네요 이세계아이돌?? 버추얼 문화가 자리잡으면서 이렇게나 유명해지다니 킹애 참 모시깽이하네요 앞으로 활동 화이팅입니다❤❤,26,2023-09-28T03:09:01Z,1,UgyQu3ywvGjNOqiGe0h4AaABAg,S1bcy4h1mS8,UC9J7ETAmpcPYVnICyZhqI0g,2023-09-28T03:09:01Z,,중립
콘서트 티켓 8분 만에 전석 매진시킨다는 버추얼 아이돌 근황 / 스브스뉴스,스브스뉴스 SUBUSUNEWS,대댓글,@고기연-h9t,ㅋㅋㅋㅋㅋㅋㅋㅋㅋ 누가봐도 처음이 아니자나,0,2024-04-09T07:36:01Z,0,UgyQu3ywvGjNOqiGe0h4AaABAg.9vB_TACZpFRA2-aEU54BWY,S1bcy4h1mS8,UCyI8HysAZlcxHT7HdZw965A,2024-04-09T07:40:11Z,UgyQu3ywvGjNOqiGe0h4AaABAg,중립
콘서트 티켓 8분 만에 전석 매진시킨다는 버추얼 아이돌 근황 / 스브스뉴스,스브스뉴스 SUBUSUNEWS,최상위 댓글,@ArcaneMystic,릴파님 ㅠㅠ 못다한 꿈을 이루고 잘 되셔서 다행이에요. 열심히 하는 그대들 행복하세요~,8,2023-09-28T05:01:23Z,0,UgyT6uOb6S1NPFQMegJ4AaABAg,S1bcy4h1mS8,UC9cWBZONp0JcOilflRGXJFg,2023-09-28T05:01:23Z,,중립
콘서트 티켓 8분 만에 전석 매진시킨다는 버추얼 아이돌 근황 / 스브스뉴스,스브스뉴스 SUBUSUNEWS,최상위 댓글,@버동,이세돌 너무 자랑스럽다💜💛🖤❤💙💚,87,2023-09-28T02:36:38Z,0,UgwjSXus0eA0uAu4RUR4AaABAg,S1bcy4h1mS8,UCrY1uAav_yIgGNG_NhawAEA,2023-09-28T02:36:38Z,,중립
콘서트 티켓 8분 만에 전석 매진시킨다는 버추얼 아이돌 근황 / 스브스뉴스,스브스뉴스 SUBUSUNEWS,최상위 댓글,@burninglime9960,"1:30 버튜버는 만화, 애니메이션 캐릭터랑 다르게 진짜 사람이 활동하는건데...",7,2023-10-07T03:48:18Z,0,UgyEl3LNZ01_8bkHZHN4AaABAg,S1bcy4h1mS8,UC7Iic5UMQiO9h44G5w4X1tA,2023-10-07T03:48:18Z,,중립
콘서트 티켓 8분 만에 전석 매진시킨다는 버추얼 아이돌 근황 / 스브스뉴스,스브스뉴스 SUBUSUNEWS,최상위 댓글,@AAAAAAAAAAAAAAAAAA0423,"영상 자체가 너무 깔끔하네요
인터뷰의 질문과 답변도 너무 좋고 건강하고
서로 존중하는 이 모습이 정말 보기 좋습니다.
스브스 고마워요!! 🥰",70,2023-09-28T02:45:03Z,0,UgyzMNTp15P9vP_6PRx4AaABAg,S1bcy4h1mS8,UCtWYzghXPLxdjXMrS_C04UA,2023-09-28T02:45:03Z,,중립
콘서트 티켓 8분 만에 전석 매진시킨다는 버추얼 아이돌 근황 / 스브스뉴스,스브스뉴스 SUBUSUNEWS,최상위 댓글,@Lenny-f9p,그래도 노래 잘 부르면 누구나 아이돌 할 수 있다는게 큰 장점일듯 얼굴 때문에 노래 잘하고 춤 잘 추는데 아이돌 못 하는 사람도 수두룩인데 이런 사람들에게는 버츄얼 아이돌이 희망과 꿈이 될 수 있을 것 같음,10,2024-03-18T22:25:12Z,1,UgygZJpQtQqIwRCG3eN4AaABAg,S1bcy4h1mS8,UCHLcY8DIFpaOAef0SmyBjVQ,2024-03-18T22:25:12Z,,중립
콘서트 티켓 8분 만에 전석 매진시킨다는 버추얼 아이돌 근황 / 스브스뉴스,스브스뉴스 SUBUSUNEWS,대댓글,@kunclass,신은 하나님뿐. 예수님 믿고 구원 받으세요.,0,2024-06-19T20:06:06Z,0,UgygZJpQtQqIwRCG3eN4AaABAg.A18XVi9FA9YA4skWO_QGW5,S1bcy4h1mS8,UCMeoyySWJYhm6DcI6f219tA,2024-06-19T20:06:06Z,UgygZJpQtQqIwRCG3eN4AaABAg,중립
콘서트 티켓 8분 만에 전석 매진시킨다는 버추얼 아이돌 근황 / 스브스뉴스,스브스뉴스 SUBUSUNEWS,최상위 댓글,@Long_root_Carrot,이세계아이돌 사랑해🎉🎉 영원 하자💜💛🖤❤💙💚,14,2023-09-28T02:37:53Z,0,Ugwdxg4qRHSeWobQIG54AaABAg,S1bcy4h1mS8,UCkNvA2hs-kaEi3RJeN6dWqQ,2023-09-28T02:37:53Z,,긍정
콘서트 티켓 8분 만에 전석 매진시킨다는 버추얼 아이돌 근황 / 스브스뉴스,스브스뉴스 SUBUSUNEWS,최상위 댓글,@하루-m7j1e,"그들만의 항상 똑같은 레퍼토리 우욱, 몰카, 도태 ㅋㅋㅋ 어딘지 보인다 보여ㅋㅋㅋ",4,2023-09-29T12:50:50Z,0,UgyXnvZ_r7Ap9NhzwBJ4AaABAg,S1bcy4h1mS8,UCoDptpe8a5L9gvBzatqwOYw,2023-09-29T12:50:50Z,,중립
콘서트 티켓 8분 만에 전석 매진시킨다는 버추얼 아이돌 근황 / 스브스뉴스,스브스뉴스 SUBUSUNEWS,최상위 댓글,@이승규-v7o,"음 버추얼 아이돌이라... 사실 일반적으로 생소하기도 하고 접근성이 다소 떨어지는지라, 바로 이해하긴 힘든 것도 정상으로 보이네요.
다만, PC방이 우후죽순 생기며 PC게임 유행이 시작될 때도 '도대체 하루 종일 어두컴컴한 곳에 앉아서 자판 두드리는 게 뭐가 재밌다고 저러고들 있나'하는 사람들이 많았음에도 이젠 많은 사람들이 하는 취미가 되어 일상에 위화감 없이 자리 잡은 것처럼, 저 버추얼 아이돌이라 하는 개념도 현재는 과도기지만 머지않은 미래엔 사람들의 일상 속에 흔한 취미 중 하나로 자리 잡을 수도 있겠단 생각이 듭니다. 
상당수의 새로운 문화란 결국엔 변화와 적응이 빠른 젊은 세대가 위주가 될 터이고, 과학과 산업이 발전하는 만큼 젊은 세대들이 그에 맞춰 취미나 유행을 갖고 또 다른 문화를 만들어가는 과정을 실시간으로 함께하고 있는듯하여 흥미롭네요ㅎㅎ 많은 사람들이 페스티벌에서 행복하게 즐기고 노는 모습이 보기 좋습니다.
아주 킹아입니다 킹애^^",21,2023-09-28T03:33:55Z,1,UgyEj0uE8ezAnFZU9_p4AaABAg,S1bcy4h1mS8,UCPP2ZrzmwxOYCFWACIf3BTg,2023-09-28T03:33:55Z,,긍정
콘서트 티켓 8분 만에 전석 매진시킨다는 버추얼 아이돌 근황 / 스브스뉴스,스브스뉴스 SUBUSUNEWS,대댓글,@앤드류-2class_agent,🎉,0,2024-12-11T14:13:56Z,0,UgyEj0uE8ezAnFZU9_p4AaABAg.9vBcJUtEyB1ABujK6usbzh,S1bcy4h1mS8,UC20lZ2fjx68Edt6YvxHmY1g,2024-12-11T14:13:56Z,UgyEj0uE8ezAnFZU9_p4AaABAg,중립
콘서트 티켓 8분 만에 전석 매진시킨다는 버추얼 아이돌 근황 / 스브스뉴스,스브스뉴스 SUBUSUNEWS,최상위 댓글,@바세린-z7h,"이세계 아이돌의 최강의 장점은 아무래도 무한한 소통이죠. 
매일매일 맴버들과 소통하는 즐거운 시간들과 누구보다 팬들에게 감사하며 아끼는 이세돌 분들이기에 이렇게 많은 사랑을 받는거라 생각합니다.
이세돌 화이팅!!!",21,2023-09-28T03:21:58Z,0,UgyEa94ZkcEMyZzVOMx4AaABAg,S1bcy4h1mS8,UC3kpd6Spf2u12R7arxk-8uA,2023-09-28T03:21:58Z,,긍정
콘서트 티켓 8분 만에 전석 매진시킨다는 버추얼 아이돌 근황 / 스브스뉴스,스브스뉴스 SUBUSUNEWS,최상위 댓글,@차또르키짱,릴파님 스토리는 언제들어도 울컥하다.. 꿈 이루셔서 저희가 다 기쁘네요😂 버거님 말대로 음악방송 진출했으면 좋겠습니다!! 이세계 아이돌 화이팅~!!,9,2023-09-28T04:00:01Z,0,UgzlBKXAARHQPR6OtYx4AaABAg,S1bcy4h1mS8,UCnaNFshReJC5xXFph1quW-g,2023-09-28T04:00:01Z,,중립
콘서트 티켓 8분 만에 전석 매진시킨다는 버추얼 아이돌 근황 / 스브스뉴스,스브스뉴스 SUBUSUNEWS,최상위 댓글,@잔상-c1y,이세돌분들 멤버 한명한명이 다들 각자의 매력이있고 개성이 있으셔서 너무 좋은것 같아요 응원합니다 이세돌!,5,2023-10-04T14:54:11Z,0,UgwUYAw9GXY0vtNvtYZ4AaABAg,S1bcy4h1mS8,UCtpPHLB5UmOIYIfWHC8TFsQ,2023-10-06T13:24:21Z,,긍정
콘서트 티켓 8분 만에 전석 매진시킨다는 버추얼 아이돌 근황 / 스브스뉴스,스브스뉴스 SUBUSUNEWS,최상위 댓글,@tv-rk4rl,이세돌 폼 미쳤다,39,2023-09-28T02:04:05Z,0,Ugxzk8uGiy176oniOft4AaABAg,S1bcy4h1mS8,UCvDO7pUVs7Tu5XL9zvjmQYw,2023-09-28T02:04:05Z,,중립
콘서트 티켓 8분 만에 전석 매진시킨다는 버추얼 아이돌 근황 / 스브스뉴스,스브스뉴스 SUBUSUNEWS,최상위 댓글,@김세균-p4k,대부분의 욕하는 댓글 쓰는 사람들 구독목록 보면 다른 버튜버들 있음.. ㅋㅋ 참 투명해,60,2023-09-28T07:55:59Z,4,UgyU_dtOdROFExhOOFh4AaABAg,S1bcy4h1mS8,UCoxS7wASvjAlKeJcuh6vjkQ,2023-09-28T07:55:59Z,,중립
콘서트 티켓 8분 만에 전석 매진시킨다는 버추얼 아이돌 근황 / 스브스뉴스,스브스뉴스 SUBUSUNEWS,대댓글,@cn8d,그거 갈라치기하려고 하는건데 몰랐노,3,2023-09-29T10:46:50Z,0,UgyU_dtOdROFExhOOFh4AaABAg.9vC5IuL7d-K9vEyeBtNBk5,S1bcy4h1mS8,UC4ByOxJ8c7PIn-hkl178LTg,2023-09-29T10:46:50Z,UgyU_dtOdROFExhOOFh4AaABAg,중립
콘서트 티켓 8분 만에 전석 매진시킨다는 버추얼 아이돌 근황 / 스브스뉴스,스브스뉴스 SUBUSUNEWS,대댓글,@쓰리데이즈,이것도 아이돌이라고 팬덤끼리 싸우는 것도 있는거임?? 대박이네 ㅋㅋ,0,2024-02-06T14:13:46Z,0,UgyU_dtOdROFExhOOFh4AaABAg.9vC5IuL7d-KA-U4fWJfyMr,S1bcy4h1mS8,UCzABX2_GjD-dTZbuqDxuzlg,2024-02-06T14:13:46Z,UgyU_dtOdROFExhOOFh4AaABAg,긍정
콘서트 티켓 8분 만에 전석 매진시킨다는 버추얼 아이돌 근황 / 스브스뉴스,스브스뉴스 SUBUSUNEWS,대댓글,@MATE2YOOUU,판때기 열심히 봐,0,2024-02-14T17:23:38Z,0,UgyU_dtOdROFExhOOFh4AaABAg.9vC5IuL7d-KA-o0lBRH9wZ,S1bcy4h1mS8,UCZsHeKBDoRqxWhPwwnZv51Q,2024-02-14T17:23:38Z,UgyU_dtOdROFExhOOFh4AaABAg,중립
콘서트 티켓 8분 만에 전석 매진시킨다는 버추얼 아이돌 근황 / 스브스뉴스,스브스뉴스 SUBUSUNEWS,대댓글,@user-isywvwuy,"​@쓰리데이즈참 열심히네ㅎㅎ
근데 이런 글쓰면 너한테 뭐가 좋은거야?",0,2024-07-24T10:53:36Z,0,UgyU_dtOdROFExhOOFh4AaABAg.9vC5IuL7d-KA6Gt6KFOXqX,S1bcy4h1mS8,UCTnKfUNSsozpE0fU235qpww,2024-07-24T10:53:36Z,UgyU_dtOdROFExhOOFh4AaABAg,중립
콘서트 티켓 8분 만에 전석 매진시킨다는 버추얼 아이돌 근황 / 스브스뉴스,스브스뉴스 SUBUSUNEWS,최상위 댓글,@Parkgim0309,"이세계아이돌 언제나 파이팅!!!!!!!!!
영원하자💜💛🖤❤️💙💚",15,2023-09-28T05:24:48Z,0,Ugw8BmTFN2PROt_F1Cd4AaABAg,S1bcy4h1mS8,UC8fTHvTtBlnTFV4Y5jpowYg,2023-09-28T05:24:48Z,,중립
콘서트 티켓 8분 만에 전석 매진시킨다는 버추얼 아이돌 근황 / 스브스뉴스,스브스뉴스 SUBUSUNEWS,최상위 댓글,@빠요엔빠요엔,버추얼 아이돌이 인기이유는 방송에 있다 생각함 모르는 사람한태는 2D캐릭터겠지만 매번 방송보는 사람들은 트위치 유튜버가 게임도하고 토크도 하다가 콘서트도 열어줌 가고싶어질수밖에 연예인하고는 친밀감이 다름,4,2023-09-29T06:01:57Z,0,UgwnttYzMS0IUHujv2d4AaABAg,S1bcy4h1mS8,UCH8mDsN9rpJLNL5CW44UGng,2023-09-29T06:01:57Z,,중립
콘서트 티켓 8분 만에 전석 매진시킨다는 버추얼 아이돌 근황 / 스브스뉴스,스브스뉴스 SUBUSUNEWS,최상위 댓글,@head_wig,자기가 좋아하는걸 진심으로 즐기는 사람이 자기가 이해못하겠다고 무지성으로 까는 사람보다는 훨씬 정상적이라고 생각합니다,68,2023-09-28T10:56:16Z,6,Ugzmc5ug4U27KZTos4V4AaABAg,S1bcy4h1mS8,UCz4gc0rers5X6EXxzubdpiw,2023-09-28T10:56:16Z,,긍정
콘서트 티켓 8분 만에 전석 매진시킨다는 버추얼 아이돌 근황 / 스브스뉴스,스브스뉴스 SUBUSUNEWS,대댓글,@쿠직-w4q,네다씹,3,2023-09-28T11:26:49Z,0,Ugzmc5ug4U27KZTos4V4AaABAg.9vCPwRQZOln9vCTRB_fM_t,S1bcy4h1mS8,UCVn5a73YhaAgaIEOiO0MnBw,2023-09-28T11:26:49Z,Ugzmc5ug4U27KZTos4V4AaABAg,중립
콘서트 티켓 8분 만에 전석 매진시킨다는 버추얼 아이돌 근황 / 스브스뉴스,스브스뉴스 SUBUSUNEWS,대댓글,@nininimun11,​@쿠직-w4q프사 투명하네 ㅋㅋ,1,2023-09-28T11:31:27Z,0,Ugzmc5ug4U27KZTos4V4AaABAg.9vCPwRQZOln9vCTy2SH_9t,S1bcy4h1mS8,UCcPkbV6e8xZrxF1oDF8tp5A,2024-04-18T03:15:28Z,Ugzmc5ug4U27KZTos4V4AaABAg,중립
콘서트 티켓 8분 만에 전석 매진시킨다는 버추얼 아이돌 근황 / 스브스뉴스,스브스뉴스 SUBUSUNEWS,대댓글,@쿠모린린,@쿠직-w4q라고 하던 편견에 찌든 과거의 나를 보는것 같다,10,2023-09-28T15:49:59Z,0,Ugzmc5ug4U27KZTos4V4AaABAg.9vCPwRQZOln9vCwYV5L8AX,S1bcy4h1mS8,UC3VFxBmbDhm49RMd4WXC35w,2024-04-18T03:15:28Z,Ugzmc5ug4U27KZTos4V4AaABAg,중립
콘서트 티켓 8분 만에 전석 매진시킨다는 버추얼 아이돌 근황 / 스브스뉴스,스브스뉴스 SUBUSUNEWS,대댓글,@쿠직-w4q,@쿠모린린 씹덕된게 자랑이다 ㅋㅋ,1,2023-09-28T15:52:57Z,0,Ugzmc5ug4U27KZTos4V4AaABAg.9vCPwRQZOln9vCwtOLIZ1X,S1bcy4h1mS8,UCVn5a73YhaAgaIEOiO0MnBw,2024-04-18T03:15:28Z,Ugzmc5ug4U27KZTos4V4AaABAg,중립
콘서트 티켓 8분 만에 전석 매진시킨다는 버추얼 아이돌 근황 / 스브스뉴스,스브스뉴스 SUBUSUNEWS,대댓글,@ilovesonny777,저는 폭력을 즐깁니다 저를 이해못하는 사람을 이해할수 없군요 쿠쿠쿠 저는 정상입니다만?......킄ㅋ,0,2023-09-29T07:32:09Z,0,Ugzmc5ug4U27KZTos4V4AaABAg.9vCPwRQZOln9vEcNEKs8rF,S1bcy4h1mS8,UCEzWVtUU0jghrjncrMQ5wmQ,2023-09-29T07:32:09Z,Ugzmc5ug4U27KZTos4V4AaABAg,중립
콘서트 티켓 8분 만에 전석 매진시킨다는 버추얼 아이돌 근황 / 스브스뉴스,스브스뉴스 SUBUSUNEWS,최상위 댓글,@엥-n4x,보면볼수록 각자의 매력이 돋보이는 이세돌에 어느순간 빠져서 구독을 망설이던 음원사이트도 구독하고 처음으로 콘서트도 가봤어요. 콘서트장 열기가 아직도 잊혀지지 않고ㅠㅜ 정말 너무나 즐거웠습니다...이세돌 너무너무 사랑해! 르르땅 너무너무 사랑해!,21,2023-09-28T02:46:36Z,0,Ugx5Zr5Vfd8bkWkg8al4AaABAg,S1bcy4h1mS8,UCqN8kqkzTMc3FLrP9XrFyug,2023-09-28T02:46:36Z,,긍정
콘서트 티켓 8분 만에 전석 매진시킨다는 버추얼 아이돌 근황 / 스브스뉴스,스브스뉴스 SUBUSUNEWS,최상위 댓글,@sandwarm-z2z,까와 빠가 동시에 있는 걸 보니 이세돌은 대성공이다,8,2024-02-18T01:37:20Z,0,UgxqCZFYO0bjf_eqN4F4AaABAg,S1bcy4h1mS8,UCWKv4wlQmUu1xc116xWAdlg,2024-02-18T01:37:20Z,,중립
콘서트 티켓 8분 만에 전석 매진시킨다는 버추얼 아이돌 근황 / 스브스뉴스,스브스뉴스 SUBUSUNEWS,최상위 댓글,@RIURIN0424,업무컴터좀 업글 해줘라 렉 개심해서 텔포하는거 진짜 ㅋㅋㅋㅋㅋㅋ,2,2023-10-10T08:10:18Z,0,UgzeUEY5xenblTDTuj94AaABAg,S1bcy4h1mS8,UCnZwV4q4lczpEPzrBSGgg8w,2023-10-10T08:10:18Z,,중립
콘서트 티켓 8분 만에 전석 매진시킨다는 버추얼 아이돌 근황 / 스브스뉴스,스브스뉴스 SUBUSUNEWS,최상위 댓글,@Breeze-coco,와 머야머야!!!! 우리 아이돌 취재해주셔서 고맙습니다!!! 이세돌 화이팅 ㅜㅜㅠㅠㅠ💜💛🖤❤️💙💚,26,2023-09-28T02:42:54Z,0,UgwkDKMAhDTA-yqDXqF4AaABAg,S1bcy4h1mS8,UChFM3H-lRWS7Kw7kF_44FqQ,2023-09-28T02:42:54Z,,중립
콘서트 티켓 8분 만에 전석 매진시킨다는 버추얼 아이돌 근황 / 스브스뉴스,스브스뉴스 SUBUSUNEWS,최상위 댓글,@PG_Parkgun03,진짜 엄청난 성장 너무좋다🎉🎉,26,2023-09-28T02:33:07Z,0,UgwAh8CZbNrjdLma2_R4AaABAg,S1bcy4h1mS8,UCgVRHK87xMS7ZLUkzlh8q5Q,2023-09-28T02:33:07Z,,중립
콘서트 티켓 8분 만에 전석 매진시킨다는 버추얼 아이돌 근황 / 스브스뉴스,스브스뉴스 SUBUSUNEWS,최상위 댓글,@해옴05,"🌱진짜 영원했으면 좋겠다.. 나의 아이돌...🌱
💜💛🖤❤️💙💚",24,2023-09-28T10:50:15Z,0,Ugxe4oZn0E6ZP2IC8JV4AaABAg,S1bcy4h1mS8,UCexV3yFm5cdAAdabSRuh1gw,2023-09-28T10:50:34Z,,중립
콘서트 티켓 8분 만에 전석 매진시킨다는 버추얼 아이돌 근황 / 스브스뉴스,스브스뉴스 SUBUSUNEWS,최상위 댓글,@Nothx_,"회사에서 컴퓨터 하나 장만해줘야겠네요
VRC렉이 너무 심해 ㅋㅋㅋㅋㅋㅋ",3,2023-09-28T16:21:44Z,0,UgxASLyiHjb6NXfMSSZ4AaABAg,S1bcy4h1mS8,UCQPwxZrbXkZj2kTpdsZ28_Q,2023-09-28T16:21:44Z,,중립
콘서트 티켓 8분 만에 전석 매진시킨다는 버추얼 아이돌 근황 / 스브스뉴스,스브스뉴스 SUBUSUNEWS,최상위 댓글,@kimchaeng9988,2:25  pd님 너무 똥컴 아닙니까 ㅋㅋㅋㅋㅋ,15,2023-09-28T03:04:06Z,1,UgwJytEjQAygY_MHruR4AaABAg,S1bcy4h1mS8,UCHL0TB2AoXFhA-tUxk6__sQ,2023-09-28T03:04:06Z,,중립
콘서트 티켓 8분 만에 전석 매진시킨다는 버추얼 아이돌 근황 / 스브스뉴스,스브스뉴스 SUBUSUNEWS,대댓글,@하냥-i7y,글카가 내장이라 그런거 같아요 ㅋㅋㅋㅋㅋㅋ,1,2024-01-23T01:09:09Z,0,UgwJytEjQAygY_MHruR4AaABAg.9vBZu79j57S9ztckbDrjIk,S1bcy4h1mS8,UC48VZa__xFWbHuFU_0REepA,2024-01-23T01:09:09Z,UgwJytEjQAygY_MHruR4AaABAg,중립
콘서트 티켓 8분 만에 전석 매진시킨다는 버추얼 아이돌 근황 / 스브스뉴스,스브스뉴스 SUBUSUNEWS,최상위 댓글,@타리-g9o,"우리 애들 스브스뉴스에도 올라오고 진짜 많이 컸구나ㅠ 개인스트리머의 컨텐츠 중 하나로 시작되었지만 2년간 서사도 많이쌓이고 팬들과의 추억도 많이 쌓였습니다ㅠ 이제 어디가서 아이돌이라고 자랑 못할게 없어졌어요!
SBS 좋은기사와 취재 감사합니다!",35,2023-09-28T03:47:24Z,0,UgyTqkBML8ALW61rmkt4AaABAg,S1bcy4h1mS8,UCcWD6OzQhmMwmFcWN8kmRRg,2023-09-28T03:47:54Z,,긍정
콘서트 티켓 8분 만에 전석 매진시킨다는 버추얼 아이돌 근황 / 스브스뉴스,스브스뉴스 SUBUSUNEWS,최상위 댓글,@V_castle,세상이 날 상대로 몰카하는 중인건가....,13,2023-09-29T12:22:35Z,0,UgwEfhj9ctU4MRLAZKx4AaABAg,S1bcy4h1mS8,UCykXygy4R6NHqSL_Bghvw5g,2023-09-29T12:22:35Z,,중립
콘서트 티켓 8분 만에 전석 매진시킨다는 버추얼 아이돌 근황 / 스브스뉴스,스브스뉴스 SUBUSUNEWS,최상위 댓글,@jaehohoho,ㅋㅋㅋㅋㅋ 이세돌 뉴스탔다,5,2024-05-03T10:05:16Z,0,Ugw7aHh4sa6O5uYyQzJ4AaABAg,S1bcy4h1mS8,UCZXHwrdey8X9nb5D58R-4pQ,2024-05-03T10:05:16Z,,중립
콘서트 티켓 8분 만에 전석 매진시킨다는 버추얼 아이돌 근황 / 스브스뉴스,스브스뉴스 SUBUSUNEWS,최상위 댓글,@Emil_Mom,"이세계 아이돌 사랑해 !! 언제나 응원하고 , 언제나 좋은 일만 가득하실거고 , 앞으로 모험을 응원하겠습니다.",9,2023-09-28T10:11:53Z,0,UgzeQgzKFs7usBZ3mFh4AaABAg,S1bcy4h1mS8,UCuOAU4bxDohlr4E6DMPfYKQ,2023-09-28T10:11:53Z,,긍정
콘서트 티켓 8분 만에 전석 매진시킨다는 버추얼 아이돌 근황 / 스브스뉴스,스브스뉴스 SUBUSUNEWS,최상위 댓글,@KoreaKing_Luke,"이세돌 언제나 사랑해..!!
💜💛🖤❤💙💚",10,2023-09-29T15:51:09Z,0,UgwCJGaW7VPc1hsX6eB4AaABAg,S1bcy4h1mS8,UCM6c9MW9BevXJPWduuYLf4w,2023-09-29T15:51:09Z,,긍정
콘서트 티켓 8분 만에 전석 매진시킨다는 버추얼 아이돌 근황 / 스브스뉴스,스브스뉴스 SUBUSUNEWS,최상위 댓글,@정미경-g8g,"현실아이돌의 꿈을 못이루거나 실패를 봤던 분들에게는 기회인듯~~ 나이제한이 없다는게...ㅎ~
아이돌 활동하면서 내 사생활도 보호되고~~ 어느 한편에서는 가상아이돌을 좋아하는것을 우려도 하지만...
팬들 대부분은 현실과 가상정도는 구분할수 있는 사람들이라 생각된다~
원래 항상 뭐든 새로운 문화가 생기면 우려하는 목소리도 생기기는 마련이니~ 
살면서 가상 아이돌들이 나오고 심지어 뮤직뱅크에서 나오는 것도 볼수 있는 세상이 오다니...ㅋㅋ
앞으로는 또 어찌 변할지 뭔가 기대도 되고~",8,2023-09-30T01:25:01Z,0,UgwwC6X0lUM2iI4oO4h4AaABAg,S1bcy4h1mS8,UCl9VcqEGhgBkEL0wxJr0ECw,2023-09-30T01:25:01Z,,긍정
콘서트 티켓 8분 만에 전석 매진시킨다는 버추얼 아이돌 근황 / 스브스뉴스,스브스뉴스 SUBUSUNEWS,최상위 댓글,@빨대도둑-p8s,"이세돌 처음 나올때 리와인드 때부터 지금까지 주마등처럼 스쳐지나가는데 울컥했다😢
자랑스럽다 이세계 아이돌💜💛🖤🩷🩵💚",2,2023-10-07T15:33:25Z,0,UgwPOzhTqi3f-g7KoKJ4AaABAg,S1bcy4h1mS8,UCROhjwaVx9qv8YLUf94zDMQ,2023-10-07T15:34:21Z,,중립
콘서트 티켓 8분 만에 전석 매진시킨다는 버추얼 아이돌 근황 / 스브스뉴스,스브스뉴스 SUBUSUNEWS,최상위 댓글,@heungEmangE,페스티벌 끝나고도 쓰레기까지 다 처리하는 팬덤.. 진짜 아름다운 광경이얐습니다.,15,2023-09-28T02:44:21Z,0,UgyUCBW4SBilsZBvFBV4AaABAg,S1bcy4h1mS8,UClKZHa8Sz8ysBIgryH7-_gg,2023-09-28T02:44:21Z,,중립
콘서트 티켓 8분 만에 전석 매진시킨다는 버추얼 아이돌 근황 / 스브스뉴스,스브스뉴스 SUBUSUNEWS,최상위 댓글,@애봄-r7i,"솔직히 개인적으로는 진짜 이해가 안가기도 하면서 익숙하지 않아서 좀 꺼림직하긴 하긴하지만 뭐 좋아하는 사람들한테 왜 좋아하냐고 욕할 이유는 없다고 생각함 뭐 그럴수도 있지 하면서 존중하는 게 더 좋은 문화라고 생각해서



+오히려 더 이해하고 싶다고 생각이드네요 전 제가 편견을 가지고 있다고 생각 하는 편이라서..",37,2023-09-28T13:17:03Z,4,UgzKRGdBQObSftKJj_N4AaABAg,S1bcy4h1mS8,UCThFkcYIOpK451dfdsc1vWg,2023-09-28T14:36:11Z,,긍정
콘서트 티켓 8분 만에 전석 매진시킨다는 버추얼 아이돌 근황 / 스브스뉴스,스브스뉴스 SUBUSUNEWS,대댓글,@트수핀구단,깨어있으신 분이네요,1,2023-09-28T13:36:55Z,0,UgzKRGdBQObSftKJj_N4AaABAg.9vCf2XSx5D29vChK1ivGrY,S1bcy4h1mS8,UCFTS9KEiq-YOrqfHTLYa-Ng,2023-09-28T13:36:55Z,UgzKRGdBQObSftKJj_N4AaABAg,중립
콘서트 티켓 8분 만에 전석 매진시킨다는 버추얼 아이돌 근황 / 스브스뉴스,스브스뉴스 SUBUSUNEWS,대댓글,@nyanyaneo7080,나도 이세돌 좋아하기 전에는 이딴걸 왜 좋아하지? 하면서 애니도 안 보던 사람임...ㅠㅠㅋㅋㅋㅋㅋㅋㅋㅋㅋ 내가 좋아해보니까 다른 사람 존중 안 했던 과거가 후회스럽더라구요,7,2023-09-28T14:20:01Z,0,UgzKRGdBQObSftKJj_N4AaABAg.9vCf2XSx5D29vCmFjfU7rH,S1bcy4h1mS8,UC-yyYMole-yaiZFnJw5o7VA,2023-09-28T14:20:37Z,UgzKRGdBQObSftKJj_N4AaABAg,긍정
콘서트 티켓 8분 만에 전석 매진시킨다는 버추얼 아이돌 근황 / 스브스뉴스,스브스뉴스 SUBUSUNEWS,대댓글,@fxxk645,이게 맞죠,0,2023-09-28T14:36:23Z,0,UgzKRGdBQObSftKJj_N4AaABAg.9vCf2XSx5D29vCo7XduJ2O,S1bcy4h1mS8,UCl3gi5dcAolqOwFdTPI7tRA,2023-09-28T14:36:23Z,UgzKRGdBQObSftKJj_N4AaABAg,중립
콘서트 티켓 8분 만에 전석 매진시킨다는 버추얼 아이돌 근황 / 스브스뉴스,스브스뉴스 SUBUSUNEWS,대댓글,@BETTERCHOISE,​​​@@dlwoaudx그건 당연히 안 해야하는 거고;; 피 섞인 가족에게도 조심해야하는게 정치얘긴데 쌩판 남한테 그걸 왜 물어봄,1,2024-02-20T14:32:25Z,0,UgzKRGdBQObSftKJj_N4AaABAg.9vCf2XSx5D2A029wHI2Xus,S1bcy4h1mS8,UCJrX-7pj6qGTb818g3RmmhA,2024-05-30T18:19:34Z,UgzKRGdBQObSftKJj_N4AaABAg,중립
콘서트 티켓 8분 만에 전석 매진시킨다는 버추얼 아이돌 근황 / 스브스뉴스,스브스뉴스 SUBUSUNEWS,최상위 댓글,@damago4320,차원을 쥰내 넘어서 이세계 아이돌 화이팅~~!! 항상 응원하고 사랑합니다.,7,2023-09-28T05:24:16Z,0,UgzJiWhK892ZFUJNS894AaABAg,S1bcy4h1mS8,UCuNEb-F5y5PXuGHcMu0f4Yw,2023-09-28T05:24:16Z,,긍정
콘서트 티켓 8분 만에 전석 매진시킨다는 버추얼 아이돌 근황 / 스브스뉴스,스브스뉴스 SUBUSUNEWS,최상위 댓글,@SYDaemyeong1204,줄서는 부분이나 운영에 불편함도 있었지만 최애를 볼 수 있었으니 됐죠,2,2023-10-23T10:37:20Z,0,UgxAnLGtaVEvpZKuoLd4AaABAg,S1bcy4h1mS8,UCHfqV_m6YdMSoOpvdAf-8wQ,2023-10-23T10:37:20Z,,중립
콘서트 티켓 8분 만에 전석 매진시킨다는 버추얼 아이돌 근황 / 스브스뉴스,스브스뉴스 SUBUSUNEWS,최상위 댓글,@Kim_Azu,여기까지 성장한 이세돌아이돌분들 앞으로도 계속 쭉 응원하며 함께 오래오래 즐거운 시간을 보내면서 팬들과 아름다운 추억들 쌓아갈 수 있길!!!  이세돌 포에버~~ 음악방송으로 ㄷㄱㅈ!! 킹아~!!,70,2023-09-28T06:16:21Z,0,Ugy7OKNASphOsbig6bp4AaABAg,S1bcy4h1mS8,UCJtH5FrU0hqNe6ld30Vo51Q,2023-09-28T06:16:21Z,,긍정
콘서트 티켓 8분 만에 전석 매진시킨다는 버추얼 아이돌 근황 / 스브스뉴스,스브스뉴스 SUBUSUNEWS,최상위 댓글,@mamorial249,1:09 ???: 어 얘들아 양지 아니야~ 우린 더 음지로 가야해~ 테헹,8,2023-09-28T02:43:01Z,0,UgwKJS6Q6TWmv3Y57k14AaABAg,S1bcy4h1mS8,UCzj7hlXEPUcRpjpatiIjjPA,2023-09-28T02:43:01Z,,중립
콘서트 티켓 8분 만에 전석 매진시킨다는 버추얼 아이돌 근황 / 스브스뉴스,스브스뉴스 SUBUSUNEWS,최상위 댓글,@boxbox_w,우리 이세돌 너무 자랑스럽습니다!!! 음악 생방송까지 가는 그날까지 응원할게요❤️❤️❤️,172,2023-09-28T02:53:01Z,1,Ugz-lVYWnZV01Lb8HYh4AaABAg,S1bcy4h1mS8,UCiHCUnD44bptYcX8qk11y5w,2023-09-28T02:53:01Z,,긍정
콘서트 티켓 8분 만에 전석 매진시킨다는 버추얼 아이돌 근황 / 스브스뉴스,스브스뉴스 SUBUSUNEWS,대댓글,@dawn_chagari,킹아,0,2023-09-28T05:04:38Z,0,Ugz-lVYWnZV01Lb8HYh4AaABAg.9vBYd-Ilk-j9vBmgtwYARN,S1bcy4h1mS8,UCSOVm0MqR9XOYw5g1L0HfXA,2023-09-28T05:04:38Z,Ugz-lVYWnZV01Lb8HYh4AaABAg,중립
콘서트 티켓 8분 만에 전석 매진시킨다는 버추얼 아이돌 근황 / 스브스뉴스,스브스뉴스 SUBUSUNEWS,최상위 댓글,@hiinvest28,중간에 브챗으로 인터뷰 하는데 렉걸리는거 보니 상당히 똥컴인가보네 ㅋㅋㅋㅋㅋ,2,2023-10-15T10:49:09Z,0,Ugxw2OaaQcyFJwgJTGV4AaABAg,S1bcy4h1mS8,UCkt0JT6EsHlaYxJiZ2HTi-Q,2023-10-15T10:49:09Z,,중립
콘서트 티켓 8분 만에 전석 매진시킨다는 버추얼 아이돌 근황 / 스브스뉴스,스브스뉴스 SUBUSUNEWS,최상위 댓글,@ISD_LuvU,"우리 이세돌 너무 멋지다 흑흑... 진짜 우리 가수 짱 멋져ㅕㅕ 앞으로도 우리 오래오래 봐요ㅠㅠㅠ 이세페 오셨던 아티스트분들도 너무너무 멋지셨습니다 정말 감사드립니다!!!
근데 인터뷰 댕웃기네 진짴ㅋㅋㅋㅋㅋㅋㅋㅋㅋㅋ 인터뷰 영상보면 왁굳형이 너무 강해보여서 이세돌이 오히려 무난해보이넼ㅋㅋㅋㅋ 여튼 이세돌 사랑해...💜💛💙🩷🩵💚

릴파넴.. 전 입덕 했을 때 부터 당당한 이파리예여.. 그리고 버건니의 야망이 꼭 이뤄지길 흑흑",43,2023-09-28T06:21:38Z,0,UgwRyiTtrl2puPMy2CJ4AaABAg,S1bcy4h1mS8,UCwrgx6T0TJcbksT_EFIyYdA,2023-09-28T06:24:21Z,,긍정
콘서트 티켓 8분 만에 전석 매진시킨다는 버추얼 아이돌 근황 / 스브스뉴스,스브스뉴스 SUBUSUNEWS,최상위 댓글,@이네님볼살,우리끼리 즐길껀데 악플 다는 애들은 솔직히 입덕 부정기 아니냐? ㅋㅋㅋㅋ,14,2023-10-16T08:00:50Z,0,UgzH_BF-JUSSE03AiyB4AaABAg,S1bcy4h1mS8,UCwIfvrSqCEf3iGEfa4ulCOw,2023-10-16T08:00:50Z,,중립
콘서트 티켓 8분 만에 전석 매진시킨다는 버추얼 아이돌 근황 / 스브스뉴스,스브스뉴스 SUBUSUNEWS,최상위 댓글,@LilpaFann,"처음 본 분들에게는 어색하기만 할 이세계아이돌!!을 편견과 거리낌 없이 인터뷰, 소개해주셔서 감사합니다 스브스뉴스~!! 이세계아이돌을 처음 본 분들도 어색하기만 하겠지만 좋은 노래 좋은 컨텐츠 가득하니깐요! 앞으로 더욱 발전해나가는 이세계아이돌의 모습 기대해주세요!! 페스티벌까지 와주시다니 감동이에요🖤🖤👍👍",772,2023-09-28T03:51:16Z,59,Ugz1kdUnxC7LS5VmeBd4AaABAg,S1bcy4h1mS8,UC1IbZj66zT3jhFpf5MQjiBg,2023-09-28T03:51:16Z,,긍정
콘서트 티켓 8분 만에 전석 매진시킨다는 버추얼 아이돌 근황 / 스브스뉴스,스브스뉴스 SUBUSUNEWS,대댓글,@jinnnn3,우욱,25,2023-09-29T00:01:48Z,0,Ugz1kdUnxC7LS5VmeBd4AaABAg.9vBeIee-LdI9vDopp4C5ce,S1bcy4h1mS8,UCExY723dcVAHVA2LZ-GFqdw,2023-09-29T00:01:48Z,Ugz1kdUnxC7LS5VmeBd4AaABAg,중립
콘서트 티켓 8분 만에 전석 매진시킨다는 버추얼 아이돌 근황 / 스브스뉴스,스브스뉴스 SUBUSUNEWS,대댓글,@user-kk4ys9ti6p,"외국여자가 버튜버하면 그냥 그러려니 할텐데
페미남혐 군대비하 한국여자가 버튜버하는거 보니까 참을수가없네,,

제발 외국여자가 만든 버튜버판에 끼어들지좀마 토나오는 한국여자ㅉ",6,2023-09-29T01:24:30Z,0,Ugz1kdUnxC7LS5VmeBd4AaABAg.9vBeIee-LdI9vDyI_7hrdf,S1bcy4h1mS8,UCIqCiIg7kHEtco4dtDojTgQ,2023-09-29T01:24:30Z,Ugz1kdUnxC7LS5VmeBd4AaABAg,중립
콘서트 티켓 8분 만에 전석 매진시킨다는 버추얼 아이돌 근황 / 스브스뉴스,스브스뉴스 SUBUSUNEWS,대댓글,@991.2_RSR,@user-kk4ys9ti6p 뭔 되도 않는 여혐이야,66,2023-09-29T03:51:49Z,0,Ugz1kdUnxC7LS5VmeBd4AaABAg.9vBeIee-LdI9vEE9WZGb-C,S1bcy4h1mS8,UC5TF2J7FBSSL-TP2z6coqpw,2024-06-18T03:18:40Z,Ugz1kdUnxC7LS5VmeBd4AaABAg,중립
콘서트 티켓 8분 만에 전석 매진시킨다는 버추얼 아이돌 근황 / 스브스뉴스,스브스뉴스 SUBUSUNEWS,대댓글,@jinnnn3,@ミ_apxk 응 애니프사야 망상에 갇혀 살아라잇 니 킹아,9,2023-09-29T06:47:05Z,0,Ugz1kdUnxC7LS5VmeBd4AaABAg.9vBeIee-LdI9vEYD99STI1,S1bcy4h1mS8,UCExY723dcVAHVA2LZ-GFqdw,2024-06-18T03:18:40Z,Ugz1kdUnxC7LS5VmeBd4AaABAg,중립
콘서트 티켓 8분 만에 전석 매진시킨다는 버추얼 아이돌 근황 / 스브스뉴스,스브스뉴스 SUBUSUNEWS,대댓글,@jinnnn3,@ミ_apxk 팩트는 버튜버는 서브컬처도 아니라 그냥 음지임 ㅋ  성수동 가서 길가는 사람한테 붙잡고 이세돌아세요? 물어봐 우욱...,8,2023-09-29T06:48:08Z,0,Ugz1kdUnxC7LS5VmeBd4AaABAg.9vBeIee-LdI9vEYKog25jf,S1bcy4h1mS8,UCExY723dcVAHVA2LZ-GFqdw,2024-06-18T03:18:40Z,Ugz1kdUnxC7LS5VmeBd4AaABAg,중립
콘서트 티켓 8분 만에 전석 매진시킨다는 버추얼 아이돌 근황 / 스브스뉴스,스브스뉴스 SUBUSUNEWS,최상위 댓글,@ipari-loves-Isd,뉴스에도 뜨는 이세돌 레전드 ㅋㅋㅋㅋㅋ,4,2024-07-07T06:58:45Z,0,UgzNZ9BqDiuxKKzTigl4AaABAg,S1bcy4h1mS8,UCo4poK_N8Ewe_QvKiZn0_6g,2024-07-07T06:58:45Z,,중립
콘서트 티켓 8분 만에 전석 매진시킨다는 버추얼 아이돌 근황 / 스브스뉴스,스브스뉴스 SUBUSUNEWS,최상위 댓글,@choir4416,"공중파에서 이거를 다룰줄을 몰랐는데
우리 이세돌 모두 다양한 매력도있고 노래도 잘하고 춤도잘추고 그리고 우리  사장님이랑 다른 왁타버스 맴버분들이랑도 합방도 하고 그러니까 한번 빠지시면 헤어나오지 못하실거에요 한번만 드셔보세요
💜💛🖤❤️💙💚",31,2023-09-28T02:46:35Z,0,UgxnuSGWPRSfzI7jo2V4AaABAg,S1bcy4h1mS8,UCPVEQLCi_wJOgcwSl5eXFUg,2023-09-28T02:46:35Z,,중립
콘서트 티켓 8분 만에 전석 매진시킨다는 버추얼 아이돌 근황 / 스브스뉴스,스브스뉴스 SUBUSUNEWS,최상위 댓글,@HOLY_Tube,"30대 중반인 저도 처음엔 이런거 왜보나... 했었는데, 그땐 이런 버추얼 아이돌의 개념조차 자세히 몰랐었던 때 였습니다. 
매번 한번씩 눈에 띌때마다 무시했었는데, 생기넘치는 이세돌의 모습에 호기심으로 뮤비와 이세돌이 등장하는 여러 동영상을 보다보니 이세돌의 스토리를 알게되었고 어느세 저도 팬이되어있고 응원을 하고 있더라구요. 
과거엔 저도 알량한 가치관을 가지고서 겉으론 다양성 존중한다 말하곤 마음속으로 이런 덕질을 하는사람을 낮잡아 봤었는데, 많이 반성하게 되고 다른 사람들의 다양성을 정말로 존중하게 되었습니다.",48,2023-09-28T03:59:39Z,3,UgwWU1fj_0A52NTqA7t4AaABAg,S1bcy4h1mS8,UCM37ZXa0UxxyZeZ3Js7QaQQ,2023-09-28T04:22:18Z,,긍정
콘서트 티켓 8분 만에 전석 매진시킨다는 버추얼 아이돌 근황 / 스브스뉴스,스브스뉴스 SUBUSUNEWS,대댓글,@elged8466,뭘 그리 거창하게 생각하시나요 다양성익 존중이고 그냥 본인이 좋으면 보시는거고 아니면 아닌거죠 ㅎㅎ 현생에 밝히기 부끄러우시면 그런데로 혼자만 보셔도 되구요,1,2023-09-28T04:30:52Z,0,UgwWU1fj_0A52NTqA7t4AaABAg.9vBfG-Dn84u9vBipcnTgVM,S1bcy4h1mS8,UCvly9rpG1acZegWgLzPN34w,2023-09-28T04:30:52Z,UgwWU1fj_0A52NTqA7t4AaABAg,중립
콘서트 티켓 8분 만에 전석 매진시킨다는 버추얼 아이돌 근황 / 스브스뉴스,스브스뉴스 SUBUSUNEWS,대댓글,@NoFightPlease,다들 처음엔 그렇개 시작하죠,1,2023-09-28T09:44:04Z,0,UgwWU1fj_0A52NTqA7t4AaABAg.9vBfG-Dn84u9vCHfWcrIbx,S1bcy4h1mS8,UCehJ5Aq9l95_qhnY29QiTKg,2023-09-28T09:44:04Z,UgwWU1fj_0A52NTqA7t4AaABAg,중립
콘서트 티켓 8분 만에 전석 매진시킨다는 버추얼 아이돌 근황 / 스브스뉴스,스브스뉴스 SUBUSUNEWS,대댓글,@ETERNAL-r5bs,모든 것에는 의미 없어 보이더라도 자세히 들여다 보면 가치가 있습니다. 함부로 그런 식으로 비하하거나 얕잡아 보면 안 됩니다,0,2024-07-23T19:46:55Z,0,UgwWU1fj_0A52NTqA7t4AaABAg.9vBfG-Dn84uA6FGLapufUL,S1bcy4h1mS8,UCmlqogvxESfK7RFXJGKI1Ag,2024-07-23T19:46:55Z,UgwWU1fj_0A52NTqA7t4AaABAg,중립
콘서트 티켓 8분 만에 전석 매진시킨다는 버추얼 아이돌 근황 / 스브스뉴스,스브스뉴스 SUBUSUNEWS,최상위 댓글,@d__o__y__e__o__n,2:10 이 분이 비주얼인가요?,44,2023-09-28T03:02:27Z,3,Ugywgj1cPMo2aXz6FZZ4AaABAg,S1bcy4h1mS8,UCWFse9jiRMICNIU-fkx1K6g,2023-09-28T03:02:27Z,,중립
콘서트 티켓 8분 만에 전석 매진시킨다는 버추얼 아이돌 근황 / 스브스뉴스,스브스뉴스 SUBUSUNEWS,대댓글,@llpllllpllplllpllp,맞스무니다~,0,2023-09-28T03:03:56Z,0,Ugywgj1cPMo2aXz6FZZ4AaABAg.9vBZi3I6Q9M9vBZsr2mMw5,S1bcy4h1mS8,UCyvcZCQKs-Id2ZUXRltMMlQ,2023-09-28T03:03:56Z,Ugywgj1cPMo2aXz6FZZ4AaABAg,중립
콘서트 티켓 8분 만에 전석 매진시킨다는 버추얼 아이돌 근황 / 스브스뉴스,스브스뉴스 SUBUSUNEWS,대댓글,@leli_chan,정답입니다!,0,2023-09-28T03:04:41Z,0,Ugywgj1cPMo2aXz6FZZ4AaABAg.9vBZi3I6Q9M9vBZyNf_phQ,S1bcy4h1mS8,UCUsbZVP29n3RAJHtP833aTQ,2023-09-28T03:04:41Z,Ugywgj1cPMo2aXz6FZZ4AaABAg,중립
콘서트 티켓 8분 만에 전석 매진시킨다는 버추얼 아이돌 근황 / 스브스뉴스,스브스뉴스 SUBUSUNEWS,대댓글,@user-silverS2,영택이형..$,0,2024-08-11T11:28:52Z,0,Ugywgj1cPMo2aXz6FZZ4AaABAg.9vBZi3I6Q9MA7-ISRIHCdu,S1bcy4h1mS8,UCLD1oFIjVxMHV6tF_TapNjw,2024-08-11T11:28:52Z,Ugywgj1cPMo2aXz6FZZ4AaABAg,중립
콘서트 티켓 8분 만에 전석 매진시킨다는 버추얼 아이돌 근황 / 스브스뉴스,스브스뉴스 SUBUSUNEWS,최상위 댓글,@AKA-x5x,자랑스럽다 이세돌...,5,2023-10-24T01:21:07Z,0,Ugz34JtqkwWSvJRcOuR4AaABAg,S1bcy4h1mS8,UCjWUlU7c2pZhh-IwkSzxfAQ,2023-10-24T01:21:07Z,,중립
콘서트 티켓 8분 만에 전석 매진시킨다는 버추얼 아이돌 근황 / 스브스뉴스,스브스뉴스 SUBUSUNEWS,최상위 댓글,@jin5553,이렇게 스브스에서 이세계 아이돌 보니 반갑고 감격스러워요!ㅠㅠㅠ 자랑스러운 이세돌 언제나 응원해!💜💛🖤🩷🩵💚,26,2023-09-28T03:04:43Z,0,Ugx1cKsoSoi6MoyTnCx4AaABAg,S1bcy4h1mS8,UCifk637DlHjYO1HMgR7Shgw,2023-09-28T03:04:43Z,,긍정
콘서트 티켓 8분 만에 전석 매진시킨다는 버추얼 아이돌 근황 / 스브스뉴스,스브스뉴스 SUBUSUNEWS,최상위 댓글,@뜨거운_아아,"형.. 이정도면 우리 양지 맞지? 하다가 진짜 양지로 나와버린... 음중 10위에 멜론 6위에 핫백 1위, 명전 4관왕에 한국 빌보드 3위, 미국 제외 167위에 콘서트까지 하면.. 양지 맞아... 이세계 아이돌... 어디까지 커질거냐... 자 4집 목표는 1위다... 이세계 아이돌!! 화이팅!!! 킹아!!! 💜💛🖤❤💙💚",69,2023-09-28T02:38:28Z,8,UgzIldWSS-ejFLFzOBx4AaABAg,S1bcy4h1mS8,UCxMBON4C7lnFMHhthTccuxw,2023-09-28T03:06:40Z,,중립
콘서트 티켓 8분 만에 전석 매진시킨다는 버추얼 아이돌 근황 / 스브스뉴스,스브스뉴스 SUBUSUNEWS,대댓글,@ggamjjigi-ggyu,빌보드 코리아 3위입니다,0,2023-09-28T03:02:49Z,0,UgzIldWSS-ejFLFzOBx4AaABAg.9vBWyPVsV589vBZkgMubH0,S1bcy4h1mS8,UCF7wGPZq95qkWoDkWUjULaA,2023-09-28T03:02:49Z,UgzIldWSS-ejFLFzOBx4AaABAg,중립
콘서트 티켓 8분 만에 전석 매진시킨다는 버추얼 아이돌 근황 / 스브스뉴스,스브스뉴스 SUBUSUNEWS,대댓글,@ggamjjigi-ggyu,게다가 음중 10위,0,2023-09-28T03:03:13Z,0,UgzIldWSS-ejFLFzOBx4AaABAg.9vBWyPVsV589vBZncgHbsq,S1bcy4h1mS8,UCF7wGPZq95qkWoDkWUjULaA,2023-09-28T03:03:13Z,UgzIldWSS-ejFLFzOBx4AaABAg,중립
콘서트 티켓 8분 만에 전석 매진시킨다는 버추얼 아이돌 근황 / 스브스뉴스,스브스뉴스 SUBUSUNEWS,대댓글,@ggamjjigi-ggyu,핫백 1위도 있고요,0,2023-09-28T03:03:59Z,0,UgzIldWSS-ejFLFzOBx4AaABAg.9vBWyPVsV589vBZtJoKWdi,S1bcy4h1mS8,UCF7wGPZq95qkWoDkWUjULaA,2023-09-28T03:03:59Z,UgzIldWSS-ejFLFzOBx4AaABAg,중립
콘서트 티켓 8분 만에 전석 매진시킨다는 버추얼 아이돌 근황 / 스브스뉴스,스브스뉴스 SUBUSUNEWS,대댓글,@뜨거운_아아,아 죄송합니다.. 급하게 치다가 잘못 쳤네요.,0,2023-09-28T03:06:01Z,0,UgzIldWSS-ejFLFzOBx4AaABAg.9vBWyPVsV589vB_79B2YZE,S1bcy4h1mS8,UCxMBON4C7lnFMHhthTccuxw,2023-09-28T03:06:01Z,UgzIldWSS-ejFLFzOBx4AaABAg,중립
콘서트 티켓 8분 만에 전석 매진시킨다는 버추얼 아이돌 근황 / 스브스뉴스,스브스뉴스 SUBUSUNEWS,대댓글,@오금금,아직 개같이 음지입니다... 일본도 양지못갔어요 힘내십쇼 근데 일간 46위인가 들었다던데 일간 차트 25위? 그안에들면 걍 대중픽 제대로받은거라던데 은근멀지않을지도,12,2023-09-28T03:12:25Z,0,UgzIldWSS-ejFLFzOBx4AaABAg.9vBWyPVsV589vB_r3mADJc,S1bcy4h1mS8,UCgj-pZNprqEW2bYuJ8ZSJeg,2023-09-28T03:14:16Z,UgzIldWSS-ejFLFzOBx4AaABAg,중립
콘서트 티켓 8분 만에 전석 매진시킨다는 버추얼 아이돌 근황 / 스브스뉴스,스브스뉴스 SUBUSUNEWS,최상위 댓글,@mkqwer10,"세상이 거꾸로 돌아간다고들 하는데
 군대, 시장경제, 정치, 성차별, 역차별, 마약 등등이랑 비교하면 정상적으로 돌아가는 것 같은뎅?",15,2023-11-07T17:16:54Z,0,UgygWBRRd_7t2W53beV4AaABAg,S1bcy4h1mS8,UC8FPXt0yNhQLcgdlR4L4GVw,2023-11-07T17:16:54Z,,중립
콘서트 티켓 8분 만에 전석 매진시킨다는 버추얼 아이돌 근황 / 스브스뉴스,스브스뉴스 SUBUSUNEWS,최상위 댓글,@남중고딩때말고중고거,인터뷰하시는 기자분도 아이구 하면서 찐 모멘트로 공감하시는데요 ㅋㅋㅋㅋㅋㅋㅋ,1,2024-03-12T23:45:33Z,0,UgwMEIa6OH6BgXLevfV4AaABAg,S1bcy4h1mS8,UC7v-Cr3skwGPg3AXzCEZZJQ,2024-03-12T23:45:33Z,,중립
콘서트 티켓 8분 만에 전석 매진시킨다는 버추얼 아이돌 근황 / 스브스뉴스,스브스뉴스 SUBUSUNEWS,최상위 댓글,@tekcop27,"솔찍히 입덕하기엔 진입장벽이 있긴한데 이걸 크게 생각해서 와 버추얼걸그룹을 덕질해야겠다 라는 생각으로 입덕하는게 아니라 
반대로 단순히 흔히들 보는 유튜브나 트위치같은 인터넷방송을 본다라고 생각하고 자연스럽게 입덕하게되는게 아닐까싶음 
나는 단순히 인터넷방송을 보는데 방송인이 게임도하고 컨텐츠도 하고 시참으로 소통도 하고 커버곡도 내고 오리지널 앨범곡도 내다보니
자연스럽게 멜론이나 유튜브로 스밍도 돌리고 응원도 하게되는 그런 자연스러운 입덕이 가능하게되는거같네요",28,2023-09-28T02:22:04Z,2,UgygH1RqCNJ15qzalxJ4AaABAg,S1bcy4h1mS8,UCa2z2fPM3QQUolwhUClzEfA,2023-09-28T02:22:04Z,,긍정
콘서트 티켓 8분 만에 전석 매진시킨다는 버추얼 아이돌 근황 / 스브스뉴스,스브스뉴스 SUBUSUNEWS,대댓글,@windbridge0415,ㅇㄱㄹㅇ 지난날을 되돌아보니 저도 그렇게 접하고 그렇게 입덕한 것 같네요,0,2023-09-28T02:24:29Z,0,UgygH1RqCNJ15qzalxJ4AaABAg.9vBV5CzF2ZQ9vBVN0Jm0Hn,S1bcy4h1mS8,UCapKziHYuM7GcQBRFxhRXow,2023-09-28T02:24:29Z,UgygH1RqCNJ15qzalxJ4AaABAg,중립
콘서트 티켓 8분 만에 전석 매진시킨다는 버추얼 아이돌 근황 / 스브스뉴스,스브스뉴스 SUBUSUNEWS,대댓글,@녹두레기,ㄹㅇ 그냥 유튜버본다고 생각하고 입덕하면 순식간임,0,2023-09-28T02:30:21Z,0,UgygH1RqCNJ15qzalxJ4AaABAg.9vBV5CzF2ZQ9vBW1vr4eaL,S1bcy4h1mS8,UCPmbNoXr-UojpuOsv4uaZiw,2023-09-28T02:30:21Z,UgygH1RqCNJ15qzalxJ4AaABAg,중립
콘서트 티켓 8분 만에 전석 매진시킨다는 버추얼 아이돌 근황 / 스브스뉴스,스브스뉴스 SUBUSUNEWS,최상위 댓글,@winter-bear-z4d,"정말 정말 멋지고 사랑스러운 우리 이세돌들!!
정말 주르르! 고세구! 징버거! 아이네! 릴파! 비챤! 
정말 고생하면서 달려온 그들의 여정을 앞으로도 지켜보기를 원합니다! 
정말 사랑합니다!! ❤🧡💚💙💜🤍",331,2023-09-28T04:13:50Z,11,Ugx_MXp5oze0rj_wvx54AaABAg,S1bcy4h1mS8,UCBdm4ZxBEOvOOOh8_5ixovw,2023-09-28T04:18:52Z,,긍정
콘서트 티켓 8분 만에 전석 매진시킨다는 버추얼 아이돌 근황 / 스브스뉴스,스브스뉴스 SUBUSUNEWS,대댓글,@dawn_chagari,킹아,2,2023-09-28T05:05:35Z,0,Ugx_MXp5oze0rj_wvx54AaABAg.9vBgsvMGcGV9vBmnsOlCyr,S1bcy4h1mS8,UCSOVm0MqR9XOYw5g1L0HfXA,2023-09-28T05:05:35Z,Ugx_MXp5oze0rj_wvx54AaABAg,중립
콘서트 티켓 8분 만에 전석 매진시킨다는 버추얼 아이돌 근황 / 스브스뉴스,스브스뉴스 SUBUSUNEWS,대댓글,@Muyo_cute,킹애,2,2023-09-28T08:05:34Z,0,Ugx_MXp5oze0rj_wvx54AaABAg.9vBgsvMGcGV9vC6P6h2FMi,S1bcy4h1mS8,UCTL0LnK0bwS8UqvmCFKNHVw,2023-09-28T08:05:34Z,Ugx_MXp5oze0rj_wvx54AaABAg,중립
콘서트 티켓 8분 만에 전석 매진시킨다는 버추얼 아이돌 근황 / 스브스뉴스,스브스뉴스 SUBUSUNEWS,대댓글,@user-kk4ys9ti6p,"버튜버는 문제가 아님
한국여자같은게 버튜버를 하니까 문제가되는거

외국여자였으면 그냥 그러려니 하는건데
페미남혐 군대비하 한국여자가 버튜버하는거 보니까 역겨움

제발 외국여자가 만든 버튜버판에 끼어들지좀마 토나오는 한국여자 ㅉ",10,2023-09-28T10:53:57Z,0,Ugx_MXp5oze0rj_wvx54AaABAg.9vBgsvMGcGV9vCPfUKh8Yt,S1bcy4h1mS8,UCIqCiIg7kHEtco4dtDojTgQ,2023-09-28T10:53:57Z,Ugx_MXp5oze0rj_wvx54AaABAg,중립
콘서트 티켓 8분 만에 전석 매진시킨다는 버추얼 아이돌 근황 / 스브스뉴스,스브스뉴스 SUBUSUNEWS,대댓글,@명장면-y8r,병먹금 쉿,12,2023-09-28T11:08:26Z,0,Ugx_MXp5oze0rj_wvx54AaABAg.9vBgsvMGcGV9vCRKU-684f,S1bcy4h1mS8,UCWtmm-DQxO3Blx8-gK8fxvw,2023-09-28T11:08:26Z,Ugx_MXp5oze0rj_wvx54AaABAg,중립
콘서트 티켓 8분 만에 전석 매진시킨다는 버추얼 아이돌 근황 / 스브스뉴스,스브스뉴스 SUBUSUNEWS,대댓글,@winter-bear-z4d,@명장면-y8r 댓글 삭제시켰습니다 ㅋㅋ,0,2023-09-28T14:43:11Z,0,Ugx_MXp5oze0rj_wvx54AaABAg.9vBgsvMGcGV9vCouQ383b7,S1bcy4h1mS8,UCBdm4ZxBEOvOOOh8_5ixovw,2024-06-18T02:22:07Z,Ugx_MXp5oze0rj_wvx54AaABAg,중립
콘서트 티켓 8분 만에 전석 매진시킨다는 버추얼 아이돌 근황 / 스브스뉴스,스브스뉴스 SUBUSUNEWS,최상위 댓글,@user-kimdaeung,이세계 아이돌 가장 큰 매력 중 하나는 이 사람들의 외모보다는 이 사람 자체의 매력에 빠지게 된다는게 정말 매력적인거 같아요 좋게 봐주셔서 감사합니다,17,2023-09-28T03:41:02Z,0,Ugydkh_NeB6dllByFhJ4AaABAg,S1bcy4h1mS8,UCmGpu10nDNuf0MjLR66p4tA,2023-09-28T03:41:02Z,,긍정
콘서트 티켓 8분 만에 전석 매진시킨다는 버추얼 아이돌 근황 / 스브스뉴스,스브스뉴스 SUBUSUNEWS,최상위 댓글,@절대로안웃는다-u6i,"왜보는지 몰랐는데 한번 두번 보다보면
빠져있을거임 말주변이 없어서 설명을 잘못하겠는데 ..그냥 우리랑똑같은 사람이고
재밌고 웃긴분들 많음ㅎㅎ힐링하세요",3,2024-03-02T22:02:41Z,0,Ugxdbd33dNE2LM8_8H54AaABAg,S1bcy4h1mS8,UCDk9XXBEawia2vDr70649Xw,2024-03-02T22:02:41Z,,긍정
콘서트 티켓 8분 만에 전석 매진시킨다는 버추얼 아이돌 근황 / 스브스뉴스,스브스뉴스 SUBUSUNEWS,최상위 댓글,@NownTown,"처음에 이세돌이라는 콘텐츠가 생기고 봤을 땐 진짜 항마력 딸려서 못봤었는데 이후 이세돌 그룹이 창설되고 멤버들의 합격후 반응을 보고나서 쌓여있는 진입장벽이 사르르 녹아버리더라구요.

진짜 그거 보고 바로 입덕되고 지금까지 진짜 열심히 달리고 있습니다. 언젠가는 정규 앨범이 나오길 고대하고 있겠습니다!!

이세돌 화이팅!!!

-이파리 올림-",55,2023-09-28T06:32:58Z,1,Ugwn-pxdrvlgYKty81R4AaABAg,S1bcy4h1mS8,UCcLy44qlhVylBwdaRDALgHw,2023-09-28T06:34:48Z,,중립
콘서트 티켓 8분 만에 전석 매진시킨다는 버추얼 아이돌 근황 / 스브스뉴스,스브스뉴스 SUBUSUNEWS,대댓글,@flyingdog-11,5집은 정규앨범일 가능성이 높다 했으니 기대해보자고요,0,2023-09-28T14:49:08Z,0,Ugwn-pxdrvlgYKty81R4AaABAg.9vBwnvalsYh9vCpa-ECHQX,S1bcy4h1mS8,UCh7qWJLZg7vct8kDDTItJtg,2023-09-28T14:49:08Z,Ugwn-pxdrvlgYKty81R4AaABAg,중립
콘서트 티켓 8분 만에 전석 매진시킨다는 버추얼 아이돌 근황 / 스브스뉴스,스브스뉴스 SUBUSUNEWS,최상위 댓글,@fromnowmiini,나만 알던 작은 아이돌 스트리머 같던 이세돌 이렇게 성장하고 점점 더 대중에게 알려지는 모습을 보니 내가 다 뿌듯하고 우리 아이돌이 더더욱 자랑스러운 마음이 드네요 언제나 멋진 이세돌 응원합니다!! 킹아💙💜💚💛❤️🖤,16,2023-09-28T03:19:13Z,0,UgwuDfdVi3uJwRPC6gZ4AaABAg,S1bcy4h1mS8,UC2ZbUMKe81oKjk9LVbVwN1g,2023-09-28T03:19:13Z,,긍정
콘서트 티켓 8분 만에 전석 매진시킨다는 버추얼 아이돌 근황 / 스브스뉴스,스브스뉴스 SUBUSUNEWS,최상위 댓글,@doolgii,"처음 시작했을 땐 아무도 아이돌과 팬의 관계를 생각하지 않고 그저 30대 인터넷방송인  ☞ 스트리머의 작은 콘텐츠로 시작했습니다. 시청자들 중 오디션을 봐서 노래하고 춤추게 하겠다. 시청자들과 노는 걸 좋아하고 원활하게 소통했던 스트리머의 평소 방송에서 그렇게 특이점이라고 생각할 만한 콘텐츠는 아니었기에 모두가 그저 재미로 시청을 시작했다고 생각합니다. 누구나 환영했던 건 아니었고 캐릭터에 대한 거부감 등으로 버거워 하는 사람들이 많았고 지금도 적지 않다고 봅니다. 하지만 그 작고 미미한 이세계아이돌 ☞ 이세돌의 시작부터 꾸준한 노력과 성장을 거듭하는 과정을 함께 지켜본 사람들에게 있어 이세돌은 스트리머이자 아이돌이 되었고 그들을 보며 시청자들은 자연스레 팬들이 되었고 일부는 내로라할만한 3D, 음악, 영상 인재들로 성장했습니다. 이것이 그저 아이돌, 팬, 씹덕, 서브컬쳐문화를 넘어 양측이 서로 발전할 수 있는 아주 좋은 선순환이 되었다고 생각합니다. 앞으로의 행보가 많이 기대되지 않을 수 없는 이세돌 그리고 영택이형 사랑해

""아이돌은 스토리다"" by. 짭치(넝담)",9,2023-09-28T07:16:57Z,0,UgwKTIjl8i6t9RswOGl4AaABAg,S1bcy4h1mS8,UCVX_tdeJDqEoycVg5AvWP-A,2023-09-28T07:16:57Z,,긍정
콘서트 티켓 8분 만에 전석 매진시킨다는 버추얼 아이돌 근황 / 스브스뉴스,스브스뉴스 SUBUSUNEWS,최상위 댓글,@pcahxj,"저런게 먹혀? 라고 생각했던게 
진짜로 먹히네요.",2,2023-09-28T11:07:40Z,0,Ugxs26TteHkr_5K0jdN4AaABAg,S1bcy4h1mS8,UCGL_CdzDWykY30Zi1RnqTVw,2023-09-28T11:07:40Z,,중립
콘서트 티켓 8분 만에 전석 매진시킨다는 버추얼 아이돌 근황 / 스브스뉴스,스브스뉴스 SUBUSUNEWS,최상위 댓글,@한단,와 우리 이세돌 너무 자랑스럽습니다!!! 영원하자!! 💜💛🖤❤️💙💚,61,2023-09-28T02:31:06Z,0,Ugy0-b294Hq8EJoDy-Z4AaABAg,S1bcy4h1mS8,UCtHfjRuh5IYJNQdA__Esadg,2023-09-28T02:31:06Z,,중립
콘서트 티켓 8분 만에 전석 매진시킨다는 버추얼 아이돌 근황 / 스브스뉴스,스브스뉴스 SUBUSUNEWS,최상위 댓글,@Hodunamumu,레전드다.. 이세계아이돌 맨날응원해 파이팅 ❤,16,2023-09-28T02:46:41Z,0,UgxqPII1s5FStsmfn9d4AaABAg,S1bcy4h1mS8,UC2E_aHaFDQVLRIe-09h67BQ,2023-09-28T02:46:41Z,,긍정
콘서트 티켓 8분 만에 전석 매진시킨다는 버추얼 아이돌 근황 / 스브스뉴스,스브스뉴스 SUBUSUNEWS,최상위 댓글,@SEGUCAT,"항상 성장해나가는 이세계아이돌!! 언제나 팬분들과 재밌게 놀고 때로는 감동적인 모먼트도 보여주시면서 같이 소통해가며 즐겁게 지낼 수 있다는게 정말 큰 매력인 것 같아요!
이렇게 인터뷰까지 하시는걸 보니 넘 뿌듯하고 감동적입니다 ㅠㅠ 인터뷰해주신 스브스 관계자분들 감사합니다!!
처음 봐주시는 분들도 이쁘게 봐주시면 좋겠네요!! 정말 멋지고 자랑스러운 이파리들의 아이돌입니다!!!💜💛🖤❤💙💚",365,2023-09-28T06:03:04Z,5,Ugyp4KFjPXWDRO1-yJt4AaABAg,S1bcy4h1mS8,UCzEltgJTZY9RRjTZtW9_Jpg,2023-09-28T06:03:04Z,,긍정
콘서트 티켓 8분 만에 전석 매진시킨다는 버추얼 아이돌 근황 / 스브스뉴스,스브스뉴스 SUBUSUNEWS,대댓글,@Sitpai,​boosinkorea저기 간 사람들 다 육수임?,1,2023-12-27T15:29:43Z,0,Ugyp4KFjPXWDRO1-yJt4AaABAg.9vBtNzL_fNo9ypdlwYhqST,S1bcy4h1mS8,UCRbleoOmsuQuDhqc2-abteA,2024-04-18T02:14:29Z,Ugyp4KFjPXWDRO1-yJt4AaABAg,중립
콘서트 티켓 8분 만에 전석 매진시킨다는 버추얼 아이돌 근황 / 스브스뉴스,스브스뉴스 SUBUSUNEWS,대댓글,@check_mate_,"hanByo 헐 누나 날 가져요 엉엉 이런게 아니라 그냥 신선하고 접근성 좋아서 인기가 있는거지. 인터넷 방송 본다고 다 방구석 히키코모리는 아닌것처럼 그냥 저스트 채팅 인터넷 방송인, 그런데 2d를 곁드린. 고런 느낌?",1,2024-01-07T15:32:47Z,0,Ugyp4KFjPXWDRO1-yJt4AaABAg.9vBtNzL_fNo9zGys0XYB5R,S1bcy4h1mS8,UC0BqbW5FydcpeWDscNzLXcA,2024-04-18T02:14:29Z,Ugyp4KFjPXWDRO1-yJt4AaABAg,긍정
콘서트 티켓 8분 만에 전석 매진시킨다는 버추얼 아이돌 근황 / 스브스뉴스,스브스뉴스 SUBUSUNEWS,대댓글,@준수의게임채널,3D인데​hanByo,0,2024-01-10T20:07:42Z,0,Ugyp4KFjPXWDRO1-yJt4AaABAg.9vBtNzL_fNo9zPBiEYB3ZR,S1bcy4h1mS8,UCL_tCt1LU4S75JNFxjhEECQ,2024-04-18T02:14:29Z,Ugyp4KFjPXWDRO1-yJt4AaABAg,중립
콘서트 티켓 8분 만에 전석 매진시킨다는 버추얼 아이돌 근황 / 스브스뉴스,스브스뉴스 SUBUSUNEWS,대댓글,@준수의게임채널,@mouwoln 근데 2d가 아니라 3d인건 맞잖아요 저분이 모르는것같아서 알려준건데 왜 시비에요,0,2024-01-17T13:28:06Z,0,Ugyp4KFjPXWDRO1-yJt4AaABAg.9vBtNzL_fNo9zfVY_po9PR,S1bcy4h1mS8,UCL_tCt1LU4S75JNFxjhEECQ,2024-04-18T02:14:29Z,Ugyp4KFjPXWDRO1-yJt4AaABAg,중립
콘서트 티켓 8분 만에 전석 매진시킨다는 버추얼 아이돌 근황 / 스브스뉴스,스브스뉴스 SUBUSUNEWS,대댓글,@로토나-n7o,​hanByo애는 남의성공보고 배아파하는 쓰레기 스타일이네,0,2024-01-19T04:52:29Z,0,Ugyp4KFjPXWDRO1-yJt4AaABAg.9vBtNzL_fNo9zjj7p-v9GB,S1bcy4h1mS8,UCCbxTz0KAy3T3q8X6bg3GtA,2024-04-18T02:14:29Z,Ugyp4KFjPXWDRO1-yJt4AaABAg,중립
콘서트 티켓 8분 만에 전석 매진시킨다는 버추얼 아이돌 근황 / 스브스뉴스,스브스뉴스 SUBUSUNEWS,최상위 댓글,@xyyoutube,누군진 모르겠지만 정말 모시껭이하고 이쁘고 귀엽네요 킹아~~,5,2024-05-01T14:34:06Z,0,UgyaE6iis_GhEW4VvFF4AaABAg,S1bcy4h1mS8,UC2S-t9b-J0CTg9lxPjFYqUw,2024-05-01T14:34:06Z,,중립
콘서트 티켓 8분 만에 전석 매진시킨다는 버추얼 아이돌 근황 / 스브스뉴스,스브스뉴스 SUBUSUNEWS,최상위 댓글,@청양고추먹은수준,"도대체 이게 뭐냐 세상이 진짜 망했나 오마갓 오마갓

구해줘 마이 슈퍼히어로",10,2023-09-28T02:39:01Z,2,UgxDgp5oh5Gy2lTU6Z54AaABAg,S1bcy4h1mS8,UCuZ_1XNtpNxZA7o5IHlsCow,2023-09-28T02:39:01Z,,중립
콘서트 티켓 8분 만에 전석 매진시킨다는 버추얼 아이돌 근황 / 스브스뉴스,스브스뉴스 SUBUSUNEWS,대댓글,@모르포,킹애~,0,2023-09-28T02:40:18Z,0,UgxDgp5oh5Gy2lTU6Z54AaABAg.9vBX1N0nopL9vBXAphhEoE,S1bcy4h1mS8,UCo5QkSAWe9uw7fO4a67S9hQ,2023-09-28T02:40:18Z,UgxDgp5oh5Gy2lTU6Z54AaABAg,중립
콘서트 티켓 8분 만에 전석 매진시킨다는 버추얼 아이돌 근황 / 스브스뉴스,스브스뉴스 SUBUSUNEWS,대댓글,@flyingdog-11,검거,0,2023-09-28T02:51:18Z,0,UgxDgp5oh5Gy2lTU6Z54AaABAg.9vBX1N0nopL9vBYRNmMJ9P,S1bcy4h1mS8,UCh7qWJLZg7vct8kDDTItJtg,2023-09-28T02:51:18Z,UgxDgp5oh5Gy2lTU6Z54AaABAg,중립
콘서트 티켓 8분 만에 전석 매진시킨다는 버추얼 아이돌 근황 / 스브스뉴스,스브스뉴스 SUBUSUNEWS,최상위 댓글,@user-vg6uo9cj1b,와 미친 인터뷰! 컴퓨터 렉 때문에 힘드셨을텐데 인터뷰 해주셔서 감사합니다ㅋㅋ 이세돌 처음 접하신분들 버츄얼에 대한 거부감이 있을 수 도 있는데 다들 따숩게 봐주세요ㅜㅜ 캐릭터 뒤에 진짜 사람들이고 팬들과 항상 소통하는 방송 스트리머 겸 항상 열심히 활동하는 아이돌입니다! 입덕해서 이파리인게 행복해요 이세계 아이돌 화이팅!,68,2023-09-28T02:23:05Z,2,UgwOm6kf7AofPNBfGdJ4AaABAg,S1bcy4h1mS8,UCrkq3BBDacdeChGFHINC9Nw,2023-09-28T02:24:21Z,,긍정
콘서트 티켓 8분 만에 전석 매진시킨다는 버추얼 아이돌 근황 / 스브스뉴스,스브스뉴스 SUBUSUNEWS,대댓글,@gijjlv,sbs돈도 많으면서 직원들한테 똥컴주나보네 진짜 노트북으로도 저정도로 안끊기는데,4,2023-09-28T04:42:26Z,0,UgwOm6kf7AofPNBfGdJ4AaABAg.9vBVCkLxGu69vBk9IZ7bDZ,S1bcy4h1mS8,UCXpEBDUjWUuKbGZUMvp6iDA,2023-09-28T04:42:26Z,UgwOm6kf7AofPNBfGdJ4AaABAg,중립
콘서트 티켓 8분 만에 전석 매진시킨다는 버추얼 아이돌 근황 / 스브스뉴스,스브스뉴스 SUBUSUNEWS,대댓글,@busick0129,@gijjlv 챠니도 렉걸린다 그랬음,0,2023-09-28T07:20:01Z,0,UgwOm6kf7AofPNBfGdJ4AaABAg.9vBVCkLxGu69vC1BUqLxeY,S1bcy4h1mS8,UCR5zSc0M1VvV719OWVOdRmg,2024-06-17T22:59:06Z,UgwOm6kf7AofPNBfGdJ4AaABAg,중립
콘서트 티켓 8분 만에 전석 매진시킨다는 버추얼 아이돌 근황 / 스브스뉴스,스브스뉴스 SUBUSUNEWS,최상위 댓글,@ultravulcan_,뉴스 보면서 눈물 나오는건 처음입니다 ㅠㅠㅠㅠ 이세돌 행복하자 ㅠㅠㅠㅠ 영택이형 사랑해❤❤❤,32,2023-09-28T02:41:40Z,0,Ugwz6nQ81qzu2Sd9rHx4AaABAg,S1bcy4h1mS8,UCHa4OvQPsHIbGdhQq_yC3Tg,2023-09-28T02:41:40Z,,긍정
콘서트 티켓 8분 만에 전석 매진시킨다는 버추얼 아이돌 근황 / 스브스뉴스,스브스뉴스 SUBUSUNEWS,최상위 댓글,@이파리-p4e,아니 왜 자꾸 장사가 잘되는데!!??,4,2023-09-28T11:08:18Z,0,UgyVzIyWy5l9g58ZCfl4AaABAg,S1bcy4h1mS8,UCyFF7o10G1yiOpnEsWTY91g,2023-09-28T11:08:18Z,,중립
콘서트 티켓 8분 만에 전석 매진시킨다는 버추얼 아이돌 근황 / 스브스뉴스,스브스뉴스 SUBUSUNEWS,최상위 댓글,@Dbbb-f2o,"모두 꿈을 이루는 그날까지
화이팅 이세계아이돌!!!!",14,2023-09-28T02:53:05Z,0,UgyGN0rXsLz5hZkgrr94AaABAg,S1bcy4h1mS8,UC_1ajpmSspy7MPUm1HTexgQ,2023-09-28T02:53:05Z,,중립
콘서트 티켓 8분 만에 전석 매진시킨다는 버추얼 아이돌 근황 / 스브스뉴스,스브스뉴스 SUBUSUNEWS,최상위 댓글,@SI_ave,"어느 분야든 상위 1%는 먹고산다지만
현실 아이돌 지망생들은 현타 올듯...",12,2023-12-29T12:14:04Z,0,UgxQinoe_vr2S_SdILJ4AaABAg,S1bcy4h1mS8,UCB33kyvCLS4Rj9QHpiDVNDA,2023-12-29T12:14:04Z,,중립
콘서트 티켓 8분 만에 전석 매진시킨다는 버추얼 아이돌 근황 / 스브스뉴스,스브스뉴스 SUBUSUNEWS,최상위 댓글,@ordinary_person08,"저도 분명 몇개월 전까지만 해도 ""이게 맞나?"" 이런 반응이였어요...오로지 이세돌 곡 + 팬서비스 딱 1번씩만 듣고..(그때는 곡 이름도 몰랐음) 그런데 제가 좋아하는 한 유튜버분이 리와인드 커버 해주신게 있어서 들어보고 ""노래 좋다!"" 이 느낌 + 맴버분들의 개인방송도 보고 편집본도 보면서 구독 안 하고 보는게 미안할정도로 재미있게 보고 있었어요....그래서 처음에는 세구님을 구독하고 보는데 볼수록 맴버분들이 다 너무 재미있어서 다 구독해버렸어요...ㅋㅋㅋ 이걸 계기로 느낀건 당연히 처음에는 어색하겠지만 방송 같은거 보면 왜 좋아하는지 알겠더라구요... 그리고 저같이 이런 상황을 겪고 들어왔을 때가 입덕부정기?를 거치고 들어온 사람이라고 허더라구요 저도 1월에 들어온 유입이라 잘 몰라서 고대 이파리분들이 알려주셨으면 합니다!",10,2024-02-07T16:10:49Z,1,Ugx_bMAsy8MCwNjM5rd4AaABAg,S1bcy4h1mS8,UCg6mBZ5cYDIn76QjGOPpZBA,2024-02-07T16:16:43Z,,긍정
콘서트 티켓 8분 만에 전석 매진시킨다는 버추얼 아이돌 근황 / 스브스뉴스,스브스뉴스 SUBUSUNEWS,대댓글,@xyyoutube,와.. 킹아!!!,2,2024-02-16T05:03:22Z,0,Ugx_bMAsy8MCwNjM5rd4AaABAg.A-WrreO3xzmA-rqd5Ssynh,S1bcy4h1mS8,UC2S-t9b-J0CTg9lxPjFYqUw,2024-02-16T05:03:22Z,Ugx_bMAsy8MCwNjM5rd4AaABAg,중립
콘서트 티켓 8분 만에 전석 매진시킨다는 버추얼 아이돌 근황 / 스브스뉴스,스브스뉴스 SUBUSUNEWS,최상위 댓글,@j6f8j,"솔직히 난 버츄얼이든 뭐든 본인이 재미만 느낄 수 있으면 뭐든 좋다고 생각함. 그래서 나도 보는 버튜버 조금 있기도하고. 저렇게 콘서트 가고하는게 이해가 안될 수 있지만 우리가 아이돌 콘서트가는게 현장의 그 느낌과 실제로 아이돌을 볼 수 있다는 그런것때문에 가는건데, 버츄얼아이돌보면서 똑같은걸 느끼고 재미도 느끼면 돈내고 갈 수도 있지 않을까.",6,2024-03-01T10:02:53Z,0,UgzH3DlJoDUVhBl-_hR4AaABAg,S1bcy4h1mS8,UCfKEAGkNL7k0ISJlwcvmLZQ,2024-03-01T10:02:53Z,,중립
콘서트 티켓 8분 만에 전석 매진시킨다는 버추얼 아이돌 근황 / 스브스뉴스,스브스뉴스 SUBUSUNEWS,최상위 댓글,@잡탕-c7e,댓글 투기장 보러 왔으면 개추ㅋㅋ,19,2023-10-09T03:13:06Z,1,UgxGVAD-hfyY4qgUYnB4AaABAg,S1bcy4h1mS8,UCwf9bM_8Vy1VIn7hjdTT_-A,2023-10-09T03:13:06Z,,중립
콘서트 티켓 8분 만에 전석 매진시킨다는 버추얼 아이돌 근황 / 스브스뉴스,스브스뉴스 SUBUSUNEWS,대댓글,@잡탕-c7e,재수,0,2024-09-16T08:29:26Z,0,UgxGVAD-hfyY4qgUYnB4AaABAg.9vcufjEgpZiA8RfXc7lpwy,S1bcy4h1mS8,UCwf9bM_8Vy1VIn7hjdTT_-A,2024-09-16T08:29:26Z,UgxGVAD-hfyY4qgUYnB4AaABAg,중립
콘서트 티켓 8분 만에 전석 매진시킨다는 버추얼 아이돌 근황 / 스브스뉴스,스브스뉴스 SUBUSUNEWS,최상위 댓글,@March_and_Navyblue,"와 지상파 채널과 인터뷰라니... 이파리로써 너무 감격입니다!!
저희 아이돌 예쁘게 봐주셔서 감사합니다!! 
이세돌의 여정은 이제부터다! 화이팅!! 💜💛🖤❤️💙💚",29,2023-09-28T03:22:39Z,0,UgzBm9B1WeeN7tLAD0x4AaABAg,S1bcy4h1mS8,UCrrYq3QtkQL6gpSY_bsLTPA,2023-09-28T03:22:39Z,,긍정
콘서트 티켓 8분 만에 전석 매진시킨다는 버추얼 아이돌 근황 / 스브스뉴스,스브스뉴스 SUBUSUNEWS,최상위 댓글,@seoleim,"좋은 인터뷰 좋은 취재 감사드립니다.
아직 세상이 이해하지 못하는 시선이 많더라도, 누군가는 씹덕이라고 욕하더라도.
우리의 유대와 사랑이 무엇보다 진실됨은 우리 이파리와 이세돌분들 모두가 알고 있습니다.
그것으로 충분합니다.
더 넓은 세계로!! 이세돌 화이팅!!!",54,2023-09-28T03:24:09Z,2,UgyEVKRRb5WmNeMU2OV4AaABAg,S1bcy4h1mS8,UCbAKbGFZpkIMjyVtf07k6Vg,2023-09-28T03:24:09Z,,긍정
콘서트 티켓 8분 만에 전석 매진시킨다는 버추얼 아이돌 근황 / 스브스뉴스,스브스뉴스 SUBUSUNEWS,대댓글,@SaymarJr,죠랄하노,0,2023-09-29T13:24:59Z,0,UgyEVKRRb5WmNeMU2OV4AaABAg.9vBbByXb0xy9vFFkY4XtST,S1bcy4h1mS8,UCjEeg6opzDSLfGG8xFrMk2g,2023-09-29T13:24:59Z,UgyEVKRRb5WmNeMU2OV4AaABAg,중립
콘서트 티켓 8분 만에 전석 매진시킨다는 버추얼 아이돌 근황 / 스브스뉴스,스브스뉴스 SUBUSUNEWS,대댓글,@잎사귀다,"이렇게 커진거 보니까 좀 감격스럽긴
해....... 😂",0,2023-10-02T08:21:08Z,0,UgyEVKRRb5WmNeMU2OV4AaABAg.9vBbByXb0xy9vMRMhfwHbt,S1bcy4h1mS8,UCm_Rb_MR_mZP40FZs6766rw,2023-10-02T08:21:08Z,UgyEVKRRb5WmNeMU2OV4AaABAg,중립
콘서트 티켓 8분 만에 전석 매진시킨다는 버추얼 아이돌 근황 / 스브스뉴스,스브스뉴스 SUBUSUNEWS,최상위 댓글,@Sitpai,진입장벽이 너무 높아서 글치 한번 빠지면 나오기 쉽지 않어ㅋㅋㅋㅋ,10,2023-12-27T15:34:55Z,0,Ugzm0RqUdgJUsRsnuOt4AaABAg,S1bcy4h1mS8,UCRbleoOmsuQuDhqc2-abteA,2023-12-27T15:34:55Z,,중립
콘서트 티켓 8분 만에 전석 매진시킨다는 버추얼 아이돌 근황 / 스브스뉴스,스브스뉴스 SUBUSUNEWS,최상위 댓글,@kchojang,이분들 영상을 보고난 뒤 입덕 부정기를 거치다가 결국엔 입덕 하게게되죠 ㅋㅋㅋㅋㅋㅋ 각자의 스토리와 영상분야의 전문가들이 순수하게 덕질하는 아이돌이라 영상 퀄리티가 엄청나죠,1,2024-05-25T04:20:19Z,0,UgwMURzqjtiFNBAuuAt4AaABAg,S1bcy4h1mS8,UChWA0oUQNIyCmgcY7aMhV5Q,2024-05-25T04:20:19Z,,중립
콘서트 티켓 8분 만에 전석 매진시킨다는 버추얼 아이돌 근황 / 스브스뉴스,스브스뉴스 SUBUSUNEWS,최상위 댓글,@케세라세라m,"진입장벽이 진짜 빡신건 팩트.. 저는 이세돌 프로젝트 시작하고 우왁굳도 구취하고 2년동안은 거의 극혐하다시피 거부감이 있었는데 
락다운 노래가 너무 좋아서 입덕하고 내가 왜 혐오했지라는 후회가 들더군요 이세돌 최고.. 꽃길만 걷자💜💛🖤❤💙💚",42,2023-09-28T05:26:00Z,9,UgzvCLFDA9i8x00JbG54AaABAg,S1bcy4h1mS8,UCXsBEshpXhuWTRgDjovzuKQ,2023-09-28T05:28:59Z,,긍정
콘서트 티켓 8분 만에 전석 매진시킨다는 버추얼 아이돌 근황 / 스브스뉴스,스브스뉴스 SUBUSUNEWS,대댓글,@TiddyB,22…,2,2023-09-28T05:34:49Z,0,UgzvCLFDA9i8x00JbG54AaABAg.9vBp8ORePAO9vBq9-4eVmc,S1bcy4h1mS8,UCBRPu4wBBF4-Wo2xF-4CbzA,2023-09-28T05:34:49Z,UgzvCLFDA9i8x00JbG54AaABAg,중립
콘서트 티켓 8분 만에 전석 매진시킨다는 버추얼 아이돌 근황 / 스브스뉴스,스브스뉴스 SUBUSUNEWS,대댓글,@MATE2YOOUU,난 아직도 구취중,0,2024-02-14T17:23:19Z,0,UgzvCLFDA9i8x00JbG54AaABAg.9vBp8ORePAOA-o0iqf7a9c,S1bcy4h1mS8,UCZsHeKBDoRqxWhPwwnZv51Q,2024-02-14T17:23:19Z,UgzvCLFDA9i8x00JbG54AaABAg,중립
콘서트 티켓 8분 만에 전석 매진시킨다는 버추얼 아이돌 근황 / 스브스뉴스,스브스뉴스 SUBUSUNEWS,대댓글,@wonyeong_,​@MATE2YOOUU오 다행 님같은 구독자 없으면 없을수록 좋지,0,2024-02-15T11:27:24Z,0,UgzvCLFDA9i8x00JbG54AaABAg.9vBp8ORePAOA-pxmtn11FV,S1bcy4h1mS8,UCDWEvZrKxQ5LBh-NCKeeqTw,2024-06-18T00:47:05Z,UgzvCLFDA9i8x00JbG54AaABAg,중립
콘서트 티켓 8분 만에 전석 매진시킨다는 버추얼 아이돌 근황 / 스브스뉴스,스브스뉴스 SUBUSUNEWS,대댓글,@lure-v2c,우왁굳이 만든 그룹인가여,0,2024-02-17T16:25:25Z,0,UgzvCLFDA9i8x00JbG54AaABAg.9vBp8ORePAOA-vdUL4f1Ni,S1bcy4h1mS8,UCoUf8AL1HqVTNro1Pef21pQ,2024-02-17T16:25:25Z,UgzvCLFDA9i8x00JbG54AaABAg,중립
콘서트 티켓 8분 만에 전석 매진시킨다는 버추얼 아이돌 근황 / 스브스뉴스,스브스뉴스 SUBUSUNEWS,대댓글,@wonyeong_,@MATE2YOOUU 구취는 니 입에서 나는게 구취고,7,2024-02-17T16:38:12Z,0,UgzvCLFDA9i8x00JbG54AaABAg.9vBp8ORePAOA-vex1hxD5X,S1bcy4h1mS8,UCDWEvZrKxQ5LBh-NCKeeqTw,2024-06-18T03:45:30Z,UgzvCLFDA9i8x00JbG54AaABAg,중립
콘서트 티켓 8분 만에 전석 매진시킨다는 버추얼 아이돌 근황 / 스브스뉴스,스브스뉴스 SUBUSUNEWS,최상위 댓글,@모코코-v1b,잘 모르지만 정말 멋진 무대였고 각자의 위치에서 정상을 행해 올라가는 열정과 진심은 진짜라는 것을 느꼈습니다. 응원합니다.,11,2023-09-28T03:00:39Z,0,UgxwEyvZZV2XgtTshll4AaABAg,S1bcy4h1mS8,UCveh1rLyE-ZGH4nXZrhxYXg,2023-09-28T03:00:39Z,,긍정
콘서트 티켓 8분 만에 전석 매진시킨다는 버추얼 아이돌 근황 / 스브스뉴스,스브스뉴스 SUBUSUNEWS,최상위 댓글,@헤롱a,옛날 스타 e스포츠 말할 때 스타가 무슨 스포츠냐고 욕먹던 시절이랑 비슷함. 좀 지나면 이것도 하나의 흐름이 되겠지 🎉 이세돌 파팅 ❤,36,2023-09-28T04:40:43Z,1,UgyBVNnLN7U5OKgQjuh4AaABAg,S1bcy4h1mS8,UCCLFRtZ4xOBwY31V8VXF1VQ,2023-09-28T04:40:43Z,,중립
콘서트 티켓 8분 만에 전석 매진시킨다는 버추얼 아이돌 근황 / 스브스뉴스,스브스뉴스 SUBUSUNEWS,대댓글,@SaymarJr,매우 다름 ㅋㅋㅋ 지들이 주류인줄 아노,2,2023-09-29T13:25:49Z,0,UgyBVNnLN7U5OKgQjuh4AaABAg.9vBjxnk0jPu9vFFqZ1Jwnb,S1bcy4h1mS8,UCjEeg6opzDSLfGG8xFrMk2g,2023-09-29T13:25:49Z,UgyBVNnLN7U5OKgQjuh4AaABAg,중립
콘서트 티켓 8분 만에 전석 매진시킨다는 버추얼 아이돌 근황 / 스브스뉴스,스브스뉴스 SUBUSUNEWS,최상위 댓글,@다비드범,ㅋㅋㅋㅋㅋㅋㅋㅋㅋㅋㅋㅋㅋㅋㅋㅋ왁굳형 첨에 나시였다가 정장입고 안내하넼ㅋㅋㅋㅋㅋㅋㅋㅋㅋㅋㅋㅋㅋㅋㅋㅋㅋㅋㅋㅋㅋㅋㅋㅋㅋ,2,2024-04-19T04:21:33Z,0,UgzPHDpwZ3QblloeTVl4AaABAg,S1bcy4h1mS8,UC6GumDWsSYdi3PcxpHzrk4A,2024-04-19T04:21:33Z,,중립
콘서트 티켓 8분 만에 전석 매진시킨다는 버추얼 아이돌 근황 / 스브스뉴스,스브스뉴스 SUBUSUNEWS,최상위 댓글,@sadaeng2,기자님 컴퓨터 무슨일이야...ㅋㅋㅋㅋㅋ,8,2023-09-28T04:05:59Z,1,UgzdyyN8xmQ2pxeuu6J4AaABAg,S1bcy4h1mS8,UCUnQPRJ709lO2ssiOCgStCg,2023-09-28T04:05:59Z,,중립
콘서트 티켓 8분 만에 전석 매진시킨다는 버추얼 아이돌 근황 / 스브스뉴스,스브스뉴스 SUBUSUNEWS,대댓글,@WAKSUNG2,아마 회사 컴 같은거여서 그런거 아닐까여..?,0,2023-09-28T04:06:44Z,0,UgzdyyN8xmQ2pxeuu6J4AaABAg.9vBfzQIHX8V9vBg3uglSW8,S1bcy4h1mS8,UCoG8Elikv0ctkedjEZiAu8Q,2023-09-28T04:06:44Z,UgzdyyN8xmQ2pxeuu6J4AaABAg,중립
콘서트 티켓 8분 만에 전석 매진시킨다는 버추얼 아이돌 근황 / 스브스뉴스,스브스뉴스 SUBUSUNEWS,최상위 댓글,@플레이비정상,정말 신기한 광경이네요. 현실세계에서의 아이돌뿐만 아니라 저런 방법으로도 인기가 많을 수 있다는 사실을 보여준 것 같습니다. 저 이세계 아이돌이란 분들을 처음 보지만 저런 시도는 충분히 계속 되어야 한다고 생각 합니다! 킹아!,64,2023-09-28T02:34:53Z,4,UgwDQbXbfJEGvXXSAMB4AaABAg,S1bcy4h1mS8,UCf3yawnK3KRCRo3ogzvVzrg,2023-09-28T02:34:53Z,,중립
콘서트 티켓 8분 만에 전석 매진시킨다는 버추얼 아이돌 근황 / 스브스뉴스,스브스뉴스 SUBUSUNEWS,대댓글,@sung__name,킹아는빼던가ㅋㅋㅋㅋㅋ,27,2023-09-28T02:38:06Z,0,UgwDQbXbfJEGvXXSAMB4AaABAg.9vBWZ6-01sP9vBWvdk2U47,S1bcy4h1mS8,UCKYoo1vFxXNfRvMEIJ6bZIw,2023-09-28T02:38:06Z,UgwDQbXbfJEGvXXSAMB4AaABAg,중립
콘서트 티켓 8분 만에 전석 매진시킨다는 버추얼 아이돌 근황 / 스브스뉴스,스브스뉴스 SUBUSUNEWS,대댓글,@뜨거운_아아,검거!! 킹아!!,0,2023-09-28T02:54:46Z,0,UgwDQbXbfJEGvXXSAMB4AaABAg.9vBWZ6-01sP9vBYpoxEqtY,S1bcy4h1mS8,UCxMBON4C7lnFMHhthTccuxw,2023-09-28T02:54:54Z,UgwDQbXbfJEGvXXSAMB4AaABAg,중립
콘서트 티켓 8분 만에 전석 매진시킨다는 버추얼 아이돌 근황 / 스브스뉴스,스브스뉴스 SUBUSUNEWS,대댓글,@챤굳형,킹아 ㅋㅋ😂,0,2023-09-28T03:01:37Z,0,UgwDQbXbfJEGvXXSAMB4AaABAg.9vBWZ6-01sP9vBZbuB6NVq,S1bcy4h1mS8,UCu-umoOBR0VUMRS6nwM-iyw,2023-09-28T03:01:37Z,UgwDQbXbfJEGvXXSAMB4AaABAg,중립
콘서트 티켓 8분 만에 전석 매진시킨다는 버추얼 아이돌 근황 / 스브스뉴스,스브스뉴스 SUBUSUNEWS,대댓글,@dawn_chagari,킹아!!,0,2023-09-28T03:46:34Z,0,UgwDQbXbfJEGvXXSAMB4AaABAg.9vBWZ6-01sP9vBdlBEH68p,S1bcy4h1mS8,UCSOVm0MqR9XOYw5g1L0HfXA,2023-09-28T03:46:34Z,UgwDQbXbfJEGvXXSAMB4AaABAg,중립
콘서트 티켓 8분 만에 전석 매진시킨다는 버추얼 아이돌 근황 / 스브스뉴스,스브스뉴스 SUBUSUNEWS,최상위 댓글,@HeeBok-cx5od,이번 콘서트에 바쁜 일정 등 여러가지 이유로 참가하는데 고민이 많으셨다고 들었는데 팬들에게 특별한 선물이 됐습니다 인터뷰해주신 SBS측에도 감사드려요,18,2023-09-28T07:59:34Z,0,UgzzEZeFDtQk9GJ0EDl4AaABAg,S1bcy4h1mS8,UCj_QbL_5hXdyGm17eDb8RVQ,2023-09-28T07:59:34Z,,긍정
콘서트 티켓 8분 만에 전석 매진시킨다는 버추얼 아이돌 근황 / 스브스뉴스,스브스뉴스 SUBUSUNEWS,최상위 댓글,@min_jen_5.19,늘같은곳을 바라보는 너의 그눈이 좋아.,4,2024-03-24T08:42:32Z,0,Ugy8TeiP8-INmK862B94AaABAg,S1bcy4h1mS8,UCS_seS1pzbExVqDvyrgAhFg,2024-03-24T08:42:32Z,,긍정
콘서트 티켓 8분 만에 전석 매진시킨다는 버추얼 아이돌 근황 / 스브스뉴스,스브스뉴스 SUBUSUNEWS,최상위 댓글,@user-dulgi158,"이세계 아이돌 이렇게 인터뷰해주셔서 감사합니다!
이세돌 음악방송도 나가고 100집까지 오래오래 갔으면 좋겠습니다❤",12,2023-09-28T03:22:33Z,0,UgzUMRDe_zJ6X8Eiu8d4AaABAg,S1bcy4h1mS8,UCH7-VX98Evgoex2VzXGI6pQ,2023-09-28T03:22:33Z,,긍정
콘서트 티켓 8분 만에 전석 매진시킨다는 버추얼 아이돌 근황 / 스브스뉴스,스브스뉴스 SUBUSUNEWS,최상위 댓글,@gomars___,"정말 감동적인 페스티벌 무대였다.....
최고야 이세돌!!",30,2023-09-28T07:58:48Z,0,UgzeUCkDI1Mi515zTlB4AaABAg,S1bcy4h1mS8,UCfLbFXC4J1gUu-2mRmqu8gA,2023-09-28T07:58:48Z,,긍정
콘서트 티켓 8분 만에 전석 매진시킨다는 버추얼 아이돌 근황 / 스브스뉴스,스브스뉴스 SUBUSUNEWS,최상위 댓글,@Musikl0ve,"욕을 할 필요가 있나?
저분들도 실력파고 팬들도 많아서 여러분들에게 까일 정도는 아니라고 생각하는데 방구석에서 악플달고 그러는 너희들하고는 비교 할 수가 없지",10,2023-09-28T22:27:14Z,1,UgxuZ3d83QlvKUgaL4h4AaABAg,S1bcy4h1mS8,UC2swGjr4t7dtJDGrCuAqX1g,2023-09-28T22:27:14Z,,중립
콘서트 티켓 8분 만에 전석 매진시킨다는 버추얼 아이돌 근황 / 스브스뉴스,스브스뉴스 SUBUSUNEWS,대댓글,@리틀머메이드,정답이다 연금술사,0,2025-01-07T01:14:15Z,0,UgxuZ3d83QlvKUgaL4h4AaABAg.9vDe0D7O-9vACyrZBWVKC5,S1bcy4h1mS8,UCvLmpFeZ2f5aoUm2yRmDyaA,2025-01-07T01:14:15Z,UgxuZ3d83QlvKUgaL4h4AaABAg,중립
콘서트 티켓 8분 만에 전석 매진시킨다는 버추얼 아이돌 근황 / 스브스뉴스,스브스뉴스 SUBUSUNEWS,최상위 댓글,@user-leetaewook,"잘은 모르지만 수많은 사람들이 좋아하는 이유가 있겠지
이 시장도 커지면 다양한 직업들이 나올 수 있겠네",3,2023-09-29T22:35:51Z,0,UgwLjmy4i5TgBsG-jNZ4AaABAg,S1bcy4h1mS8,UCJbXift0sidDCCbxkcSjMcg,2023-09-29T22:35:51Z,,긍정
콘서트 티켓 8분 만에 전석 매진시킨다는 버추얼 아이돌 근황 / 스브스뉴스,스브스뉴스 SUBUSUNEWS,최상위 댓글,@강민철의아무거나분석,"오타쿠 맞습니다
받아들이기 어려운 거 맞습니다
신기한 거 맞습니다

그래도 나름 먹을만합니다 😊",25,2023-09-28T02:12:12Z,2,UgzRsfoRMhNFEvhJc9p4AaABAg,S1bcy4h1mS8,UCAy0_quj6ElWKYDrHfT9-7w,2023-09-28T02:12:12Z,,중립
콘서트 티켓 8분 만에 전석 매진시킨다는 버추얼 아이돌 근황 / 스브스뉴스,스브스뉴스 SUBUSUNEWS,대댓글,@녹두레기,ㅇㄱㄹㅇ,0,2023-09-28T02:16:00Z,0,UgzRsfoRMhNFEvhJc9p4AaABAg.9vBTy3YG4jK9vBUOm4RKDt,S1bcy4h1mS8,UCPmbNoXr-UojpuOsv4uaZiw,2023-09-28T02:16:00Z,UgzRsfoRMhNFEvhJc9p4AaABAg,중립
콘서트 티켓 8분 만에 전석 매진시킨다는 버추얼 아이돌 근황 / 스브스뉴스,스브스뉴스 SUBUSUNEWS,대댓글,@seta_0124,아 ㅋㅋ 일단 잡숴보라구~~,0,2023-09-28T02:19:46Z,0,UgzRsfoRMhNFEvhJc9p4AaABAg.9vBTy3YG4jK9vBUpQ1bB1H,S1bcy4h1mS8,UCzjKT4QId7zxR6IL06dTJ-Q,2023-09-28T02:19:46Z,UgzRsfoRMhNFEvhJc9p4AaABAg,중립
콘서트 티켓 8분 만에 전석 매진시킨다는 버추얼 아이돌 근황 / 스브스뉴스,스브스뉴스 SUBUSUNEWS,최상위 댓글,@snowbarkingwalwal,"굳이 말하자면 저 어색한 쓰리디 판떼기가 메인이 아니고 스트리머를 좋아하는거죠. 내가 좋아하는 그 스트리머가 노래도 내고, 어색하지만 콘서트도 열어서 팬들과 같은 시간을 공유한다는 사실 자체가 좋은겁니다. 😊",23,2023-09-29T16:08:42Z,0,Ugy1yTl2iM-mELXP7nZ4AaABAg,S1bcy4h1mS8,UCgSnpHOcK1vj_vUpmbZ5vxA,2023-09-29T16:08:42Z,,긍정
콘서트 티켓 8분 만에 전석 매진시킨다는 버추얼 아이돌 근황 / 스브스뉴스,스브스뉴스 SUBUSUNEWS,최상위 댓글,@ruxxja,이렇게 질 좋고 깔끔한 영상 이쁘게 만들어주셔서 감사합니다!!ㅠㅠㅠ 이세계아이돌 화이팅!!!💜💛🖤❤💙💚,33,2023-09-28T03:29:09Z,0,Ugx--UCzSKNjXlO2oBd4AaABAg,S1bcy4h1mS8,UCzAvqrV8DHA-V82e4SSaj9A,2023-09-28T03:29:09Z,,긍정
콘서트 티켓 8분 만에 전석 매진시킨다는 버추얼 아이돌 근황 / 스브스뉴스,스브스뉴스 SUBUSUNEWS,최상위 댓글,@akira307-jp,"가상의 인물이라는 진입장벽은 있지만
뒤에 사람이 있는건 틀림없으니까
외모가 아닌 그 안에 있는 사람, 성격, 진행, 노래 등이 좋아서 입덕했지",2,2024-02-25T21:53:54Z,0,Ugy_UcijLmDct8Cd3JV4AaABAg,S1bcy4h1mS8,UCaRGtJc1FO0NoK81wfkk8Og,2024-02-25T21:53:54Z,,긍정
콘서트 티켓 8분 만에 전석 매진시킨다는 버추얼 아이돌 근황 / 스브스뉴스,스브스뉴스 SUBUSUNEWS,최상위 댓글,@ilehavxv,"pd님 대체 무슨 컴으로 들어가신건가요...
저희 이렇게 끊기지는 않아요
5:10 아이네님 눈이 무서워요 ㅠㅠ",18,2023-09-28T05:19:50Z,2,UgxQP2f8VYXu-EmZK394AaABAg,S1bcy4h1mS8,UC3NU0kry7hUSTIxVOHqR6Zg,2023-09-28T05:19:50Z,,중립
콘서트 티켓 8분 만에 전석 매진시킨다는 버추얼 아이돌 근황 / 스브스뉴스,스브스뉴스 SUBUSUNEWS,대댓글,@la7547,개똥컴 ㅋㅋ,0,2023-10-03T07:54:58Z,0,UgxQP2f8VYXu-EmZK394AaABAg.9vBoRJ_v4sZ9vOy9trRZp_,S1bcy4h1mS8,UCj4ATRyRfTTbShbiPkaIqGg,2023-10-03T07:54:58Z,UgxQP2f8VYXu-EmZK394AaABAg,중립
콘서트 티켓 8분 만에 전석 매진시킨다는 버추얼 아이돌 근황 / 스브스뉴스,스브스뉴스 SUBUSUNEWS,대댓글,@tk.ex1107,​@la7547진짜 pd컴 왜케...ㄹㅇ,0,2023-10-09T03:12:48Z,0,UgxQP2f8VYXu-EmZK394AaABAg.9vBoRJ_v4sZ9vcudWKXLfb,S1bcy4h1mS8,UCnaNdvbbqUomdxP2AD3dHLQ,2024-06-18T03:45:00Z,UgxQP2f8VYXu-EmZK394AaABAg,중립
콘서트 티켓 8분 만에 전석 매진시킨다는 버추얼 아이돌 근황 / 스브스뉴스,스브스뉴스 SUBUSUNEWS,최상위 댓글,@돌멩이_2e,"버츄얼 아이돌이라 주목받은 게 아니라
이세돌, 우왁굳이라 주목받은 거다...",11,2024-01-13T12:35:19Z,0,Ugw7YN0pPd1QoVgGSwB4AaABAg,S1bcy4h1mS8,UCDXbyf_xHPxpdYy2YGMQFaA,2024-01-13T12:35:19Z,,중립
콘서트 티켓 8분 만에 전석 매진시킨다는 버추얼 아이돌 근황 / 스브스뉴스,스브스뉴스 SUBUSUNEWS,최상위 댓글,@Eunhye_Pin,"이세돌을 여기서 볼 줄 이야...스브스 여러분 저희 이세돌 예쁘게 봐주셔서 너무 감사하고,이세돌을 보고 다양성을 존중해주시면 좋겠어요.여기서 이세돌이 보다니 가슴이 벅차네요.😢이세돌 앞으로도 꽃길만 걷길바랍니다!킹아!!!💜💛🖤❤💙💚",31,2023-09-28T03:10:25Z,0,Ugxwi7FX6qKf5_zTGdJ4AaABAg,S1bcy4h1mS8,UCXe0jhvvjUY4iJB0dXAUFvQ,2023-09-28T03:10:25Z,,긍정
콘서트 티켓 8분 만에 전석 매진시킨다는 버추얼 아이돌 근황 / 스브스뉴스,스브스뉴스 SUBUSUNEWS,최상위 댓글,@uri8643,"이세돌 가장 많이 응원하게 된 이유가 릴파... 이미 넘치고 넘치는 아이돌 판에 이런 기회로 꿈을 이뤘다는 점에서 너무 응원하고 싶음. 원래도 아이엠스타나 캐캐체 세라, 달빛천사 등 아이돌 애니메이션이나 애니메이션 속 가수 좋아해 본 경험 어릴 때 있으니 진입장벽도 엄청 높게는 안느껴졌음",2,2024-04-11T15:25:44Z,0,UgzduLBhMiY_1WUys614AaABAg,S1bcy4h1mS8,UCRemxlrF2td_SdbCQTXByaQ,2024-04-11T15:25:44Z,,긍정
콘서트 티켓 8분 만에 전석 매진시킨다는 버추얼 아이돌 근황 / 스브스뉴스,스브스뉴스 SUBUSUNEWS,최상위 댓글,@린110,"이세돌클라스 대단하다~!
이제는 이런 다양성도 많아지고있으니까
버츄얼가지고 뭐라하는게 아니고
이런 다양성을 존중하고 이해해주는 날이 올수 있겠죠
이세돌 화이팅~! 언제나 응원하고 있어요",11,2023-09-28T04:28:55Z,1,UgwWKxel1y9cwmP6VqF4AaABAg,S1bcy4h1mS8,UCy3ozLpcZVsN3ArXfOybxEA,2023-09-28T04:52:27Z,,긍정
콘서트 티켓 8분 만에 전석 매진시킨다는 버추얼 아이돌 근황 / 스브스뉴스,스브스뉴스 SUBUSUNEWS,대댓글,@elged8466,이세돌 화이팅~,0,2023-09-28T04:43:42Z,0,UgwWKxel1y9cwmP6VqF4AaABAg.9vBibIyKUks9vBkIdrXjoh,S1bcy4h1mS8,UCvly9rpG1acZegWgLzPN34w,2023-09-28T04:43:42Z,UgwWKxel1y9cwmP6VqF4AaABAg,중립
콘서트 티켓 8분 만에 전석 매진시킨다는 버추얼 아이돌 근황 / 스브스뉴스,스브스뉴스 SUBUSUNEWS,최상위 댓글,@sorr.s5787,진짜 쉽지 않다,10,2023-09-29T13:33:11Z,0,UgzU7noRGi6qLrYTW8d4AaABAg,S1bcy4h1mS8,UCjAblYgD4a_K7W9FQ8JH_CA,2023-09-29T13:33:11Z,,중립
콘서트 티켓 8분 만에 전석 매진시킨다는 버추얼 아이돌 근황 / 스브스뉴스,스브스뉴스 SUBUSUNEWS,최상위 댓글,@moonjang2348,"우왁굳을 올려치기 하는건 아님.. 유명한 1세대 스트리머니깐 당연히 알곤 있지만 왁물원 가입도 안했고 유튭으로 영상이나 보는 정도라 팬치라 부를 정도는 아님
이세돌도 자세한 스토리까진 모르지만 우왁굳이 프로듀싱한 버츄얼 아이돌이라는 정도 각 멤버들 이름이나 팬덤 이름, 발표한 곡 정도만 아는 사람임
페스티벌도 이전 우왁굳, 이세돌 시청 알고리즘 탓인지 라이브가 추천 영상으로 떠서 잠깐 보다가 김장훈씨가 허니 부를 때 걍 끄고 겜하긴 했는데 그때 유튭 채팅으로 걍 상영회 어쩌구 저쩌구 하는 꼬인 사람도 있었음
근데 상영회도 상영회 나름이고 그 상영회 라는 걸 수만명이 찾아가서 보려 한다면 그건 그것만으로 대단한거라고 생각함
언론에서 떠드는 다른 메타버스는 아바타 세워 놓고 상황극 놀이 하는 수준을 못넘기고 있는게 솔직한 현실인데 
적어도 이건 꿈꾸던 현실을 가상현실에서 이뤄내고 가상 현실에서 이뤄낸 그 꿈이 결국엔 진짜 현실로도 실현된 '진정한' 메타버스라고 생각함
메타버스라는게 그런거 아님? 현실과 이어진 가상의 세계... 이걸 한명의 스트리머가 시작하고 그 팬덤이 이뤄냈다는 건 정말 대단한 일이라고 생각함ㅇㅇ",19,2023-09-29T11:58:15Z,0,UgyEU4G1NREc4idPQtp4AaABAg,S1bcy4h1mS8,UCfyB2VLN8uAB-wXuMuyltNg,2023-09-29T12:06:18Z,,중립
콘서트 티켓 8분 만에 전석 매진시킨다는 버추얼 아이돌 근황 / 스브스뉴스,스브스뉴스 SUBUSUNEWS,최상위 댓글,@봄봄-q7k,기자님 컴터하나 장만하셔야할듯,4,2023-10-05T12:29:27Z,0,UgyqF3o7AZkOtLFkg5d4AaABAg,S1bcy4h1mS8,UCmhR-3UbsfZudExjLu1vfdQ,2023-10-05T12:29:27Z,,중립
콘서트 티켓 8분 만에 전석 매진시킨다는 버추얼 아이돌 근황 / 스브스뉴스,스브스뉴스 SUBUSUNEWS,최상위 댓글,@Daegari_bakja,"버츄얼 아이돌을 처음 접하게 되면 놀라실 수도 있다고 생각해요.. 그렇지만 부정적인 말보다는 요즘엔 이런 것도 있구나~ 하고 하나의 문화로 이해해 주시는 날이 오면 좋겠네요!
좋은 영상 기사 만들어주신 스브스 뉴스 감사합니다!!! 이세계 아이돌 사랑해 파이팅 💜💛🖤❤️💙💚",18,2023-09-28T03:19:26Z,0,UgxUFhYWgK7HPocGAUt4AaABAg,S1bcy4h1mS8,UC256mUs4QdrLqWjjIEIyU7g,2023-09-28T03:19:26Z,,긍정
콘서트 티켓 8분 만에 전석 매진시킨다는 버추얼 아이돌 근황 / 스브스뉴스,스브스뉴스 SUBUSUNEWS,최상위 댓글,@noogy-123,"이 모든것이 큰그림에서 시작한게 아니라 단발성 콘텐츠에서 시작해서 우왁굳의 기획력과 이세돌들의 노력, 금손팬들의 미친캐리들이 모여서 조금씩 조금씩 커지다가 뉴스에서 인터뷰도 하는게 신기하다 ㅋㅋㅋㅋㅋㅋ",11,2023-09-28T03:22:38Z,0,UgyKR_ecP3602ohbZCl4AaABAg,S1bcy4h1mS8,UCPu68xukKh-q6gBoYlzt3KA,2023-09-28T03:22:38Z,,중립
콘서트 티켓 8분 만에 전석 매진시킨다는 버추얼 아이돌 근황 / 스브스뉴스,스브스뉴스 SUBUSUNEWS,최상위 댓글,@dudunga4550,뭐지 ㅋㅋㅋ 방송국 컴퓨터 사양 개후지네 ㅋㅋㅋ,9,2023-10-15T03:23:55Z,1,UgwSAZyhUtw5m05eogt4AaABAg,S1bcy4h1mS8,UCJ7ghXW7oRIydh3LdSXXeig,2023-10-15T03:24:27Z,,중립
콘서트 티켓 8분 만에 전석 매진시킨다는 버추얼 아이돌 근황 / 스브스뉴스,스브스뉴스 SUBUSUNEWS,대댓글,@오래된_꿈,스브스 ㅋㅋㅋ,0,2023-10-15T05:35:20Z,0,UgwSAZyhUtw5m05eogt4AaABAg.9vsNg8X2vIi9vsbiiSfBPw,S1bcy4h1mS8,UC9Sm7SQNZUAYgE413gcNlJw,2023-10-15T05:35:20Z,UgwSAZyhUtw5m05eogt4AaABAg,중립
콘서트 티켓 8분 만에 전석 매진시킨다는 버추얼 아이돌 근황 / 스브스뉴스,스브스뉴스 SUBUSUNEWS,최상위 댓글,@MachrieMoor,VR챗 네트워크 왜저러노 ㅜㅜ 아쉽네,4,2023-09-28T23:40:37Z,0,Ugwsl_S0QnSxyF4G2sl4AaABAg,S1bcy4h1mS8,UCIq-cIFHsS4l9SF-pg-tltQ,2023-09-28T23:40:37Z,,중립
콘서트 티켓 8분 만에 전석 매진시킨다는 버추얼 아이돌 근황 / 스브스뉴스,스브스뉴스 SUBUSUNEWS,최상위 댓글,@준매,"존중보단 혐오로 치부하는 것이 편한 시대에서 힘든 길이겠지만..
진심으로 좋아하는 것에 대해서 서로 응원하고 존중했으면 좋겠어요
이세계아이돌 파이팅!!!!! 이파리 파이팅!!!!!!!!💙❤️💜💛🖤💚",68,2023-09-28T03:16:31Z,5,Ugx00J5cDhVyMkt0l6x4AaABAg,S1bcy4h1mS8,UCNycW9DhclfOwp0YBkgbDbA,2023-09-28T03:16:31Z,,긍정
콘서트 티켓 8분 만에 전석 매진시킨다는 버추얼 아이돌 근황 / 스브스뉴스,스브스뉴스 SUBUSUNEWS,대댓글,@성이름-g3i4t,그건 드릉드릉 발언하셨던 아이네님이 시대만드는데 일조하셨을거 같네요. 남혐 성향 짙은 마비노기 파판14 트위터 고루고루 하셨던데^^,0,2023-09-29T13:11:00Z,0,Ugx00J5cDhVyMkt0l6x4AaABAg.9vBaK3HEO3u9vFE91yKVQj,S1bcy4h1mS8,UCLToJgc7pDcSd-u6E1BvIFg,2023-09-29T13:11:00Z,Ugx00J5cDhVyMkt0l6x4AaABAg,중립
콘서트 티켓 8분 만에 전석 매진시킨다는 버추얼 아이돌 근황 / 스브스뉴스,스브스뉴스 SUBUSUNEWS,대댓글,@현승일-d6f,​@성이름-g3i4t와 얜 댓글 몇갤달고다니는거냐 ㅋㅋㅋㅋㅋㅋ,2,2023-09-30T05:26:09Z,0,Ugx00J5cDhVyMkt0l6x4AaABAg.9vBaK3HEO3u9vGykGXYn_K,S1bcy4h1mS8,UC2wmWCxqo2nE-tSUDkCUs2g,2024-06-18T00:50:16Z,Ugx00J5cDhVyMkt0l6x4AaABAg,중립
콘서트 티켓 8분 만에 전석 매진시킨다는 버추얼 아이돌 근황 / 스브스뉴스,스브스뉴스 SUBUSUNEWS,대댓글,@AsIf아집,"​@성이름-g3i4t 
슈퍼스타는 빠와 까를 모두 미치게 한다
캬 역시 슈퍼스타 아이네...",0,2023-09-30T16:55:32Z,0,Ugx00J5cDhVyMkt0l6x4AaABAg.9vBaK3HEO3u9vICdW4BBdg,S1bcy4h1mS8,UCu6Xv3QJ_C6Z-6vzVFCwYZQ,2024-06-18T00:50:16Z,Ugx00J5cDhVyMkt0l6x4AaABAg,중립
콘서트 티켓 8분 만에 전석 매진시킨다는 버추얼 아이돌 근황 / 스브스뉴스,스브스뉴스 SUBUSUNEWS,대댓글,@jinnnn3,​@AsIf아집ㅋㅋㅋㅋㅋㅋㅋㅋㅋㅋㅋㅋㅋㅋㅋㅋㅋㅋㅋㅋㅋㅋ정신차려,1,2023-09-30T18:04:14Z,0,Ugx00J5cDhVyMkt0l6x4AaABAg.9vBaK3HEO3u9vIKVhX0sli,S1bcy4h1mS8,UCExY723dcVAHVA2LZ-GFqdw,2024-06-18T00:50:16Z,Ugx00J5cDhVyMkt0l6x4AaABAg,중립
콘서트 티켓 8분 만에 전석 매진시킨다는 버추얼 아이돌 근황 / 스브스뉴스,스브스뉴스 SUBUSUNEWS,대댓글,@jinnnn3,@jg2string 이미 밖인데요... 씹덕처럼 밖에 나가는게 대수로운 일은 아니랍니다 데헷,0,2023-10-23T09:58:01Z,0,Ugx00J5cDhVyMkt0l6x4AaABAg.9vBaK3HEO3u9wCg8bGtlxh,S1bcy4h1mS8,UCExY723dcVAHVA2LZ-GFqdw,2025-03-13T12:15:58Z,Ugx00J5cDhVyMkt0l6x4AaABAg,중립
콘서트 티켓 8분 만에 전석 매진시킨다는 버추얼 아이돌 근황 / 스브스뉴스,스브스뉴스 SUBUSUNEWS,최상위 댓글,@udong0603,악플은 무시가 답이다,18,2023-10-01T03:51:21Z,4,Ugwa0olFXq9HHhw_dPl4AaABAg,S1bcy4h1mS8,UCvO7rGelXkvrTmpzUh4nxqA,2023-10-01T03:51:21Z,,중립
콘서트 티켓 8분 만에 전석 매진시킨다는 버추얼 아이돌 근황 / 스브스뉴스,스브스뉴스 SUBUSUNEWS,대댓글,@푸바오도축업자,화..낫..노,1,2023-10-05T10:15:04Z,0,Ugwa0olFXq9HHhw_dPl4AaABAg.9vJNgrkXwvN9vUMmkp5Q3C,S1bcy4h1mS8,UC4f8XCWOPzVR4wYJKsiIIuw,2023-10-05T10:15:04Z,Ugwa0olFXq9HHhw_dPl4AaABAg,중립
콘서트 티켓 8분 만에 전석 매진시킨다는 버추얼 아이돌 근황 / 스브스뉴스,스브스뉴스 SUBUSUNEWS,대댓글,@udong0603,@푸바오도축업자 화...낫...다,5,2023-10-05T10:36:27Z,0,Ugwa0olFXq9HHhw_dPl4AaABAg.9vJNgrkXwvN9vUPEOie8Kg,S1bcy4h1mS8,UCvO7rGelXkvrTmpzUh4nxqA,2024-04-18T02:31:52Z,Ugwa0olFXq9HHhw_dPl4AaABAg,중립
콘서트 티켓 8분 만에 전석 매진시킨다는 버추얼 아이돌 근황 / 스브스뉴스,스브스뉴스 SUBUSUNEWS,대댓글,@고기연-h9t,​@푸바오도축업자 사람한테 욕하는거 보고 있으면 팬이 아니라도 화나지 않은까 싶네요;,0,2024-04-09T07:33:55Z,0,Ugwa0olFXq9HHhw_dPl4AaABAg.9vJNgrkXwvNA2-a-0lgZU7,S1bcy4h1mS8,UCyI8HysAZlcxHT7HdZw965A,2024-04-09T07:33:55Z,Ugwa0olFXq9HHhw_dPl4AaABAg,부정
콘서트 티켓 8분 만에 전석 매진시킨다는 버추얼 아이돌 근황 / 스브스뉴스,스브스뉴스 SUBUSUNEWS,대댓글,@user-isywvwuy,​@푸바오도축업자프로필만 봐도 수준이 보이네😊,0,2024-07-24T10:57:20Z,0,Ugwa0olFXq9HHhw_dPl4AaABAg.9vJNgrkXwvNA6GtXdF4Ecc,S1bcy4h1mS8,UCTnKfUNSsozpE0fU235qpww,2024-07-24T10:57:20Z,Ugwa0olFXq9HHhw_dPl4AaABAg,중립
콘서트 티켓 8분 만에 전석 매진시킨다는 버추얼 아이돌 근황 / 스브스뉴스,스브스뉴스 SUBUSUNEWS,최상위 댓글,@P_JELLDY,진짜 너무너무너무너무 자랑스럽다 우리 이세돌ㅠㅠㅠㅠㅠㅠ,152,2023-09-28T07:33:39Z,19,UgxvUXe47oCW-aE19Sd4AaABAg,S1bcy4h1mS8,UC4qVTQvj3Trpi1gOzIH2LCA,2023-09-28T07:33:39Z,,중립
콘서트 티켓 8분 만에 전석 매진시킨다는 버추얼 아이돌 근황 / 스브스뉴스,스브스뉴스 SUBUSUNEWS,대댓글,@성이름-g3i4t,드릉드릉 아이네💜,0,2023-09-29T16:19:24Z,0,UgxvUXe47oCW-aE19Sd4AaABAg.9vC2kM6Utnl9vFZhvyzeff,S1bcy4h1mS8,UCLToJgc7pDcSd-u6E1BvIFg,2023-09-29T16:19:24Z,UgxvUXe47oCW-aE19Sd4AaABAg,중립
콘서트 티켓 8분 만에 전석 매진시킨다는 버추얼 아이돌 근황 / 스브스뉴스,스브스뉴스 SUBUSUNEWS,대댓글,@user-qs5v1y3mwjh,애니프사,2,2023-09-29T17:03:27Z,0,UgxvUXe47oCW-aE19Sd4AaABAg.9vC2kM6Utnl9vFdkbDT_jz,S1bcy4h1mS8,UCVKBGDj_LvgeQ9Q5U9HStxw,2023-09-29T17:03:27Z,UgxvUXe47oCW-aE19Sd4AaABAg,중립
콘서트 티켓 8분 만에 전석 매진시킨다는 버추얼 아이돌 근황 / 스브스뉴스,스브스뉴스 SUBUSUNEWS,대댓글,@user-kt1iy3sb9d,​@user-qs5v1y3mwjh아니고 일러인데,0,2023-10-10T13:55:00Z,0,UgxvUXe47oCW-aE19Sd4AaABAg.9vC2kM6Utnl9vgcvza1bRn,S1bcy4h1mS8,UCW_68cKyeYLQfZUB6i7DI3w,2024-06-18T01:42:22Z,UgxvUXe47oCW-aE19Sd4AaABAg,중립
콘서트 티켓 8분 만에 전석 매진시킨다는 버추얼 아이돌 근황 / 스브스뉴스,스브스뉴스 SUBUSUNEWS,대댓글,@NoIo891jsjwn,@user-kt1iy3sb9d그게 구분이 돼? 너돈가보네,0,2023-10-17T14:17:53Z,0,UgxvUXe47oCW-aE19Sd4AaABAg.9vC2kM6Utnl9vyh6fj59Rf,S1bcy4h1mS8,UCtwyV2H_rNnKY1SzsVRrv5Q,2024-06-18T01:42:22Z,UgxvUXe47oCW-aE19Sd4AaABAg,중립
콘서트 티켓 8분 만에 전석 매진시킨다는 버추얼 아이돌 근황 / 스브스뉴스,스브스뉴스 SUBUSUNEWS,대댓글,@Vekmnt,@user-kt1iy3sb9d그게 애니프사지..,0,2023-11-12T13:33:54Z,0,UgxvUXe47oCW-aE19Sd4AaABAg.9vC2kM6Utnl9x0ZkDSFiT4,S1bcy4h1mS8,UCX8m2YWHXQoecKlxL7shylA,2024-06-18T01:42:22Z,UgxvUXe47oCW-aE19Sd4AaABAg,중립
콘서트 티켓 8분 만에 전석 매진시킨다는 버추얼 아이돌 근황 / 스브스뉴스,스브스뉴스 SUBUSUNEWS,최상위 댓글,@산천-z7i,나도 처음 봤을때 나라 망했다고 욕했지만 조금만 알아보니 내가 욕할 이유가 없다는걸 느껴버리고 그냥 덕질함,3,2023-09-29T01:24:11Z,0,UgxSvRszRtrpjnKTGll4AaABAg,S1bcy4h1mS8,UCZ8BStYHZIsoklBdZoGV-Bg,2023-09-29T01:24:11Z,,중립
콘서트 티켓 8분 만에 전석 매진시킨다는 버추얼 아이돌 근황 / 스브스뉴스,스브스뉴스 SUBUSUNEWS,최상위 댓글,@AngleFive,"저희 이세돌은 지금부터 시작입니다. 💜💛🖤❤️💙💚
인터뷰 해주신 스브스뉴스분들 정말 감사합니다.",26,2023-09-28T03:18:56Z,0,UgzTwaAkPRmstU7AdmN4AaABAg,S1bcy4h1mS8,UCEJTj7MD292oTDW5jnIvpbA,2023-09-28T03:18:56Z,,긍정
콘서트 티켓 8분 만에 전석 매진시킨다는 버추얼 아이돌 근황 / 스브스뉴스,스브스뉴스 SUBUSUNEWS,최상위 댓글,@maneulipari,자랑스러운 우리 아이돌 이세돌!!!💜💛🖤❤💙💚,14,2023-09-28T03:12:20Z,0,UgyjucvtFFrKsNDt4uB4AaABAg,S1bcy4h1mS8,UCGK3qK31dqdqBKPRhiAqpKg,2023-09-28T03:12:20Z,,중립
콘서트 티켓 8분 만에 전석 매진시킨다는 버추얼 아이돌 근황 / 스브스뉴스,스브스뉴스 SUBUSUNEWS,최상위 댓글,@이하은-d6f,0:24 모자이크를 해도 감출 수 없는 흠..ㅋㅋ~,12,2023-12-17T08:46:19Z,0,Ugy7p8qSwdlD9vw2ldN4AaABAg,S1bcy4h1mS8,UCfE9m7j_2EuWnEMGe1n-AfA,2023-12-17T08:46:19Z,,중립
콘서트 티켓 8분 만에 전석 매진시킨다는 버추얼 아이돌 근황 / 스브스뉴스,스브스뉴스 SUBUSUNEWS,최상위 댓글,@몽쉘톤톤,??? : 신세계의 신이 되는 거다!!!,5,2023-09-29T00:21:55Z,0,UgyrqhHbyk1ehkx1e7R4AaABAg,S1bcy4h1mS8,UCN1mxBI3ikiEdDcag1jTLMQ,2023-09-29T00:21:55Z,,중립
콘서트 티켓 8분 만에 전석 매진시킨다는 버추얼 아이돌 근황 / 스브스뉴스,스브스뉴스 SUBUSUNEWS,최상위 댓글,@올리브-h3z,아예 안 본 사람은 있지만 한번만 본 사람은 없다. 나도 부정파였지만 어느샌가 초긍정파가 되어있었다,17,2024-07-30T05:44:55Z,1,UgyIPvLjTrVEiPDUXY54AaABAg,S1bcy4h1mS8,UCI7H96zbTQ-Hl6BDypQCk2A,2024-07-30T05:44:55Z,,중립
콘서트 티켓 8분 만에 전석 매진시킨다는 버추얼 아이돌 근황 / 스브스뉴스,스브스뉴스 SUBUSUNEWS,대댓글,@ehyewony,ㅇㅈ,2,2024-07-30T11:59:33Z,0,UgyIPvLjTrVEiPDUXY54AaABAg.A6VmYn2UYqMA6WSQf5DonH,S1bcy4h1mS8,UCcPuBIwx-u2vHmqfFxiNCqw,2024-07-30T11:59:33Z,UgyIPvLjTrVEiPDUXY54AaABAg,중립
콘서트 티켓 8분 만에 전석 매진시킨다는 버추얼 아이돌 근황 / 스브스뉴스,스브스뉴스 SUBUSUNEWS,최상위 댓글,@양갱이파리,"진짜.... 너무 좋다 우리 아이돌을 알릴 수 있다는게 너무 좋다!!!!!!!!!!
형 너무 고마워 이세계아이돌을 만들어 줘서 너무 고마워!!!!!!!!!!!!!!!!!!!
이세돌 언제나 뱅온해💜💛🖤❤💙💚",40,2023-09-28T02:29:15Z,0,UgxJHUYDWLRnPo9ysvl4AaABAg,S1bcy4h1mS8,UClln8xJIBPbupCUthgS6pQA,2023-09-28T02:41:39Z,,중립
콘서트 티켓 8분 만에 전석 매진시킨다는 버추얼 아이돌 근황 / 스브스뉴스,스브스뉴스 SUBUSUNEWS,최상위 댓글,@tgo5532,오창석느낌나는개씹존잘어깨깡패미친비율눈썹정리왕의눈의장난꾸러기웃음쟁이청년송도거주유부남애아빠알파메일우왁굳님이 만드신 그룹인가요? 대단하네요,21,2023-09-28T05:52:40Z,1,UgyQw789iTtm_FoeyXR4AaABAg,S1bcy4h1mS8,UC7f75izbeF_dAhAmY8bFh3Q,2023-09-28T05:52:40Z,,중립
콘서트 티켓 8분 만에 전석 매진시킨다는 버추얼 아이돌 근황 / 스브스뉴스,스브스뉴스 SUBUSUNEWS,대댓글,@iunoletsgo,왁해인,0,2023-09-28T05:55:30Z,0,UgyQw789iTtm_FoeyXR4AaABAg.9vBsBld_XX49vBsWZiSsS3,S1bcy4h1mS8,UCPJpl6zFNpREPYZEBNprI4Q,2023-09-28T05:55:30Z,UgyQw789iTtm_FoeyXR4AaABAg,중립
콘서트 티켓 8분 만에 전석 매진시킨다는 버추얼 아이돌 근황 / 스브스뉴스,스브스뉴스 SUBUSUNEWS,최상위 댓글,@HJH222,우왁굳 형 마중나오는거 개웃기네 ㅋㅋㅋㅋㅋㅋㅋㅋㅋ,3,2023-10-05T12:22:04Z,0,UgyZYozweW-2zomJ1QB4AaABAg,S1bcy4h1mS8,UCQKanO2KIuSyb_JsEuaLFdg,2023-10-05T12:22:04Z,,중립
콘서트 티켓 8분 만에 전석 매진시킨다는 버추얼 아이돌 근황 / 스브스뉴스,스브스뉴스 SUBUSUNEWS,최상위 댓글,@edengreen0,4:52 아니 르르땅 지금 인터뷰에 홍조컨 하는거임? ㄹㅇ 개웃기네 ㅋㅋㅋㅋㅋㅋㅋㅋㅋㅋㅋㅋㅋㅋㅋㅋ,12,2023-09-28T04:12:13Z,3,UgyM4YB1UYqNlY10YQB4AaABAg,S1bcy4h1mS8,UC6W1-GMwFT4ypjixtjowYsw,2023-09-28T04:12:13Z,,중립
콘서트 티켓 8분 만에 전석 매진시킨다는 버추얼 아이돌 근황 / 스브스뉴스,스브스뉴스 SUBUSUNEWS,대댓글,@뮬뮬-s5p,ㅋㅋ,0,2023-09-28T04:13:29Z,0,UgyM4YB1UYqNlY10YQB4AaABAg.9vBgh3ZN8z89vBgqJlm4K6,S1bcy4h1mS8,UC4PdUIHNedG1ValpNUICysw,2023-09-28T04:13:29Z,UgyM4YB1UYqNlY10YQB4AaABAg,중립
콘서트 티켓 8분 만에 전석 매진시킨다는 버추얼 아이돌 근황 / 스브스뉴스,스브스뉴스 SUBUSUNEWS,대댓글,@장하이,아 그렇네 ㅋㅋㅋㅋㅋㅋㅋ,0,2023-09-28T04:20:15Z,0,UgyM4YB1UYqNlY10YQB4AaABAg.9vBgh3ZN8z89vBhbr_6kh2,S1bcy4h1mS8,UCdT_cEJWSAXLiVcTGnxJCdQ,2023-09-28T04:20:15Z,UgyM4YB1UYqNlY10YQB4AaABAg,중립
콘서트 티켓 8분 만에 전석 매진시킨다는 버추얼 아이돌 근황 / 스브스뉴스,스브스뉴스 SUBUSUNEWS,대댓글,@jinburger700,세이프티 터져서 그런거 같아요 아이네 눈동자도 사라짐,0,2023-10-22T06:13:18Z,0,UgyM4YB1UYqNlY10YQB4AaABAg.9vBgh3ZN8z89w9hcrTiFJB,S1bcy4h1mS8,UCZboJP2lHkJrJcOdM4hx2Pw,2023-10-22T06:13:18Z,UgyM4YB1UYqNlY10YQB4AaABAg,중립
콘서트 티켓 8분 만에 전석 매진시킨다는 버추얼 아이돌 근황 / 스브스뉴스,스브스뉴스 SUBUSUNEWS,최상위 댓글,@Nzhoon,"문화는 존중하지만 아직 콘서트는 빡세보이더라. 라이브는 안돼서 녹화영상 트는 수준이고 공연 무대의 장점을 전혀 활용할 수 없는 화면 속 캐릭터의 한계, 그렇다보니 콘서트의 가장 중요한 부분인 아티스트와 팬들간의 소통이 굉장히 어려움. 사실상 없다고 봐도 무방.. 기술이 발전해서 홀로그램과 AR 기술 등이 더해져 해당 공연장에 실제 존재하는 것처럼 공연할 수 있다면 충분히 볼만한 무대가 될 거 같음. 음악은 나름 괜찮아보여서",53,2023-09-29T13:09:33Z,8,Ugxhf3fHlcE_082mon14AaABAg,S1bcy4h1mS8,UCg8WzMurBUZ-H5tSr1U-zSg,2023-09-29T13:09:33Z,,중립
콘서트 티켓 8분 만에 전석 매진시킨다는 버추얼 아이돌 근황 / 스브스뉴스,스브스뉴스 SUBUSUNEWS,대댓글,@flyingdog-11,"회사가 아니라 개인단위라서 그럼...
1년전 기술력과 지금 기술력을 비교하면 엄청 상향되었으니 님 말차럼 내후년에는 단콘,ar기술도 노려볼만 할듯",31,2023-09-29T13:30:50Z,0,Ugxhf3fHlcE_082mon14AaABAg.9vFDzVSeNeZ9vFGQOKr29h,S1bcy4h1mS8,UCh7qWJLZg7vct8kDDTItJtg,2023-09-29T13:30:50Z,Ugxhf3fHlcE_082mon14AaABAg,중립
콘서트 티켓 8분 만에 전석 매진시킨다는 버추얼 아이돌 근황 / 스브스뉴스,스브스뉴스 SUBUSUNEWS,대댓글,@집비둘기-s3q,"장비 비용만해도 장난 아니라...
대충 잡아도 슈트만 두당 1천만원에  프로그램 구독까지 수백에
6인 모캡을 같은 공간에서 할려면 광확 카메라? 까지 한다면 억대는 그냥 넘어가는 걸로 알아여 어우",1,2023-09-30T00:02:28Z,0,Ugxhf3fHlcE_082mon14AaABAg.9vFDzVSeNeZ9vGOhVNi_Nd,S1bcy4h1mS8,UCA-SgSLvNfo5lneJ2eOuIWw,2023-09-30T00:02:28Z,Ugxhf3fHlcE_082mon14AaABAg,중립
콘서트 티켓 8분 만에 전석 매진시킨다는 버추얼 아이돌 근황 / 스브스뉴스,스브스뉴스 SUBUSUNEWS,대댓글,@unhasu,공연은 녹화영상이였지만 그래도 중간 토크같은 경우는 라이브였어서 그래도 좋았어요 다른 버츄얼 그룹인 플레이브는 대기업 기획이라 그쪽 콘서트에서는 라이브로 했나 그랬을걸요? 돈만 있으면 가능할거같아영,5,2023-09-30T09:18:34Z,0,Ugxhf3fHlcE_082mon14AaABAg.9vFDzVSeNeZ9vHOLapJ0-m,S1bcy4h1mS8,UCxxEk6UiLHMctycWX4ZqTwA,2023-09-30T09:18:34Z,Ugxhf3fHlcE_082mon14AaABAg,중립
콘서트 티켓 8분 만에 전석 매진시킨다는 버추얼 아이돌 근황 / 스브스뉴스,스브스뉴스 SUBUSUNEWS,대댓글,@김봉삼,"기술 자체는 아직 갈길은 멀지만, 플레이브 같은 실력파 버츄얼 아이돌도 있고, 여러 장르를 보여주는 버돌들이 있기 때문에, 힌 장르로 정착하는건 금방일 것 같긴 해요.",2,2023-10-01T04:03:21Z,0,Ugxhf3fHlcE_082mon14AaABAg.9vFDzVSeNeZ9vJP3fniVrb,S1bcy4h1mS8,UCv1RFIDyD7PG042hghG4gvw,2023-10-01T04:03:21Z,Ugxhf3fHlcE_082mon14AaABAg,중립
콘서트 티켓 8분 만에 전석 매진시킨다는 버추얼 아이돌 근황 / 스브스뉴스,스브스뉴스 SUBUSUNEWS,대댓글,@Napalm47,회사끼고하는것도 아니고 개인이 하는건데 바라는게 너무 많다,2,2024-02-12T09:13:49Z,0,Ugxhf3fHlcE_082mon14AaABAg.9vFDzVSeNeZA-i-6t5zJlB,S1bcy4h1mS8,UCwGolMYJaZfcWXZuyN_5U5g,2024-02-12T09:13:49Z,Ugxhf3fHlcE_082mon14AaABAg,중립
콘서트 티켓 8분 만에 전석 매진시킨다는 버추얼 아이돌 근황 / 스브스뉴스,스브스뉴스 SUBUSUNEWS,최상위 댓글,@yumi-7322,너무 신기해서 그런데 이거 실제로 있는 사람이 이렇게 메타버스로 활동하는 건가요?,9,2024-01-22T12:18:49Z,1,UgyOi1u6-iSxrhmjdgl4AaABAg,S1bcy4h1mS8,UC4zW0qIc2lI-ah8qmtPCZQQ,2024-01-22T12:18:49Z,,중립
콘서트 티켓 8분 만에 전석 매진시킨다는 버추얼 아이돌 근황 / 스브스뉴스,스브스뉴스 SUBUSUNEWS,대댓글,@앵김고,실제 사람이 직접 움직이는 겁니당,2,2024-01-22T13:53:14Z,0,UgyOi1u6-iSxrhmjdgl4AaABAg.9zsFaUZgU1G9zsQP0TWteF,S1bcy4h1mS8,UCz5LY7bxwJ5fVar_B3TDdFQ,2024-01-22T13:53:14Z,UgyOi1u6-iSxrhmjdgl4AaABAg,중립
콘서트 티켓 8분 만에 전석 매진시킨다는 버추얼 아이돌 근황 / 스브스뉴스,스브스뉴스 SUBUSUNEWS,최상위 댓글,@앤트로피,"스브스 담당자님 컴퓨터 사양을 업그레이드할 필요가 있어보입니다,,..",4,2023-09-28T11:33:19Z,0,Ugw7Ayt6koidlZ5Yvmh4AaABAg,S1bcy4h1mS8,UC0AfXDq1YQmPEuKQl-jeyRg,2023-09-28T11:33:19Z,,중립
콘서트 티켓 8분 만에 전석 매진시킨다는 버추얼 아이돌 근황 / 스브스뉴스,스브스뉴스 SUBUSUNEWS,최상위 댓글,@황석현,"이세돌이 뭔지는 이제 알게됐는데 진짜 신기하네요. 시대가 바뀌고 있구나..
앞으로도 많은 발전을 통해서 새로운 시대에 맞는 좋은 문화 만들어갔으면 좋겠네요~~",29,2023-09-28T02:57:31Z,2,UgzKF-X8V7l73bKCkjp4AaABAg,S1bcy4h1mS8,UCb0HBzjEOBFqLQnuXZ-u1Uw,2023-09-28T02:57:31Z,,중립
콘서트 티켓 8분 만에 전석 매진시킨다는 버추얼 아이돌 근황 / 스브스뉴스,스브스뉴스 SUBUSUNEWS,대댓글,@뜨거운_아아,"우리 이세계 아이돌에게 많은 관심, 많은 응원, 많은 사랑 부탁드리겠습니다!! 이렇게 좋은 댓글 남겨주셔서 감사합니다!!",0,2023-09-28T03:01:06Z,0,UgzKF-X8V7l73bKCkjp4AaABAg.9vBZ8rjHNFr9vBZZ8RfFm9,S1bcy4h1mS8,UCxMBON4C7lnFMHhthTccuxw,2023-09-28T03:01:06Z,UgzKF-X8V7l73bKCkjp4AaABAg,긍정
콘서트 티켓 8분 만에 전석 매진시킨다는 버추얼 아이돌 근황 / 스브스뉴스,스브스뉴스 SUBUSUNEWS,대댓글,@황석현,@뜨거운_아아 킹아~,5,2023-09-28T03:04:26Z,0,UgzKF-X8V7l73bKCkjp4AaABAg.9vBZ8rjHNFr9vBZwag_pdl,S1bcy4h1mS8,UCb0HBzjEOBFqLQnuXZ-u1Uw,2024-06-18T02:48:32Z,UgzKF-X8V7l73bKCkjp4AaABAg,중립
콘서트 티켓 8분 만에 전석 매진시킨다는 버추얼 아이돌 근황 / 스브스뉴스,스브스뉴스 SUBUSUNEWS,최상위 댓글,@xlxlxlxlxlxlxl,내 생각엔 이세돌이 음지가 아니라 팬치들이 음지인 것 같음...저번 하쿠 사건 때 혐팬치들 수준보고 뼈저리게 깨달앗다ㅋㅋㅋ아 노래는 좋아요 키딩 굿,22,2023-09-29T03:35:02Z,8,UgyxiQp5SdVGEb6s5sJ4AaABAg,S1bcy4h1mS8,UC0hP-6-UbHhWi-AFKpWMN9Q,2023-09-29T03:35:02Z,,긍정
콘서트 티켓 8분 만에 전석 매진시킨다는 버추얼 아이돌 근황 / 스브스뉴스,스브스뉴스 SUBUSUNEWS,대댓글,@침묵-c4c,본인들만 그걸 모름.. 그러면서 선민의식과 열등감에 찌들어서 한마디도 안지려고 달려듬ㅋ,4,2023-09-29T08:31:23Z,0,UgyxiQp5SdVGEb6s5sJ4AaABAg.9vECEXO-ER39vEj96Csa7I,S1bcy4h1mS8,UCgrbYDDBceJy6wWoY5VDg9w,2023-09-29T08:31:33Z,UgyxiQp5SdVGEb6s5sJ4AaABAg,중립
콘서트 티켓 8분 만에 전석 매진시킨다는 버추얼 아이돌 근황 / 스브스뉴스,스브스뉴스 SUBUSUNEWS,대댓글,@xlxlxlxlxlxlxl,@침묵-c4c 진심 미쿠보고 뜨억같다고 하고 보카로팬들 싸잡아 까내리고..ㅋㅋㅋ아ㅠ이세돌 자체는 양지 올라갈 수 있을 것 같은데 혐팬치들까지 딸려오면 나는 잘 모르겠다...,0,2023-09-29T08:35:03Z,0,UgyxiQp5SdVGEb6s5sJ4AaABAg.9vECEXO-ER39vEjZx25JOW,S1bcy4h1mS8,UC0hP-6-UbHhWi-AFKpWMN9Q,2024-06-18T00:39:27Z,UgyxiQp5SdVGEb6s5sJ4AaABAg,중립
콘서트 티켓 8분 만에 전석 매진시킨다는 버추얼 아이돌 근황 / 스브스뉴스,스브스뉴스 SUBUSUNEWS,대댓글,@pigeon0916,애초에 왁타버스 관련해서 생긴 문제들은 대부분 혐팬치들이 시발점이였음ㅋㅋㅋㅋㅋ,0,2023-12-25T17:01:41Z,0,UgyxiQp5SdVGEb6s5sJ4AaABAg.9vECEXO-ER39ykehgViOQR,S1bcy4h1mS8,UCQ9piarG02VODN09B27OW7g,2023-12-25T17:01:41Z,UgyxiQp5SdVGEb6s5sJ4AaABAg,중립
콘서트 티켓 8분 만에 전석 매진시킨다는 버추얼 아이돌 근황 / 스브스뉴스,스브스뉴스 SUBUSUNEWS,대댓글,@마요네쥬,미쿠도 좋아하고 왁타도 좋아하는데 진짜 하쿠사건때 왁타팬들 너무너무너무 실망이었음,0,2024-02-07T15:50:38Z,0,UgyxiQp5SdVGEb6s5sJ4AaABAg.9vECEXO-ER3A-WpYrJxw_9,S1bcy4h1mS8,UCrKu4NbTNCzUwXezehRy99Q,2024-02-07T15:50:38Z,UgyxiQp5SdVGEb6s5sJ4AaABAg,중립
콘서트 티켓 8분 만에 전석 매진시킨다는 버추얼 아이돌 근황 / 스브스뉴스,스브스뉴스 SUBUSUNEWS,대댓글,@xlxlxlxlxlxlxl,@마요네쥬 님 닉네임 왜그래요,0,2024-02-08T09:36:55Z,0,UgyxiQp5SdVGEb6s5sJ4AaABAg.9vECEXO-ER3A-Yj_aF9DKO,S1bcy4h1mS8,UC0hP-6-UbHhWi-AFKpWMN9Q,2024-06-18T00:39:27Z,UgyxiQp5SdVGEb6s5sJ4AaABAg,중립
콘서트 티켓 8분 만에 전석 매진시킨다는 버추얼 아이돌 근황 / 스브스뉴스,스브스뉴스 SUBUSUNEWS,최상위 댓글,@진심-r7z,릴파님 힘든일을 딛고 일어난 서사를 보면 안빠질수가 없습니다 릴파넴 그리고 이세돌 더많이 행복해져라 앞으로도 파이팅,40,2023-09-28T02:27:28Z,0,UgzBwgcYgeUXvvQN60h4AaABAg,S1bcy4h1mS8,UC3JAJZyRNDsTTOCuycolxMw,2023-09-28T02:27:28Z,,중립
콘서트 티켓 8분 만에 전석 매진시킨다는 버추얼 아이돌 근황 / 스브스뉴스,스브스뉴스 SUBUSUNEWS,최상위 댓글,@NANA_IS_DOG,근데 예상 외로 버츄얼 콘서트는 아주 예전에도 있었음 매지컬 미라이라는 콘서트는 10년째 아직까지도 이어지고 있고.. 그니까 이건 잘못된게 아님 아주 뿌리깊은 전통이 있다니까(?),3,2023-10-07T06:01:13Z,0,Ugxbe9fegjZ8IVWiFBV4AaABAg,S1bcy4h1mS8,UCe8kJoYSFRRh9FRygHiwlAQ,2023-10-07T06:01:13Z,,중립
콘서트 티켓 8분 만에 전석 매진시킨다는 버추얼 아이돌 근황 / 스브스뉴스,스브스뉴스 SUBUSUNEWS,최상위 댓글,@나으으으,1주일 전에 이파리된 입장으로써 혐오하는 사람들 입장도 존중해 줘야한다고 생각합니다... 그냥 일반인이 보기에 “저게 뭐야”가 나오는건 당연한거 같아요,15,2023-09-28T04:38:04Z,8,UgwLvAzg4Z7-9OIqY9t4AaABAg,S1bcy4h1mS8,UCt5Of7WlvTbfHGAgtHJGlQw,2023-09-28T04:38:04Z,,중립
콘서트 티켓 8분 만에 전석 매진시킨다는 버추얼 아이돌 근황 / 스브스뉴스,스브스뉴스 SUBUSUNEWS,대댓글,@뮬뮬-s5p,전 방금 이세돌 실물보고 좀 놀라긴함 ㅋ,0,2023-09-28T04:39:00Z,0,UgwLvAzg4Z7-9OIqY9t4AaABAg.9vBjeKYv4jj9vBjlBdVw0E,S1bcy4h1mS8,UC4PdUIHNedG1ValpNUICysw,2023-09-28T04:39:00Z,UgwLvAzg4Z7-9OIqY9t4AaABAg,중립
콘서트 티켓 8분 만에 전석 매진시킨다는 버추얼 아이돌 근황 / 스브스뉴스,스브스뉴스 SUBUSUNEWS,대댓글,@k903090309030,"@뮬뮬-s5p  그거 다 다른 모르는 일반 못생긴 사람들 사진 모아서 더 이상하게 보정해서 분탕칠려고 올려뒀던거라서 실제랑 달라요~
실물은 아예 안알려져있습니다!",4,2023-09-28T04:57:03Z,0,UgwLvAzg4Z7-9OIqY9t4AaABAg.9vBjeKYv4jj9vBlpOhdo3e,S1bcy4h1mS8,UCaL2T0zs1WRYZ15csu5lhBw,2024-06-18T00:05:33Z,UgwLvAzg4Z7-9OIqY9t4AaABAg,중립
콘서트 티켓 8분 만에 전석 매진시킨다는 버추얼 아이돌 근황 / 스브스뉴스,스브스뉴스 SUBUSUNEWS,대댓글,@대나무킹,​@뮬뮬-s5p그래 친구야 나는 널 응원해!!,0,2023-09-28T04:59:38Z,0,UgwLvAzg4Z7-9OIqY9t4AaABAg.9vBjeKYv4jj9vBm7Ld0mmq,S1bcy4h1mS8,UCkgBojoFDMZ652zKK3h9vfg,2024-06-18T00:05:33Z,UgwLvAzg4Z7-9OIqY9t4AaABAg,긍정
콘서트 티켓 8분 만에 전석 매진시킨다는 버추얼 아이돌 근황 / 스브스뉴스,스브스뉴스 SUBUSUNEWS,대댓글,@user-Sg7ok6ew71,나도 처음엔 그랬었지....,0,2023-09-28T05:02:55Z,0,UgwLvAzg4Z7-9OIqY9t4AaABAg.9vBjeKYv4jj9vBmVLAsi2u,S1bcy4h1mS8,UCCaaBfqv6u3jwK64woMHhQQ,2023-09-28T05:02:55Z,UgwLvAzg4Z7-9OIqY9t4AaABAg,중립
콘서트 티켓 8분 만에 전석 매진시킨다는 버추얼 아이돌 근황 / 스브스뉴스,스브스뉴스 SUBUSUNEWS,대댓글,@보부이,"저게뭐야 까진 이해하는데 
실물얘기 꺼내고 팬덤 비하하는건 문제임",1,2023-09-28T07:12:49Z,0,UgwLvAzg4Z7-9OIqY9t4AaABAg.9vBjeKYv4jj9vC0MmMyuyG,S1bcy4h1mS8,UCVrpl0u6AMq7EQ3MU39yFZw,2023-09-28T07:12:49Z,UgwLvAzg4Z7-9OIqY9t4AaABAg,중립
콘서트 티켓 8분 만에 전석 매진시킨다는 버추얼 아이돌 근황 / 스브스뉴스,스브스뉴스 SUBUSUNEWS,최상위 댓글,@happyhappyhappycatOqO,"동태눈깔 아그래요, 마약, 학폭, 아이돌을 하는 건지 연애를 티내려고 아이돌 하는 건지 하는 연옌보다 저 사람들이 더 낫다.",9,2023-09-28T08:39:27Z,1,Ugyz10V0JA7lf57NRCN4AaABAg,S1bcy4h1mS8,UCcG9R9KxVh4FPnUsLurqYCw,2023-09-28T08:39:27Z,,중립
콘서트 티켓 8분 만에 전석 매진시킨다는 버추얼 아이돌 근황 / 스브스뉴스,스브스뉴스 SUBUSUNEWS,대댓글,@뉴스공장로동자,팩트. 아이돌 전부가 학폭 마약하는것도 아니고 연애를 하는건 사람이라면 당연한것이다. 팬들이 이래라 저래라 할수있는게 아닌것.,3,2023-09-28T09:00:50Z,0,Ugyz10V0JA7lf57NRCN4AaABAg.9vCAHHra70f9vCCisSKojf,S1bcy4h1mS8,UCEIWQmDwxqbGNvFBX3Dg8KA,2023-09-28T09:00:50Z,Ugyz10V0JA7lf57NRCN4AaABAg,중립
콘서트 티켓 8분 만에 전석 매진시킨다는 버추얼 아이돌 근황 / 스브스뉴스,스브스뉴스 SUBUSUNEWS,최상위 댓글,@Leenuuuu,"여전히 진입장벽 높은 문화가 맞음
근데 왁타버스가 참 대단한 게, 부아내비로 작업물 퀄 오지게 끌어 올려서 그 장벽에 에스컬레이터 설치한마냥 계속 유입러가 생김
이세돌은 여러모로 기념비적인 프로젝트가 맞음",11,2023-10-11T17:11:36Z,0,UgzOOFrEx7O9u5kGX5N4AaABAg,S1bcy4h1mS8,UCxGN7Je_vln1NVC71P0_qbA,2023-10-11T17:11:36Z,,중립
콘서트 티켓 8분 만에 전석 매진시킨다는 버추얼 아이돌 근황 / 스브스뉴스,스브스뉴스 SUBUSUNEWS,최상위 댓글,@la7547,"어휴..기자 컴터좀 바꿔주던가..
저정도렉이면 좋은컴으로 인터뷰 다시했어야지..답답",1,2024-07-28T04:50:22Z,0,UgxeffZQEx61TSE17ml4AaABAg,S1bcy4h1mS8,UCj4ATRyRfTTbShbiPkaIqGg,2024-07-28T04:50:22Z,,중립
콘서트 티켓 8분 만에 전석 매진시킨다는 버추얼 아이돌 근황 / 스브스뉴스,스브스뉴스 SUBUSUNEWS,최상위 댓글,@정문강-k9f,"안녕하세요! 본 영상에서 햄버거모자쓰고 인터뷰한 본인입니다!!

이번 이세계 페스티벌을 단순 오타쿠들의 모임이라고 생각하지 말아주시고 우리나라 기술이 이만큼 발전했다, 앞으로의 버츄얼 공연의 첫 도약이라고 생각해주시면 좋을것같습니다!

현장감 또한 열기가 굉장했으며 팬들에게는 정말 감동적이지 않을 수 없었으며 이 문화를 끝까지 지지할겁니다!

마지막으로 왁굳형,이세돌 및 관계자분들 퀄리티높은 페스티벌 즐기게 해주셔서 감사드리며 현장 스탶,안전요원분들 많은 이슈 대응하느라 고생 많으셨습니다.

이세계 아이돌 사랑합니다 💜",173,2023-09-28T04:44:12Z,20,UgwKqlaUsZqSnKdHS-V4AaABAg,S1bcy4h1mS8,UC53Cnom2jb1mzytgB9LsOzQ,2023-09-28T04:48:55Z,,긍정
콘서트 티켓 8분 만에 전석 매진시킨다는 버추얼 아이돌 근황 / 스브스뉴스,스브스뉴스 SUBUSUNEWS,대댓글,@소꿉친구순애최고,킹아~!,3,2023-09-28T04:46:35Z,0,UgwKqlaUsZqSnKdHS-V4AaABAg.9vBkMKdj4PT9vBkchHndgl,S1bcy4h1mS8,UCdiRu1JpfsZ5707zv_3dJEg,2023-09-28T04:46:35Z,UgwKqlaUsZqSnKdHS-V4AaABAg,중립
콘서트 티켓 8분 만에 전석 매진시킨다는 버추얼 아이돌 근황 / 스브스뉴스,스브스뉴스 SUBUSUNEWS,대댓글,@뜨거운_아아,인터뷰 너무 잘 봤어요!!,3,2023-09-28T04:47:45Z,0,UgwKqlaUsZqSnKdHS-V4AaABAg.9vBkMKdj4PT9vBklM504Hz,S1bcy4h1mS8,UCxMBON4C7lnFMHhthTccuxw,2023-09-28T04:47:45Z,UgwKqlaUsZqSnKdHS-V4AaABAg,중립
콘서트 티켓 8분 만에 전석 매진시킨다는 버추얼 아이돌 근황 / 스브스뉴스,스브스뉴스 SUBUSUNEWS,대댓글,@니나니누루,킹애~,1,2023-09-28T04:47:54Z,0,UgwKqlaUsZqSnKdHS-V4AaABAg.9vBkMKdj4PT9vBkmO2ixaE,S1bcy4h1mS8,UChbEWbMmU3rYzx_gGwivI9w,2023-09-28T04:47:54Z,UgwKqlaUsZqSnKdHS-V4AaABAg,중립
콘서트 티켓 8분 만에 전석 매진시킨다는 버추얼 아이돌 근황 / 스브스뉴스,스브스뉴스 SUBUSUNEWS,대댓글,@colenae,킹아!,1,2023-09-28T04:48:19Z,0,UgwKqlaUsZqSnKdHS-V4AaABAg.9vBkMKdj4PT9vBkpTtfp9g,S1bcy4h1mS8,UChgqv08wG0P3-X_mVgMoyYw,2023-09-28T04:48:19Z,UgwKqlaUsZqSnKdHS-V4AaABAg,중립
콘서트 티켓 8분 만에 전석 매진시킨다는 버추얼 아이돌 근황 / 스브스뉴스,스브스뉴스 SUBUSUNEWS,대댓글,@연동용-i8m,킹아! 햄버거모자 정말 귀여웠습니다 ㅋㅋㅋ,2,2023-09-28T04:51:05Z,0,UgwKqlaUsZqSnKdHS-V4AaABAg.9vBkMKdj4PT9vBl8k0gpDq,S1bcy4h1mS8,UCOVM3moEFxcQixeieFD3ZlQ,2023-09-28T04:51:05Z,UgwKqlaUsZqSnKdHS-V4AaABAg,중립
콘서트 티켓 8분 만에 전석 매진시킨다는 버추얼 아이돌 근황 / 스브스뉴스,스브스뉴스 SUBUSUNEWS,최상위 댓글,@kko_mang318,스브스까지 진출한 우리 이세돌 진짜 너무 멋있다 예쁘다 자랑스럽다!! 우리 이세돌 정말 많이 노력하고 팬분들을 위하는 마음이 너무 예쁜 친구들이에요 많이 관심 가져주시고 응원해주시고 예뻐해주셨으면 좋겠습니다!! 우리 이세돌 이파리가 많이 사랑해!! 아이네 징버거 릴파 주르르 고세구 비챤 사랑해 화이팅!! 💜💛🖤🩷💙💚,49,2023-09-28T02:57:30Z,0,UgywgG53izdCz4H2sJx4AaABAg,S1bcy4h1mS8,UCX7DbdbqaD-RNWesx8_tgnA,2023-09-28T02:57:30Z,,긍정
콘서트 티켓 8분 만에 전석 매진시킨다는 버추얼 아이돌 근황 / 스브스뉴스,스브스뉴스 SUBUSUNEWS,최상위 댓글,@해경-b7t,"2년전 버츄얼 아이돌 육성 구상을 할 당시에 왁사장이 했던 말 : ""오히려 버츄얼 아이돌은 실제 아이돌과 달리 팬들하고 소통하는데에는 한계가 없다.  아이돌이 가끔 팬서비스 하기는 하지. 햐지만 만나고 싶을때 쉽게 만나고 직접 소통할수 있는게 버츄얼 아이돌의 장점이다.""",11,2023-10-12T11:06:33Z,2,UgxTZ2MviHrXgBdAkOx4AaABAg,S1bcy4h1mS8,UC6b52D55_XPGh4P0FpNdStQ,2023-10-12T11:09:54Z,,중립
콘서트 티켓 8분 만에 전석 매진시킨다는 버추얼 아이돌 근황 / 스브스뉴스,스브스뉴스 SUBUSUNEWS,대댓글,@해경-b7t,"솔직히 우왁굳의 팬덤층에서부터 시작한 것은 맞다.
하지만 지금은 왁사장의 프로듀싱과 아이돌들의 재능과 노력으로 이세계에서만 존재하던 그들이 현실에까지 위상변환할 수준으로 바뀐듯",1,2023-10-12T11:12:07Z,0,UgxTZ2MviHrXgBdAkOx4AaABAg.9vlUF0DV72f9vlUsic3ufR,S1bcy4h1mS8,UC6b52D55_XPGh4P0FpNdStQ,2023-10-12T11:12:07Z,UgxTZ2MviHrXgBdAkOx4AaABAg,중립
콘서트 티켓 8분 만에 전석 매진시킨다는 버추얼 아이돌 근황 / 스브스뉴스,스브스뉴스 SUBUSUNEWS,대댓글,@월1000버는놈,방송켜야지 돈 버니까 그렇지ㅋㅋㅋㅋ,0,2023-10-23T11:21:23Z,0,UgxTZ2MviHrXgBdAkOx4AaABAg.9vlUF0DV72f9wCpgH9FBSK,S1bcy4h1mS8,UChg0iXTqtsA-aN-7l0zHigg,2023-10-23T11:21:23Z,UgxTZ2MviHrXgBdAkOx4AaABAg,중립
콘서트 티켓 8분 만에 전석 매진시킨다는 버추얼 아이돌 근황 / 스브스뉴스,스브스뉴스 SUBUSUNEWS,최상위 댓글,@somejiny,스브스 기자님 누가 컴퓨터좀 사줘여 ㅠ,4,2023-09-30T13:30:28Z,0,Ugy7UIf68-lza5jCBUZ4AaABAg,S1bcy4h1mS8,UCBCbttSOEFEFqm2SmswSbVw,2023-09-30T13:30:28Z,,중립
콘서트 티켓 8분 만에 전석 매진시킨다는 버추얼 아이돌 근황 / 스브스뉴스,스브스뉴스 SUBUSUNEWS,최상위 댓글,@애용-c7f,"스브스뉴스 이세계아이돌 인터뷰 너무 감사합니다!!
저도 거부감 있었고 입덕부정기 있었지만 결국 여타 아이돌과 다를거 없는 안에있는 사람의 매력에 끌리고
노래에 좋아하고 컨텐츠에 열광하고 스토리에 감동했습니다 처음 보시는 분들도 한번씩 노래 들어주시면 정말 감사하겠습니다 OVER 와 Superhero 노래 많은 관심 부탁드려요 이세돌 화이팅!!! 킹아~!",46,2023-09-28T03:51:00Z,1,UgwHL6LN3vFz1wY0oYN4AaABAg,S1bcy4h1mS8,UC3WnHliiURkwedL2ngtbRjw,2023-09-28T03:51:00Z,,긍정
콘서트 티켓 8분 만에 전석 매진시킨다는 버추얼 아이돌 근황 / 스브스뉴스,스브스뉴스 SUBUSUNEWS,대댓글,@par953,거부감 있었는데 킹아 하는거 정말 킹애~!!,0,2023-09-28T11:17:31Z,0,UgwHL6LN3vFz1wY0oYN4AaABAg.9vBeGeKrfdf9vCSN4LwMUh,S1bcy4h1mS8,UCVSrIf5hT3_3tF_BqLQYiYg,2023-09-28T11:17:31Z,UgwHL6LN3vFz1wY0oYN4AaABAg,중립
콘서트 티켓 8분 만에 전석 매진시킨다는 버추얼 아이돌 근황 / 스브스뉴스,스브스뉴스 SUBUSUNEWS,최상위 댓글,@부릉부릉-s9v,"아직 비주류 쪽이라 처음보시는 분들은 당황스러워하실 수 있는데 그냥 이런 문화도 있구나 하고 좋게좋게 봐주시면 감사하겠습니다…!
이세계 아이돌 화이팅💜💛🖤❤️💙💚",12,2023-09-28T03:18:23Z,0,UgzpPTN-5k1fxW9gNQR4AaABAg,S1bcy4h1mS8,UCMTxj1sJp5hkPmr2lx_Iv3Q,2023-09-28T03:18:23Z,,긍정
콘서트 티켓 8분 만에 전석 매진시킨다는 버추얼 아이돌 근황 / 스브스뉴스,스브스뉴스 SUBUSUNEWS,최상위 댓글,@Sonoda_ryohei,홀로라이브와 니지산지 파느라 국내 버튜버들까지 응원할 여유는 없지만 국내에도 이세돌같은 가상 아이돌이 있다는게 신기하네요. 활동 응원합니다.,8,2023-10-07T15:51:20Z,1,Ugyhm5pi2WS2UgOGFeh4AaABAg,S1bcy4h1mS8,UCovyEO0l4ofxl6EJWvIFIbQ,2023-10-07T15:51:20Z,,긍정
콘서트 티켓 8분 만에 전석 매진시킨다는 버추얼 아이돌 근황 / 스브스뉴스,스브스뉴스 SUBUSUNEWS,대댓글,@linus3zetq,이세돌 덕분에 버튜버에 벽이 사라져서 이젠 홀로 유튭 라이브까지 챙겨봅니다ㅋㅋㅋㅋ,2,2023-10-17T16:54:09Z,0,Ugyhm5pi2WS2UgOGFeh4AaABAg.9v_6rM_sX9Y9vyz-EdePnV,S1bcy4h1mS8,UCuqGwpJ7WftqBImD44UUH9Q,2023-10-17T16:54:09Z,Ugyhm5pi2WS2UgOGFeh4AaABAg,중립
콘서트 티켓 8분 만에 전석 매진시킨다는 버추얼 아이돌 근황 / 스브스뉴스,스브스뉴스 SUBUSUNEWS,최상위 댓글,@parkisreal,"그래서 여기 채팅이
이래도 야랄 저래도 야랄 하는 채팅맞나요?",2,2023-09-29T14:24:13Z,0,UgwPMDsdJlb9dvk8yOd4AaABAg,S1bcy4h1mS8,UCTgkv3gKRjm1Jr_7r75YfXA,2023-09-29T14:24:13Z,,중립
콘서트 티켓 8분 만에 전석 매진시킨다는 버추얼 아이돌 근황 / 스브스뉴스,스브스뉴스 SUBUSUNEWS,최상위 댓글,@명왕성우주인,까와 빠가 준내 싸우는거보면 어느정도 양지 가수가 된건 맞는듯ㅋㅋㅋ,11,2023-10-11T23:27:34Z,2,UgxuWt2GWLWNaX-zrRN4AaABAg,S1bcy4h1mS8,UCegrvLT3KnM8azc1RkSNBZg,2023-10-11T23:27:34Z,,중립
콘서트 티켓 8분 만에 전석 매진시킨다는 버추얼 아이돌 근황 / 스브스뉴스,스브스뉴스 SUBUSUNEWS,대댓글,@타미-tami,좋은건가?ㅋㅋ,0,2023-10-13T09:11:13Z,0,UgxuWt2GWLWNaX-zrRN4AaABAg.9vkEFW7YbcS9vnqq22042_,S1bcy4h1mS8,UC-kC-j9g36Uzd_Ypw0RLGVQ,2023-10-13T09:11:13Z,UgxuWt2GWLWNaX-zrRN4AaABAg,중립
콘서트 티켓 8분 만에 전석 매진시킨다는 버추얼 아이돌 근황 / 스브스뉴스,스브스뉴스 SUBUSUNEWS,대댓글,@üsaschie,음지로 가자던 우리 왁사장...,1,2023-10-15T03:47:39Z,0,UgxuWt2GWLWNaX-zrRN4AaABAg.9vkEFW7YbcS9vsQOyl1GZ9,S1bcy4h1mS8,UColS-NuTev9haaheRpVyRWw,2023-10-15T03:47:39Z,UgxuWt2GWLWNaX-zrRN4AaABAg,중립
콘서트 티켓 8분 만에 전석 매진시킨다는 버추얼 아이돌 근황 / 스브스뉴스,스브스뉴스 SUBUSUNEWS,최상위 댓글,@gonunu,"점점 성장해나가는 이세계 아이돌의 모습을 보면서 너무 행복합니다~
킹아~!",8,2023-09-28T03:12:30Z,0,UgwE_EueCl-q6ZO1pR94AaABAg,S1bcy4h1mS8,UCMfqIbW_fgdb-gQw1ZeqjQw,2023-09-28T03:12:30Z,,중립
콘서트 티켓 8분 만에 전석 매진시킨다는 버추얼 아이돌 근황 / 스브스뉴스,스브스뉴스 SUBUSUNEWS,최상위 댓글,@aaa-mv9te,얘넨 뭐 그렇다 치는데 팬이라는 놈들 댓글이 말투에서 너무 냄새남,32,2023-09-29T03:51:05Z,6,Ugwn48W8tREtH0I7vdl4AaABAg,S1bcy4h1mS8,UCbNefim07-LVAJINxweyM5Q,2023-09-29T03:51:05Z,,중립
콘서트 티켓 8분 만에 전석 매진시킨다는 버추얼 아이돌 근황 / 스브스뉴스,스브스뉴스 SUBUSUNEWS,대댓글,@wlssss4371,ㅋㅋㅋㅋㅋㅋㅋㅋㅋㅋㅋㅋ,0,2023-09-29T05:04:45Z,0,Ugwn48W8tREtH0I7vdl4AaABAg.9vEE4BG5P-m9vEMVjds3lQ,S1bcy4h1mS8,UC3wDoISbBPkaboQ00fUjZdg,2023-09-29T05:04:45Z,Ugwn48W8tREtH0I7vdl4AaABAg,중립
콘서트 티켓 8분 만에 전석 매진시킨다는 버추얼 아이돌 근황 / 스브스뉴스,스브스뉴스 SUBUSUNEWS,대댓글,@KOVE848,정보 : 즈그들 카페에서도 행사 당일날 안씻은 냄새 났다고 ㅈㄴ 깠다,10,2023-09-29T05:28:01Z,0,Ugwn48W8tREtH0I7vdl4AaABAg.9vEE4BG5P-m9vEPA2HJgdd,S1bcy4h1mS8,UCi-43rl7LobZxgdWEe9LYsw,2023-09-29T05:28:01Z,Ugwn48W8tREtH0I7vdl4AaABAg,중립
콘서트 티켓 8분 만에 전석 매진시킨다는 버추얼 아이돌 근황 / 스브스뉴스,스브스뉴스 SUBUSUNEWS,대댓글,@py_42,​@KOVE848행사 운영 개판이라 욕하는건 있었어도 그런걸로 욕하는건 없었는데 일부러 이미지 망치려고 지어내시네요,1,2023-09-29T10:24:54Z,0,Ugwn48W8tREtH0I7vdl4AaABAg.9vEE4BG5P-m9vEw8VpnDOp,S1bcy4h1mS8,UCFXAXPMpKTX7B3Ka34VwPUw,2024-06-18T02:28:54Z,Ugwn48W8tREtH0I7vdl4AaABAg,중립
콘서트 티켓 8분 만에 전석 매진시킨다는 버추얼 아이돌 근황 / 스브스뉴스,스브스뉴스 SUBUSUNEWS,대댓글,@뭘보농-x4f,@KOVE848왁물원 냄새 키워드 검색해도 안나오는데 개솔,1,2023-09-29T12:04:52Z,0,Ugwn48W8tREtH0I7vdl4AaABAg.9vEE4BG5P-m9vF6_gOCwgJ,S1bcy4h1mS8,UCoVBeHhBgNO63QjBQzx9Rfw,2024-06-18T02:28:54Z,Ugwn48W8tREtH0I7vdl4AaABAg,중립
콘서트 티켓 8분 만에 전석 매진시킨다는 버추얼 아이돌 근황 / 스브스뉴스,스브스뉴스 SUBUSUNEWS,대댓글,@KOVE848,"@py_42 땀냄새때문에 토할것같아요, 안씻고오시는 분들 왜그러는거냐, 이상한 냄새 난다 원성이 자자하던데?",1,2023-09-30T02:00:41Z,0,Ugwn48W8tREtH0I7vdl4AaABAg.9vEE4BG5P-m9vGbES8gbWN,S1bcy4h1mS8,UCi-43rl7LobZxgdWEe9LYsw,2024-06-18T02:28:54Z,Ugwn48W8tREtH0I7vdl4AaABAg,중립
콘서트 티켓 8분 만에 전석 매진시킨다는 버추얼 아이돌 근황 / 스브스뉴스,스브스뉴스 SUBUSUNEWS,최상위 댓글,@강민서-o4n,3:37 진짜 아이돌분들에게는 너무 좋은 기술인거 같아요..,5,2023-09-28T10:21:08Z,0,Ugwq5BOi2gK0ixvtldp4AaABAg,S1bcy4h1mS8,UCUGso7B-ev6xX_8Q7sJ7iRQ,2023-09-28T10:21:08Z,,중립
콘서트 티켓 8분 만에 전석 매진시킨다는 버추얼 아이돌 근황 / 스브스뉴스,스브스뉴스 SUBUSUNEWS,최상위 댓글,@다스킹,여성팬들 많은게 진짜 의외였음 아무래도 버츄얼 소비층이 남자가 주요가 되는 시장이라  그런 인식이 있었는데 이번 기회에 깨닫고감,15,2023-10-05T23:43:27Z,4,Ugz8YcF9xRgsrUr6ZyR4AaABAg,S1bcy4h1mS8,UCBVXkRmTxl3WQlP5F9C7oZg,2023-10-05T23:43:27Z,,중립
콘서트 티켓 8분 만에 전석 매진시킨다는 버추얼 아이돌 근황 / 스브스뉴스,스브스뉴스 SUBUSUNEWS,대댓글,@theblues1905,"여자들은 저런 케릭터같은거 오히려좋아함ㅎ 찾아가는거까지는 어려워도 집에서 은근히 저런거 즐김.
여자아이돌 이런걸 별로안좋아하지",1,2023-10-07T05:40:57Z,0,Ugz8YcF9xRgsrUr6ZyR4AaABAg.9vVoITmBQ1J9vZ1-owcuxR,S1bcy4h1mS8,UCsPwdlZ5FPOCh3jb6cF70SA,2023-10-07T05:40:57Z,Ugz8YcF9xRgsrUr6ZyR4AaABAg,부정
콘서트 티켓 8분 만에 전석 매진시킨다는 버추얼 아이돌 근황 / 스브스뉴스,스브스뉴스 SUBUSUNEWS,대댓글,@준식이-b8v,​@theblues1905여자들도 여자아이돌 많이 좋아해여ㅎㅎ,4,2023-10-09T10:43:20Z,0,Ugz8YcF9xRgsrUr6ZyR4AaABAg.9vVoITmBQ1J9vdiCJvCDXU,S1bcy4h1mS8,UCX99QrB_C9H2i4F3REvBXcw,2024-04-18T01:37:54Z,Ugz8YcF9xRgsrUr6ZyR4AaABAg,긍정
콘서트 티켓 8분 만에 전석 매진시킨다는 버추얼 아이돌 근황 / 스브스뉴스,스브스뉴스 SUBUSUNEWS,대댓글,@Mangupdate,​@theblues1905여자아이돌 안 좋아한다는 건 진짜 듣도보도 못한..,2,2023-10-10T23:01:00Z,0,Ugz8YcF9xRgsrUr6ZyR4AaABAg.9vVoITmBQ1J9vhbPvcrtd5,S1bcy4h1mS8,UCS1i26TwofdPXj1Z2-Elh1w,2024-04-18T01:37:54Z,Ugz8YcF9xRgsrUr6ZyR4AaABAg,긍정
콘서트 티켓 8분 만에 전석 매진시킨다는 버추얼 아이돌 근황 / 스브스뉴스,스브스뉴스 SUBUSUNEWS,대댓글,@MagicalHBG,@theblues1905 ? 오히려 좋아하지 않나? 특히 좀 성격 쎈 여가수들에겐 걸크러쉬 개쩐다고 언니 사랑해요 막 그러던데?,0,2023-10-15T09:27:44Z,0,Ugz8YcF9xRgsrUr6ZyR4AaABAg.9vVoITmBQ1J9vt1Jn-lrQe,S1bcy4h1mS8,UCzC3jWuPfvK4unhjD6fnNcQ,2024-04-18T01:37:54Z,Ugz8YcF9xRgsrUr6ZyR4AaABAg,긍정
콘서트 티켓 8분 만에 전석 매진시킨다는 버추얼 아이돌 근황 / 스브스뉴스,스브스뉴스 SUBUSUNEWS,최상위 댓글,@nulchi_R,아 맞다 이 악플들조차 입덕 부정기였지... 대체 어느 일반인이 이런 뉴스에 들어와...,7,2023-12-19T09:30:37Z,0,Ugze0RgEKeW5FKNq9qx4AaABAg,S1bcy4h1mS8,UCt8twUtMIhwWjClbkjhu0tQ,2023-12-19T09:30:37Z,,중립
콘서트 티켓 8분 만에 전석 매진시킨다는 버추얼 아이돌 근황 / 스브스뉴스,스브스뉴스 SUBUSUNEWS,최상위 댓글,@user-qe3pu1yc7y,자꾸 팬치 이파리끼리 노는데 진지하게 나라 망했다고 하는게 너무 웃김 ㅋㅋㅋㅋㅋㅋㅋㅋㅋㅋㅋ,21,2023-09-28T10:48:53Z,3,UgyVCAGgCnmjZUPn3ax4AaABAg,S1bcy4h1mS8,UCS37dQo3YRNDwsxe_VyRDQQ,2023-09-28T10:48:53Z,,중립
콘서트 티켓 8분 만에 전석 매진시킨다는 버추얼 아이돌 근황 / 스브스뉴스,스브스뉴스 SUBUSUNEWS,대댓글,@cn8d,왜냐하면 진짜 망했기 때문,0,2023-09-29T10:20:14Z,0,UgyVCAGgCnmjZUPn3ax4AaABAg.9vCP5FEQCsI9vEvbIQBlAj,S1bcy4h1mS8,UC4ByOxJ8c7PIn-hkl178LTg,2023-09-29T10:20:14Z,UgyVCAGgCnmjZUPn3ax4AaABAg,중립
콘서트 티켓 8분 만에 전석 매진시킨다는 버추얼 아이돌 근황 / 스브스뉴스,스브스뉴스 SUBUSUNEWS,대댓글,@ururunururun,@cn8d 근데 이런 버튜버 행사했다고 망했다고 하는건 드립이어도 좀 뷰웅1쉰같음,0,2023-10-06T06:40:46Z,0,UgyVCAGgCnmjZUPn3ax4AaABAg.9vCP5FEQCsI9vWZ350wX8v,S1bcy4h1mS8,UCc2ZoXEvzgqQPdFoAD0KLew,2024-04-18T01:17:40Z,UgyVCAGgCnmjZUPn3ax4AaABAg,중립
콘서트 티켓 8분 만에 전석 매진시킨다는 버추얼 아이돌 근황 / 스브스뉴스,스브스뉴스 SUBUSUNEWS,대댓글,@hnl9351,ㅈ들갑 ㅋㅋㅋㅋㅋㅋㅋ,0,2024-02-07T11:08:36Z,0,UgyVCAGgCnmjZUPn3ax4AaABAg.9vCP5FEQCsIA-WKHAwqRjg,S1bcy4h1mS8,UCRwKZqNwjis17h_9zJr4q4w,2024-02-07T11:08:36Z,UgyVCAGgCnmjZUPn3ax4AaABAg,중립
콘서트 티켓 8분 만에 전석 매진시킨다는 버추얼 아이돌 근황 / 스브스뉴스,스브스뉴스 SUBUSUNEWS,최상위 댓글,@마벌-l1b,이렇게 계속이세돌의 역사가 하나 하나 계속 시작되느거야,1,2023-09-30T04:38:01Z,0,UgzU-DZrWtlQovALiX14AaABAg,S1bcy4h1mS8,UC749eqiXzQhlmKb0zEBJgPA,2023-09-30T04:38:01Z,,중립
콘서트 티켓 8분 만에 전석 매진시킨다는 버추얼 아이돌 근황 / 스브스뉴스,스브스뉴스 SUBUSUNEWS,최상위 댓글,@간식용좀비-q6l,존중하지만 나한테는 힘드네..,11,2023-09-28T03:44:30Z,6,UgyxPg08BuD_IGpLB8R4AaABAg,S1bcy4h1mS8,UCfRIrOd3jlZ7cesI2bK4bPw,2023-09-28T03:44:42Z,,중립
콘서트 티켓 8분 만에 전석 매진시킨다는 버추얼 아이돌 근황 / 스브스뉴스,스브스뉴스 SUBUSUNEWS,대댓글,@tubpup,감사합니다,2,2023-09-28T03:45:12Z,0,UgyxPg08BuD_IGpLB8R4AaABAg.9vBdWzm8cM59vBdb5nroPZ,S1bcy4h1mS8,UCTr7EZ3-_8DGUKmiAlOXH6g,2023-09-28T03:45:12Z,UgyxPg08BuD_IGpLB8R4AaABAg,긍정
콘서트 티켓 8분 만에 전석 매진시킨다는 버추얼 아이돌 근황 / 스브스뉴스,스브스뉴스 SUBUSUNEWS,대댓글,@뜨거운_아아,정상이에요.,1,2023-09-28T03:46:02Z,0,UgyxPg08BuD_IGpLB8R4AaABAg.9vBdWzm8cM59vBdhDwqZ5A,S1bcy4h1mS8,UCxMBON4C7lnFMHhthTccuxw,2023-09-28T03:46:12Z,UgyxPg08BuD_IGpLB8R4AaABAg,중립
콘서트 티켓 8분 만에 전석 매진시킨다는 버추얼 아이돌 근황 / 스브스뉴스,스브스뉴스 SUBUSUNEWS,대댓글,@배우현-x5o,저도 처음에그랫읍니다,0,2023-09-28T03:47:09Z,0,UgyxPg08BuD_IGpLB8R4AaABAg.9vBdWzm8cM59vBdpS1WtF6,S1bcy4h1mS8,UCbv_Ji5d6ok4A8zjB-15phg,2023-09-28T03:47:09Z,UgyxPg08BuD_IGpLB8R4AaABAg,중립
콘서트 티켓 8분 만에 전석 매진시킨다는 버추얼 아이돌 근황 / 스브스뉴스,스브스뉴스 SUBUSUNEWS,대댓글,@삼에옹,대부분의 팬들이 처음엔 그랬어요 정상이십니다 ㅋㅋㅋ,1,2023-09-28T03:48:20Z,0,UgyxPg08BuD_IGpLB8R4AaABAg.9vBdWzm8cM59vBdy9O6ivl,S1bcy4h1mS8,UC3xMv3_hdqfyDxaRQ_ssw1Q,2023-09-28T03:48:20Z,UgyxPg08BuD_IGpLB8R4AaABAg,중립
콘서트 티켓 8분 만에 전석 매진시킨다는 버추얼 아이돌 근황 / 스브스뉴스,스브스뉴스 SUBUSUNEWS,대댓글,@seoleim,"타인을 존중하는 그 태도.
존중받아 마땅합니다.
관심이 생기면 찾아오시고 아님 무시해도 상관없어용~",8,2023-09-28T03:48:26Z,0,UgyxPg08BuD_IGpLB8R4AaABAg.9vBdWzm8cM59vBdypism34,S1bcy4h1mS8,UCbAKbGFZpkIMjyVtf07k6Vg,2023-09-28T03:48:26Z,UgyxPg08BuD_IGpLB8R4AaABAg,중립
콘서트 티켓 8분 만에 전석 매진시킨다는 버추얼 아이돌 근황 / 스브스뉴스,스브스뉴스 SUBUSUNEWS,최상위 댓글,@luansen0,"새로운 문화가 생겼다는건 좋은 일이다
색안경끼고 보는 사람들도 있는데 이것이 세계적으로 공유되고 있는 문화다
템포를 못따라갔다고 비판부터 하는건 옳지 않다
나도 버튜버를 좋아하는 편은 아니지만 싫어할 이유가 없지않나라는 생각을 한다
사람이 편견이 전혀 없을 수는 없지만 적어도 편견을 버릴려는 노력은 필요하다
빌보드챠트에도 오를 정도면 실력을 입증했다는 뜻이다
우리가 중요하게 생각해야하는 것은 세계가 우리를 주목하게 만드는 것이다

모두 한가위 잘 보내고 좋은일이 가득하길 바란다",11,2023-09-28T03:53:36Z,0,UgzhIIlt83ozbdr0OWR4AaABAg,S1bcy4h1mS8,UCs9ga4Qi0Gs4noLQro8xBmA,2023-09-28T03:53:36Z,,중립
콘서트 티켓 8분 만에 전석 매진시킨다는 버추얼 아이돌 근황 / 스브스뉴스,스브스뉴스 SUBUSUNEWS,최상위 댓글,@gulusain,ㅠㅠㅠㅠㅠㅠㅠㅠㅠㅠㅠㅠㅠ우리 아이돌들 사랑해!!!!!!!!!💜💛🖤❤💙💚,8,2023-09-28T02:33:38Z,0,Ugzyxz_m7mN3MJrUh5R4AaABAg,S1bcy4h1mS8,UCun7oI8MB6-pMDMzE3FywKA,2023-09-28T02:33:38Z,,긍정
콘서트 티켓 8분 만에 전석 매진시킨다는 버추얼 아이돌 근황 / 스브스뉴스,스브스뉴스 SUBUSUNEWS,최상위 댓글,@hyok,"어머! 우리 아이돌이 스브스에!!! ㅎㅎㅎㅎㅎ ❤
인터뷰에 랙이 넘 아쉬운 팬 1인.",3,2023-09-28T16:29:56Z,0,UgwtSjh0VbyeNRex4PN4AaABAg,S1bcy4h1mS8,UCcf6NLE0_HFt3I42E3LCC4Q,2023-09-28T16:29:56Z,,중립
콘서트 티켓 8분 만에 전석 매진시킨다는 버추얼 아이돌 근황 / 스브스뉴스,스브스뉴스 SUBUSUNEWS,최상위 댓글,@6luckly468,"'아이고 머리야 세상이 뒤집혔네 망했네 어지럽네 내가 잘못된건가?'
버츄얼에 대해 잘 알지 못하고 그저 애니나 ai라고 생각하시고 부정적인 반응은 정상입니다만
자신이 이 메타버스에 너무 잘 알고있고 관심을 가지고 있는데 
'진짜 얼굴은 가린다, 현실은 현타가 오지 않겠냐, 알수없는 정치적인 발언 등' 그저 관심을 끌러는 댓글이 조금 아쉽네요.
하튼 이슈가 되는건 관심이 커진다는 거니깐 버츄얼 가수분들 화이팅입니다.",10,2023-10-06T07:46:49Z,0,Ugw9mEk7V6s6XhNekFh4AaABAg,S1bcy4h1mS8,UCuajWR5L4Ml_CLLPav1drcw,2023-10-06T07:46:49Z,,중립
콘서트 티켓 8분 만에 전석 매진시킨다는 버추얼 아이돌 근황 / 스브스뉴스,스브스뉴스 SUBUSUNEWS,최상위 댓글,@tonickwater,주르르 존나 사랑해,11,2023-09-28T06:42:29Z,2,UgzUMtDzmD86VlC11214AaABAg,S1bcy4h1mS8,UCJHZK9njGzdkzQzhcfSOP-A,2023-09-28T06:42:29Z,,긍정
콘서트 티켓 8분 만에 전석 매진시킨다는 버추얼 아이돌 근황 / 스브스뉴스,스브스뉴스 SUBUSUNEWS,대댓글,@jinsab1234,주르르!!,0,2023-09-28T07:16:50Z,0,UgzUMtDzmD86VlC11214AaABAg.9vBxtbPGh1_9vC0pCSJKLR,S1bcy4h1mS8,UCxcZWs_iF_iroVgLE0X_o2A,2023-09-28T07:16:50Z,UgzUMtDzmD86VlC11214AaABAg,중립
콘서트 티켓 8분 만에 전석 매진시킨다는 버추얼 아이돌 근황 / 스브스뉴스,스브스뉴스 SUBUSUNEWS,대댓글,@DdoANa,주존사,0,2023-09-28T08:35:16Z,0,UgzUMtDzmD86VlC11214AaABAg.9vBxtbPGh1_9vC9ngaERkO,S1bcy4h1mS8,UCoU08JgEcKcCgq3MunaWuFQ,2023-09-28T08:35:16Z,UgzUMtDzmD86VlC11214AaABAg,중립
콘서트 티켓 8분 만에 전석 매진시킨다는 버추얼 아이돌 근황 / 스브스뉴스,스브스뉴스 SUBUSUNEWS,최상위 댓글,@sarah_38,이세돌 더더더 잘되자...!,20,2023-09-28T02:07:04Z,0,UgzL095LOBURT-ztB5F4AaABAg,S1bcy4h1mS8,UCXfx-qYfQyMIXVq3BReY_vQ,2023-09-28T02:07:04Z,,중립
콘서트 티켓 8분 만에 전석 매진시킨다는 버추얼 아이돌 근황 / 스브스뉴스,스브스뉴스 SUBUSUNEWS,최상위 댓글,@T72M2,릴파님 서사가 제일 눈물 ㅠ,4,2023-11-27T14:48:15Z,0,UgyTH6_O0_UsJNKDlkR4AaABAg,S1bcy4h1mS8,UC19E_d_1spDmJblavmY9roQ,2023-11-27T14:48:15Z,,중립
콘서트 티켓 8분 만에 전석 매진시킨다는 버추얼 아이돌 근황 / 스브스뉴스,스브스뉴스 SUBUSUNEWS,최상위 댓글,@고장난GPT,2021년도 쯤에 내친구가 버튜버 떡상 각 이레서 염병 했는데 염병은 나엿다?,8,2024-02-18T10:27:48Z,1,UgyoLXv9roIznwUCD6p4AaABAg,S1bcy4h1mS8,UCMXFajWqgEE4uKcA0CbP6wQ,2024-02-18T10:27:48Z,,중립
콘서트 티켓 8분 만에 전석 매진시킨다는 버추얼 아이돌 근황 / 스브스뉴스,스브스뉴스 SUBUSUNEWS,대댓글,@Goranidaaa,나도였다?,1,2024-03-20T12:51:28Z,0,UgyoLXv9roIznwUCD6p4AaABAg.A-x_M3NbH9MA1CeRPvn1t-,S1bcy4h1mS8,UC9TF3luWSP4UlWHZskAQrPA,2024-03-20T12:51:28Z,UgyoLXv9roIznwUCD6p4AaABAg,중립
콘서트 티켓 8분 만에 전석 매진시킨다는 버추얼 아이돌 근황 / 스브스뉴스,스브스뉴스 SUBUSUNEWS,최상위 댓글,@king-a8282,진짜 우리 아이돌이 이렇게 성장하다니ㅠㅠ 넘 자랑스럽다ㅠㅠ이세돌 화이팅!💜💛🖤❤️🩵💚,30,2023-09-28T03:08:24Z,1,UgyNBsFDdhKt5O-VfDR4AaABAg,S1bcy4h1mS8,UCdppmOWa6Jit2IM_tDT4lbg,2023-09-28T03:08:24Z,,중립
콘서트 티켓 8분 만에 전석 매진시킨다는 버추얼 아이돌 근황 / 스브스뉴스,스브스뉴스 SUBUSUNEWS,대댓글,@dour1234,아니 프사 머냐고 ㅋㅋㅋㅋ,0,2023-09-28T04:31:01Z,0,UgyNBsFDdhKt5O-VfDR4AaABAg.9vB_OcRJQJf9vBiqiR2viU,S1bcy4h1mS8,UC4VaKhQHady6qkacFNJraxg,2023-09-28T04:31:01Z,UgyNBsFDdhKt5O-VfDR4AaABAg,중립
콘서트 티켓 8분 만에 전석 매진시킨다는 버추얼 아이돌 근황 / 스브스뉴스,스브스뉴스 SUBUSUNEWS,최상위 댓글,@user-st3yh5yf6d,"나 이세돌 모르고 댓글 욕같은거 많아서 찾아봄 운영개판인데 콘서트는 개쩔었다,좋았다 라던데 근데 캐릭터콘서트라 다시볼 생각은 없음 근데 정작 안갔던 애들이 욕 다 하는거임? 다른 문화느니 취미좀 놔둬라 사람이 일만하다 뒤질까?  관심없음 안보면되고 지들한테 욕하면 달려들거면서 왜 남한테 욕하고 비난하지? 뇌에 이상있나 진짜로 그게 더 보기 싫었음",30,2023-09-28T21:19:20Z,3,UgzsLr3mL91MxP3gg-B4AaABAg,S1bcy4h1mS8,UCDKNLgZKixoJKBcg-CcevDg,2023-09-28T21:19:20Z,,중립
콘서트 티켓 8분 만에 전석 매진시킨다는 버추얼 아이돌 근황 / 스브스뉴스,스브스뉴스 SUBUSUNEWS,대댓글,@Muyo_cute,님 같은 반응이 딱 저희들이 원하는 일반인의 반응입니다. 딱히 관심은 없지만 비닌은 하지 않아주셔서 너무 감사해요. 나중에 관심이 생기신다면 한번 놀러오세요 우리애들 다들 귀엽고 재밌어요!😊😊 저도 원래는 으 버튜버는 좀 하던 사람이었습니다,17,2023-09-28T21:31:02Z,0,UgzsLr3mL91MxP3gg-B4AaABAg.9vDXErSK8mm9vDY_aW46qs,S1bcy4h1mS8,UCTL0LnK0bwS8UqvmCFKNHVw,2023-09-28T21:31:02Z,UgzsLr3mL91MxP3gg-B4AaABAg,긍정
콘서트 티켓 8분 만에 전석 매진시킨다는 버추얼 아이돌 근황 / 스브스뉴스,스브스뉴스 SUBUSUNEWS,대댓글,@lamir37,저희도 그냥 문화 간 존중이 필요할 뿐 굳이 거부하시는 분에게 주입하고 싶지는 않습니다!! 님같은 일반인들이 더 많아졌으면 좋겠어요..,13,2023-09-28T23:16:51Z,0,UgzsLr3mL91MxP3gg-B4AaABAg.9vDXErSK8mm9vDjgYJc9WM,S1bcy4h1mS8,UCpK_q8_x05YdPrqXM336GcA,2023-09-28T23:16:51Z,UgzsLr3mL91MxP3gg-B4AaABAg,중립
콘서트 티켓 8분 만에 전석 매진시킨다는 버추얼 아이돌 근황 / 스브스뉴스,스브스뉴스 SUBUSUNEWS,대댓글,@baby_dragon77,"그래 이게 정상인이지
남 비하하면서 자기는 정상인이라는 애들은 이 분을 보고 배워야함",2,2024-02-05T03:51:23Z,0,UgzsLr3mL91MxP3gg-B4AaABAg.9vDXErSK8mmA-QOe8zanHn,S1bcy4h1mS8,UC27axlK1Tz_48ikvjdKQnug,2024-02-05T03:51:23Z,UgzsLr3mL91MxP3gg-B4AaABAg,중립
콘서트 티켓 8분 만에 전석 매진시킨다는 버추얼 아이돌 근황 / 스브스뉴스,스브스뉴스 SUBUSUNEWS,최상위 댓글,@Rainbow0298,우울하거나 슬플 때 이세돌이 많은 도움이 되었어요! 정말 감사하다고 전하고 싶네요. 앞으로도 승승장구 바라요💜💛🖤❤💙💚,3,2023-09-28T11:51:11Z,0,Ugw25m0mw_k60XBxdOR4AaABAg,S1bcy4h1mS8,UCR-0z7_zh5i7i7dz3tL4JNw,2023-09-28T11:51:11Z,,긍정
콘서트 티켓 8분 만에 전석 매진시킨다는 버추얼 아이돌 근황 / 스브스뉴스,스브스뉴스 SUBUSUNEWS,최상위 댓글,@nhhnopkp,못생긴 여주 쓰는 pc게임이나  인어공쥬가 갑자기 까매지는 영화 나오는시대인데  이정도면 평?범하지,10,2023-09-29T10:43:39Z,0,Ugym6aPG53XhtJT63kR4AaABAg,S1bcy4h1mS8,UCVR-vX-0Wfv0l6Nr7AaEmMg,2023-09-29T10:43:39Z,,중립
콘서트 티켓 8분 만에 전석 매진시킨다는 버추얼 아이돌 근황 / 스브스뉴스,스브스뉴스 SUBUSUNEWS,최상위 댓글,@이센세-l7l,"문화강국 대한민국에서 유튜브와 트위치, 우왁굳 팬카페 다 해봤자 200만도 안되는데 그 정도 인원들이 즐기는 문화도 존중 받아야지
무지성 욕하고 악플다는 애들은 살면서 존중 받아본 적도 없고 항상 부정만 당해왔기 때문에 존중 받는다는게 뭔지, 긍정이란게 뭔지도 모를테니까 그럴 수 있다 생각해.
어찌보면 이들이 더 불쌍한 존재이지 않을까?

이 영상에 나오는 사람들은 적어도 자신만의 즐길거리라도 있지 무지성 욕하고 부정하는 애들은 
그런 즐길거리 조차도 없으면서 그나마 즐길거라는게 이런걸 보고 욕하고 악플다는거 밖에 없는거잖아..
현실에서 맨날 부정만 당하고 존중받지 못하는걸 상상하니 참 마음이 아프네. 힘내길 바라.",22,2023-09-30T23:14:28Z,3,UgyJuGNJqcWPxZbdyu14AaABAg,S1bcy4h1mS8,UCPvColQ9D9vPP6bFUT8cuzw,2023-09-30T23:15:07Z,,중립
콘서트 티켓 8분 만에 전석 매진시킨다는 버추얼 아이돌 근황 / 스브스뉴스,스브스뉴스 SUBUSUNEWS,대댓글,@user-e5m6f,네 다음 대구퀴어축제~,0,2023-11-10T03:36:46Z,0,UgyJuGNJqcWPxZbdyu14AaABAg.9vIt-pS7e9B9wvLp1UdXcn,S1bcy4h1mS8,UCRWoA1bRoO5b9HW_qmr_bwA,2023-11-10T03:36:46Z,UgyJuGNJqcWPxZbdyu14AaABAg,중립
콘서트 티켓 8분 만에 전석 매진시킨다는 버추얼 아이돌 근황 / 스브스뉴스,스브스뉴스 SUBUSUNEWS,대댓글,@아지쿠운,​@@dlwoaudx방탄도 동성애처럼 혐오해?,0,2024-03-08T10:40:47Z,0,UgyJuGNJqcWPxZbdyu14AaABAg.9vIt-pS7e9BA0iWwdhJ_5o,S1bcy4h1mS8,UCXKqrv5ahx7cwmikHS93Fmw,2024-05-30T21:13:28Z,UgyJuGNJqcWPxZbdyu14AaABAg,중립
콘서트 티켓 8분 만에 전석 매진시킨다는 버추얼 아이돌 근황 / 스브스뉴스,스브스뉴스 SUBUSUNEWS,대댓글,@이해쌉가능,와꾸텽도 팩트로 말하면(당연히 완전 비공식적이지만) 유튜브 168만+트위치100만+팬카페70만 하면 너무 비공식적으로 가식이긴하지만 300만 됨 ㅋㅋ,1,2024-05-22T12:31:42Z,0,UgyJuGNJqcWPxZbdyu14AaABAg.9vIt-pS7e9BA3jqFfPQ3tn,S1bcy4h1mS8,UCOn-fAKL4NhUfhKFsmZiAyQ,2024-05-22T12:31:42Z,UgyJuGNJqcWPxZbdyu14AaABAg,중립
콘서트 티켓 8분 만에 전석 매진시킨다는 버추얼 아이돌 근황 / 스브스뉴스,스브스뉴스 SUBUSUNEWS,최상위 댓글,@wing-x8o,인터뷰 다 좋고 진입장벽이 높은것도 사실이지만 “가상”의 인물이 아니라 다 실존하는 ”사람“입니다. 일반인 분들을 위해 쉽게 설명하자면 마치 ”성우“와 비슷한 느낌이라고 생각하면 됩니다. 이 영상으로 인해 이세돌에 관심을 가지게 된 분들이나 처음 알게 된 분들 모두 즐거운 추석 보내세요! 킹애~!!,8,2023-09-28T03:32:12Z,0,UgwVn3YAuRJfeZpvyrd4AaABAg,S1bcy4h1mS8,UCkLmy18RK-J3N1KGiNWZCEA,2023-09-28T03:32:12Z,,중립
콘서트 티켓 8분 만에 전석 매진시킨다는 버추얼 아이돌 근황 / 스브스뉴스,스브스뉴스 SUBUSUNEWS,최상위 댓글,@lilpa-700-z2k,형 ㅋㅋㅋㅋ 너무 긴장한거아니야?ㅋㅋㅋ,2,2024-07-29T09:17:56Z,0,UgxG1EnfdtVmCP_jKdF4AaABAg,S1bcy4h1mS8,UCQSKdmeuLku2Y3CrK3-Q55g,2024-07-29T09:17:56Z,,중립
콘서트 티켓 8분 만에 전석 매진시킨다는 버추얼 아이돌 근황 / 스브스뉴스,스브스뉴스 SUBUSUNEWS,최상위 댓글,@미즈키의식은감튀,아니 얘들아 세상이 미쳐 돌아간다 이런소리좀 안하면 안돼냐...?,15,2023-10-24T14:24:18Z,10,UgwuNJCDigw6vmGZUmd4AaABAg,S1bcy4h1mS8,UCznKigGnRsdsofERd9h_thw,2023-10-24T14:24:18Z,,중립
콘서트 티켓 8분 만에 전석 매진시킨다는 버추얼 아이돌 근황 / 스브스뉴스,스브스뉴스 SUBUSUNEWS,대댓글,@user-e5m6f,그럼 뭐 일반인들이 니들 씹덕 존중해야함?,7,2023-11-10T03:03:23Z,0,UgwuNJCDigw6vmGZUmd4AaABAg.9wFjPpfpJHK9wvI-R4jiJt,S1bcy4h1mS8,UCRWoA1bRoO5b9HW_qmr_bwA,2023-11-10T03:03:23Z,UgwuNJCDigw6vmGZUmd4AaABAg,중립
콘서트 티켓 8분 만에 전석 매진시킨다는 버추얼 아이돌 근황 / 스브스뉴스,스브스뉴스 SUBUSUNEWS,대댓글,@미즈키의식은감튀,@user-e5m6f 무조건 존중해야 한다는건 아니죠. 다만 욕은 할 수 있다만 굳이 댓글까지 쓰는건 아니라고 생각합니다.,2,2023-11-10T06:16:48Z,0,UgwuNJCDigw6vmGZUmd4AaABAg.9wFjPpfpJHK9wvd87zu63G,S1bcy4h1mS8,UCznKigGnRsdsofERd9h_thw,2024-06-18T03:17:33Z,UgwuNJCDigw6vmGZUmd4AaABAg,중립
콘서트 티켓 8분 만에 전석 매진시킨다는 버추얼 아이돌 근황 / 스브스뉴스,스브스뉴스 SUBUSUNEWS,대댓글,@고길동-y9j,@Havok_20그니깐 굳이 이딴걸 뉴스화시키냐고 일반인들이 많이 보는 지들끼리 아는 곳에서 방송나오면 몰라도 노출도가 높은 방송사 유튜브에 이런식의 영상이 올라오니 정상인들은 역겹지,1,2023-11-13T06:33:40Z,0,UgwuNJCDigw6vmGZUmd4AaABAg.9wFjPpfpJHK9x2OSKdaspd,S1bcy4h1mS8,UCHKZRBP6XfM1_6JbIzmWdQg,2024-06-18T03:17:33Z,UgwuNJCDigw6vmGZUmd4AaABAg,중립
콘서트 티켓 8분 만에 전석 매진시킨다는 버추얼 아이돌 근황 / 스브스뉴스,스브스뉴스 SUBUSUNEWS,대댓글,@개구리-o1y,"​​@고길동-y9j인기가 있으니깐 뉴스에도 나오고 하는거죠 자기가 싫으면 무시하고 지나가면 됌 왜 댓글까지 와서 ""그건 좀 아닌듯"" 이런 소리를 왜 하는 건지",6,2023-12-09T00:59:17Z,0,UgwuNJCDigw6vmGZUmd4AaABAg.9wFjPpfpJHK9y4jquOtB_K,S1bcy4h1mS8,UCEkwb95Frhbm60Wf4pUs3vg,2024-06-18T02:29:25Z,UgwuNJCDigw6vmGZUmd4AaABAg,중립
콘서트 티켓 8분 만에 전석 매진시킨다는 버추얼 아이돌 근황 / 스브스뉴스,스브스뉴스 SUBUSUNEWS,대댓글,@슈슈-shoo2,@고길동-y9j긍까 왜 굳이 들어와서 보세요ㅋㅋ 누르지를 마세요 그럼,0,2023-12-12T08:31:38Z,0,UgwuNJCDigw6vmGZUmd4AaABAg.9wFjPpfpJHK9yDH-iLhP4w,S1bcy4h1mS8,UCVG-vC3rTrkAaf0su5EVPZA,2024-06-18T02:29:25Z,UgwuNJCDigw6vmGZUmd4AaABAg,중립
콘서트 티켓 8분 만에 전석 매진시킨다는 버추얼 아이돌 근황 / 스브스뉴스,스브스뉴스 SUBUSUNEWS,최상위 댓글,@마마루루,뭔가 내가 생각하는 음지세상이랑 완전 다른 느낌이네요. 긍정적인 에너지가 느껴진다랄까? 화이팅🎉,8,2023-09-28T08:44:52Z,2,UgxUpGcLvLq1MhJJ1YN4AaABAg,S1bcy4h1mS8,UCHgoPGeIJsUln8hf9Dp8MnA,2023-09-28T08:44:52Z,,중립
콘서트 티켓 8분 만에 전석 매진시킨다는 버추얼 아이돌 근황 / 스브스뉴스,스브스뉴스 SUBUSUNEWS,대댓글,@뉴스공장로동자,그래봤자 음지,2,2023-09-28T08:57:56Z,0,UgxUpGcLvLq1MhJJ1YN4AaABAg.9vCAtvotnuc9vCCOj4kare,S1bcy4h1mS8,UCEIWQmDwxqbGNvFBX3Dg8KA,2023-09-28T08:57:56Z,UgxUpGcLvLq1MhJJ1YN4AaABAg,중립
콘서트 티켓 8분 만에 전석 매진시킨다는 버추얼 아이돌 근황 / 스브스뉴스,스브스뉴스 SUBUSUNEWS,대댓글,@iwo030,​응 너는 니 주위 사람들도 무시하는 애^ㅁ^@뉴스공장로동자,0,2024-03-31T01:24:16Z,0,UgxUpGcLvLq1MhJJ1YN4AaABAg.9vCAtvotnucA1ckXpDcikh,S1bcy4h1mS8,UC1ega0qFdLOr4Dyi7DQswAw,2024-03-31T01:24:16Z,UgxUpGcLvLq1MhJJ1YN4AaABAg,중립
콘서트 티켓 8분 만에 전석 매진시킨다는 버추얼 아이돌 근황 / 스브스뉴스,스브스뉴스 SUBUSUNEWS,최상위 댓글,@핑크머리해적단,이세돌? 처음 들어보는데 참 신기한 그룹이네요...왜인지 사장님이 잘생겼고 코가 크고 어깨가 태평양만한분일꺼 같네요ㅎㅎ 이세돌 응원합니다 킹아!,15,2023-09-28T02:12:32Z,1,Ugwft2SBZcZXi0qPpBF4AaABAg,S1bcy4h1mS8,UCjwK8yJJyjpXfEKVyaYB4OQ,2023-09-28T02:12:32Z,,긍정
콘서트 티켓 8분 만에 전석 매진시킨다는 버추얼 아이돌 근황 / 스브스뉴스,스브스뉴스 SUBUSUNEWS,대댓글,@에겐고양이즈,왁해인,0,2023-09-28T02:19:36Z,0,Ugwft2SBZcZXi0qPpBF4AaABAg.9vBU-RAuye79vBUoChtPPm,S1bcy4h1mS8,UCrZzpzC2_YafVbyzo4aC52A,2023-09-28T02:19:36Z,Ugwft2SBZcZXi0qPpBF4AaABAg,중립
콘서트 티켓 8분 만에 전석 매진시킨다는 버추얼 아이돌 근황 / 스브스뉴스,스브스뉴스 SUBUSUNEWS,최상위 댓글,@박기범-f3k,"키딩 락다운 노래 중독 지리던데..
이분들 누군지 몰랏는데 노래가 너무 좋았음",2,2024-08-10T04:46:49Z,0,Ugy7yl4ONS8RzC5Ub5h4AaABAg,S1bcy4h1mS8,UCzzhRbeZCE6QPAQQE5qp6Jw,2024-08-10T04:46:49Z,,중립
콘서트 티켓 8분 만에 전석 매진시킨다는 버추얼 아이돌 근황 / 스브스뉴스,스브스뉴스 SUBUSUNEWS,최상위 댓글,@튀김소보루-e2q,버튜버란 서브 컬쳐가 이렇게 대성할거라고 예견하고 시작한걸까? 우왁굳....,7,2023-09-28T03:50:36Z,0,Ugz0CUZVrXhayZTad8J4AaABAg,S1bcy4h1mS8,UC-tt2A0C3g-MYv5l5cHtSXg,2023-09-28T03:50:36Z,,중립
콘서트 티켓 8분 만에 전석 매진시킨다는 버추얼 아이돌 근황 / 스브스뉴스,스브스뉴스 SUBUSUNEWS,최상위 댓글,@돌거북해요,릴파 우는거보니까 짠해여ㅠㅠㅠㅠㅠㅠ진짜 이들에게 칭찬과 격려만 주십시오 흑흑.. 😂😂 열심히하고 팬들이랑 소통도 잘하구 넘 예쁜 친구들입니다 ㅠㅜㅠ 그리고 노래가 참.. 좋다..!!!,8,2023-09-28T05:45:13Z,0,Ugywopbe7ZKYY5BjbJN4AaABAg,S1bcy4h1mS8,UCt5yC3YoS5R6G55bBDsaaYQ,2023-09-28T05:45:13Z,,중립
콘서트 티켓 8분 만에 전석 매진시킨다는 버추얼 아이돌 근황 / 스브스뉴스,스브스뉴스 SUBUSUNEWS,최상위 댓글,@joon1284,이세돌이 성장하고 성장해서 오프라인 공연까지 하는 폼 진짜 좋다....💜💛🖤❤️💙💚,15,2023-09-28T02:31:31Z,0,UgzR1j1AKTRZKhNGx6d4AaABAg,S1bcy4h1mS8,UCXqV-Aq7n3h4enBLXEfjePQ,2023-09-28T02:31:31Z,,중립
콘서트 티켓 8분 만에 전석 매진시킨다는 버추얼 아이돌 근황 / 스브스뉴스,스브스뉴스 SUBUSUNEWS,최상위 댓글,@김혜린-k6b,9개월 전은 모르겠지만 현재는 버튜버를 무시 못할 정도로 시장이 커짐,2,2024-07-25T23:33:23Z,0,Ugy0Pyqy-1qhGTY_YA54AaABAg,S1bcy4h1mS8,UCYNULGTx5BtlG3Zk0KZsrmg,2024-07-25T23:33:23Z,,중립
콘서트 티켓 8분 만에 전석 매진시킨다는 버추얼 아이돌 근황 / 스브스뉴스,스브스뉴스 SUBUSUNEWS,최상위 댓글,@myji394,와... 이게 뭐지 싶긴 한데.... 인기가 많구나...,10,2023-12-26T04:57:25Z,0,Ugwqs3s2ExX1lrOwQLl4AaABAg,S1bcy4h1mS8,UC3rJNKE2YsEM32uIZGoBJbA,2023-12-26T04:57:25Z,,중립
콘서트 티켓 8분 만에 전석 매진시킨다는 버추얼 아이돌 근황 / 스브스뉴스,스브스뉴스 SUBUSUNEWS,최상위 댓글,@물강지,나도 악플러랑 싸우고 개 ㅈㄹ을 다 떨었지만 악플 달러도 병먹금이 제일 최고야 아인슈타인 데라고 와서 논리로 따져도 악플러들한테는 별 타격 없어...그냥 병먹금 하자,12,2023-09-29T17:03:45Z,0,UgybhgINEH1VbTScCfl4AaABAg,S1bcy4h1mS8,UCmtVTinWjWQOCiTzhBhCkZQ,2023-09-29T17:03:45Z,,긍정
콘서트 티켓 8분 만에 전석 매진시킨다는 버추얼 아이돌 근황 / 스브스뉴스,스브스뉴스 SUBUSUNEWS,최상위 댓글,@H_H-rx2oh,근데 이세돌은 좀 예외인게...우왁굳 왁타버스란 서사가 있어서 좀 결이 다르긴 함.  때문에 얘네 말고는 그닥 다른 버추얼 은 그닥 관심이 없음.,31,2023-09-29T10:08:12Z,5,UgyDt_3mYw3tSbgiwtZ4AaABAg,S1bcy4h1mS8,UCNYElOFKDQpOr4rD5qBblPw,2023-09-29T10:08:12Z,,중립
콘서트 티켓 8분 만에 전석 매진시킨다는 버추얼 아이돌 근황 / 스브스뉴스,스브스뉴스 SUBUSUNEWS,대댓글,@SSSSS221-s8g,남이보면 다 똑같긴하죠,12,2023-09-29T11:50:33Z,0,UgyDt_3mYw3tSbgiwtZ4AaABAg.9vEuE9xPB719vF4wlydS1K,S1bcy4h1mS8,UCLpP70zPMnI-bINywhPeMkg,2023-09-29T11:50:33Z,UgyDt_3mYw3tSbgiwtZ4AaABAg,중립
콘서트 티켓 8분 만에 전석 매진시킨다는 버추얼 아이돌 근황 / 스브스뉴스,스브스뉴스 SUBUSUNEWS,대댓글,@H_H-rx2oh,"@SSSSS221-s8g  남이 어케 생각하냐의 문제가 아니라 이세돌이 왜 지금 인기가 많은지에 대한 얘길 하는거임.  

일반적인 이세계 팬층과는 다르게 이세돌은 우왁굳 사단 왁타버스라는 개념에서 출발한거라  이세계나 애니같은 오타쿠적 개념에 대해 관심도가 엄청 낮아도, 왁타서사때문에 이세돌 까지는 수용가능한 사람이 많았기 때문에  지금 이인기에 힘이 실어진 거임.   때문에 일반적인 이세계 주류에 대한 이 뉴스의 주제완 다르게 결이 다르다고 한거. 

이세돌 퍼프하는 사람들 중에 킹반인들도 엄청 많음. 나도 그중 하나. 애니도 안보고 버추얼도 왁타외엔 그닥 안끌려함. 그래도 왁타 서사에 빠지니까 저정도 이세계는 허용 가능했기에 나같은 사람이 많아 지금의 인기가 나온거. ( 레알 음지 세력만으로는 절대 이런 인기 못 끌어올림;; )

아마 앞으로도 왠만한 서사가 있는게 아니라면 다른 버추얼 아이돌 나와도 지금처럼 주류가 되긴 힘들거임.  즉, 핵심은 이세계라서 뜬게 아니고 왁타 사단이라서 뜬거.  근데 이게 그냥 요즘 버추얼이 뜨니까, 이세계니까  다 인기가 있을거다 라고  수박 겉핡기식 평가하니까.. 근시안처럼 느껴짐.

그게 핵심이면 이세돌 나오기 전부터 주류가 휩쓸었어야지;; 심지어  그나마 있던 소수의 주류버추얼 스트리머들 조차 이세돌 나오고 얼마안가 스트리머 상위 순위 싹다  이세돌 한테 잡아 먹혔음 

아마 앞으로도  왁타버스로 파생된 문화가 이세계문화 확장을 계속 끌어내긴 할거임. 실제로도 요즘에 버추얼 이세계에 대해 낯설어 하던 사람들도 왁타버스 때문에 점점 그분야에 대해 익숙해져 가고 있고 그 분위기 때문에 버추얼 문화가 점점 커져가고 있는건 사실임.  

님이 말한 남이 봤을땐 다 똑같다는 것도 별 차이가 없는게 그런 남도 관심을 가지면 진입장벽이 높진 않아서 (애니, 오타쿠적 성격이 아니라서;;)  아마 앞으로도 유입은 계속 늘지 않을까 싶음. (실제로 이미 관련카페 회원수가 계속 증가중..)",2,2023-09-29T21:05:00Z,0,UgyDt_3mYw3tSbgiwtZ4AaABAg.9vEuE9xPB719vG4OlgSbdd,S1bcy4h1mS8,UCNYElOFKDQpOr4rD5qBblPw,2024-06-17T22:24:15Z,UgyDt_3mYw3tSbgiwtZ4AaABAg,중립
콘서트 티켓 8분 만에 전석 매진시킨다는 버추얼 아이돌 근황 / 스브스뉴스,스브스뉴스 SUBUSUNEWS,대댓글,@fight_tyrannosaurus,​@H_H-rx2oh홀로라이브도 사랑해줘잉,0,2023-09-30T07:06:37Z,0,UgyDt_3mYw3tSbgiwtZ4AaABAg.9vEuE9xPB719vH9F8E8TxI,S1bcy4h1mS8,UCtlMZvh30emgXFpefYMTFLA,2024-06-17T22:24:15Z,UgyDt_3mYw3tSbgiwtZ4AaABAg,긍정
콘서트 티켓 8분 만에 전석 매진시킨다는 버추얼 아이돌 근황 / 스브스뉴스,스브스뉴스 SUBUSUNEWS,대댓글,@Na_raola,"다른 버튜버는 설정 없음?
남들이 보기엔 다 똑같아",0,2023-10-04T13:48:52Z,0,UgyDt_3mYw3tSbgiwtZ4AaABAg.9vEuE9xPB719vSASnG95iM,S1bcy4h1mS8,UCNZfZQMeo08F3bAJjHcpYbg,2023-10-04T13:48:52Z,UgyDt_3mYw3tSbgiwtZ4AaABAg,중립
콘서트 티켓 8분 만에 전석 매진시킨다는 버추얼 아이돌 근황 / 스브스뉴스,스브스뉴스 SUBUSUNEWS,대댓글,@ssunchipp,​@Na_raola기존에 있던 버튜버 데뷔서사랑은 좀 다르긴하지,1,2023-10-05T05:22:43Z,0,UgyDt_3mYw3tSbgiwtZ4AaABAg.9vEuE9xPB719vTqKWiQZbn,S1bcy4h1mS8,UCphCElWM3eVXB6C-1EwHjKA,2024-06-17T22:24:15Z,UgyDt_3mYw3tSbgiwtZ4AaABAg,긍정
콘서트 티켓 8분 만에 전석 매진시킨다는 버추얼 아이돌 근황 / 스브스뉴스,스브스뉴스 SUBUSUNEWS,최상위 댓글,@토아-v4c,이게 취향이 갈릴 만한 건지 잘 모르겠음... 누가 들어도 노래 좋고 잘부르고 너무너무 좋은데 ㅜㅜ,2,2024-08-11T07:40:53Z,0,UgzhXwaEKbEG5L48G_Z4AaABAg,S1bcy4h1mS8,UC6SBA1C5tRK0GjB9krr4IWw,2024-08-11T07:40:53Z,,중립
콘서트 티켓 8분 만에 전석 매진시킨다는 버추얼 아이돌 근황 / 스브스뉴스,스브스뉴스 SUBUSUNEWS,최상위 댓글,@whonever0313,"맨앞쪽에
둘뿐인아들이있다
티켓팅도
힘들었다는데
공부를
좀그렇게하지
그냥나도
팬이되기로했다
❤❤❤❤❤❤",8,2023-10-13T17:53:46Z,0,Ugyo_0mzxQBFyh78jsR4AaABAg,S1bcy4h1mS8,UCB1zeuHrmeDDJA2ecf4IIBA,2023-10-13T17:53:46Z,,중립
콘서트 티켓 8분 만에 전석 매진시킨다는 버추얼 아이돌 근황 / 스브스뉴스,스브스뉴스 SUBUSUNEWS,최상위 댓글,@Jyaro_45,언젠가는 이세돌이 모두에게 인정받는 날이 올 것이다.,21,2023-09-28T02:34:34Z,3,UgyrQG1ewkYTWZX2hh14AaABAg,S1bcy4h1mS8,UCtQ8jdKOOrECRgtWG0o-CPw,2023-09-28T02:34:34Z,,중립
콘서트 티켓 8분 만에 전석 매진시킨다는 버추얼 아이돌 근황 / 스브스뉴스,스브스뉴스 SUBUSUNEWS,대댓글,@오금금,일본도 한참인것같은데 정말로올까?,0,2023-09-28T03:11:14Z,0,UgyrQG1ewkYTWZX2hh14AaABAg.9vBWWr2nr9G9vB_iKyYNVU,S1bcy4h1mS8,UCgj-pZNprqEW2bYuJ8ZSJeg,2023-09-28T03:11:14Z,UgyrQG1ewkYTWZX2hh14AaABAg,중립
콘서트 티켓 8분 만에 전석 매진시킨다는 버추얼 아이돌 근황 / 스브스뉴스,스브스뉴스 SUBUSUNEWS,대댓글,@kkiutt,​@오금금근데 일본이랑은 노선이 다르잖아,0,2023-09-28T03:24:56Z,0,UgyrQG1ewkYTWZX2hh14AaABAg.9vBWWr2nr9G9vBbHisSUoD,S1bcy4h1mS8,UC7f8JZl42lyhBFYjBc9nnCQ,2024-06-18T00:54:05Z,UgyrQG1ewkYTWZX2hh14AaABAg,중립
콘서트 티켓 8분 만에 전석 매진시킨다는 버추얼 아이돌 근황 / 스브스뉴스,스브스뉴스 SUBUSUNEWS,대댓글,@댓글알람차단,오타쿠쉑,0,2023-09-28T04:00:01Z,0,UgyrQG1ewkYTWZX2hh14AaABAg.9vBWWr2nr9G9vBfIk86Z6P,S1bcy4h1mS8,UCnNOKWzNGdAussJtkQ7o9cA,2023-09-28T04:00:01Z,UgyrQG1ewkYTWZX2hh14AaABAg,중립
콘서트 티켓 8분 만에 전석 매진시킨다는 버추얼 아이돌 근황 / 스브스뉴스,스브스뉴스 SUBUSUNEWS,최상위 댓글,@cherryart6120,그냥 노래 잘하고 말 잘하고 본인 방송 재밌게 잘 이끌어가고 단체 컨탠츠도 재밌는거 많이 만들어 내니까 보는거임. 캐릭터가 암만 이뻐도 재미도 없고 할 줄 아는것도 1도 없으면 누가 보겠음?,15,2024-05-15T07:15:21Z,3,Ugyn-nkEq31vAhChCUd4AaABAg,S1bcy4h1mS8,UC2mV3g-fX9oBxQZFsnphxJA,2024-05-15T07:15:21Z,,긍정
콘서트 티켓 8분 만에 전석 매진시킨다는 버추얼 아이돌 근황 / 스브스뉴스,스브스뉴스 SUBUSUNEWS,대댓글,@조영준-d6w,ㅇㅈ,2,2024-05-23T09:32:34Z,0,Ugyn-nkEq31vAhChCUd4AaABAg.A3SFUY2jGsdA3m5YZcok1k,S1bcy4h1mS8,UCbBwBA3FRNbLbcmz4rswuQw,2024-05-23T09:32:34Z,Ugyn-nkEq31vAhChCUd4AaABAg,중립
콘서트 티켓 8분 만에 전석 매진시킨다는 버추얼 아이돌 근황 / 스브스뉴스,스브스뉴스 SUBUSUNEWS,대댓글,@아리가또라베스크-i6p,피지컬이 되니 하지,0,2024-06-16T14:35:06Z,0,Ugyn-nkEq31vAhChCUd4AaABAg.A3SFUY2jGsdA4kRFKkGbF-,S1bcy4h1mS8,UCzS_BQ9EvOQo90TnV2POsRg,2024-06-16T14:35:06Z,Ugyn-nkEq31vAhChCUd4AaABAg,중립
콘서트 티켓 8분 만에 전석 매진시킨다는 버추얼 아이돌 근황 / 스브스뉴스,스브스뉴스 SUBUSUNEWS,대댓글,@아리가또라베스크-i6p,???:난 거지를 보면 분노를 참을수 없어!!,1,2024-06-16T17:43:01Z,0,Ugyn-nkEq31vAhChCUd4AaABAg.A3SFUY2jGsdA4klklNDTXN,S1bcy4h1mS8,UCzS_BQ9EvOQo90TnV2POsRg,2024-06-16T17:43:01Z,Ugyn-nkEq31vAhChCUd4AaABAg,중립
콘서트 티켓 8분 만에 전석 매진시킨다는 버추얼 아이돌 근황 / 스브스뉴스,스브스뉴스 SUBUSUNEWS,최상위 댓글,@마신제오,"역시 ""대 이세돌"" 최고다!!! 킹아~~~~!!!!! 💜💛💙❤️🩵💚",5,2023-10-06T05:47:17Z,0,UgwsenIHvJe0prMq_qh4AaABAg,S1bcy4h1mS8,UC4lAx3uO4quSjrU_4ms4Lug,2023-10-06T05:49:27Z,,긍정
콘서트 티켓 8분 만에 전석 매진시킨다는 버추얼 아이돌 근황 / 스브스뉴스,스브스뉴스 SUBUSUNEWS,최상위 댓글,@푸들이푸들,"와 처음보는데 진짜 신기하네요
각자 매력도 넘쳐 보이고 하나의 팀으로도 사랑스럽네요
사장님이라고 나오신 분도 귀여우시네요ㅎㅎ
이세계아이돌 징버거님에 목표대로 생방송 음악 프로그램에서 꼭 만났으면 좋겠네요 킹아!",26,2023-09-28T02:43:15Z,3,UgxLZ-gyDUFzrx8gniV4AaABAg,S1bcy4h1mS8,UCuipxi-5rEe4VSvOl3r8ldA,2023-09-28T02:43:15Z,,긍정
콘서트 티켓 8분 만에 전석 매진시킨다는 버추얼 아이돌 근황 / 스브스뉴스,스브스뉴스 SUBUSUNEWS,대댓글,@뜨거운_아아,검거!! 킹아!!,6,2023-09-28T02:45:45Z,0,UgxLZ-gyDUFzrx8gniV4AaABAg.9vBXWTIm5lu9vBXnhrm8G-,S1bcy4h1mS8,UCxMBON4C7lnFMHhthTccuxw,2023-09-28T02:45:45Z,UgxLZ-gyDUFzrx8gniV4AaABAg,중립
콘서트 티켓 8분 만에 전석 매진시킨다는 버추얼 아이돌 근황 / 스브스뉴스,스브스뉴스 SUBUSUNEWS,대댓글,@Bon_myeong,검거,0,2023-09-28T03:11:35Z,0,UgxLZ-gyDUFzrx8gniV4AaABAg.9vBXWTIm5lu9vB_kwStBLd,S1bcy4h1mS8,UCi5267O4KoDdAuGIkAmNVBA,2023-09-28T03:11:35Z,UgxLZ-gyDUFzrx8gniV4AaABAg,중립
콘서트 티켓 8분 만에 전석 매진시킨다는 버추얼 아이돌 근황 / 스브스뉴스,스브스뉴스 SUBUSUNEWS,대댓글,@minekim,킹아~,0,2023-09-28T03:13:45Z,0,UgxLZ-gyDUFzrx8gniV4AaABAg.9vBXWTIm5lu9vBa-nkeRwC,S1bcy4h1mS8,UCYqDcu9xmStBZWcVizhhogg,2023-09-28T03:13:45Z,UgxLZ-gyDUFzrx8gniV4AaABAg,중립
콘서트 티켓 8분 만에 전석 매진시킨다는 버추얼 아이돌 근황 / 스브스뉴스,스브스뉴스 SUBUSUNEWS,최상위 댓글,@blahblah-wq5ml,이해해주진 못하지만 존중함,19,2023-09-28T14:28:30Z,2,UgwdF2Ab_t0QLTUTlcF4AaABAg,S1bcy4h1mS8,UCvAL2M1zRy1saa05X3nEukw,2023-09-28T14:28:30Z,,중립
콘서트 티켓 8분 만에 전석 매진시킨다는 버추얼 아이돌 근황 / 스브스뉴스,스브스뉴스 SUBUSUNEWS,대댓글,@이희윤-m4w,감사합니닷 ㅎㅎ,0,2023-09-28T17:58:16Z,0,UgwdF2Ab_t0QLTUTlcF4AaABAg.9vCnDrxCPWs9vDAEGWjyWK,S1bcy4h1mS8,UCJ2GKst0GS0LPCx0EXa9qHQ,2023-09-28T17:58:16Z,UgwdF2Ab_t0QLTUTlcF4AaABAg,긍정
콘서트 티켓 8분 만에 전석 매진시킨다는 버추얼 아이돌 근황 / 스브스뉴스,스브스뉴스 SUBUSUNEWS,대댓글,@üsaschie,존중만 해줘도 감사할 따름입니다 킹아,0,2023-09-29T13:16:11Z,0,UgwdF2Ab_t0QLTUTlcF4AaABAg.9vCnDrxCPWs9vFEk2sgyRo,S1bcy4h1mS8,UColS-NuTev9haaheRpVyRWw,2023-09-29T13:16:11Z,UgwdF2Ab_t0QLTUTlcF4AaABAg,긍정
콘서트 티켓 8분 만에 전석 매진시킨다는 버추얼 아이돌 근황 / 스브스뉴스,스브스뉴스 SUBUSUNEWS,최상위 댓글,@바붕이4,"근데 굳이 이 영상 들어와서 자세하게 욕하는거 보면 진짜 관심받을려고 하는거 같음 그냥 싫으면 무시하면 돼는데 악플달아가지고 ""히히 난 악플달았으니까 인싸야~"" 이러는 것도 아닌데 진짜 왜 그러는거임??",15,2023-10-11T20:55:13Z,7,Ugx4lY1l3uguJZu60e14AaABAg,S1bcy4h1mS8,UCZnfUZIaa7gozNQxxJ1BBug,2023-10-11T20:55:13Z,,중립
콘서트 티켓 8분 만에 전석 매진시킨다는 버추얼 아이돌 근황 / 스브스뉴스,스브스뉴스 SUBUSUNEWS,대댓글,@2개월남음,딱 정확함 지 인싸다 그거임 ㅋㅋ 아니면 자기 관점에선 음지로 보이는게 성공하니까 아니꼬운가보죠,11,2023-10-15T10:12:18Z,0,Ugx4lY1l3uguJZu60e14AaABAg.9vjxoXxBnL_9vt6QDDGK8V,S1bcy4h1mS8,UCTlvW0H99w_C-lDuT9BgCOg,2023-10-15T10:12:47Z,Ugx4lY1l3uguJZu60e14AaABAg,중립
콘서트 티켓 8분 만에 전석 매진시킨다는 버추얼 아이돌 근황 / 스브스뉴스,스브스뉴스 SUBUSUNEWS,대댓글,@2개월남음,@User-mywinner 맞음 ㅋㅋ 걍 자기가 인싸라 생각하는 애들임,8,2023-10-16T01:16:36Z,0,Ugx4lY1l3uguJZu60e14AaABAg.9vjxoXxBnL_9vuiuW_l3l3,S1bcy4h1mS8,UCTlvW0H99w_C-lDuT9BgCOg,2024-06-18T01:58:24Z,Ugx4lY1l3uguJZu60e14AaABAg,중립
콘서트 티켓 8분 만에 전석 매진시킨다는 버추얼 아이돌 근황 / 스브스뉴스,스브스뉴스 SUBUSUNEWS,대댓글,@antoniovivaldi2080,이게 맞는듯..그냥 정신자위하려고 다는거같애,1,2023-11-03T16:54:56Z,0,Ugx4lY1l3uguJZu60e14AaABAg.9vjxoXxBnL_9wekaqBgXjX,S1bcy4h1mS8,UCLz7gOH5OmNLhKOdwenRo6w,2023-11-03T16:55:04Z,Ugx4lY1l3uguJZu60e14AaABAg,중립
콘서트 티켓 8분 만에 전석 매진시킨다는 버추얼 아이돌 근황 / 스브스뉴스,스브스뉴스 SUBUSUNEWS,대댓글,@user-e5m6f,무시 원툴 ㅋㅋ  마약해도 니들 알빠노? ㅇㅈㄹ하지 그럼,0,2023-11-10T03:13:43Z,0,Ugx4lY1l3uguJZu60e14AaABAg.9vjxoXxBnL_9wvJB6Y2r9_,S1bcy4h1mS8,UCRWoA1bRoO5b9HW_qmr_bwA,2023-11-10T03:13:43Z,Ugx4lY1l3uguJZu60e14AaABAg,중립
콘서트 티켓 8분 만에 전석 매진시킨다는 버추얼 아이돌 근황 / 스브스뉴스,스브스뉴스 SUBUSUNEWS,대댓글,@바붕이4,@user-e5m6f 봐봐 이렇게 관심받을려고 댓글무자비로 쓴다니까?,4,2023-11-10T08:54:08Z,0,Ugx4lY1l3uguJZu60e14AaABAg.9vjxoXxBnL_9wvv8SQDg9F,S1bcy4h1mS8,UCZnfUZIaa7gozNQxxJ1BBug,2024-06-18T01:58:24Z,Ugx4lY1l3uguJZu60e14AaABAg,중립
콘서트 티켓 8분 만에 전석 매진시킨다는 버추얼 아이돌 근황 / 스브스뉴스,스브스뉴스 SUBUSUNEWS,최상위 댓글,@붉은려우,저기의 절반 넘게는 세돌타치를 보러간게아닐까,1,2024-04-30T09:44:04Z,0,UgxhC_6c8MHvPZoFZqp4AaABAg,S1bcy4h1mS8,UCPPHzv26gHeVvKhDMIOYnSA,2024-04-30T09:44:04Z,,중립
콘서트 티켓 8분 만에 전석 매진시킨다는 버추얼 아이돌 근황 / 스브스뉴스,스브스뉴스 SUBUSUNEWS,최상위 댓글,@ramremram,"이세돌 팬은 아니지만 3자의 입장이서 봤을 때, 현실 연예인이나 가상 연예인이나 어차피 꾸며진 모습을 보고 실제로 마주할 수 없기에 똑같지 않나 싶네요",12,2023-09-28T03:30:43Z,2,UgzGLaii4IKVVDGMbiR4AaABAg,S1bcy4h1mS8,UCeoDL4bqPARvpW9wAXLs_ag,2023-09-28T03:30:43Z,,중립
콘서트 티켓 8분 만에 전석 매진시킨다는 버추얼 아이돌 근황 / 스브스뉴스,스브스뉴스 SUBUSUNEWS,대댓글,@몸에좋은오메가3,"공감합니다
연예인 가수를 아무리 선망하고 동경해도 문뜩""근데 저들은 나를 알까?"" 하면서 생각들더라구요 
근데 일반 연예인가수보다는 인터넷방송 스트리밍도 하는 이세계아이돌 같은 버츄얼 아이돌들이 더 접근성이 좋더라구요 소통도 하고 

나라는 사람과 소통해주는 선망의 대상이 생겼다는게 좋은거같아요",4,2023-09-28T03:34:04Z,0,UgzGLaii4IKVVDGMbiR4AaABAg.9vBbx65-6mn9vBcKafq7Cj,S1bcy4h1mS8,UCvYXpMavHKROB-NV2ZLbLfw,2023-09-28T03:34:04Z,UgzGLaii4IKVVDGMbiR4AaABAg,중립
콘서트 티켓 8분 만에 전석 매진시킨다는 버추얼 아이돌 근황 / 스브스뉴스,스브스뉴스 SUBUSUNEWS,대댓글,@elged8466,핵심적인 말이라고 생각합니다,1,2023-09-28T03:47:56Z,0,UgzGLaii4IKVVDGMbiR4AaABAg.9vBbx65-6mn9vBdvCy-eqP,S1bcy4h1mS8,UCvly9rpG1acZegWgLzPN34w,2023-09-28T03:47:56Z,UgzGLaii4IKVVDGMbiR4AaABAg,중립
콘서트 티켓 8분 만에 전석 매진시킨다는 버추얼 아이돌 근황 / 스브스뉴스,스브스뉴스 SUBUSUNEWS,최상위 댓글,@haveagoodday8253,진심 이런걸 유튜브에서 검색하고 찾아본다고..?,19,2024-01-26T12:29:01Z,4,Ugx4YazM8HUAVkKBBC14AaABAg,S1bcy4h1mS8,UCwqzBQz4ZgnBiSb2nK7vHAg,2024-01-26T12:29:01Z,,중립
콘서트 티켓 8분 만에 전석 매진시킨다는 버추얼 아이돌 근황 / 스브스뉴스,스브스뉴스 SUBUSUNEWS,대댓글,@haveagoodday8253,당연히 메인에 떠있어야 하는거 아님?,23,2024-01-26T12:29:22Z,0,Ugx4YazM8HUAVkKBBC14AaABAg.A-1ZwkHqcnbA-1ZzEezPeI,S1bcy4h1mS8,UCwqzBQz4ZgnBiSb2nK7vHAg,2024-01-26T12:29:22Z,Ugx4YazM8HUAVkKBBC14AaABAg,중립
콘서트 티켓 8분 만에 전석 매진시킨다는 버추얼 아이돌 근황 / 스브스뉴스,스브스뉴스 SUBUSUNEWS,대댓글,@LegendaryGaogaigar,​@haveagoodday8253ㄹㅇㅋㅋ,1,2024-01-26T16:11:01Z,0,Ugx4YazM8HUAVkKBBC14AaABAg.A-1ZwkHqcnbA-1yLeVBC6n,S1bcy4h1mS8,UCZD_dORSM7KIJp8xyLx_DEw,2024-06-18T02:00:29Z,Ugx4YazM8HUAVkKBBC14AaABAg,긍정
콘서트 티켓 8분 만에 전석 매진시킨다는 버추얼 아이돌 근황 / 스브스뉴스,스브스뉴스 SUBUSUNEWS,대댓글,@present_character,변화구 모얔ㅋㅋㅋㅋ,2,2024-01-26T22:15:13Z,0,Ugx4YazM8HUAVkKBBC14AaABAg.A-1ZwkHqcnbA-2c1CYpu_V,S1bcy4h1mS8,UCIR6i7A4U9TJzNYkjAeKP0g,2024-01-26T22:15:13Z,Ugx4YazM8HUAVkKBBC14AaABAg,중립
콘서트 티켓 8분 만에 전석 매진시킨다는 버추얼 아이돌 근황 / 스브스뉴스,스브스뉴스 SUBUSUNEWS,대댓글,@over_slept,@haveagoodday8253킹아ㅋㅋㅋ,1,2024-02-08T14:31:30Z,0,Ugx4YazM8HUAVkKBBC14AaABAg.A-1ZwkHqcnbA-ZGI9lfmtp,S1bcy4h1mS8,UCmQ3XxGPxeEbZgYvMPDkErg,2024-06-18T02:00:29Z,Ugx4YazM8HUAVkKBBC14AaABAg,긍정
콘서트 티켓 8분 만에 전석 매진시킨다는 버추얼 아이돌 근황 / 스브스뉴스,스브스뉴스 SUBUSUNEWS,최상위 댓글,@ine_always_700,"박세리는 골프를, 메시는 축구를, 마이클 조던은 농구를 오지게 잘 알아~
근데? 망하는 각을 오지게 잘 아는 너희들의 정체는 뭘까??
인생 망하는 전문이야~ 
아하~ 그렇구나!",10,2023-09-28T03:25:58Z,0,UgxmkKxBDRN8J5_xiuR4AaABAg,S1bcy4h1mS8,UCnzUZuxH_YGR6Y83i357c3Q,2023-09-28T03:25:58Z,,중립
콘서트 티켓 8분 만에 전석 매진시킨다는 버추얼 아이돌 근황 / 스브스뉴스,스브스뉴스 SUBUSUNEWS,최상위 댓글,@kkua_sdh.128,내생각인데 편집자님 주르르픽이다,2,2023-10-16T14:07:15Z,0,UgxVP9Q6adUd1lDCQDt4AaABAg,S1bcy4h1mS8,UCddmQBeJdfbmTguQmjAb06A,2023-10-16T14:07:15Z,,중립
콘서트 티켓 8분 만에 전석 매진시킨다는 버추얼 아이돌 근황 / 스브스뉴스,스브스뉴스 SUBUSUNEWS,최상위 댓글,@수-f3o,"버튜버에 대해 부정적인 입장은 지닌 사람들의 의견 중 하나가
""만약 실물이 개빻았다면, 지금처럼 좋아할 수 있을 것 같냐? 라는 내용인 것 같음
개인적으로 나는 별 문제 없다고 생각해
실물이 엄청 예쁘든, 아니면 엄청 못 생겼든 내가 좋아하는 건 판때기, 즉 가상의 인물인데
실물이 엄청 예쁘다고 더 좋아하거나, 못 생겼다고 실망해서 욕한다면 오히려 그 사람이 이상한 것 같은데;;
공과 사는 구별해야하지 않을까? 물론 막 안에 있는 사람이 남자거나 그 전부터 '길가다 번호따인 썰' 풀던 사람인데 유출되니까 빻은 사람인거면
진실성 부분에서는 욕할 수 있겠지만 말이야
한마디로 애니메이션 캐릭터 디자인이 예쁘고, 설정도 좋은데 그 성우가 못생겼다고 캐릭터까지 미워해야 할 이유가 있을까? 나는 그런 느낌임
오히려 그렇게까지 몰입하는 사람이 이상한 사람아냐?",19,2023-10-11T08:27:10Z,3,UgzV8IZPGy5KS7DmPpF4AaABAg,S1bcy4h1mS8,UCTzSDlTc1I1SlLyTk0Dcggg,2023-10-11T08:29:54Z,,중립
콘서트 티켓 8분 만에 전석 매진시킨다는 버추얼 아이돌 근황 / 스브스뉴스,스브스뉴스 SUBUSUNEWS,대댓글,@Leenuuuu,"정확함
애초에 현실 아이돌도 티비나 유튜브에 비춰지는 '아이돌 이미지'를 소비하는 거지
버튜버도 가상 이미지 소비하는 거니까 현실 아이돌이나 이세돌이나 원리는 동일한 거지",4,2023-10-11T17:15:01Z,0,UgzV8IZPGy5KS7DmPpF4AaABAg.9vicCj7xy5M9vjZbn4W-hJ,S1bcy4h1mS8,UCxGN7Je_vln1NVC71P0_qbA,2023-10-11T17:15:01Z,UgzV8IZPGy5KS7DmPpF4AaABAg,중립
콘서트 티켓 8분 만에 전석 매진시킨다는 버추얼 아이돌 근황 / 스브스뉴스,스브스뉴스 SUBUSUNEWS,대댓글,@Nyyho,생각해보니까 아이돌도 생얼과 무대메이크업이 다른 경우(생얼이 개빻았다면 좋아할수있을것같나?)가 있으니까 비슷한 느낌일수도? 물론 2D와 3D의 차이가 워낙 크니 비약이긴하지만.. ㅋㅋㅋ,1,2023-10-12T22:35:17Z,0,UgzV8IZPGy5KS7DmPpF4AaABAg.9vicCj7xy5M9vmi3MQaSbr,S1bcy4h1mS8,UCqdJBpCaRfM6MtsD4Ewb4gA,2023-10-12T22:35:17Z,UgzV8IZPGy5KS7DmPpF4AaABAg,긍정
콘서트 티켓 8분 만에 전석 매진시킨다는 버추얼 아이돌 근황 / 스브스뉴스,스브스뉴스 SUBUSUNEWS,대댓글,@몸은몸,실물보고 팬 된건 아냐 빨간약은 존재하는데 그래도 좋아하는 사람들 많음,1,2023-11-14T02:17:31Z,0,UgzV8IZPGy5KS7DmPpF4AaABAg.9vicCj7xy5M9x4Vw4cLWS_,S1bcy4h1mS8,UC9jcHmPuio67jkE3XdvzisA,2023-11-14T02:17:31Z,UgzV8IZPGy5KS7DmPpF4AaABAg,긍정
콘서트 티켓 8분 만에 전석 매진시킨다는 버추얼 아이돌 근황 / 스브스뉴스,스브스뉴스 SUBUSUNEWS,최상위 댓글,@Hosu_,여기 댓글들만 봐도 왁굳님이 대단한 곳에서 온 섭외도 거절한 이유가 보이네요. 아직은 이해하기 힘든 문화겠지만 무턱대고 욕하시는 분들도 이해하기 힘들죠. 그냥 이런 문화가 있구나 하고 지나가시면 좋을 것 같습니다. 아무튼 다들 즐거운 한가위 보내시고 이세돌 분들 화이팅입니다.,17,2023-09-28T09:43:05Z,0,UgynaXUg_gVuId4E8y94AaABAg,S1bcy4h1mS8,UCyf4-r3bTbPE5f1bvIRbx0A,2023-09-28T09:43:05Z,,중립
콘서트 티켓 8분 만에 전석 매진시킨다는 버추얼 아이돌 근황 / 스브스뉴스,스브스뉴스 SUBUSUNEWS,최상위 댓글,@Almond_Fro9,"캐릭터도 좋지만, 사람을 좋아하는게 더 큰거 같아요 본질은 스트리머고 방송을 보고 같이 웃고 하다보니 캐릭터도 자연스럽게 받아들여졌던것 같아요 ㅋㅋ 그러니까 여러분 무조건 받아들이실 필요는 없습니다, 그냥 이런 것도 있구나 하면서 넘어가주시면 될 것 같아요 ㅎㅎ 다만 험한말들은 조금 삼가해주셨으면 하네요. 사람이지 AI가 아니니깐요😊",20,2023-09-28T11:33:15Z,1,Ugywu6FI-glCuTXMD4Z4AaABAg,S1bcy4h1mS8,UCa3YuJe2gNOf4RBi9_XqPpA,2023-09-28T11:33:15Z,,긍정
콘서트 티켓 8분 만에 전석 매진시킨다는 버추얼 아이돌 근황 / 스브스뉴스,스브스뉴스 SUBUSUNEWS,대댓글,@flyingdog-11,맞아요,1,2023-09-28T13:06:40Z,0,Ugywu6FI-glCuTXMD4Z4AaABAg.9vCUACz6Ayf9vCdrQIzjAn,S1bcy4h1mS8,UCh7qWJLZg7vct8kDDTItJtg,2023-09-28T13:06:40Z,Ugywu6FI-glCuTXMD4Z4AaABAg,중립
콘서트 티켓 8분 만에 전석 매진시킨다는 버추얼 아이돌 근황 / 스브스뉴스,스브스뉴스 SUBUSUNEWS,최상위 댓글,@fgdss9190,"저도 버튜버 좋아하는데요.. 
대중에게 전파되기 아직 이른 음지문화 라 생각합니다..
대중들에게도 적응하는 시간이 필요합니다",3,2023-09-29T13:46:29Z,0,UgyCnFMa2HrSxudjNXl4AaABAg,S1bcy4h1mS8,UCwA6IIn-8HEpVlDkyifwYmg,2023-09-29T13:46:29Z,,긍정
콘서트 티켓 8분 만에 전석 매진시킨다는 버추얼 아이돌 근황 / 스브스뉴스,스브스뉴스 SUBUSUNEWS,최상위 댓글,@연동용-i8m,"우선 이 영상을 기획하고 제작해주신 스브스 관계진분들께 감사합니다

버츄얼 아이돌이라는게 거부감이 들 수가 있고 실제로 이로 인해 외부에서 공격도 많이 받기도 합니다 기술력이나 많은 활동일정으로 인해 개인적으로 한계가 오신게 보일 때도 있었죠 멤버분들이 각자 이로 인해 힘든 시기가 있었을만큼 우리나라에서 불모지인 분야를 개척하고 걸어가는 일은 상당히 어려운 일이었습니다 하지만 우리 이세계 아이돌 멤버분들은 컨텐츠나 커버곡을 짤때도 항상 팬분들을 생각하시면서 본인들의 결점이나 트라우마를 이겨내시고 저희가 말하는 '깨부' 깨지고 부서지는 과정을 통해서 
결국 여기까지 발전하시고 멜론 6위, 빌보드 코리아 3위 빌보드 미국제외 167위에 이번 현실 페스티벌 참가까지 굉장히 많은 성과들을 이뤄낸 올해였습니다 이세돌분들 정말 정말 자랑스럽습니다 앞으로도 당신들의 옆에서 묵묵히 응원하겠습니다 사랑한다 이세돌!!!!!!💜💛🖤❤💙💚
그리고 여러분 KIDDING 한번씩 들어주시면 감사하겠습니다 
TOP100차트에 계속 남아있는 곡이고
여러번 들어도 안 질릴만큼 정말 노래 좋습니다 한번쯤 들어보세요!",19,2023-09-28T04:34:31Z,1,Ugys6YcsmBBWXSoX5O14AaABAg,S1bcy4h1mS8,UCOVM3moEFxcQixeieFD3ZlQ,2023-09-28T04:36:39Z,,긍정
콘서트 티켓 8분 만에 전석 매진시킨다는 버추얼 아이돌 근황 / 스브스뉴스,스브스뉴스 SUBUSUNEWS,대댓글,@연동용-i8m,​@knit-abroad-glide먹금쓰,1,2023-09-28T04:39:10Z,0,Ugys6YcsmBBWXSoX5O14AaABAg.9vBjFQ_M_nk9vBjmNrel2B,S1bcy4h1mS8,UCOVM3moEFxcQixeieFD3ZlQ,2024-04-18T02:50:10Z,Ugys6YcsmBBWXSoX5O14AaABAg,중립
콘서트 티켓 8분 만에 전석 매진시킨다는 버추얼 아이돌 근황 / 스브스뉴스,스브스뉴스 SUBUSUNEWS,최상위 댓글,@wong_5555,이세계아이돌 화이팅!!💚💙❤🖤💛💜,9,2023-09-28T02:22:41Z,0,UgzrXWxY0r-430vC5zd4AaABAg,S1bcy4h1mS8,UCYOssLlkamoHONaTe1SfN9g,2023-09-28T02:22:41Z,,중립
콘서트 티켓 8분 만에 전석 매진시킨다는 버추얼 아이돌 근황 / 스브스뉴스,스브스뉴스 SUBUSUNEWS,최상위 댓글,@ondo_degree,이세계 아이돌 미쳐따ㅠㅠㅠ💜💛🖤❤️💙💚,15,2023-09-28T02:06:13Z,0,UgyO6aGHEQRuqMbJwmt4AaABAg,S1bcy4h1mS8,UCeJbxQ63XV0RElpmiKar9EA,2023-09-28T02:06:13Z,,중립
콘서트 티켓 8분 만에 전석 매진시킨다는 버추얼 아이돌 근황 / 스브스뉴스,스브스뉴스 SUBUSUNEWS,최상위 댓글,@Hypocrites94,이세페 일때문에 못가서 아쉽다 굿즈 사고 싶었는대...,2,2023-09-29T14:29:08Z,0,UgxrUJTQ2zfrN-DWErJ4AaABAg,S1bcy4h1mS8,UCj8PmupxUKKHBYpK9LNmKJQ,2023-09-29T14:29:08Z,,긍정
콘서트 티켓 8분 만에 전석 매진시킨다는 버추얼 아이돌 근황 / 스브스뉴스,스브스뉴스 SUBUSUNEWS,최상위 댓글,@hakendas,"버츄얼아이돌? 아니 현실 아이돌조차 팬되본적 없음. 인터넷 방송 보는거 혐오하는 사람임. 그러다 어느날,, 이세계아이돌 오디션 풀영상이 알고리즘에 뜸. 봤음. 
뭐..뭐지? 한편보고 두편보고 정주행 했음. 
결론 ㅈㄴ 재밌고.. 왜 사람들이 좋아하는지 알겠음. 무엇보다 웃김. 왠만한 개그코너 압살함. 이게 핵심임. 그리고 퓨어함. 성적으로도 문란하지 않고 순수한 방송에 순수한 팬심 이런것들이 강점이라고 생각함. 그래서 여자팬도 많고 남자 팬도 많은게 바로 이 이유가 아닐까 생각함.
보통 문란하거나 그러면 성별이 편향되기 쉽거든.",13,2024-07-16T22:43:40Z,2,Ugzhw6y2jXmrAIIjEDp4AaABAg,S1bcy4h1mS8,UCYqvSgBOtd63Yjxf3_vYLpg,2024-07-16T22:43:40Z,,긍정
콘서트 티켓 8분 만에 전석 매진시킨다는 버추얼 아이돌 근황 / 스브스뉴스,스브스뉴스 SUBUSUNEWS,대댓글,@quartz_11,ㅋㅋㅋ 입덕 부정기 이겨 내셨군요ㅋㅋ,3,2024-07-19T14:40:31Z,0,Ugzhw6y2jXmrAIIjEDp4AaABAg.A5yZ0-PZYApA64Q5vt9vcS,S1bcy4h1mS8,UC4BMhltRX9ju4PNNEZg7Yeg,2024-07-19T14:40:31Z,Ugzhw6y2jXmrAIIjEDp4AaABAg,중립
콘서트 티켓 8분 만에 전석 매진시킨다는 버추얼 아이돌 근황 / 스브스뉴스,스브스뉴스 SUBUSUNEWS,대댓글,@KKKudong,ㄹㅇㅋㅋ 저도 아세돌 첨봤을때 배잡고 웃었어요ㅋㅋ,1,2024-08-11T10:58:15Z,0,Ugzhw6y2jXmrAIIjEDp4AaABAg.A5yZ0-PZYApA7-Ex9hY5Yu,S1bcy4h1mS8,UC_LymYYHZV4CIb9CylOVf2g,2024-08-11T10:58:15Z,Ugzhw6y2jXmrAIIjEDp4AaABAg,중립
콘서트 티켓 8분 만에 전석 매진시킨다는 버추얼 아이돌 근황 / 스브스뉴스,스브스뉴스 SUBUSUNEWS,최상위 댓글,@roka0009,아니 방송국놈들 PD 컴퓨터 성능 실화냐,11,2023-09-28T06:49:55Z,1,UgxCyNio5cOY52XRY1d4AaABAg,S1bcy4h1mS8,UCNsNGWxF_r46vTEifSw4-SA,2023-09-28T06:49:55Z,,중립
콘서트 티켓 8분 만에 전석 매진시킨다는 버추얼 아이돌 근황 / 스브스뉴스,스브스뉴스 SUBUSUNEWS,대댓글,@김우고-n7b,편집실 컴이 좋은거지 서류업무하는컴은 별로안좋음,0,2023-09-28T06:59:33Z,0,UgxCyNio5cOY52XRY1d4AaABAg.9vByk5mM5G09vBzqeXE16G,S1bcy4h1mS8,UCrej-dUG65cclw87sPpRyng,2023-09-28T06:59:33Z,UgxCyNio5cOY52XRY1d4AaABAg,부정
콘서트 티켓 8분 만에 전석 매진시킨다는 버추얼 아이돌 근황 / 스브스뉴스,스브스뉴스 SUBUSUNEWS,최상위 댓글,@실명전사긽쨡뙖,팩트) 이거가지고 나라 망한다는 건 그만큼 이세돌이 유명하고 영향력이 큰걸 인정하는 셈이다. 악플 달렸다고 화내지 말고 긍정회로 돌리자,20,2023-09-28T08:45:17Z,6,UgxkbHUERgdEL7NTpgh4AaABAg,S1bcy4h1mS8,UCp7_UjJgldbC-iV8W4EPAhw,2023-09-28T08:45:17Z,,중립
콘서트 티켓 8분 만에 전석 매진시킨다는 버추얼 아이돌 근황 / 스브스뉴스,스브스뉴스 SUBUSUNEWS,대댓글,@뉴스공장로동자,ㄴㄷㅆ,3,2023-09-28T08:57:40Z,0,UgxkbHUERgdEL7NTpgh4AaABAg.9vCAwzmEBy89vCCMnGEPD6,S1bcy4h1mS8,UCEIWQmDwxqbGNvFBX3Dg8KA,2023-09-28T08:57:40Z,UgxkbHUERgdEL7NTpgh4AaABAg,중립
콘서트 티켓 8분 만에 전석 매진시킨다는 버추얼 아이돌 근황 / 스브스뉴스,스브스뉴스 SUBUSUNEWS,대댓글,@jhgyudfgd,아 이걸로 나라 망하는거면 대체 얼마나 영향력 큰거냐고ㅋㅋㅋㅋㅋㅋㅋㅋㅋㅋㅋ,0,2023-09-28T11:28:44Z,0,UgxkbHUERgdEL7NTpgh4AaABAg.9vCAwzmEBy89vCTeDfm77A,S1bcy4h1mS8,UCYiE20eamo7j-Pbq373e-tQ,2023-09-28T11:28:44Z,UgxkbHUERgdEL7NTpgh4AaABAg,중립
콘서트 티켓 8분 만에 전석 매진시킨다는 버추얼 아이돌 근황 / 스브스뉴스,스브스뉴스 SUBUSUNEWS,대댓글,@nininimun11,​@뉴스공장로동자재생목록 노브라뭐농 ㅋㅋ 투명하다 투명해,0,2023-09-28T11:33:54Z,0,UgxkbHUERgdEL7NTpgh4AaABAg.9vCAwzmEBy89vCUF3Xcfs3,S1bcy4h1mS8,UCcPkbV6e8xZrxF1oDF8tp5A,2024-06-17T21:29:23Z,UgxkbHUERgdEL7NTpgh4AaABAg,중립
콘서트 티켓 8분 만에 전석 매진시킨다는 버추얼 아이돌 근황 / 스브스뉴스,스브스뉴스 SUBUSUNEWS,대댓글,@뉴스공장로동자,@nininimun11 좋은거 보여줬으면 감사합니다 하고 가라,0,2023-09-28T12:42:05Z,0,UgxkbHUERgdEL7NTpgh4AaABAg.9vCAwzmEBy89vCb2P9I4Un,S1bcy4h1mS8,UCEIWQmDwxqbGNvFBX3Dg8KA,2024-06-17T21:29:23Z,UgxkbHUERgdEL7NTpgh4AaABAg,긍정
콘서트 티켓 8분 만에 전석 매진시킨다는 버추얼 아이돌 근황 / 스브스뉴스,스브스뉴스 SUBUSUNEWS,대댓글,@폰허브,​@뉴스공장로동자이지랄 ㅋㅋ 구독목록 보니까 기독교인 같은데 왜 그렇게 사세요,0,2023-09-28T14:42:36Z,0,UgxkbHUERgdEL7NTpgh4AaABAg.9vCAwzmEBy89vCoq9Zavtk,S1bcy4h1mS8,UCJdHAASJb00bH--_WCcCnsQ,2024-06-17T21:29:23Z,UgxkbHUERgdEL7NTpgh4AaABAg,중립
콘서트 티켓 8분 만에 전석 매진시킨다는 버추얼 아이돌 근황 / 스브스뉴스,스브스뉴스 SUBUSUNEWS,최상위 댓글,@상호-l2h,우왁굳이 새로운 산업을 만들었네 대단하다,5,2023-12-26T02:14:15Z,0,Ugwk-Lc9Bakzkot_5ER4AaABAg,S1bcy4h1mS8,UCSrzGb8CEB0MFpfHIJPfwTw,2023-12-26T02:14:15Z,,중립
콘서트 티켓 8분 만에 전석 매진시킨다는 버추얼 아이돌 근황 / 스브스뉴스,스브스뉴스 SUBUSUNEWS,최상위 댓글,@MAO_SIN_G,이세돌 사랑해! 릴파넴 응원해!! 우리 아이돌 너무이쁘죠 ㅠㅠ 차원을 넘어 모든 사람들에게 이쁨받을수있도록 팬들부터 좋은 문화를 만들어가겠습니다~!!,17,2023-09-28T02:18:56Z,0,UgwISgvA16SBxEKUJjV4AaABAg,S1bcy4h1mS8,UCZYp1zuzojFYJmU2JBFbvNA,2023-09-28T02:18:56Z,,긍정
콘서트 티켓 8분 만에 전석 매진시킨다는 버추얼 아이돌 근황 / 스브스뉴스,스브스뉴스 SUBUSUNEWS,최상위 댓글,@Ter0091,악플러들은 아이유도 노래로 까고 장원영도 외모로 까는데 이세돌 악플? 사실상 신경 안써도됨 ㅋㅋ,13,2024-01-28T12:35:36Z,1,UgyBATI089gzTNKM1kJ4AaABAg,S1bcy4h1mS8,UCek6Rf4hbVtEO6cpFosumMA,2024-01-28T12:35:36Z,,중립
콘서트 티켓 8분 만에 전석 매진시킨다는 버추얼 아이돌 근황 / 스브스뉴스,스브스뉴스 SUBUSUNEWS,대댓글,@조영준-d6w,ㄹㅇㅋㅋ,0,2024-05-23T09:39:56Z,0,UgyBATI089gzTNKM1kJ4AaABAg.A-6jHjp9sNrA3m6O_fook4,S1bcy4h1mS8,UCbBwBA3FRNbLbcmz4rswuQw,2024-05-23T09:39:56Z,UgyBATI089gzTNKM1kJ4AaABAg,중립
콘서트 티켓 8분 만에 전석 매진시킨다는 버추얼 아이돌 근황 / 스브스뉴스,스브스뉴스 SUBUSUNEWS,최상위 댓글,@돌의정령-z9u,"일단 노래가 좋음. 그래서 듣게 됨. 그리고 개인 방송 모두 재밌고 각자 매력이 넘침. 그리고...
 사장이 우왁굳? 말 할거 없어 ㅋㅋ",12,2023-09-28T23:10:06Z,1,Ugwr27WCKSGNVWieZ6J4AaABAg,S1bcy4h1mS8,UC46tClJtiFASCShYWpLBJcA,2023-09-28T23:10:06Z,,긍정
콘서트 티켓 8분 만에 전석 매진시킨다는 버추얼 아이돌 근황 / 스브스뉴스,스브스뉴스 SUBUSUNEWS,대댓글,@Musikl0ve,ㄹㅇ.. 키보드 워리어들 보면 맘아프다,3,2023-09-28T23:51:54Z,0,Ugwr27WCKSGNVWieZ6J4AaABAg.9vDiv9vHPUv9vDnhGqV9y6,S1bcy4h1mS8,UC2swGjr4t7dtJDGrCuAqX1g,2023-09-28T23:51:54Z,Ugwr27WCKSGNVWieZ6J4AaABAg,중립
콘서트 티켓 8분 만에 전석 매진시킨다는 버추얼 아이돌 근황 / 스브스뉴스,스브스뉴스 SUBUSUNEWS,최상위 댓글,@il-ilhyeonga,야외 페스티벌에 뉴스까지 뜬 이세돌 폼 미쳤따! 킹아!!,2,2023-09-28T16:57:45Z,0,UgygwMmH9c6SOciH68h4AaABAg,S1bcy4h1mS8,UCcOUxkEbNLjgdKRh8-pp7Mg,2023-09-28T16:58:01Z,,중립
콘서트 티켓 8분 만에 전석 매진시킨다는 버추얼 아이돌 근황 / 스브스뉴스,스브스뉴스 SUBUSUNEWS,최상위 댓글,@esssso1128,솔직히 내 입장에선 권은비님도 가상인물이나 다를바 없음 😅,7,2023-09-28T12:20:01Z,0,UgwtKMa30EczM_3Ftet4AaABAg,S1bcy4h1mS8,UCSGn9M9RsmKQ-emGTQPlbrQ,2023-09-28T12:20:01Z,,중립
콘서트 티켓 8분 만에 전석 매진시킨다는 버추얼 아이돌 근황 / 스브스뉴스,스브스뉴스 SUBUSUNEWS,최상위 댓글,@utreeu,"욕하는 사람들은 저게 뭔지 몰라서 욕하는거 같음
저거 그냥 2d 애니메이션이아니고 사람임

왜 좋아하는지는 님들이 유튜버들 좋아하는거랑 똑같음

개인방송에서 소통도하고, 유튜브도하고, 시참도 하고, 팬카페에서 본인글 읽어주니까, 근데 노래도 잘하고 사람이 착해, 잘웃어, 그럼 좋아하고, 재미있을 수 있지

오히려 노래만내고, 뮤비에만나오고
노래좋고 이쁘다고 좋아하는게 더 이해안감
사람에대한 느낌을 모르는데 좋아하는게..",20,2023-09-30T23:29:51Z,18,UgwP6-rYIF5OEJlPPqd4AaABAg,S1bcy4h1mS8,UCZgiq3tVztqCRA7JnYYwwSg,2023-09-30T23:29:51Z,,긍정
콘서트 티켓 8분 만에 전석 매진시킨다는 버추얼 아이돌 근황 / 스브스뉴스,스브스뉴스 SUBUSUNEWS,대댓글,@Mangupdate,ㄹㅇ 보통 아이돌이라 하면 뮤비에 나오는 단편적인 외모를 보고 좋아하니까 우리가 왜 투디를 좋아하는지 이해를 못하는거겠지.. 근데 우리는 외모를 보고 좋아하는게 아니라 이 사람들과 함께 보낸 시간 때문에 이 사람들을 좋아하게 되는거고 아바타는 부가적인 것 뿐이라는 걸 제발 좀 다들 이해해줬으면 좋겠다 ㅋㅋㅋㅋ,6,2023-10-01T01:05:05Z,0,UgwP6-rYIF5OEJlPPqd4AaABAg.9vIulWw0Cey9vJ4f6_P6dl,S1bcy4h1mS8,UCS1i26TwofdPXj1Z2-Elh1w,2023-10-01T01:05:05Z,UgwP6-rYIF5OEJlPPqd4AaABAg,긍정
콘서트 티켓 8분 만에 전석 매진시킨다는 버추얼 아이돌 근황 / 스브스뉴스,스브스뉴스 SUBUSUNEWS,대댓글,@madridreal-mp6eh,사람이 아니고 3d그래픽쪼가리죠 저게어떻게사람임 만질수있음? 음식을먹음? 잠을잠? ㅋㅋㅋㅋㅋㅋㅋㅋㅋㅋㅋㅋㅋㅋ진짜 개웃기네,1,2023-10-01T14:33:12Z,0,UgwP6-rYIF5OEJlPPqd4AaABAg.9vIulWw0Cey9vKX8pRJ5Hj,S1bcy4h1mS8,UC0wy2YcdjLW1ICcFao69kvA,2023-10-01T14:33:12Z,UgwP6-rYIF5OEJlPPqd4AaABAg,중립
콘서트 티켓 8분 만에 전석 매진시킨다는 버추얼 아이돌 근황 / 스브스뉴스,스브스뉴스 SUBUSUNEWS,대댓글,@utreeu,@madridreal-mp6eh 네맞아요,0,2023-10-01T14:36:51Z,0,UgwP6-rYIF5OEJlPPqd4AaABAg.9vIulWw0Cey9vKXZ_-DuuJ,S1bcy4h1mS8,UCZgiq3tVztqCRA7JnYYwwSg,2024-04-18T01:48:35Z,UgwP6-rYIF5OEJlPPqd4AaABAg,중립
콘서트 티켓 8분 만에 전석 매진시킨다는 버추얼 아이돌 근황 / 스브스뉴스,스브스뉴스 SUBUSUNEWS,대댓글,@김태현-z7p2q,"@madridreal-mp6eh 사람이야.......사람이 아니면 ai라고 했겠지
사람이 아닌데 개인정보 노출 금지하고 캠방도 하지 말라고 하겠니....",3,2023-10-01T14:43:49Z,0,UgwP6-rYIF5OEJlPPqd4AaABAg.9vIulWw0Cey9vKYMb0XRAT,S1bcy4h1mS8,UCJJ3RNFNgRmad4NiCe4PrnA,2024-04-18T01:48:35Z,UgwP6-rYIF5OEJlPPqd4AaABAg,중립
콘서트 티켓 8분 만에 전석 매진시킨다는 버추얼 아이돌 근황 / 스브스뉴스,스브스뉴스 SUBUSUNEWS,대댓글,@박도원-s7u,사람ㅋㅋㅋㅋㅋㅋㅋㅋㅋ 아 너무 웃겨😂,0,2023-10-01T16:24:42Z,0,UgwP6-rYIF5OEJlPPqd4AaABAg.9vIulWw0Cey9vKiuZzvKiE,S1bcy4h1mS8,UCfNPRn9L7AawKwJZUs1bRpA,2023-10-01T16:24:42Z,UgwP6-rYIF5OEJlPPqd4AaABAg,긍정
콘서트 티켓 8분 만에 전석 매진시킨다는 버추얼 아이돌 근황 / 스브스뉴스,스브스뉴스 SUBUSUNEWS,최상위 댓글,@핑돌-m4w,뭐 저케릭터들이 이뻐서 좋아한다기보단 노래를 잘부르고 말을 재밌게 잘해서 좋하는거지. 관심 전혀없었는대 보니까 앵간한 티비프로그램보단  재밌더라구 노래도 좋고,13,2024-03-01T12:16:44Z,0,Ugxzdl_N7Qf2JrLILG14AaABAg,S1bcy4h1mS8,UCjnXzWyLsL7jjlHWJFKGGbA,2024-03-01T12:18:33Z,,긍정
콘서트 티켓 8분 만에 전석 매진시킨다는 버추얼 아이돌 근황 / 스브스뉴스,스브스뉴스 SUBUSUNEWS,최상위 댓글,@김영훈-z4p,이세돌을 기획한 왁굳은 진짜..신이야..ㅋㅋ,5,2023-11-03T14:46:23Z,0,Ugy1UqeW9mgZHCJxMQp4AaABAg,S1bcy4h1mS8,UCfgByTXVTw4PzBi5BJiMFDw,2023-11-03T14:50:02Z,,중립
콘서트 티켓 8분 만에 전석 매진시킨다는 버추얼 아이돌 근황 / 스브스뉴스,스브스뉴스 SUBUSUNEWS,최상위 댓글,@skkskdksekkrk,버..츄얼?버추널 아이돌??잘 모르겠지만 매우 모시깽하고 킹아하네요 앞으로 응원할게요~,14,2024-01-29T07:21:40Z,3,UgzCVhd47Q_hOrwIp0p4AaABAg,S1bcy4h1mS8,UCUxQts_7Vbuv7fgSDIkdQdA,2024-01-29T07:21:40Z,,긍정
콘서트 티켓 8분 만에 전석 매진시킨다는 버추얼 아이돌 근황 / 스브스뉴스,스브스뉴스 SUBUSUNEWS,대댓글,@skkskdksekkrk,사실 닉넴 하고 프사땜에 들킬건 알구 숨길생각은 업서요 매우 킹아,1,2024-01-29T07:23:07Z,0,UgzCVhd47Q_hOrwIp0p4AaABAg.A-8k9Eb5bQUA-8kJnOIHXW,S1bcy4h1mS8,UCUxQts_7Vbuv7fgSDIkdQdA,2024-01-29T07:23:07Z,UgzCVhd47Q_hOrwIp0p4AaABAg,중립
콘서트 티켓 8분 만에 전석 매진시킨다는 버추얼 아이돌 근황 / 스브스뉴스,스브스뉴스 SUBUSUNEWS,대댓글,@무명-m1d,"봐라 애들아 
이런것들이 팬이다",3,2024-02-02T11:09:59Z,0,UgzCVhd47Q_hOrwIp0p4AaABAg.A-8k9Eb5bQUA-JST-PWB3g,S1bcy4h1mS8,UCFtKCIZUoaQRQzXwA0U2XMA,2024-02-02T11:09:59Z,UgzCVhd47Q_hOrwIp0p4AaABAg,중립
콘서트 티켓 8분 만에 전석 매진시킨다는 버추얼 아이돌 근황 / 스브스뉴스,스브스뉴스 SUBUSUNEWS,대댓글,@Goranidaaa,킹아~~,1,2024-02-16T10:22:16Z,0,UgzCVhd47Q_hOrwIp0p4AaABAg.A-8k9Eb5bQUA-sQ7jQva08,S1bcy4h1mS8,UC9TF3luWSP4UlWHZskAQrPA,2024-02-16T10:22:16Z,UgzCVhd47Q_hOrwIp0p4AaABAg,중립
콘서트 티켓 8분 만에 전석 매진시킨다는 버추얼 아이돌 근황 / 스브스뉴스,스브스뉴스 SUBUSUNEWS,최상위 댓글,@user-Dlwlrdmsalerj,항저우 아시아올림픽이 열리는 마당에 e스포츠가 정식종목이 되었듯이 10년전만 해도 누가 게임 따위가 올림픽에 나갈꺼라고 생각을 하였는가 나로써도 저런문화가 아직 낮설지만 내가 어릴때 애니를 보면서 열광하던걸 이해를 못하던 어른들이 있었듯이 지금 내가 그 위치에 있는게 아닌가 싶기도 하다 게임도 가상의 인물이 즐거움을 주고 저런 이세돌도 사람들에게 즐거움을 주지않는가? 뭐가 되었건 그들에게 즐거움을 줄수있다면 그걸로 된거다 25년전 사이버가수 아담이 노래를 불러서 인기를 얻었듯이 우리는 이미 벌써 그런문화를 접해왔다 지금은 좀더 진화되고 문화가커진것뿐 이해하려 좋아하지 않아도 된다 그들의 문화를 인정하면 되는것,21,2023-09-28T20:08:44Z,4,UgzhWe22sTLI7SAMxpt4AaABAg,S1bcy4h1mS8,UC2hjfpbX7H3YV5GZ1SbRxjg,2023-09-28T20:08:44Z,,긍정
콘서트 티켓 8분 만에 전석 매진시킨다는 버추얼 아이돌 근황 / 스브스뉴스,스브스뉴스 SUBUSUNEWS,대댓글,@Muyo_cute,역시 깨어있으신분 😊 감사합니다,4,2023-09-28T21:34:01Z,0,UgzhWe22sTLI7SAMxpt4AaABAg.9vDP9omIQ5u9vDYvS1qnRe,S1bcy4h1mS8,UCTL0LnK0bwS8UqvmCFKNHVw,2023-09-28T21:34:01Z,UgzhWe22sTLI7SAMxpt4AaABAg,긍정
콘서트 티켓 8분 만에 전석 매진시킨다는 버추얼 아이돌 근황 / 스브스뉴스,스브스뉴스 SUBUSUNEWS,대댓글,@lamir37,님같은 분들이 더 많아졌으면 좋겠어요 감사합니다!!,4,2023-09-28T23:18:01Z,0,UgzhWe22sTLI7SAMxpt4AaABAg.9vDP9omIQ5u9vDjp4JFvE4,S1bcy4h1mS8,UCpK_q8_x05YdPrqXM336GcA,2023-09-28T23:18:01Z,UgzhWe22sTLI7SAMxpt4AaABAg,긍정
콘서트 티켓 8분 만에 전석 매진시킨다는 버추얼 아이돌 근황 / 스브스뉴스,스브스뉴스 SUBUSUNEWS,대댓글,@user-grayfacese,​@이성철-u2e 병먹금,0,2023-09-29T11:16:08Z,0,UgzhWe22sTLI7SAMxpt4AaABAg.9vDP9omIQ5u9vF1-jngTzd,S1bcy4h1mS8,UCozDuQDJmIN0SZKnW-uHG0w,2024-04-18T01:43:50Z,UgzhWe22sTLI7SAMxpt4AaABAg,중립
콘서트 티켓 8분 만에 전석 매진시킨다는 버추얼 아이돌 근황 / 스브스뉴스,스브스뉴스 SUBUSUNEWS,대댓글,@üsaschie,@이성철-u2e 병먹금,0,2023-09-29T13:10:34Z,0,UgzhWe22sTLI7SAMxpt4AaABAg.9vDP9omIQ5u9vFE5q_sh4i,S1bcy4h1mS8,UColS-NuTev9haaheRpVyRWw,2024-04-18T01:43:50Z,UgzhWe22sTLI7SAMxpt4AaABAg,중립
콘서트 티켓 8분 만에 전석 매진시킨다는 버추얼 아이돌 근황 / 스브스뉴스,스브스뉴스 SUBUSUNEWS,최상위 댓글,@전자공학의악마,군대에서도 아이돌 좋아해본 적 없는데 23년 무패기록을 이세돌이 깨트렸다… 누나들이 책임져…,9,2023-09-28T07:09:26Z,1,UgzEJ57P62eh42M4IfN4AaABAg,S1bcy4h1mS8,UCjC2l469FP3JFVunk0uCbgA,2023-09-28T07:09:26Z,,긍정
콘서트 티켓 8분 만에 전석 매진시킨다는 버추얼 아이돌 근황 / 스브스뉴스,스브스뉴스 SUBUSUNEWS,대댓글,@6luckly468,ㄹㅇㅋㅋ,0,2023-09-29T10:34:09Z,0,UgzEJ57P62eh42M4IfN4AaABAg.9vC-z-Q4D6n9vExCDVQ9Lt,S1bcy4h1mS8,UCuajWR5L4Ml_CLLPav1drcw,2023-09-29T10:34:09Z,UgzEJ57P62eh42M4IfN4AaABAg,중립
콘서트 티켓 8분 만에 전석 매진시킨다는 버추얼 아이돌 근황 / 스브스뉴스,스브스뉴스 SUBUSUNEWS,최상위 댓글,@스노우레오파드사토루,아니 스브스 인터뷰를 할거면 좀 그래픽카드 달린거로 하지 진짜 그래픽감속기 달린거로 하면 어캄 ㅋㅋㅋㅋㅋㅋㅋㅋㅋㅋㅋ,1,2023-10-11T05:17:36Z,0,Ugw_CrGmGd2-3GcENsR4AaABAg,S1bcy4h1mS8,UC1MysX9gPE2BD3l_xv-SRdQ,2023-10-11T05:17:36Z,,중립
콘서트 티켓 8분 만에 전석 매진시킨다는 버추얼 아이돌 근황 / 스브스뉴스,스브스뉴스 SUBUSUNEWS,최상위 댓글,@snow_ram,얘들아....멜론차트 1위에 한국 빌보드 3위면 말 다 했다 어느정도는 대중성이 있는게 증명이 된거임 부럽다고 이 아득바득 갈면서 까내리지 말고 어느정도는 그냥 취향 존중해주면서 서로 이해하면서 살자.... 왜 인생 안타깝게 피곤하게 사냐 운동으로 스트레스 푸는 사람도 있고 실제 아이돌 보면서 스트레스 푸는 사람도 있고 여러 유형이 있는거잖아 이런건 콘서트까지 할라면 돈 개많이 들텐데 이걸 하는 이유가 뭐겠냐 수요가 있으니까 하는거잖아 우리 모두 서로 존중을 하장,12,2024-03-05T17:11:36Z,5,UgxESzwCVON6MFaq5wR4AaABAg,S1bcy4h1mS8,UCeZaAqD63_fDCELT7ddC9mA,2024-03-05T17:11:36Z,,중립
콘서트 티켓 8분 만에 전석 매진시킨다는 버추얼 아이돌 근황 / 스브스뉴스,스브스뉴스 SUBUSUNEWS,대댓글,@우왕-x4u,??? 그러면 저번에 로리신레퀴엠이 한국인기영상 2위하면 대중성 증명된거임? 개 헛소리하네 ㅋㅋㅋㅋㅋ,1,2024-03-08T06:48:01Z,0,UgxESzwCVON6MFaq5wR4AaABAg.A0bVHXnYvuUA0i6Iux6pyF,S1bcy4h1mS8,UCuchKC_IPeHwMhbtJpF_0wg,2024-03-08T06:48:01Z,UgxESzwCVON6MFaq5wR4AaABAg,중립
콘서트 티켓 8분 만에 전석 매진시킨다는 버추얼 아이돌 근황 / 스브스뉴스,스브스뉴스 SUBUSUNEWS,대댓글,@우왕-x4u,아니 존중은 하는데 억지로 대중적이라고 말할수가 없지. 너 당장 친척이나 가족 지인들한테 말하면 누구나 다 아는거 아니잖아? 알아도 챙피해서 숨기는 사람들도 많고 팩트로 좀 말하자. 대중적이든 아니든 뭐가 그렇게 중요한데? 그냥 각자 즐기는거지.,0,2024-03-08T06:49:28Z,0,UgxESzwCVON6MFaq5wR4AaABAg.A0bVHXnYvuUA0i6TSwuxnF,S1bcy4h1mS8,UCuchKC_IPeHwMhbtJpF_0wg,2024-03-08T06:49:28Z,UgxESzwCVON6MFaq5wR4AaABAg,중립
콘서트 티켓 8분 만에 전석 매진시킨다는 버추얼 아이돌 근황 / 스브스뉴스,스브스뉴스 SUBUSUNEWS,대댓글,@snow_ram,@우왕-x4u 내가 알기로 로리신은 유튜브 기준 2위였던걸로 앎 각 플랫폼별 수요층이 있는건데 그걸 알고 말하는건지 궁금함 빌보드 같은 경우랑 멜론 1위는 한국인 기준 어느정도 대중성이 증명된게 팩트임 대중성이 아예 없는건 뭘 쳐 해도 안올라감 그리고 로리신 같은 경우는 다른 케이스라 보는게 맞음 워낙 유튜버들이나 여러 매체에서 개그용으로 쓰다보니 접근이 가장 쉬운 유튜브로 몇번씩 보는게 대다수임 그걸 노래로서의 인기라 할 수 있나? 그건 잠깐 반짝하는 밈으로서의 성공이었지 노래로서의 성공은 아니라 봄 로리신이 유독 화제가 되었을 뿐 잠깐 밈으로 떠오른 곡과 사람들이 평상시 듣는 곡들하고는 명확히 분리해서 생각해야함,5,2024-03-08T17:16:20Z,0,UgxESzwCVON6MFaq5wR4AaABAg.A0bVHXnYvuUA0jECqyeQCP,S1bcy4h1mS8,UCeZaAqD63_fDCELT7ddC9mA,2024-04-18T01:18:46Z,UgxESzwCVON6MFaq5wR4AaABAg,중립
콘서트 티켓 8분 만에 전석 매진시킨다는 버추얼 아이돌 근황 / 스브스뉴스,스브스뉴스 SUBUSUNEWS,대댓글,@snow_ram,@우왕-x4u 그리고 저 그룹이 대중적이라 말한게 아님 노래 자체가 유명했고 노래가 대중적이라는건 실제로 이 노래를 들었을때 대다수의 사람들이 어디서 들어봤는데? 혹은 이 노래 좋다 라는 느낌이 들었을때라 생각함 당연히 그룹 자체는 비주류가 맞지만 그룹이 낸 노래중 일부는 대중적이었다도 팩트임,5,2024-03-08T17:28:07Z,0,UgxESzwCVON6MFaq5wR4AaABAg.A0bVHXnYvuUA0jFZ9Fn0ax,S1bcy4h1mS8,UCeZaAqD63_fDCELT7ddC9mA,2024-04-18T01:18:46Z,UgxESzwCVON6MFaq5wR4AaABAg,중립
콘서트 티켓 8분 만에 전석 매진시킨다는 버추얼 아이돌 근황 / 스브스뉴스,스브스뉴스 SUBUSUNEWS,대댓글,@snow_ram,@우왕-x4u 서로 굳이 까내리는거 안피곤하냐는 말은 안보임? 문맹인지 그냥 눈에 이상이 있는 건지는 모르겠는데 글을 쓸때는 다시 읽고 글을 쓴 사람의 의도라는걸 생각해보시길 바람,6,2024-03-08T17:31:54Z,0,UgxESzwCVON6MFaq5wR4AaABAg.A0bVHXnYvuUA0jFzsW8bPT,S1bcy4h1mS8,UCeZaAqD63_fDCELT7ddC9mA,2024-04-18T01:18:46Z,UgxESzwCVON6MFaq5wR4AaABAg,중립
콘서트 티켓 8분 만에 전석 매진시킨다는 버추얼 아이돌 근황 / 스브스뉴스,스브스뉴스 SUBUSUNEWS,최상위 댓글,@응애세력,"버튜버 쟤들한텐 별감정없는데
재들 팬이랍시고 패악질 부리는 팬덤이 역겨움",15,2024-03-10T05:31:03Z,5,UgwsvifbcxHA_jzcL5h4AaABAg,S1bcy4h1mS8,UCEyCa51lN_y-tD2R9HAtlUQ,2024-03-10T05:31:03Z,,중립
콘서트 티켓 8분 만에 전석 매진시킨다는 버추얼 아이돌 근황 / 스브스뉴스,스브스뉴스 SUBUSUNEWS,대댓글,@유니온u,진짜 돌판을 너가 몰라서 그래;; 뉴진스 아이브 팬덤 끼리 싸우는거 보면 그런말 안나옴,11,2024-04-13T05:20:52Z,0,UgwsvifbcxHA_jzcL5h4AaABAg.A0n74tFFv1cA29dx28mYWn,S1bcy4h1mS8,UC0QdU0jPF6MulXsbT5O8J0Q,2024-04-13T05:20:52Z,UgwsvifbcxHA_jzcL5h4AaABAg,중립
콘서트 티켓 8분 만에 전석 매진시킨다는 버추얼 아이돌 근황 / 스브스뉴스,스브스뉴스 SUBUSUNEWS,대댓글,@flyingdog-11,진짜를 못봐서 그럼;;,1,2024-05-20T15:49:52Z,0,UgwsvifbcxHA_jzcL5h4AaABAg.A0n74tFFv1cA3f2LMB6NHG,S1bcy4h1mS8,UCh7qWJLZg7vct8kDDTItJtg,2024-05-20T15:49:52Z,UgwsvifbcxHA_jzcL5h4AaABAg,중립
콘서트 티켓 8분 만에 전석 매진시킨다는 버추얼 아이돌 근황 / 스브스뉴스,스브스뉴스 SUBUSUNEWS,대댓글,@브라우브로,@유니온u ? 그 양반들끼리는 왜 싸움? ㅋㅋㅋㅋㅋ,0,2024-06-22T05:05:36Z,0,UgwsvifbcxHA_jzcL5h4AaABAg.A0n74tFFv1cA4yrqXegNRb,S1bcy4h1mS8,UCcG5Bcak4HQFJYvDNDS_dyA,2024-06-22T05:05:36Z,UgwsvifbcxHA_jzcL5h4AaABAg,중립
콘서트 티켓 8분 만에 전석 매진시킨다는 버추얼 아이돌 근황 / 스브스뉴스,스브스뉴스 SUBUSUNEWS,대댓글,@유니온u,"@브라우브로 의상, 헤메코 갈드컵, 내부 멤버 갈드컵, 남돌 연애 억떡 갈드컵, 상 비교 갈드컵, 일반인도르 월드컵 등등 더 심함. 남돌은 탈덕수용소 같은 애들 천지라 비교 할수도 없음",0,2024-06-22T05:10:39Z,0,UgwsvifbcxHA_jzcL5h4AaABAg.A0n74tFFv1cA4ysQYkvvtt,S1bcy4h1mS8,UC0QdU0jPF6MulXsbT5O8J0Q,2024-06-22T05:10:39Z,UgwsvifbcxHA_jzcL5h4AaABAg,중립
콘서트 티켓 8분 만에 전석 매진시킨다는 버추얼 아이돌 근황 / 스브스뉴스,스브스뉴스 SUBUSUNEWS,대댓글,@브라우브로,@유니온u 홀리 ㅋㅋㅋㅋㅋ,0,2024-06-22T05:14:44Z,0,UgwsvifbcxHA_jzcL5h4AaABAg.A0n74tFFv1cA4ystPh9568,S1bcy4h1mS8,UCcG5Bcak4HQFJYvDNDS_dyA,2024-06-22T05:14:44Z,UgwsvifbcxHA_jzcL5h4AaABAg,중립
콘서트 티켓 8분 만에 전석 매진시킨다는 버추얼 아이돌 근황 / 스브스뉴스,스브스뉴스 SUBUSUNEWS,최상위 댓글,@vetivers.,와 일본인줄 국내라고는 상상도 못했다,10,2023-09-28T11:48:38Z,1,UgwELPm27bKj7dH0rf54AaABAg,S1bcy4h1mS8,UCJEuLRgpVIulYrp31msVk_w,2023-09-28T11:48:38Z,,중립
콘서트 티켓 8분 만에 전석 매진시킨다는 버추얼 아이돌 근황 / 스브스뉴스,스브스뉴스 SUBUSUNEWS,대댓글,@뮬뮬-s5p,이게 한국 클라슈?,0,2023-09-28T15:00:00Z,0,UgwELPm27bKj7dH0rf54AaABAg.9vCVvwpeFmL9vCqp_P7nfu,S1bcy4h1mS8,UC4PdUIHNedG1ValpNUICysw,2023-09-28T15:00:00Z,UgwELPm27bKj7dH0rf54AaABAg,중립
콘서트 티켓 8분 만에 전석 매진시킨다는 버추얼 아이돌 근황 / 스브스뉴스,스브스뉴스 SUBUSUNEWS,최상위 댓글,@braveair10,"휴가여서 늦잠자고 일어나서 유튭 볼라는데 알고리즘으로 엇? 이게뭐지 스브스? 하면서 영상봤는데...

와꾸텽...음지라매...어디까지 가는거임ㅋㅋㅋㅋㅋㅋ",2,2023-10-04T00:38:48Z,0,UgwxuU5ZCqTK8tYJ6ud4AaABAg,S1bcy4h1mS8,UCjnMUCORMK3Jd8p5aTKolhg,2023-10-04T00:41:23Z,,중립
콘서트 티켓 8분 만에 전석 매진시킨다는 버추얼 아이돌 근황 / 스브스뉴스,스브스뉴스 SUBUSUNEWS,최상위 댓글,@normal77079,야....나같은 아재는 아직 좀 모르겠다. 뭐 우리때라고 아담 같은 사이버(?) 가수가 있긴 했다만 못받아들였는데 이건 또 뭔고. 그래도 신기하네.,7,2023-09-28T08:53:06Z,5,Ugzu6s5hlhZZFAxMvJ54AaABAg,S1bcy4h1mS8,UCOSBozy2a_MYjyS5oe8Y8gA,2023-09-28T08:53:24Z,,중립
콘서트 티켓 8분 만에 전석 매진시킨다는 버추얼 아이돌 근황 / 스브스뉴스,스브스뉴스 SUBUSUNEWS,대댓글,@Hosu_,아직 이해 못하실 수 있는 문화라는 거 충분히 알고 있지만 나쁜 말 없이 신기하다는 반응이라도 해주셔서 감사합니다.,4,2023-09-28T09:38:00Z,0,Ugzu6s5hlhZZFAxMvJ54AaABAg.9vCBqJb36hA9vCGz4M7Zth,S1bcy4h1mS8,UCyf4-r3bTbPE5f1bvIRbx0A,2023-09-28T09:38:00Z,Ugzu6s5hlhZZFAxMvJ54AaABAg,긍정
콘서트 티켓 8분 만에 전석 매진시킨다는 버추얼 아이돌 근황 / 스브스뉴스,스브스뉴스 SUBUSUNEWS,대댓글,@뉴라이트,"약간 사이버 가수 아담처럼 안에 진짜 가수분 있으신겁니당
약간 복면가왕이 인터넷기술 입혀서 나왔다~ 라고 생각하면 편해용",0,2023-09-28T13:03:46Z,0,Ugzu6s5hlhZZFAxMvJ54AaABAg.9vCBqJb36hA9vCdXEBz06b,S1bcy4h1mS8,UCncwScN4jOPgfemmuwFkDpQ,2023-09-28T13:03:46Z,Ugzu6s5hlhZZFAxMvJ54AaABAg,중립
콘서트 티켓 8분 만에 전석 매진시킨다는 버추얼 아이돌 근황 / 스브스뉴스,스브스뉴스 SUBUSUNEWS,대댓글,@normal77079,@Hosu_ 이런 문화가 나쁜건 아니에요. 생소한거지. 내가 생소하가해서 나쁘게 바라 볼 이유가 없죠.,1,2023-09-28T16:30:27Z,0,Ugzu6s5hlhZZFAxMvJ54AaABAg.9vCBqJb36hA9vD0B3KVfVf,S1bcy4h1mS8,UCOSBozy2a_MYjyS5oe8Y8gA,2024-04-18T00:42:37Z,Ugzu6s5hlhZZFAxMvJ54AaABAg,부정
콘서트 티켓 8분 만에 전석 매진시킨다는 버추얼 아이돌 근황 / 스브스뉴스,스브스뉴스 SUBUSUNEWS,대댓글,@baby_dragon77,존경합니다 선생님,0,2024-02-05T04:26:15Z,0,Ugzu6s5hlhZZFAxMvJ54AaABAg.9vCBqJb36hAA-QSdaxeEkG,S1bcy4h1mS8,UC27axlK1Tz_48ikvjdKQnug,2024-02-05T04:26:15Z,Ugzu6s5hlhZZFAxMvJ54AaABAg,중립
콘서트 티켓 8분 만에 전석 매진시킨다는 버추얼 아이돌 근황 / 스브스뉴스,스브스뉴스 SUBUSUNEWS,대댓글,@normal77079,@baby_dragon77 아유. 존경까지는 무슨. 문화가 다양해지면 좋은거에요. 너무 빠지면 빠돌이 빠순이를 넘어 스토커로 변하는건데 그래도 저렇게 좋은 의도로 간다면 다양성 측면에서 긍정적이죠. 뭐든 과하면 안좋지만 나는 좋다고봐요.이질감이 느껴질뿐 나쁘게 안봅니다.,0,2024-02-05T05:47:44Z,0,Ugzu6s5hlhZZFAxMvJ54AaABAg.9vCBqJb36hAA-QayPSEZLm,S1bcy4h1mS8,UCOSBozy2a_MYjyS5oe8Y8gA,2024-04-18T00:42:37Z,Ugzu6s5hlhZZFAxMvJ54AaABAg,부정
콘서트 티켓 8분 만에 전석 매진시킨다는 버추얼 아이돌 근황 / 스브스뉴스,스브스뉴스 SUBUSUNEWS,최상위 댓글,@ddoing4283,다른 버추얼 아이돌 그룹 플레이브를 덕질하는 플리입니다 처음 이세돌분들을 봤을땐 뭔가 좋아하고싶지만 마음은 받아주지않는 느낌이 있었지만 점점 키딩 노래가 좋더니 어느새 제 플레이리스트까지 왔네요ㅋㅋ 타팬이지만 응원합니다! 버추얼 아이돌 팬을 나쁜시선으로 바라보는 편견들 모두 없어지면 좋겠네요!ㅠㅠ 항상 응원합니다❤🎉!,20,2023-09-28T15:00:02Z,4,Ugxbke51nn3KtHVvpKl4AaABAg,S1bcy4h1mS8,UC9EhoMLOx9YFKTuRc8tv35A,2023-09-28T15:00:02Z,,긍정
콘서트 티켓 8분 만에 전석 매진시킨다는 버추얼 아이돌 근황 / 스브스뉴스,스브스뉴스 SUBUSUNEWS,대댓글,@isegye4ever,플레이브도 화이팅!,5,2023-09-28T15:21:48Z,0,Ugxbke51nn3KtHVvpKl4AaABAg.9vCqppfSjmv9vCtKCjpqUg,S1bcy4h1mS8,UCvVm5-UYNSVMhyUwo3mk4kQ,2023-09-28T15:21:48Z,Ugxbke51nn3KtHVvpKl4AaABAg,중립
콘서트 티켓 8분 만에 전석 매진시킨다는 버추얼 아이돌 근황 / 스브스뉴스,스브스뉴스 SUBUSUNEWS,대댓글,@이희윤-m4w,화이팅!,1,2023-09-28T17:55:47Z,0,Ugxbke51nn3KtHVvpKl4AaABAg.9vCqppfSjmv9vD9x3027OQ,S1bcy4h1mS8,UCJ2GKst0GS0LPCx0EXa9qHQ,2023-09-28T17:55:47Z,Ugxbke51nn3KtHVvpKl4AaABAg,중립
콘서트 티켓 8분 만에 전석 매진시킨다는 버추얼 아이돌 근황 / 스브스뉴스,스브스뉴스 SUBUSUNEWS,대댓글,@ilovesonny777,힘내세요,1,2023-09-29T07:18:06Z,0,Ugxbke51nn3KtHVvpKl4AaABAg.9vCqppfSjmv9vEalMpXnod,S1bcy4h1mS8,UCEzWVtUU0jghrjncrMQ5wmQ,2023-09-29T07:18:06Z,Ugxbke51nn3KtHVvpKl4AaABAg,중립
콘서트 티켓 8분 만에 전석 매진시킨다는 버추얼 아이돌 근황 / 스브스뉴스,스브스뉴스 SUBUSUNEWS,대댓글,@üsaschie,"그래 이게 이상적인 팬덤 문화지
플레이브 노래 좋더라구요 응원합니다 화이팅~~~",1,2023-09-29T13:14:01Z,0,Ugxbke51nn3KtHVvpKl4AaABAg.9vCqppfSjmv9vFEVE6Hicn,S1bcy4h1mS8,UColS-NuTev9haaheRpVyRWw,2023-09-29T13:14:12Z,Ugxbke51nn3KtHVvpKl4AaABAg,긍정
콘서트 티켓 8분 만에 전석 매진시킨다는 버추얼 아이돌 근황 / 스브스뉴스,스브스뉴스 SUBUSUNEWS,최상위 댓글,@lalalee8739,"항상느끼지만 기자분들이 주르르님을 참좋아하시는듯 ㅋㅋ
공중파 메인은 매번 주르르가 ㅋㅋㅋ",9,2023-09-28T02:47:17Z,1,UgxmEDKULkhUkYOw6It4AaABAg,S1bcy4h1mS8,UCtkP2nV-ebNz1FXPPsa0Xgw,2023-09-28T02:47:17Z,,긍정
콘서트 티켓 8분 만에 전석 매진시킨다는 버추얼 아이돌 근황 / 스브스뉴스,스브스뉴스 SUBUSUNEWS,대댓글,@늑대신수-x8c,저두 이거 느낌ㅋㅋㅋㅋ,3,2023-09-28T02:48:39Z,0,UgxmEDKULkhUkYOw6It4AaABAg.9vBXyzKLYnU9vBY7zzYqrT,S1bcy4h1mS8,UCDrA0tPQP2iK2bUEAx3htvA,2023-09-28T02:48:39Z,UgxmEDKULkhUkYOw6It4AaABAg,중립
콘서트 티켓 8분 만에 전석 매진시킨다는 버추얼 아이돌 근황 / 스브스뉴스,스브스뉴스 SUBUSUNEWS,최상위 댓글,@가리비관자볶음면,썸넬 르르땅 검나 이쁘게 나왔네,3,2024-01-10T15:13:05Z,0,UgzQ2T6PviZ3hlt1DAV4AaABAg,S1bcy4h1mS8,UC8WehrWk4agku0Lr4Zz9aog,2024-01-10T15:13:05Z,,중립
콘서트 티켓 8분 만에 전석 매진시킨다는 버추얼 아이돌 근황 / 스브스뉴스,스브스뉴스 SUBUSUNEWS,최상위 댓글,@JunSia538,"씹덕 육수 아닙니다.
웃겨서 보다가 스토리에 빠지고 캐릭터에 빠져서
응원하는건데 귀엽고 웃깁니다.
그게 중요한거임 존나 웃김 진짜 쟤들 
쟤들이 못웃길땐 시청자들이 웃겨줌 ㅋㅋㅋ
편견 가지지 말고 찍먹해보세요 ㅋㅋㅋㅋ",11,2024-02-08T10:43:09Z,2,UgyPR3HJsq9M_AVdtk54AaABAg,S1bcy4h1mS8,UCo_Mr2FDRFs5w9Ilik3B6bw,2024-02-08T10:43:09Z,,긍정
콘서트 티켓 8분 만에 전석 매진시킨다는 버추얼 아이돌 근황 / 스브스뉴스,스브스뉴스 SUBUSUNEWS,대댓글,@xyyoutube,니나 꺼져​@service7755,4,2024-02-16T05:03:11Z,0,UgyPR3HJsq9M_AVdtk54AaABAg.A-Yr9eOHVPOA-rqbgJ9YWn,S1bcy4h1mS8,UC2S-t9b-J0CTg9lxPjFYqUw,2024-06-18T00:44:09Z,UgyPR3HJsq9M_AVdtk54AaABAg,중립
콘서트 티켓 8분 만에 전석 매진시킨다는 버추얼 아이돌 근황 / 스브스뉴스,스브스뉴스 SUBUSUNEWS,대댓글,@Goranidaaa,저도 첨엔 이뭔씹 했는데 지금은 없으면 뭔가 허전해요ㅋㅋㅋ 그스그청이라고 시청자들도 개웃겨요ㅋㅋᄏᄏᄏ,8,2024-02-16T10:21:07Z,0,UgyPR3HJsq9M_AVdtk54AaABAg.A-Yr9eOHVPOA-sQ-HTCHTC,S1bcy4h1mS8,UC9TF3luWSP4UlWHZskAQrPA,2024-02-16T10:21:07Z,UgyPR3HJsq9M_AVdtk54AaABAg,긍정
콘서트 티켓 8분 만에 전석 매진시킨다는 버추얼 아이돌 근황 / 스브스뉴스,스브스뉴스 SUBUSUNEWS,최상위 댓글,@J크루,왁굳형은 진짜 21세기의 한 획을 그은 위인인거 같다,8,2023-09-28T03:01:05Z,0,UgzQTqeVzfl9-B6euQJ4AaABAg,S1bcy4h1mS8,UChXR7n_EnvOQPX2xvjvoTPQ,2023-09-28T03:01:05Z,,중립
콘서트 티켓 8분 만에 전석 매진시킨다는 버추얼 아이돌 근황 / 스브스뉴스,스브스뉴스 SUBUSUNEWS,최상위 댓글,@너구리-r7p,스브스 거지임? 컴터 성능이 ㅅㅂㅋㅋㅋㅋㅋㅋ,12,2023-11-06T04:12:52Z,1,UgyJAuqA4UxPwTRN5Z14AaABAg,S1bcy4h1mS8,UCS4zAp-giuSqwe7h-097zBw,2023-11-06T04:12:52Z,,중립
콘서트 티켓 8분 만에 전석 매진시킨다는 버추얼 아이돌 근황 / 스브스뉴스,스브스뉴스 SUBUSUNEWS,대댓글,@18.6y-rf8gs,업무용컴이라 그런듯..,3,2023-11-20T22:42:14Z,0,UgyJAuqA4UxPwTRN5Z14AaABAg.9wl6ltjKuFq9xM8rOoHWDk,S1bcy4h1mS8,UCInyk0WdY_zt5N7qAlk508g,2023-11-20T22:42:14Z,UgyJAuqA4UxPwTRN5Z14AaABAg,중립
콘서트 티켓 8분 만에 전석 매진시킨다는 버추얼 아이돌 근황 / 스브스뉴스,스브스뉴스 SUBUSUNEWS,최상위 댓글,@MINA-lq5tt,내나이 40줄이지만 그래도 이세돌 사랑한다 언제나 응원!!ㅎㅎ 인터뷰 감사합니다~,5,2023-10-11T03:48:05Z,0,UgxbThx3PTR89NKANwl4AaABAg,S1bcy4h1mS8,UCNa4l3inSVx1J4QmkY1TXOQ,2023-10-11T03:48:05Z,,긍정
콘서트 티켓 8분 만에 전석 매진시킨다는 버추얼 아이돌 근황 / 스브스뉴스,스브스뉴스 SUBUSUNEWS,최상위 댓글,@cllao01,여기서 나라 망했네 드립치는 애들은 뭐다? 망한각 잘보는 애들은 뭐다?,11,2023-09-28T03:21:51Z,4,UgxiA8Iy_7sfTo9SRvR4AaABAg,S1bcy4h1mS8,UCuGFem50UV9dYZpOVZPPxpw,2023-09-28T03:21:51Z,,중립
콘서트 티켓 8분 만에 전석 매진시킨다는 버추얼 아이돌 근황 / 스브스뉴스,스브스뉴스 SUBUSUNEWS,대댓글,@학생-m8m,정답!새시대를위한 제물이요!,2,2023-09-28T03:23:14Z,0,UgxiA8Iy_7sfTo9SRvR4AaABAg.9vBaw6znkCi9vBb5HEzpjO,S1bcy4h1mS8,UCmNwcrNR9u0rrpVJt5Eat_A,2023-09-28T03:23:14Z,UgxiA8Iy_7sfTo9SRvR4AaABAg,중립
콘서트 티켓 8분 만에 전석 매진시킨다는 버추얼 아이돌 근황 / 스브스뉴스,스브스뉴스 SUBUSUNEWS,대댓글,@button_jng,인생 망하는 전문이야~,6,2023-09-28T03:25:24Z,0,UgxiA8Iy_7sfTo9SRvR4AaABAg.9vBaw6znkCi9vBbL9MnRxV,S1bcy4h1mS8,UCr6Am_s-Gvt_OclZNdkrnfg,2023-09-28T03:25:24Z,UgxiA8Iy_7sfTo9SRvR4AaABAg,중립
콘서트 티켓 8분 만에 전석 매진시킨다는 버추얼 아이돌 근황 / 스브스뉴스,스브스뉴스 SUBUSUNEWS,대댓글,@Yu_gin,감다뒤다~,1,2023-09-28T03:26:51Z,0,UgxiA8Iy_7sfTo9SRvR4AaABAg.9vBaw6znkCi9vBbVnmj_os,S1bcy4h1mS8,UCilqYxMn74eIljRkqu8GM5w,2023-09-28T03:26:51Z,UgxiA8Iy_7sfTo9SRvR4AaABAg,중립
콘서트 티켓 8분 만에 전석 매진시킨다는 버추얼 아이돌 근황 / 스브스뉴스,스브스뉴스 SUBUSUNEWS,대댓글,@βεομκυν,​@학생-m8m샹크스가 몇명이냐 ㅋㅋㅋㅋㅋㅋ,0,2023-09-28T03:43:15Z,0,UgxiA8Iy_7sfTo9SRvR4AaABAg.9vBaw6znkCi9vBdNv6wtiu,S1bcy4h1mS8,UCpBUiyPzpMc48eErH6TmoBQ,2024-06-18T04:22:59Z,UgxiA8Iy_7sfTo9SRvR4AaABAg,중립
콘서트 티켓 8분 만에 전석 매진시킨다는 버추얼 아이돌 근황 / 스브스뉴스,스브스뉴스 SUBUSUNEWS,최상위 댓글,@ROANN_0618,"저도 처음엔 버츄얼이라는 쪽이 비주류라 성급하게도 싫어했었는데요... 친구의 추천으로 노래를 한 번 듣고 나니까 저도 모르게 그렇게 싫어하던 버츄얼을 좋아하게 되었어요😂

원래도 아이돌 덕질을 해봤었어서 버츄얼 아이돌 덕질은 낯설고 어색했지만 버츄얼 아이돌만의 다양한 매력이 있어 즐겁게 덕질하며 살고 있습니다ㅋㅋ

이세돌~ 언제나 고맙고 사랑해! 언제나 응원해!!🥰💕",12,2023-09-28T02:39:43Z,0,UgxmrNBAxd9gQCV4BWd4AaABAg,S1bcy4h1mS8,UCVRnIE9p-2_PwpM2UEhqI6g,2023-09-28T02:39:43Z,,긍정
콘서트 티켓 8분 만에 전석 매진시킨다는 버추얼 아이돌 근황 / 스브스뉴스,스브스뉴스 SUBUSUNEWS,최상위 댓글,@멈머우,"이세돌 세계로 뻗어가자!!! 화이팅!!
진짜 일반 가수들보다 더 노래를 잘함 진짜 응원해요",9,2023-09-28T04:00:32Z,6,UgxBuXopbhQCVvZlPJZ4AaABAg,S1bcy4h1mS8,UCQbGLpOA6sBnmBmF0Z2fLsw,2023-09-28T04:00:32Z,,긍정
콘서트 티켓 8분 만에 전석 매진시킨다는 버추얼 아이돌 근황 / 스브스뉴스,스브스뉴스 SUBUSUNEWS,대댓글,@happy-un914,ㅈㄴ웃기네,8,2023-09-28T10:29:25Z,0,UgxBuXopbhQCVvZlPJZ4AaABAg.9vBfMULF9M69vCMrgOS69n,S1bcy4h1mS8,UCiJ47bHi6j-zwtM1GsVcPaw,2023-09-28T10:29:25Z,UgxBuXopbhQCVvZlPJZ4AaABAg,중립
콘서트 티켓 8분 만에 전석 매진시킨다는 버추얼 아이돌 근황 / 스브스뉴스,스브스뉴스 SUBUSUNEWS,대댓글,@윤태현은터진다반드시,힘내세요..!,0,2023-09-28T13:02:42Z,0,UgxBuXopbhQCVvZlPJZ4AaABAg.9vBfMULF9M69vCdPQqtCmy,S1bcy4h1mS8,UCu0dlctcgIXdMsJ-feTvSKw,2023-09-28T13:02:42Z,UgxBuXopbhQCVvZlPJZ4AaABAg,중립
콘서트 티켓 8분 만에 전석 매진시킨다는 버추얼 아이돌 근황 / 스브스뉴스,스브스뉴스 SUBUSUNEWS,대댓글,@이희윤-m4w,ㅏ 제발,0,2023-09-28T18:59:37Z,0,UgxBuXopbhQCVvZlPJZ4AaABAg.9vBfMULF9M69vDHFZ2u636,S1bcy4h1mS8,UCJ2GKst0GS0LPCx0EXa9qHQ,2023-09-28T18:59:37Z,UgxBuXopbhQCVvZlPJZ4AaABAg,중립
콘서트 티켓 8분 만에 전석 매진시킨다는 버추얼 아이돌 근황 / 스브스뉴스,스브스뉴스 SUBUSUNEWS,대댓글,@cn8d,갈라치기는 여윽~시 돌천지,0,2023-09-29T11:20:49Z,0,UgxBuXopbhQCVvZlPJZ4AaABAg.9vBfMULF9M69vF1Y0jcK74,S1bcy4h1mS8,UC4ByOxJ8c7PIn-hkl178LTg,2023-09-29T11:20:49Z,UgxBuXopbhQCVvZlPJZ4AaABAg,중립
콘서트 티켓 8분 만에 전석 매진시킨다는 버추얼 아이돌 근황 / 스브스뉴스,스브스뉴스 SUBUSUNEWS,대댓글,@빼애앰,나가(덕수티콘),1,2023-10-04T15:26:22Z,0,UgxBuXopbhQCVvZlPJZ4AaABAg.9vBfMULF9M69vSLbsRg42r,S1bcy4h1mS8,UCp-VVTL9cK0rXaPM2RI4VsA,2023-10-04T15:26:22Z,UgxBuXopbhQCVvZlPJZ4AaABAg,중립
콘서트 티켓 8분 만에 전석 매진시킨다는 버추얼 아이돌 근황 / 스브스뉴스,스브스뉴스 SUBUSUNEWS,최상위 댓글,@alseawoochip,나 씹덕 아닌데 한 번 가보고 싶음.... 일단 노래들 진짜 좋던데.........,5,2023-10-05T16:54:23Z,0,Ugxr5AEUIBBe_UKy72d4AaABAg,S1bcy4h1mS8,UCCev44Oa5-cVbCAPRUb0flA,2023-10-05T16:54:23Z,,중립
콘서트 티켓 8분 만에 전석 매진시킨다는 버추얼 아이돌 근황 / 스브스뉴스,스브스뉴스 SUBUSUNEWS,최상위 댓글,@배가_고프다,씹덕이라니 음지라니 욕하고 뭐라 해봤자 코리아 빌보드 3위 가수를 니들이 뭘 할수있는데,12,2023-09-29T10:03:01Z,6,UgxO48DqNoQtztVE6LJ4AaABAg,S1bcy4h1mS8,UCIiKa8ftbokV1Zp9i2u7EEA,2023-09-29T11:16:55Z,,중립
콘서트 티켓 8분 만에 전석 매진시킨다는 버추얼 아이돌 근황 / 스브스뉴스,스브스뉴스 SUBUSUNEWS,대댓글,@박도원-s7u,빌보드가 방탄 싸이가 든 그 빌보드인줄 아네 ㅋㅋㅋ 무식이 죄다,19,2023-09-29T11:05:50Z,0,UgxO48DqNoQtztVE6LJ4AaABAg.9vEtdFlWzAe9vF-pH-lkSO,S1bcy4h1mS8,UCfNPRn9L7AawKwJZUs1bRpA,2023-09-29T11:05:50Z,UgxO48DqNoQtztVE6LJ4AaABAg,중립
콘서트 티켓 8분 만에 전석 매진시킨다는 버추얼 아이돌 근황 / 스브스뉴스,스브스뉴스 SUBUSUNEWS,대댓글,@배가_고프다,@박도원-s7u 아ㅋㅋ 코리아 깜빡했다고,0,2023-09-29T11:16:41Z,0,UgxO48DqNoQtztVE6LJ4AaABAg.9vEtdFlWzAe9vF13mz8bg4,S1bcy4h1mS8,UCIiKa8ftbokV1Zp9i2u7EEA,2024-04-18T01:57:35Z,UgxO48DqNoQtztVE6LJ4AaABAg,중립
콘서트 티켓 8분 만에 전석 매진시킨다는 버추얼 아이돌 근황 / 스브스뉴스,스브스뉴스 SUBUSUNEWS,대댓글,@nhatrang10139,무섭다 😂,8,2023-09-29T11:55:57Z,0,UgxO48DqNoQtztVE6LJ4AaABAg.9vEtdFlWzAe9vF5ZNU9Kpu,S1bcy4h1mS8,UCdAV80iCAwr0pj36Ezv7e1w,2023-09-29T11:55:57Z,UgxO48DqNoQtztVE6LJ4AaABAg,중립
콘서트 티켓 8분 만에 전석 매진시킨다는 버추얼 아이돌 근황 / 스브스뉴스,스브스뉴스 SUBUSUNEWS,대댓글,@user-uz3ex1sz7k,얘네는 지들이 진짜 양지가 된줄 아는걸까?..,11,2023-09-29T16:17:03Z,0,UgxO48DqNoQtztVE6LJ4AaABAg.9vEtdFlWzAe9vFZRiSSyMz,S1bcy4h1mS8,UCJR_rmE_2REF5Qj72A0ieoA,2023-09-29T16:17:03Z,UgxO48DqNoQtztVE6LJ4AaABAg,중립
콘서트 티켓 8분 만에 전석 매진시킨다는 버추얼 아이돌 근황 / 스브스뉴스,스브스뉴스 SUBUSUNEWS,대댓글,@juwngdokja,​@user-uz3ex1sz7k코리아빌보드 3위면 양지지ㅋㅋㅋㅋㅋㅋㅋㅋㅋㅋㅋㅋ,0,2023-09-30T02:40:26Z,0,UgxO48DqNoQtztVE6LJ4AaABAg.9vEtdFlWzAe9vGfmYY8tHi,S1bcy4h1mS8,UCOj7qp_iJLd2A904yuxBvJg,2024-04-18T01:57:35Z,UgxO48DqNoQtztVE6LJ4AaABAg,중립
콘서트 티켓 8분 만에 전석 매진시킨다는 버추얼 아이돌 근황 / 스브스뉴스,스브스뉴스 SUBUSUNEWS,최상위 댓글,@대황슼v6,여기에 텔장연 현진견들이 기습번트 하고있다는데 맞나요,7,2023-09-29T10:44:36Z,1,UgzvoeEW2OtpCN7l-414AaABAg,S1bcy4h1mS8,UCa6JiCwoC00NTVU09RPTYrw,2023-09-29T10:44:36Z,,중립
콘서트 티켓 8분 만에 전석 매진시킨다는 버추얼 아이돌 근황 / 스브스뉴스,스브스뉴스 SUBUSUNEWS,대댓글,@dalzidal,맞습니다,0,2023-09-29T10:50:04Z,0,UgzvoeEW2OtpCN7l-414AaABAg.9vEyOnIMSX_9vEz0shhCu4,S1bcy4h1mS8,UCJTfZGGDqeSujr00TgnzruQ,2023-09-29T10:50:04Z,UgzvoeEW2OtpCN7l-414AaABAg,중립
콘서트 티켓 8분 만에 전석 매진시킨다는 버추얼 아이돌 근황 / 스브스뉴스,스브스뉴스 SUBUSUNEWS,최상위 댓글,@lllllIlIlIlIlIlIlIlIlIlIll,"난 메타버스 저거 상관없다고 생각함 누군가에게 피해를 안주니 단, 저게 베충 페미 비건 캣맘 전장연 전교조 민노총 nl사회단체 뉴라이트등등 사회적으로 피해를 주면 싫어할꺼임",14,2023-09-29T07:43:17Z,2,UgyTIf0Y33i0epZFkiJ4AaABAg,S1bcy4h1mS8,UC2ZCnZBAIiQMrTB9bmxL-Mg,2023-09-29T07:43:17Z,,부정
콘서트 티켓 8분 만에 전석 매진시킨다는 버추얼 아이돌 근황 / 스브스뉴스,스브스뉴스 SUBUSUNEWS,대댓글,@user-grayfacese,좋은 생각,0,2023-09-29T10:50:29Z,0,UgyTIf0Y33i0epZFkiJ4AaABAg.9vEddkKbaSy9vEz3tPb05M,S1bcy4h1mS8,UCozDuQDJmIN0SZKnW-uHG0w,2023-09-29T10:50:29Z,UgyTIf0Y33i0epZFkiJ4AaABAg,중립
콘서트 티켓 8분 만에 전석 매진시킨다는 버추얼 아이돌 근황 / 스브스뉴스,스브스뉴스 SUBUSUNEWS,대댓글,@linus3zetq,거를거 잘거르시네 개고수;;,4,2023-09-29T17:05:14Z,0,UgyTIf0Y33i0epZFkiJ4AaABAg.9vEddkKbaSy9vFdxadVJyE,S1bcy4h1mS8,UCuqGwpJ7WftqBImD44UUH9Q,2023-09-29T17:05:14Z,UgyTIf0Y33i0epZFkiJ4AaABAg,중립
콘서트 티켓 8분 만에 전석 매진시킨다는 버추얼 아이돌 근황 / 스브스뉴스,스브스뉴스 SUBUSUNEWS,최상위 댓글,@부계부계부계부계부,ㅠㅠ 나도 이세페 가고싶은데 다른 나라에 살아서...,2,2023-10-02T06:17:56Z,0,Ugz7L7qeEKRMEGTWuVZ4AaABAg,S1bcy4h1mS8,UC5h5KS18K8CgehxdLD2-ABQ,2023-10-02T06:17:56Z,,중립
콘서트 티켓 8분 만에 전석 매진시킨다는 버추얼 아이돌 근황 / 스브스뉴스,스브스뉴스 SUBUSUNEWS,최상위 댓글,@llleoi,나는 좋아하긴 하지만 솔직히 일반인들이나 요즘 어른들은 거부감 들 수 있는게 맞음 근데 여기서 이건 좀 이러는 애들한테 댓글달 필요 없다 이러는게 오히려 팬덤 욕 먹는거임 걍 모든 의견을 수용적 태도로 바꾸고 있는게 심신에 편함 욕은 실제 아이돌도 먹는데 이세돌이라고 다를까,22,2023-09-29T10:28:41Z,3,UgyZePaAG26-KKmIKox4AaABAg,S1bcy4h1mS8,UCQjdahvpkOqIzxzBuwg_F3Q,2023-09-29T10:28:41Z,,긍정
콘서트 티켓 8분 만에 전석 매진시킨다는 버추얼 아이돌 근황 / 스브스뉴스,스브스뉴스 SUBUSUNEWS,대댓글,@Mangupdate,ㄹㅇ 자꾸 너무 날카롭게 구는 애들이 많네,0,2023-09-30T02:43:17Z,0,UgyZePaAG26-KKmIKox4AaABAg.9vEw_EgHg7L9vGg6MdxPoP,S1bcy4h1mS8,UCS1i26TwofdPXj1Z2-Elh1w,2023-09-30T02:43:17Z,UgyZePaAG26-KKmIKox4AaABAg,중립
콘서트 티켓 8분 만에 전석 매진시킨다는 버추얼 아이돌 근황 / 스브스뉴스,스브스뉴스 SUBUSUNEWS,대댓글,@flyingdog-11,@Mangupdate그르니까여,0,2023-09-30T03:01:09Z,0,UgyZePaAG26-KKmIKox4AaABAg.9vEw_EgHg7L9vGi9FiUjk1,S1bcy4h1mS8,UCh7qWJLZg7vct8kDDTItJtg,2024-04-18T03:00:08Z,UgyZePaAG26-KKmIKox4AaABAg,중립
콘서트 티켓 8분 만에 전석 매진시킨다는 버추얼 아이돌 근황 / 스브스뉴스,스브스뉴스 SUBUSUNEWS,대댓글,@ururunururun,그냥 별로다 이러는거랑 이세돌 외모얘기하고 팬들 까내리는 ㅅㄲ들은 악플러 맞지않음? 걔들한테 대응하란게 아니고 옳고 그른건 구분 해야되는거 아님? 그리고 다른 아이돌이 욕먹는건 그럼 당연한 현상임? 타 아이돌이던 이세돌이던 싫어하는거 자체는 개취지만 깎아내릴 정도의 비난은 존중못할 짓인데 그것까지 개취로 취급하면 악플러 ㅅㄲ들한테 정당성이나 명분만 제공해주는 꼴임,0,2023-10-06T12:07:29Z,0,UgyZePaAG26-KKmIKox4AaABAg.9vEw_EgHg7L9vX8S1ryPnW,S1bcy4h1mS8,UCc2ZoXEvzgqQPdFoAD0KLew,2023-10-06T12:07:29Z,UgyZePaAG26-KKmIKox4AaABAg,부정
콘서트 티켓 8분 만에 전석 매진시킨다는 버추얼 아이돌 근황 / 스브스뉴스,스브스뉴스 SUBUSUNEWS,최상위 댓글,@PLAVEidolfan,플레이브도 여기 뉴스에 나오는지 기대하였는데 안 나와서 슬픈😢8월 20일 플레이브 컴백 많은  사랑 부탁드립니다❤❤❤❤❤,11,2024-08-17T19:06:39Z,3,UgxziH8cty8WmyPKXVd4AaABAg,S1bcy4h1mS8,UCFpwbP0OUgV5HYWaiREwB2Q,2024-08-17T19:06:39Z,,긍정
콘서트 티켓 8분 만에 전석 매진시킨다는 버추얼 아이돌 근황 / 스브스뉴스,스브스뉴스 SUBUSUNEWS,대댓글,@인생존망이요,플레이브 화이팅! 응원하고있어요🎉🎉,4,2024-08-25T06:56:05Z,0,UgxziH8cty8WmyPKXVd4AaABAg.A7FZbZHgZvFA7YrMhwEZAk,S1bcy4h1mS8,UCzbAbH55ZSdB6PfgL2MtCQQ,2024-08-25T06:56:05Z,UgxziH8cty8WmyPKXVd4AaABAg,긍정
콘서트 티켓 8분 만에 전석 매진시킨다는 버추얼 아이돌 근황 / 스브스뉴스,스브스뉴스 SUBUSUNEWS,대댓글,@김민혁-x1e,플레이브도 업적 많이 쌓던데요 노래도 좋아서 자주 듣네요,1,2024-11-30T18:05:08Z,0,UgxziH8cty8WmyPKXVd4AaABAg.A7FZbZHgZvFABTp1p2pn3j,S1bcy4h1mS8,UCuEZCNHzClX-Zgf6dGUH-JQ,2024-11-30T18:05:08Z,UgxziH8cty8WmyPKXVd4AaABAg,긍정
콘서트 티켓 8분 만에 전석 매진시킨다는 버추얼 아이돌 근황 / 스브스뉴스,스브스뉴스 SUBUSUNEWS,대댓글,@아프로뒤트로,왜 이세돌영상에서……?,2,2025-01-19T15:35:14Z,0,UgxziH8cty8WmyPKXVd4AaABAg.A7FZbZHgZvFADUIciNMQpz,S1bcy4h1mS8,UCXWWYIrUqziNO5U7fQrgjKA,2025-01-19T15:35:14Z,UgxziH8cty8WmyPKXVd4AaABAg,중립
콘서트 티켓 8분 만에 전석 매진시킨다는 버추얼 아이돌 근황 / 스브스뉴스,스브스뉴스 SUBUSUNEWS,최상위 댓글,@VanillaLatte-sg2xs,이게뭐임?,11,2023-09-29T02:20:38Z,2,UgzdJKTQNZbWHLZ_HUR4AaABAg,S1bcy4h1mS8,UC3zcVU0bMlgby82ez7HAx-g,2023-09-29T02:20:38Z,,중립
콘서트 티켓 8분 만에 전석 매진시킨다는 버추얼 아이돌 근황 / 스브스뉴스,스브스뉴스 SUBUSUNEWS,대댓글,@뮬뮬-s5p,이세돌,0,2023-09-29T02:38:04Z,0,UgzdJKTQNZbWHLZ_HUR4AaABAg.9vE3igfLTZ79vE5iNfzGq5,S1bcy4h1mS8,UC4PdUIHNedG1ValpNUICysw,2023-09-29T02:38:04Z,UgzdJKTQNZbWHLZ_HUR4AaABAg,중립
콘서트 티켓 8분 만에 전석 매진시킨다는 버추얼 아이돌 근황 / 스브스뉴스,스브스뉴스 SUBUSUNEWS,대댓글,@fiitchange,바둑소녀단이라네요~,1,2023-09-29T06:59:06Z,0,UgzdJKTQNZbWHLZ_HUR4AaABAg.9vE3igfLTZ79vEZaFl_JZd,S1bcy4h1mS8,UCc7fjFz-V5zIDj568Q_TA8g,2023-09-29T06:59:06Z,UgzdJKTQNZbWHLZ_HUR4AaABAg,중립
콘서트 티켓 8분 만에 전석 매진시킨다는 버추얼 아이돌 근황 / 스브스뉴스,스브스뉴스 SUBUSUNEWS,최상위 댓글,@연-n1c,"아직까진 다소 생소한 것같긴하지만, 어떤 방향으로든 많은 사람들이 힘과 희망을 얻는다면 그것또한 좋은 추세인것같네요.",1,2023-09-29T13:02:57Z,0,Ugy6gbSrNFg6CuWlH4N4AaABAg,S1bcy4h1mS8,UC85t8h2-b0XctT2vdv-ycig,2023-09-29T13:02:57Z,,중립
콘서트 티켓 8분 만에 전석 매진시킨다는 버추얼 아이돌 근황 / 스브스뉴스,스브스뉴스 SUBUSUNEWS,최상위 댓글,@Kingfgod,흠… 모르겠다 ㅋㅋㅋㅋㅋㅋㅋㅋㅋㅋㅋㅋㅋㅋㅋㅋㅋㅋㅋㅋ내가 이상한건가,8,2023-09-28T03:36:25Z,6,UgwtAi3wEYnBpWGEQUx4AaABAg,S1bcy4h1mS8,UCVANhcwDFpI2BL0aZaiHplw,2023-09-28T03:36:25Z,,중립
콘서트 티켓 8분 만에 전석 매진시킨다는 버추얼 아이돌 근황 / 스브스뉴스,스브스뉴스 SUBUSUNEWS,대댓글,@221-m6m,한잔해 😂,0,2023-09-28T03:37:32Z,0,UgwtAi3wEYnBpWGEQUx4AaABAg.9vBcasHAxGI9vBcj-Zupmn,S1bcy4h1mS8,UCkF-uiAgTAKEDyNc2Vtf8zw,2023-09-28T03:37:32Z,UgwtAi3wEYnBpWGEQUx4AaABAg,중립
콘서트 티켓 8분 만에 전석 매진시킨다는 버추얼 아이돌 근황 / 스브스뉴스,스브스뉴스 SUBUSUNEWS,대댓글,@뜨거운_아아,이상한거 아닙니다. 우리도 처음엔 님과 똑같은 반응이었어요.,0,2023-09-28T03:38:23Z,0,UgwtAi3wEYnBpWGEQUx4AaABAg.9vBcasHAxGI9vBcpCx39fB,S1bcy4h1mS8,UCxMBON4C7lnFMHhthTccuxw,2023-09-28T03:38:23Z,UgwtAi3wEYnBpWGEQUx4AaABAg,중립
콘서트 티켓 8분 만에 전석 매진시킨다는 버추얼 아이돌 근황 / 스브스뉴스,스브스뉴스 SUBUSUNEWS,대댓글,@by3241,"저기 인터뷰하신분들도 첨엔 다 그랬음ㅋㅋㅋㅋㅋㅋ 입덕부정기가 많았다고
그러다 오디션 컨텐츠 보고 유튭 보다가 노래 들어서 입덕한거지 원래 모르면 컬쳐쇼크가 맞긴 함ㅋㅋㅋ",1,2023-09-28T03:38:55Z,0,UgwtAi3wEYnBpWGEQUx4AaABAg.9vBcasHAxGI9vBctAwLwF0,S1bcy4h1mS8,UC94WcoURMxHtNF7abok_ipg,2023-09-28T03:38:55Z,UgwtAi3wEYnBpWGEQUx4AaABAg,중립
콘서트 티켓 8분 만에 전석 매진시킨다는 버추얼 아이돌 근황 / 스브스뉴스,스브스뉴스 SUBUSUNEWS,대댓글,@elged8466,그냥 그렇구나 하시고 나중에 한번 생각나면 찾아보셔도 좋죠 ㅎ,0,2023-09-28T03:59:26Z,0,UgwtAi3wEYnBpWGEQUx4AaABAg.9vBcasHAxGI9vBfELsR4sC,S1bcy4h1mS8,UCvly9rpG1acZegWgLzPN34w,2023-09-28T03:59:26Z,UgwtAi3wEYnBpWGEQUx4AaABAg,중립
콘서트 티켓 8분 만에 전석 매진시킨다는 버추얼 아이돌 근황 / 스브스뉴스,스브스뉴스 SUBUSUNEWS,대댓글,@김태현-z7p2q,"이상할게 없는게, 지금은 팬인 사람들조차 첨엔 '이게 ㅅㅂ 뭔데' 스탠스였음
예전에 왁굳님이 vr 첨 시작할땐 콘크리트층조차도 욕을 엄청 해댔다니까 말 다했지",0,2023-09-28T13:52:29Z,0,UgwtAi3wEYnBpWGEQUx4AaABAg.9vBcasHAxGI9vCj63kFX1I,S1bcy4h1mS8,UCJJ3RNFNgRmad4NiCe4PrnA,2023-09-28T13:52:29Z,UgwtAi3wEYnBpWGEQUx4AaABAg,중립
콘서트 티켓 8분 만에 전석 매진시킨다는 버추얼 아이돌 근황 / 스브스뉴스,스브스뉴스 SUBUSUNEWS,최상위 댓글,@jinnnn3,"<팩트 정리>
이세돌 = 바둑기사 → 일반인
이세돌 = 버튜버 (ㅠㅠ 우리가 드디어 메인컬처야 후욱후욱 이세돌 인생스토리 한번씩 보고오세요 그럼 빠져들거야) → 음지인",10,2023-09-29T12:39:06Z,6,Ugyu_MmJ8daNxweZD3d4AaABAg,S1bcy4h1mS8,UCExY723dcVAHVA2LZ-GFqdw,2023-09-29T12:39:06Z,,중립
콘서트 티켓 8분 만에 전석 매진시킨다는 버추얼 아이돌 근황 / 스브스뉴스,스브스뉴스 SUBUSUNEWS,대댓글,@하루-m7j1e,무슨 댓글 입덧 중이세요?,6,2023-09-29T12:48:05Z,0,Ugyu_MmJ8daNxweZD3d4AaABAg.9vFAVNcR7J-9vFBXCeHj78,S1bcy4h1mS8,UCoDptpe8a5L9gvBzatqwOYw,2023-09-29T12:48:05Z,Ugyu_MmJ8daNxweZD3d4AaABAg,중립
콘서트 티켓 8분 만에 전석 매진시킨다는 버추얼 아이돌 근황 / 스브스뉴스,스브스뉴스 SUBUSUNEWS,대댓글,@jinnnn3,@하루-m7j1e 정확히 보셨네요. 비위상해용,3,2023-09-29T12:56:42Z,0,Ugyu_MmJ8daNxweZD3d4AaABAg.9vFAVNcR7J-9vFCWLNTcsc,S1bcy4h1mS8,UCExY723dcVAHVA2LZ-GFqdw,2024-06-18T00:43:49Z,Ugyu_MmJ8daNxweZD3d4AaABAg,중립
콘서트 티켓 8분 만에 전석 매진시킨다는 버추얼 아이돌 근황 / 스브스뉴스,스브스뉴스 SUBUSUNEWS,대댓글,@TVhongkacola,@user-xm7le6bn9rai랑 맞서싸워 승전하시고 알파고랑 대국 이전부터도 인지도 높으셨던 이세돌 기사님한테 >>>부호 쓰는거부터 내려치기다,6,2023-09-29T13:15:19Z,0,Ugyu_MmJ8daNxweZD3d4AaABAg.9vFAVNcR7J-9vFEdeNT-Fy,S1bcy4h1mS8,UC6is4mJntEBCljdBToSifkw,2024-06-18T00:43:49Z,Ugyu_MmJ8daNxweZD3d4AaABAg,중립
콘서트 티켓 8분 만에 전석 매진시킨다는 버추얼 아이돌 근황 / 스브스뉴스,스브스뉴스 SUBUSUNEWS,대댓글,@agroman712,@user-xm7le6bn9r 이 새긴 난독이라 아군사격을 하노 ㅋㅋㅋ,0,2023-09-29T14:23:12Z,0,Ugyu_MmJ8daNxweZD3d4AaABAg.9vFAVNcR7J-9vFMPrInbwI,S1bcy4h1mS8,UCU8pOkf0fa0S4etH0zTUmPg,2024-06-18T00:43:49Z,Ugyu_MmJ8daNxweZD3d4AaABAg,중립
콘서트 티켓 8분 만에 전석 매진시킨다는 버추얼 아이돌 근황 / 스브스뉴스,스브스뉴스 SUBUSUNEWS,대댓글,@jinnnn3,@TVhongkacola 죄송합니다 알잘딱할게요,0,2023-09-29T14:42:15Z,0,Ugyu_MmJ8daNxweZD3d4AaABAg.9vFAVNcR7J-9vFOaRWkqS1,S1bcy4h1mS8,UCExY723dcVAHVA2LZ-GFqdw,2024-06-18T00:43:49Z,Ugyu_MmJ8daNxweZD3d4AaABAg,중립
콘서트 티켓 8분 만에 전석 매진시킨다는 버추얼 아이돌 근황 / 스브스뉴스,스브스뉴스 SUBUSUNEWS,최상위 댓글,@EF-l5o-o5l,음 이상해,15,2023-09-28T09:13:48Z,4,UgzzEJgO0MVUsD8AfRl4AaABAg,S1bcy4h1mS8,UCfV7EkMDRyww2n9Eti6QCrQ,2023-09-28T09:13:48Z,,중립
콘서트 티켓 8분 만에 전석 매진시킨다는 버추얼 아이돌 근황 / 스브스뉴스,스브스뉴스 SUBUSUNEWS,대댓글,@뮬뮬-s5p,늬가?,0,2023-09-28T09:17:58Z,0,UgzzEJgO0MVUsD8AfRl4AaABAg.9vCECqP266i9vCEgTOQ3BB,S1bcy4h1mS8,UC4PdUIHNedG1ValpNUICysw,2023-09-28T09:17:58Z,UgzzEJgO0MVUsD8AfRl4AaABAg,중립
콘서트 티켓 8분 만에 전석 매진시킨다는 버추얼 아이돌 근황 / 스브스뉴스,스브스뉴스 SUBUSUNEWS,대댓글,@강민서-o4n,그럴수 있져,4,2023-09-28T10:09:34Z,0,UgzzEJgO0MVUsD8AfRl4AaABAg.9vCECqP266i9vCKaItmPSy,S1bcy4h1mS8,UCUGso7B-ev6xX_8Q7sJ7iRQ,2023-09-28T10:09:34Z,UgzzEJgO0MVUsD8AfRl4AaABAg,중립
콘서트 티켓 8분 만에 전석 매진시킨다는 버추얼 아이돌 근황 / 스브스뉴스,스브스뉴스 SUBUSUNEWS,대댓글,@alclsfkfma,이상한게 맞음 원래 없던 문화니깐 이상하다 느끼는건 당연한거임,8,2023-09-28T11:06:44Z,0,UgzzEJgO0MVUsD8AfRl4AaABAg.9vCECqP266i9vCR7zhEHw0,S1bcy4h1mS8,UCD9tulWgf7ncS5KfY4_f8Kg,2023-09-28T11:06:44Z,UgzzEJgO0MVUsD8AfRl4AaABAg,중립
콘서트 티켓 8분 만에 전석 매진시킨다는 버추얼 아이돌 근황 / 스브스뉴스,스브스뉴스 SUBUSUNEWS,대댓글,@flyingdog-11,@alclsfkfma음음 나도 이상하다고 거의 싫어하다시피 했으니까..,0,2023-09-28T14:41:42Z,0,UgzzEJgO0MVUsD8AfRl4AaABAg.9vCECqP266i9vCojYJhGua,S1bcy4h1mS8,UCh7qWJLZg7vct8kDDTItJtg,2024-06-18T00:09:06Z,UgzzEJgO0MVUsD8AfRl4AaABAg,부정
콘서트 티켓 8분 만에 전석 매진시킨다는 버추얼 아이돌 근황 / 스브스뉴스,스브스뉴스 SUBUSUNEWS,최상위 댓글,@귀리-g3s,영원한 우리 이파리들의 이세게아이돌 정말 사랑해ㅔㅔㅔㅔㅔㅔㅔㅔㅔㅔㅔㅔㅔㅔㅔㅔㅔㅔㅔㅔㅔㅔㅔㅔㅔㅔㅔㅔㅔㅔㅔㅔㅔㅔㅔㅔㅔㅔㅔㅔㅔㅔㅔㅔㅔㅔㅔㅔㅔ💜💛🖤❤💙💚,1,2023-10-06T13:47:12Z,0,Ugz4lAshun8QI0DHrsF4AaABAg,S1bcy4h1mS8,UCEcDFqgb3CG-rIzLrhhBPQg,2023-10-06T13:47:12Z,,긍정
콘서트 티켓 8분 만에 전석 매진시킨다는 버추얼 아이돌 근황 / 스브스뉴스,스브스뉴스 SUBUSUNEWS,최상위 댓글,@taeyeon_ss_,근데 팬들 데뷔때는 훨씬 더 심한 악플 시달려서 이제 악플에 타격없는 거 웃김 ㅋㅋㅋ 그때는 다들 적응 못해서 댓글에 온갖 욕이 맨날 올라왔는데... 이제 2년 넘게 활동해서 뚜렷한 성과랑 커리어도 생기고 컨텐츠도 양지화되니까 악플 수위도 걍 이게 뭐냐 이상하다 이정도밖에 없어서 아무렇지 않음,7,2023-09-28T02:56:07Z,2,UgzG-izxZi6e0Z5Em994AaABAg,S1bcy4h1mS8,UCaCoEU2UThgCYQtQcX5qE3A,2023-09-28T02:56:07Z,,중립
콘서트 티켓 8분 만에 전석 매진시킨다는 버추얼 아이돌 근황 / 스브스뉴스,스브스뉴스 SUBUSUNEWS,대댓글,@βεομκυν,"오히려 진짜 초창기때는 별로 안유명해서 악플도 없었음 ㅋㅋㅋㅋ 
리와인드 대박나고 댓글에 악플 달리기 시작했던 게 선명히 기억나서 오히려 인기 상승 체감만 됨",0,2023-09-28T03:05:42Z,0,UgzG-izxZi6e0Z5Em994AaABAg.9vBYzhuFVpq9vB_4o92J1D,S1bcy4h1mS8,UCpBUiyPzpMc48eErH6TmoBQ,2023-09-28T03:05:42Z,UgzG-izxZi6e0Z5Em994AaABAg,중립
콘서트 티켓 8분 만에 전석 매진시킨다는 버추얼 아이돌 근황 / 스브스뉴스,스브스뉴스 SUBUSUNEWS,대댓글,@Amhuya_30,"오히려 초창기때는 팬치들이 욕했지...
이거 아니라며ㅋㅋㅋㅋ
그리고 우리는 팬들이 좀더 노력안하면 
그냥 이미지가 씹덕을 좋아하는 팬들은 다 저렇구나라는 이미지가 더 생기기 쉽다보니 저희가 조금이라도 더 노력해서 악플들도 너그럽게 받아드려야죠ㅎㅎ",0,2023-09-28T03:37:47Z,0,UgzG-izxZi6e0Z5Em994AaABAg.9vBYzhuFVpq9vBckrsSnAE,S1bcy4h1mS8,UCcvuXKk6AUFljXNkQXsSvaQ,2023-09-28T03:37:47Z,UgzG-izxZi6e0Z5Em994AaABAg,긍정
콘서트 티켓 8분 만에 전석 매진시킨다는 버추얼 아이돌 근황 / 스브스뉴스,스브스뉴스 SUBUSUNEWS,최상위 댓글,@Sachaboey25,"아...진짜....
예전 실제 아이돌이 그립다
아이네 릴파 주르르 징버거 고세구비챤?
얘네는 뭐냐...",7,2023-09-28T02:47:58Z,5,Ugzseb-ScxU4XKwLqx94AaABAg,S1bcy4h1mS8,UCy7crF75bTC4qg3xAgjdrEA,2023-09-28T02:47:58Z,,중립
콘서트 티켓 8분 만에 전석 매진시킨다는 버추얼 아이돌 근황 / 스브스뉴스,스브스뉴스 SUBUSUNEWS,대댓글,@akandakan,쫄려서 자댓 단거 개귀엽네ㅋㅋㅋ세로드립 알겠음ㅋㅋㄱㅋ,4,2023-09-28T02:49:28Z,0,Ugzseb-ScxU4XKwLqx94AaABAg.9vBY2w-WsPb9vBYDwBuXCc,S1bcy4h1mS8,UCPEEOmGaDRnJu_387nAs6lg,2023-09-28T02:49:28Z,Ugzseb-ScxU4XKwLqx94AaABAg,중립
콘서트 티켓 8분 만에 전석 매진시킨다는 버추얼 아이돌 근황 / 스브스뉴스,스브스뉴스 SUBUSUNEWS,대댓글,@Sachaboey25,​@akandakan저번에 세로드립 쳤다가 이해 못하는사람드리 욕해서 ㅠ,0,2023-09-28T02:51:01Z,0,Ugzseb-ScxU4XKwLqx94AaABAg.9vBY2w-WsPb9vBYPGXDtxB,S1bcy4h1mS8,UCy7crF75bTC4qg3xAgjdrEA,2024-06-18T03:02:07Z,Ugzseb-ScxU4XKwLqx94AaABAg,중립
콘서트 티켓 8분 만에 전석 매진시킨다는 버추얼 아이돌 근황 / 스브스뉴스,스브스뉴스 SUBUSUNEWS,대댓글,@can7423,아예아얘 ㅋㅋㅋㅋ 좀 알기가 빡센데 ㅋㅋ,0,2023-09-28T02:52:13Z,0,Ugzseb-ScxU4XKwLqx94AaABAg.9vBY2w-WsPb9vBYY8vVwGv,S1bcy4h1mS8,UCmNkxiKQxC1WDNvx3UvS4Aw,2023-09-28T02:52:13Z,Ugzseb-ScxU4XKwLqx94AaABAg,중립
콘서트 티켓 8분 만에 전석 매진시킨다는 버추얼 아이돌 근황 / 스브스뉴스,스브스뉴스 SUBUSUNEWS,대댓글,@막대술사,이 녀석...꽤나 전략적인데?,0,2023-09-28T02:52:42Z,0,Ugzseb-ScxU4XKwLqx94AaABAg.9vBY2w-WsPb9vBYaey4fnT,S1bcy4h1mS8,UCUUnoXlG5MpIV-BCUhO0hEQ,2023-09-28T02:52:42Z,Ugzseb-ScxU4XKwLqx94AaABAg,중립
콘서트 티켓 8분 만에 전석 매진시킨다는 버추얼 아이돌 근황 / 스브스뉴스,스브스뉴스 SUBUSUNEWS,대댓글,@mintsex,ㅏㅔㅏㅔ ㅋㅋㅋㅋ,0,2023-09-28T03:02:56Z,0,Ugzseb-ScxU4XKwLqx94AaABAg.9vBY2w-WsPb9vBZlY10VpY,S1bcy4h1mS8,UCSCzjKE7Jvya_744DXkctwg,2023-09-28T03:02:56Z,Ugzseb-ScxU4XKwLqx94AaABAg,중립
콘서트 티켓 8분 만에 전석 매진시킨다는 버추얼 아이돌 근황 / 스브스뉴스,스브스뉴스 SUBUSUNEWS,최상위 댓글,@윤동현-w8v,"나도 이세돌 오디션 처음부터 본 입장으로서 이런 여성버튜버 혹은 여성 버츄얼 스트리머 문화에 맞지 않는 사람은 입덕부정기가 아니라 끝까지 잘 안보게 됨. 나도 계속해서 왁굳형 방송에서 이세돌분들을 보긴했지만 정작 직접 찾아가서 본적은 없음. 근데 이게 일반인이 이런 문화를 이해할 수 없다는 식으로 반응을 표현하면 입덕부정기라 그래~ 이런 댓글은 본인의 과정만 생각한 표현이라는 것을 알아줬으면 좋겠음.
또 아쉬운점은 왁굳형 말을 너무 따라하는게 좀 아쉬움. 예를 들면 우린 음지로 가야된다는 등 이 말을 대부분 말하면 일반인에게는 사이비처럼 보이지. 좋게 보일 수가 없음...이세돌 이미지는 팬층이 만드는 거임. 이세돌분이 열심히 방송하는 것도 알지만 그에 맞는 팬관리를 해야된다고 봄.",7,2023-09-28T06:21:32Z,1,Ugzr7mr1kBRm9zI-_rR4AaABAg,S1bcy4h1mS8,UCDrjsnasuP2XJtH1heWiTTQ,2023-09-28T06:21:32Z,,중립
콘서트 티켓 8분 만에 전석 매진시킨다는 버추얼 아이돌 근황 / 스브스뉴스,스브스뉴스 SUBUSUNEWS,대댓글,@flyingdog-11,우왁굳 팬층 자체가 다른 방송인들하고는 결이 다르긴 하죠...,0,2023-09-28T14:50:18Z,0,Ugzr7mr1kBRm9zI-_rR4AaABAg.9vBvVAA2e3W9vCpiUbMMfL,S1bcy4h1mS8,UCh7qWJLZg7vct8kDDTItJtg,2023-09-28T14:50:18Z,Ugzr7mr1kBRm9zI-_rR4AaABAg,중립
콘서트 티켓 8분 만에 전석 매진시킨다는 버추얼 아이돌 근황 / 스브스뉴스,스브스뉴스 SUBUSUNEWS,최상위 댓글,@cc_17923,진짜 역사에 길이 남을 아이돌,2,2023-11-17T02:23:24Z,0,Ugy1Cm5mP8VpA_1bEZZ4AaABAg,S1bcy4h1mS8,UC0RVCRA7jOaYso0nIg6-jcw,2023-11-17T02:23:24Z,,중립
콘서트 티켓 8분 만에 전석 매진시킨다는 버추얼 아이돌 근황 / 스브스뉴스,스브스뉴스 SUBUSUNEWS,최상위 댓글,@pooma,버츄얼이나 이세돌을 싫어하는건 상관이없지만 지가싫다고 이세돌이나 그 팬들을 까는건 대가리 문제있는 장애인아님?,7,2023-09-28T03:37:05Z,6,UgyU9oYyXj2J7j-9W8Z4AaABAg,S1bcy4h1mS8,UCIfDdNSn8NxaHjtjv9YbmDw,2023-09-28T03:37:05Z,,부정
콘서트 티켓 8분 만에 전석 매진시킨다는 버추얼 아이돌 근황 / 스브스뉴스,스브스뉴스 SUBUSUNEWS,대댓글,@Amhuya_30,"그래도 장애인이라 욕히지말죠ㅎㅎ
어짜피 입덕부정기라 생각해야죠",3,2023-09-28T03:41:55Z,0,UgyU9oYyXj2J7j-9W8Z4AaABAg.9vBcfe3PbV69vBdE5bXQck,S1bcy4h1mS8,UCcvuXKk6AUFljXNkQXsSvaQ,2023-09-28T03:41:55Z,UgyU9oYyXj2J7j-9W8Z4AaABAg,중립
콘서트 티켓 8분 만에 전석 매진시킨다는 버추얼 아이돌 근황 / 스브스뉴스,스브스뉴스 SUBUSUNEWS,대댓글,@elged8466,여유를 가지세요 먹금 하다보면 은근 재밋음 ㅋㅋ,1,2023-09-28T03:57:08Z,0,UgyU9oYyXj2J7j-9W8Z4AaABAg.9vBcfe3PbV69vBeyWd2CkT,S1bcy4h1mS8,UCvly9rpG1acZegWgLzPN34w,2023-09-28T03:57:08Z,UgyU9oYyXj2J7j-9W8Z4AaABAg,중립
콘서트 티켓 8분 만에 전석 매진시킨다는 버추얼 아이돌 근황 / 스브스뉴스,스브스뉴스 SUBUSUNEWS,대댓글,@ururunururun,그니까 ㅋㅋ 싫어하는 '불호'랑 까내리는 '악플'이랑 구별도 못하고 '악플러들을 존중하라' 이 ㅈㄹ 하는 ㅅㄲ들 존나 때리고 싶음 내가 이렇게 욕하는것도 존중하라지,0,2023-10-06T06:50:41Z,0,UgyU9oYyXj2J7j-9W8Z4AaABAg.9vBcfe3PbV69vW_BeYn6qA,S1bcy4h1mS8,UCc2ZoXEvzgqQPdFoAD0KLew,2023-10-06T06:50:41Z,UgyU9oYyXj2J7j-9W8Z4AaABAg,부정
콘서트 티켓 8분 만에 전석 매진시킨다는 버추얼 아이돌 근황 / 스브스뉴스,스브스뉴스 SUBUSUNEWS,대댓글,@Amhuya_30,"@ururunururun 그렇다고 저희도 똑같이 그들에게 욕을 하고 ㅈㄹ해서 서로 싸운다고 좋을것도 없고 저희가 이세폐때도 그렇고 팬 이미지를 좋게 쌓아야지 나쁘게 쌓아봤자 일반 아이돌이 아니라 버츄얼이기에 '이딴걸 좋아해?'라는 반응도 심심치않게 나오고있으니 조금이라도 이파리 이미지를 좋게 만들려고 노력하는것 뿐입니다.
저희도 단순 악플이랑 부정기는 구별할줄알죠
ㅎㅎ",0,2023-10-06T07:27:59Z,0,UgyU9oYyXj2J7j-9W8Z4AaABAg.9vBcfe3PbV69vWdSpC338R,S1bcy4h1mS8,UCcvuXKk6AUFljXNkQXsSvaQ,2024-06-17T23:15:14Z,UgyU9oYyXj2J7j-9W8Z4AaABAg,중립
콘서트 티켓 8분 만에 전석 매진시킨다는 버추얼 아이돌 근황 / 스브스뉴스,스브스뉴스 SUBUSUNEWS,대댓글,@ururunururun,@Amhuya_30 ㅇㅇ 내 말도 악플에 대응을 하라는게 아님. 존중 할거랑 존중하면 안될거랑  옳고 그름을 구별 잘 하라는거였음,0,2023-10-06T08:32:00Z,0,UgyU9oYyXj2J7j-9W8Z4AaABAg.9vBcfe3PbV69vWkmm31pFJ,S1bcy4h1mS8,UCc2ZoXEvzgqQPdFoAD0KLew,2024-06-17T23:15:14Z,UgyU9oYyXj2J7j-9W8Z4AaABAg,중립
콘서트 티켓 8분 만에 전석 매진시킨다는 버추얼 아이돌 근황 / 스브스뉴스,스브스뉴스 SUBUSUNEWS,최상위 댓글,@RealTheJN,2:10 인천 송도에 사는 어깨깡패꾸러미미소왁해인 사랑해..❤,4,2023-09-28T14:03:48Z,0,UgwmIU-AyP4kBwXNnUN4AaABAg,S1bcy4h1mS8,UC6yBpzJk1O8UAdz1ewJ3gFw,2023-09-28T14:03:48Z,,긍정
콘서트 티켓 8분 만에 전석 매진시킨다는 버추얼 아이돌 근황 / 스브스뉴스,스브스뉴스 SUBUSUNEWS,최상위 댓글,@x0xxchung_a,우리 이세돌 이렇게 성장했어요ㅠㅜㅠ엉엉 ㅠㅠㅠ사랑해ㅜㅠㅠ😢 영원하자 이세돌!!! 이파리!!!❤💚,3,2023-10-11T05:25:38Z,0,Ugwqxibdf-E0fluaIgV4AaABAg,S1bcy4h1mS8,UCy9YA03qbOYBiNi2gIMK2og,2023-10-11T05:25:38Z,,긍정
콘서트 티켓 8분 만에 전석 매진시킨다는 버추얼 아이돌 근황 / 스브스뉴스,스브스뉴스 SUBUSUNEWS,최상위 댓글,@G-O-D9,아이네! 아이네! 아이네! 아이네! 아이네!,2,2023-10-11T22:22:14Z,0,UgwEUkWSeZU7X2VxL_J4AaABAg,S1bcy4h1mS8,UCVt2zRIqZeMjI8FAjxj4cUQ,2023-10-11T22:22:14Z,,중립
콘서트 티켓 8분 만에 전석 매진시킨다는 버추얼 아이돌 근황 / 스브스뉴스,스브스뉴스 SUBUSUNEWS,최상위 댓글,@한량프로,8분이면 너무 넉넉한 시간이었다. 이지,1,2023-10-19T10:07:48Z,0,UgynKfchC6jKzZWdSrB4AaABAg,S1bcy4h1mS8,UCGuCd1H50jyLhZ-owRoEF-Q,2023-10-19T10:07:48Z,,중립
콘서트 티켓 8분 만에 전석 매진시킨다는 버추얼 아이돌 근황 / 스브스뉴스,스브스뉴스 SUBUSUNEWS,최상위 댓글,@japanese_4,SBS 성공했네 우왁굳도 만나고,5,2024-04-21T04:15:36Z,0,UgzNyniENndUXAbhytF4AaABAg,S1bcy4h1mS8,UCuL0DWg6D9grj8D3KN4g_Mg,2024-04-21T04:15:36Z,,중립
콘서트 티켓 8분 만에 전석 매진시킨다는 버추얼 아이돌 근황 / 스브스뉴스,스브스뉴스 SUBUSUNEWS,최상위 댓글,@Soda0-099,여기까지 달려온 우리 아이돌이 정말 자랑스럽다 고생했다 증말,0,2023-09-28T16:32:33Z,0,UgytTKs5fc4RWXHXIzl4AaABAg,S1bcy4h1mS8,UCJrzhe-3zvGu15eGuDqf6Ng,2023-09-28T16:32:33Z,,중립
콘서트 티켓 8분 만에 전석 매진시킨다는 버추얼 아이돌 근황 / 스브스뉴스,스브스뉴스 SUBUSUNEWS,최상위 댓글,@쫄따구-h1t,킬링벌스에 얼공은 아니더라도 가면쓰고 나와줬으면 좋겠다,3,2023-09-28T12:03:00Z,0,UgzrXodsxPXjRYB6gzB4AaABAg,S1bcy4h1mS8,UC0R1IG2V8HQPNlx7UEwLaIg,2023-09-28T12:03:00Z,,중립
콘서트 티켓 8분 만에 전석 매진시킨다는 버추얼 아이돌 근황 / 스브스뉴스,스브스뉴스 SUBUSUNEWS,최상위 댓글,@user-lt6mp7tb6e,이렇게까지 이세돌이 성장할 줄은 몰랐다..이세돌분들 관해서 다뤄주셔서 감사합니다,0,2023-10-01T05:15:27Z,0,UgzrGKjQXfvLvmr4zmt4AaABAg,S1bcy4h1mS8,UCa0QZE0tuMcgRjsQ8tSrtJQ,2023-10-01T05:15:27Z,,긍정
콘서트 티켓 8분 만에 전석 매진시킨다는 버추얼 아이돌 근황 / 스브스뉴스,스브스뉴스 SUBUSUNEWS,최상위 댓글,@헬조센,이세돌의 팬은 당신혹은 당신 지인일수 있습니다.,2,2023-10-03T12:37:22Z,0,UgxQNVqktKZljW41cEx4AaABAg,S1bcy4h1mS8,UC0s_zfYyUBrMcGfz7zDuIow,2023-10-03T12:37:22Z,,중립
콘서트 티켓 8분 만에 전석 매진시킨다는 버추얼 아이돌 근황 / 스브스뉴스,스브스뉴스 SUBUSUNEWS,최상위 댓글,@adwyj,와 근데 그냥 버튜버 아이돌이 성공했다는 게 겁나 신기....ㄷㄷ,2,2024-03-03T01:13:28Z,0,UgzvgzDRKcvmZfLuBzR4AaABAg,S1bcy4h1mS8,UCepzfYKHICEU9AGLQkvtYag,2024-03-03T01:13:28Z,,중립
콘서트 티켓 8분 만에 전석 매진시킨다는 버추얼 아이돌 근황 / 스브스뉴스,스브스뉴스 SUBUSUNEWS,최상위 댓글,@근묵자흑-o4y,사실 얼굴없는 가수는 예전에도 있었음 김나박이의 김범수도 그 케이스고 오히려 얼굴을 공개하기전에 더 잘 됐었음 판때기 뭐 애니캐릭터 이런식으로 생각해서 이상한거지 얼굴을 모르는 가수의 이야기와 노래에 집중한다고 하면 전혀 이상할게 없음 외모를 배제한 얼굴없는 가수의 노래실력+어느정도의 오덕후 셀링포인트= 이세계아이돌임,3,2024-10-02T05:57:36Z,0,UgyClQwv3MKecRW8ssh4AaABAg,S1bcy4h1mS8,UCQmjSeOt7Olg7DCSQVD_Psw,2024-10-02T05:58:24Z,,중립
콘서트 티켓 8분 만에 전석 매진시킨다는 버추얼 아이돌 근황 / 스브스뉴스,스브스뉴스 SUBUSUNEWS,최상위 댓글,@아틀락나차,시대를 너무 앞서갔던 SBS...! 보컬로이드 가수... 아직도 기억한다!,1,2023-10-03T13:04:46Z,0,UgyFEg-21e7YsxPiR1N4AaABAg,S1bcy4h1mS8,UCqUQvOUxcGYJ8b3v32nEZQw,2023-10-03T13:04:46Z,,중립
콘서트 티켓 8분 만에 전석 매진시킨다는 버추얼 아이돌 근황 / 스브스뉴스,스브스뉴스 SUBUSUNEWS,최상위 댓글,@Ale166int,뉴스에서도 우리이세돌님을볼수있다니 행복해요,1,2024-05-11T08:38:32Z,0,UgxRRazItU0v4SDxrnp4AaABAg,S1bcy4h1mS8,UCNM-x9x79fy6mIn-ed_SE0A,2024-05-11T08:38:32Z,,중립
콘서트 티켓 8분 만에 전석 매진시킨다는 버추얼 아이돌 근황 / 스브스뉴스,스브스뉴스 SUBUSUNEWS,최상위 댓글,@0909-z1e,근데 인터뷰를 개똥컴으로 한게 레전드고 ㅋㅋㅋㅋㅋㅋㅋㅋㅋ,1,2024-09-18T07:10:10Z,0,UgxKcHep3_nSv08fweJ4AaABAg,S1bcy4h1mS8,UC4XNNEHhZYAsCDH11LsYGlg,2024-09-18T07:10:10Z,,중립
콘서트 티켓 8분 만에 전석 매진시킨다는 버추얼 아이돌 근황 / 스브스뉴스,스브스뉴스 SUBUSUNEWS,최상위 댓글,@채원-k7b,ㅅㅂ..나 입덕당한건가..,3,2023-10-20T13:00:24Z,0,UgwQqKlblF7CooR1J6R4AaABAg,S1bcy4h1mS8,UChpepDryHXnGNLmsK3mifyA,2023-10-20T13:00:24Z,,중립
콘서트 티켓 8분 만에 전석 매진시킨다는 버추얼 아이돌 근황 / 스브스뉴스,스브스뉴스 SUBUSUNEWS,최상위 댓글,@Rock-band-holic,우왁굳이 쏘아올린 존나(?) 큰 공.,4,2023-12-25T02:35:42Z,0,UgwkJVXqqcvdbGze_Ul4AaABAg,S1bcy4h1mS8,UCZceNhna-xX2L-sJAYaXMsg,2023-12-25T02:35:42Z,,중립
콘서트 티켓 8분 만에 전석 매진시킨다는 버추얼 아이돌 근황 / 스브스뉴스,스브스뉴스 SUBUSUNEWS,최상위 댓글,@bruny_k,처음에 할 때 그냥 노래 잘하는 사람들 모아서 노는 방송으로 생각했는데 오지네..,0,2023-09-30T05:02:21Z,0,Ugy74TR4oOirX-tYaEJ4AaABAg,S1bcy4h1mS8,UCgZs2l5p97hxVgrv0jz8I2g,2023-09-30T05:02:21Z,,중립
콘서트 티켓 8분 만에 전석 매진시킨다는 버추얼 아이돌 근황 / 스브스뉴스,스브스뉴스 SUBUSUNEWS,최상위 댓글,@GibunJOAa,스브스까지 진출하다니 ㅋㅋ 망상이 현실로 변하고있네요,1,2023-10-03T12:43:33Z,0,UgzH_XC16OUP9hudN4x4AaABAg,S1bcy4h1mS8,UCmVyucrki_F9aogf4XofHAA,2023-10-03T12:43:33Z,,중립
콘서트 티켓 8분 만에 전석 매진시킨다는 버추얼 아이돌 근황 / 스브스뉴스,스브스뉴스 SUBUSUNEWS,최상위 댓글,@KKKudong,진짜 진입장벽 없이 입덕부정기 없이 들어온 이퐈리임다ㅋㅋ,1,2024-03-07T14:21:17Z,0,UgwGQWQzeDM3OOi8PQZ4AaABAg,S1bcy4h1mS8,UC_LymYYHZV4CIb9CylOVf2g,2024-03-07T14:21:17Z,,중립
콘서트 티켓 8분 만에 전석 매진시킨다는 버추얼 아이돌 근황 / 스브스뉴스,스브스뉴스 SUBUSUNEWS,최상위 댓글,@zeratul_11,기자님 컴이 저정도면 쯔끄루겜도 안돌아가요 ㅋㅋ,0,2024-04-28T13:47:34Z,0,UgytggX0CePOll_KHYt4AaABAg,S1bcy4h1mS8,UCb9T-01GNC8X1ZZ-P_WSXMA,2024-04-28T13:47:34Z,,중립
콘서트 티켓 8분 만에 전석 매진시킨다는 버추얼 아이돌 근황 / 스브스뉴스,스브스뉴스 SUBUSUNEWS,최상위 댓글,@üsaschie,"캬 뭐라 말할 수가 없네 그냥 좋다
화이팅하자 이세돌 킹애~~",1,2023-09-29T12:56:12Z,0,Ugy_uuJ8-FpUBGBZgoN4AaABAg,S1bcy4h1mS8,UColS-NuTev9haaheRpVyRWw,2023-09-29T12:56:12Z,,중립
콘서트 티켓 8분 만에 전석 매진시킨다는 버추얼 아이돌 근황 / 스브스뉴스,스브스뉴스 SUBUSUNEWS,최상위 댓글,@Meow-mew10,내 친구들이 처음에 내가 이세돌 본다고 하니까 놀렸었는데 계속 내가 추천해주니까 같이 보게 됨 ㅋㅋㅋㅎㅋ,0,2024-07-26T17:34:36Z,0,UgyhIzWIAY0sgbxgw9V4AaABAg,S1bcy4h1mS8,UCa3-FzX9hWhoMvHYabOSfbA,2024-07-26T17:34:36Z,,중립
콘서트 티켓 8분 만에 전석 매진시킨다는 버추얼 아이돌 근황 / 스브스뉴스,스브스뉴스 SUBUSUNEWS,최상위 댓글,@다찢,아..앗.. 내 눈물버튼...ㅠ,1,2023-09-30T11:34:50Z,0,Ugw3bD4pBpS_rz91ysd4AaABAg,S1bcy4h1mS8,UCEh0bhyXOaOCwWuIyHXitXw,2023-09-30T11:34:50Z,,중립
콘서트 티켓 8분 만에 전석 매진시킨다는 버추얼 아이돌 근황 / 스브스뉴스,스브스뉴스 SUBUSUNEWS,최상위 댓글,@송이방울집사,우와... 이세돌을 스브스에서 보다니... 저도 진짜 언젠가는 실제 음악 방송에  나오길 기대해봅니다 😊😊😊,0,2023-10-04T19:25:22Z,0,UgxYRDItFoRkdaG1CaF4AaABAg,S1bcy4h1mS8,UCu9XW8lAfF5MxCNIgPcdr_A,2023-10-04T19:25:22Z,,중립
콘서트 티켓 8분 만에 전석 매진시킨다는 버추얼 아이돌 근황 / 스브스뉴스,스브스뉴스 SUBUSUNEWS,최상위 댓글,@user-책도둑,공중파에서 직접 버추얼 세계로 인터뷰가는 건 처음 아님? ㅋㅋㅋㅋ,1,2023-09-28T21:40:09Z,0,UgxKARfzWJzkIeLJCHV4AaABAg,S1bcy4h1mS8,UCF9etTaV8AqooXGjuumlD9w,2023-09-28T21:40:09Z,,중립
콘서트 티켓 8분 만에 전석 매진시킨다는 버추얼 아이돌 근황 / 스브스뉴스,스브스뉴스 SUBUSUNEWS,최상위 댓글,@PizzaHawaiian,30년 전 사이버가수 아담의 꿈이 이루어졌다,2,2023-10-03T09:58:59Z,0,UgwfD7E2IEf2Uu5sy8N4AaABAg,S1bcy4h1mS8,UClbcSIS1yvHXzswq-mJmZ1Q,2023-10-03T09:58:59Z,,중립
콘서트 티켓 8분 만에 전석 매진시킨다는 버추얼 아이돌 근황 / 스브스뉴스,스브스뉴스 SUBUSUNEWS,최상위 댓글,@rocki3052,저희도 그 날 하루가 너무 행복했어요.. 또 현실 공연하면 좋겠습니다!!!,1,2023-10-14T10:04:43Z,0,Ugxn91zihTqJqBBw55p4AaABAg,S1bcy4h1mS8,UC9DJNMggjh_K_h_dBHF4Iig,2023-10-14T10:04:43Z,,중립
콘서트 티켓 8분 만에 전석 매진시킨다는 버추얼 아이돌 근황 / 스브스뉴스,스브스뉴스 SUBUSUNEWS,최상위 댓글,@Hoorenchi,"오우... 가상 아이돌이라니 메타버스가 대세라지만 이 정도로 영향력이 생기고 있었군요
되게 신기한 개념이고 생소하지만 이게 또 새로운 분야가 열리는 거겠죠?

킹아!",1,2023-09-28T12:29:05Z,0,UgyAygUEXhXHo3zbBK54AaABAg,S1bcy4h1mS8,UCT0vo8SNtNkQ1HbDsbSR68w,2023-09-28T12:29:05Z,,중립
콘서트 티켓 8분 만에 전석 매진시킨다는 버추얼 아이돌 근황 / 스브스뉴스,스브스뉴스 SUBUSUNEWS,최상위 댓글,@sh12,니들이 역하다해도 결국 수요가 있으니까 하는거다.,1,2023-10-01T02:14:25Z,0,UgzZIeBnHlcHhtXLEbt4AaABAg,S1bcy4h1mS8,UCpJEnt49gN_1JbCS5-LZamw,2023-10-01T02:14:25Z,,중립
콘서트 티켓 8분 만에 전석 매진시킨다는 버추얼 아이돌 근황 / 스브스뉴스,스브스뉴스 SUBUSUNEWS,최상위 댓글,@Ryusian_0524,"물론 처음엔 이런 문화가 생소하고 이상하다 느낄 수도 있어요. 
하지만 내가 그렇게 느낀다고 비난하고 욕하는건 아니라고 생각합니다 :)",2,2024-08-13T07:54:18Z,0,UgyxkFb70gFbH86t0zF4AaABAg,S1bcy4h1mS8,UCFaTvn2Fi-SM5UTdWRCXyvQ,2024-08-13T07:54:18Z,,중립
콘서트 티켓 8분 만에 전석 매진시킨다는 버추얼 아이돌 근황 / 스브스뉴스,스브스뉴스 SUBUSUNEWS,최상위 댓글,@ssyb2508,인터뷰 하실때 컴터가... 너무 아쉽고...,1,2023-09-29T06:16:05Z,0,UgymS3VJvlIB13GFgAV4AaABAg,S1bcy4h1mS8,UCJjjykHFHkUwiRf88QRA0aA,2023-09-29T06:16:05Z,,중립
콘서트 티켓 8분 만에 전석 매진시킨다는 버추얼 아이돌 근황 / 스브스뉴스,스브스뉴스 SUBUSUNEWS,최상위 댓글,@월아-n8e,"아이돌하고 버튜버 둘다 좋아하는 사람인데, 결이 다름. 버튜버는 조금더 소통 위주의 실제 친구 같이 가까운 느낌이고 아이돌은 아티스트에 더 가까운 느낌. 다만 앞으로 아이돌 산업은 점점 무너지고 버츄얼 산업이 점점 커질거라고 확신함",2,2024-08-12T00:22:49Z,0,UgxNraacrAsMRmGB3IN4AaABAg,S1bcy4h1mS8,UCqh2ooPmBb6dkp41WaeG6YQ,2024-08-12T00:22:49Z,,긍정
콘서트 티켓 8분 만에 전석 매진시킨다는 버추얼 아이돌 근황 / 스브스뉴스,스브스뉴스 SUBUSUNEWS,최상위 댓글,@user-kt1iy3sb9d,이세돌 폼 미쳤다 킹아!!!!!!!!!!!!!!!!!!😢😢😢😢😢,2,2023-10-10T13:54:36Z,0,UgykhUvcxOqsavGzNgh4AaABAg,S1bcy4h1mS8,UCW_68cKyeYLQfZUB6i7DI3w,2023-10-10T13:54:36Z,,중립
콘서트 티켓 8분 만에 전석 매진시킨다는 버추얼 아이돌 근황 / 스브스뉴스,스브스뉴스 SUBUSUNEWS,최상위 댓글,@nomi1535,형은 신이야ㅏㅏㅏㅏㅏㅏㅏㅏㅏㅏㅏㅏㅏㅏㅏㅏㅏㅏㅏㅏㅏㅏㅏㅏㅏㅏㅏㅏㅏㅏ,1,2023-10-04T14:53:54Z,0,UgxYwyfVRdSMw99Fo0J4AaABAg,S1bcy4h1mS8,UCAiOGyp0uF-fffzgeBtgKJQ,2023-10-04T14:53:54Z,,중립
콘서트 티켓 8분 만에 전석 매진시킨다는 버추얼 아이돌 근황 / 스브스뉴스,스브스뉴스 SUBUSUNEWS,최상위 댓글,@uwu-hehehe-r9e,2:00 ㅇㄱㄹㅇ,6,2023-09-29T00:08:52Z,0,Ugy4oUZsXXktL7nvkMl4AaABAg,S1bcy4h1mS8,UClrK0s38M7qdWwQpZXVWlKQ,2023-09-29T00:08:52Z,,중립
콘서트 티켓 8분 만에 전석 매진시킨다는 버추얼 아이돌 근황 / 스브스뉴스,스브스뉴스 SUBUSUNEWS,최상위 댓글,@twoline_26412,아 젠장 또 우왁굳이야,5,2024-01-18T00:18:41Z,0,UgxBfi6_M4J8yGQ0P794AaABAg,S1bcy4h1mS8,UCCz19oiR-m0Ct7cBx2yPqBQ,2024-01-18T00:18:41Z,,중립
콘서트 티켓 8분 만에 전석 매진시킨다는 버추얼 아이돌 근황 / 스브스뉴스,스브스뉴스 SUBUSUNEWS,최상위 댓글,@이파리-h5c,"우리아이돌이 이제 뉴스에까지 나오다니
진짜 많이 성장했다😢",0,2023-10-03T19:40:55Z,0,Ugy9a0LuSurVuyrivhd4AaABAg,S1bcy4h1mS8,UCbU7iKGlk2livdshZjLUhng,2023-10-03T19:40:55Z,,중립
콘서트 티켓 8분 만에 전석 매진시킨다는 버추얼 아이돌 근황 / 스브스뉴스,스브스뉴스 SUBUSUNEWS,최상위 댓글,@GUGUGUGU_Dulgi,킹애~,5,2024-07-24T07:05:16Z,0,UgztPdyETqTppZmH37Z4AaABAg,S1bcy4h1mS8,UCrl-rpLMRLCGCshtIAFUuLg,2024-07-24T07:05:16Z,,중립
콘서트 티켓 8분 만에 전석 매진시킨다는 버추얼 아이돌 근황 / 스브스뉴스,스브스뉴스 SUBUSUNEWS,최상위 댓글,@_wiki0212,아이고 이세페 못간건 평생의 한이다...😢 진짜 우리 이세돌 너무 최고야 킹아--!!!!,0,2023-12-16T07:30:47Z,0,Ugx7uPE0uCkAEyPR0ql4AaABAg,S1bcy4h1mS8,UCVl3W-7WcyUGX49KnWn1PGA,2023-12-16T07:30:47Z,,긍정
콘서트 티켓 8분 만에 전석 매진시킨다는 버추얼 아이돌 근황 / 스브스뉴스,스브스뉴스 SUBUSUNEWS,최상위 댓글,@사나이-q9v,자랑스러운 이세돌!,3,2023-10-05T19:14:15Z,0,UgwzPi5LrJqgbRTV67J4AaABAg,S1bcy4h1mS8,UCQor6JastTeZmcHYMQOMVyA,2023-10-05T19:14:15Z,,중립
콘서트 티켓 8분 만에 전석 매진시킨다는 버추얼 아이돌 근황 / 스브스뉴스,스브스뉴스 SUBUSUNEWS,최상위 댓글,@codec1012,나한테는 입덕부정기란 없었다,1,2023-09-28T10:52:46Z,0,UgxgZ5JKZTrkTtN8psl4AaABAg,S1bcy4h1mS8,UCDIVwBRBqL1MERJGmsQkpFg,2023-09-28T10:52:46Z,,중립
콘서트 티켓 8분 만에 전석 매진시킨다는 버추얼 아이돌 근황 / 스브스뉴스,스브스뉴스 SUBUSUNEWS,최상위 댓글,@sika_,댓글보다보니 노캠겜방인들 많이보던사람들은 그캐가움직이는구나하고 받아들이는거같은데 겜방스트리머나 유튜버 안보는 사람들이 좀 어색해하는 느낌?,4,2023-10-07T03:27:33Z,0,UgyFE34afbDRMhEeh9l4AaABAg,S1bcy4h1mS8,UCSRRxjbQGrRXF5Anm-TIFgQ,2023-10-07T03:27:33Z,,중립
콘서트 티켓 8분 만에 전석 매진시킨다는 버추얼 아이돌 근황 / 스브스뉴스,스브스뉴스 SUBUSUNEWS,최상위 댓글,@굥창색,이 영상 첨에 볼때는 몰랐는데 다시보니 우왁굳이 키우던 버츄얼 아이돌이였다니 ㅋㅋㅋ,1,2024-02-17T15:28:32Z,0,UgxyrZo9iaj2p-uOCUB4AaABAg,S1bcy4h1mS8,UCOqBxG6BvC-q67aPq36LGaQ,2024-02-17T15:28:32Z,,중립
콘서트 티켓 8분 만에 전석 매진시킨다는 버추얼 아이돌 근황 / 스브스뉴스,스브스뉴스 SUBUSUNEWS,최상위 댓글,@user-.........................,오디션때부터 봤는데 너무 커져버렸잖아ㅋㅋㅋ,0,2023-10-03T06:56:36Z,0,UgzDnOzsY8koeZp-Gqd4AaABAg,S1bcy4h1mS8,UCV8E3JjXusgC_mC_CQUBpZA,2023-10-03T06:56:36Z,,중립
콘서트 티켓 8분 만에 전석 매진시킨다는 버추얼 아이돌 근황 / 스브스뉴스,스브스뉴스 SUBUSUNEWS,최상위 댓글,@Ksc0605,챌린지로 노래를 알았는데 인터뷰까지 찍었네,0,2023-10-01T03:53:04Z,0,UgycuusVIA_YaRylved4AaABAg,S1bcy4h1mS8,UCADpDJxKSnyhT4RZasvxsfg,2023-10-01T03:53:04Z,,중립
콘서트 티켓 8분 만에 전석 매진시킨다는 버추얼 아이돌 근황 / 스브스뉴스,스브스뉴스 SUBUSUNEWS,최상위 댓글,@digidigimonmon,스브스에 나올줄은 몰랐네 ㅋㅋㅋㅋ 인터뷰할때 컴만 좋은거 쓰면 더 좋았겠다 ㅋㅋㅋ,1,2023-09-28T10:15:32Z,0,UgyGEw1YcKYssKacQTt4AaABAg,S1bcy4h1mS8,UC0y_amB_lzoPXolNnOLIfjw,2023-09-28T10:15:32Z,,중립
콘서트 티켓 8분 만에 전석 매진시킨다는 버추얼 아이돌 근황 / 스브스뉴스,스브스뉴스 SUBUSUNEWS,최상위 댓글,@장윤수-l7d,정말 세상이 바뀌어가는 구나....😅,1,2023-09-30T14:40:12Z,0,Ugx9-cy2iL5KvaWgujR4AaABAg,S1bcy4h1mS8,UCLIBGhwZ_LxgdpS1GYMgMtA,2023-09-30T14:40:12Z,,중립
콘서트 티켓 8분 만에 전석 매진시킨다는 버추얼 아이돌 근황 / 스브스뉴스,스브스뉴스 SUBUSUNEWS,최상위 댓글,@ChevroletRocher,캬.. 진짜 올해 너무 알차다,1,2023-11-11T22:57:44Z,0,Ugwsbv6yXHoOpkty3jV4AaABAg,S1bcy4h1mS8,UCc16ymX7Lg35K--SBp-YdHA,2023-11-11T22:57:44Z,,중립
콘서트 티켓 8분 만에 전석 매진시킨다는 버추얼 아이돌 근황 / 스브스뉴스,스브스뉴스 SUBUSUNEWS,최상위 댓글,@euaueu,욕 하는 사람 많던데..억울해죽겠네 우리도 양지로 올지 몰랐다고요..음지에서만 즐기고싶었는데 양지로 올라올줄 몰랐어…,2,2023-10-30T04:28:06Z,0,UgzbQd45E12dlZfNUNB4AaABAg,S1bcy4h1mS8,UCisAAP3B-22wEOFiSC762mg,2023-10-30T04:28:06Z,,중립
콘서트 티켓 8분 만에 전석 매진시킨다는 버추얼 아이돌 근황 / 스브스뉴스,스브스뉴스 SUBUSUNEWS,최상위 댓글,@ITTING,멀하고싶은건지는 알겠는데  플랫폼  업그레이드랑 대중화가되야  메이져로올라갈듯.,0,2023-09-29T18:04:39Z,0,Ugye0F7X4Rb8P6Zb09B4AaABAg,S1bcy4h1mS8,UCyKkQoF3kBU6ifROvuKSGmA,2023-09-29T18:04:39Z,,중립
콘서트 티켓 8분 만에 전석 매진시킨다는 버추얼 아이돌 근황 / 스브스뉴스,스브스뉴스 SUBUSUNEWS,최상위 댓글,@박시은-g8v,그냥 존나 웃긴데? ㅋㅋㅋㅋ,3,2023-09-28T23:16:06Z,0,UgyfFvnAp_M3-AJULF14AaABAg,S1bcy4h1mS8,UCqvDc8Sxd96qs8llyxb_XwA,2023-09-28T23:16:06Z,,중립
콘서트 티켓 8분 만에 전석 매진시킨다는 버추얼 아이돌 근황 / 스브스뉴스,스브스뉴스 SUBUSUNEWS,최상위 댓글,@babochaening,진짜 유명해졋다...,2,2023-10-02T05:06:40Z,0,Ugz8hhgvJ3ypjaBxsBh4AaABAg,S1bcy4h1mS8,UCFix9mpGRc5TMqux9D3KKHA,2023-10-02T05:06:40Z,,중립
콘서트 티켓 8분 만에 전석 매진시킨다는 버추얼 아이돌 근황 / 스브스뉴스,스브스뉴스 SUBUSUNEWS,최상위 댓글,@vilcnas,아니 인터뷰 하는거 왜이리 저화질이야ㅋㅋㅋㅋ,0,2023-09-28T18:28:56Z,0,Ugzj6pKTUwPkjg4eb5R4AaABAg,S1bcy4h1mS8,UC28b8t5CBlOHgOjx-nn4SZA,2023-09-28T18:28:56Z,,중립
콘서트 티켓 8분 만에 전석 매진시킨다는 버추얼 아이돌 근황 / 스브스뉴스,스브스뉴스 SUBUSUNEWS,최상위 댓글,@shlee9617,사무실 컴으로 인터뷰했나 엄청 버벅이네ㅜㅜ,0,2023-09-28T10:03:00Z,0,UgzpdUYukpD-tBHt67V4AaABAg,S1bcy4h1mS8,UCskK7t2Zd1jWPMIYrFqY7kQ,2023-09-28T10:03:00Z,,중립
콘서트 티켓 8분 만에 전석 매진시킨다는 버추얼 아이돌 근황 / 스브스뉴스,스브스뉴스 SUBUSUNEWS,최상위 댓글,@우유주세요-m3b,"어짜피 ai로 넘어가고 인터페이스나 기술의 발달로 결국 가상세계의 가치가 현실을 뛰어넘게 될것이다

기존의 가치관을 버리지 못하는 기성세대의 미래 는 뻔하다
그냥 아무일도 일어나지 않았다",1,2024-04-24T15:56:13Z,0,Ugxx-x14WQvr1zo6Std4AaABAg,S1bcy4h1mS8,UCDM5Dcq6jpbGQE9JFS6q9_A,2024-04-24T15:56:13Z,,중립
콘서트 티켓 8분 만에 전석 매진시킨다는 버추얼 아이돌 근황 / 스브스뉴스,스브스뉴스 SUBUSUNEWS,최상위 댓글,@레이네_Leineine,"오랜만에 다시 와봤습니다 이세돌 뉴스 올려주셔서 예전부터 너무 감사했어요
다른 뉴스도 잘 보고 있습니다",1,2025-08-22T15:32:42Z,0,UgwHoUTwFkUb8FabVAx4AaABAg,S1bcy4h1mS8,UCsh2eyKqz1W_oyth7DRIJhg,2025-08-22T15:32:42Z,,긍정
콘서트 티켓 8분 만에 전석 매진시킨다는 버추얼 아이돌 근황 / 스브스뉴스,스브스뉴스 SUBUSUNEWS,최상위 댓글,@킹너네는나못이겨,우리 아이돌들은 이제 시작입니다. 이세돌 사랑해 !,1,2023-09-28T10:47:53Z,0,UgwjbdKCAgHy_mfSyWd4AaABAg,S1bcy4h1mS8,UCWQ5XrCGnC0EXl7SN3TNX7A,2023-09-28T10:47:53Z,,긍정
콘서트 티켓 8분 만에 전석 매진시킨다는 버추얼 아이돌 근황 / 스브스뉴스,스브스뉴스 SUBUSUNEWS,최상위 댓글,@최영순-y5x,8분만에 매진! 🎉🎉🎉🎉🎉,2,2025-11-14T12:29:24Z,0,Ugy3CB2iuBVLPR1d0J14AaABAg,S1bcy4h1mS8,UCxINf1Hd4BvJaJFsyCCZ8kg,2025-11-14T12:29:24Z,,중립
콘서트 티켓 8분 만에 전석 매진시킨다는 버추얼 아이돌 근황 / 스브스뉴스,스브스뉴스 SUBUSUNEWS,최상위 댓글,@hounngbinn5465,이세돌하면  바둑기사 물어 볼수 있지 않아요?,1,2023-09-29T14:38:42Z,0,UgzCM283I2y0e9rntEh4AaABAg,S1bcy4h1mS8,UCDjBh2DMQKU1teSbZO2G5Fw,2023-09-29T14:39:49Z,,중립
콘서트 티켓 8분 만에 전석 매진시킨다는 버추얼 아이돌 근황 / 스브스뉴스,스브스뉴스 SUBUSUNEWS,최상위 댓글,@Jyj008,모두가 주인공입니다,2,2024-03-03T11:26:14Z,0,UgzB5wK6kYFIxqj_tXN4AaABAg,S1bcy4h1mS8,UCTcOmczoSXr_urCgFuse8Lg,2024-03-03T11:26:14Z,,중립
콘서트 티켓 8분 만에 전석 매진시킨다는 버추얼 아이돌 근황 / 스브스뉴스,스브스뉴스 SUBUSUNEWS,최상위 댓글,@bunnybunnybottle3666,형 ㅋㅋㅋ 궁둥이 둥실둥실 거리면서 소개하는거 왜케 웃기냐 ㅋㅋㅋ,0,2023-10-02T07:18:39Z,0,Ugyz0cEmjUi1iYRuCr14AaABAg,S1bcy4h1mS8,UCFUlhLPOP93FlOMjvJFuUdw,2023-10-02T07:18:39Z,,중립
콘서트 티켓 8분 만에 전석 매진시킨다는 버추얼 아이돌 근황 / 스브스뉴스,스브스뉴스 SUBUSUNEWS,최상위 댓글,@toto-s7u3y,솔직히 어릴땐 덕질같은거 누가함? 싶었었는디 친구추천으로 인문했는데 진짜 행복합니다ㅋㅋㅋㅋㅋㅋㅋㅋ,0,2023-09-28T19:57:30Z,0,UgxXVA6Hsik1cZ9MFfV4AaABAg,S1bcy4h1mS8,UCCXu4G6wVl4O6VsUQH6GWMg,2023-09-28T19:57:30Z,,중립
콘서트 티켓 8분 만에 전석 매진시킨다는 버추얼 아이돌 근황 / 스브스뉴스,스브스뉴스 SUBUSUNEWS,최상위 댓글,@jachun3587,"이게 대성할줄은 몰랏는데..
 시작은 미약했지만 끝은 창대하다의 표본..",0,2023-10-01T10:25:02Z,0,UgxEJE6LKLUjqJ5MSCJ4AaABAg,S1bcy4h1mS8,UCm6BZ2Mb3NRKQLFsjPrrOgA,2023-10-01T10:25:02Z,,중립
콘서트 티켓 8분 만에 전석 매진시킨다는 버추얼 아이돌 근황 / 스브스뉴스,스브스뉴스 SUBUSUNEWS,최상위 댓글,@Buga_GD,이세돌 욕 할려면 최소 연봉 10억은 넘어야지 ㅋㅋ,3,2025-01-20T02:45:59Z,0,Ugxg2W15dThZnWGMbbd4AaABAg,S1bcy4h1mS8,UCngFyfMQeT1WaShrS0pJxJA,2025-01-20T02:45:59Z,,중립
콘서트 티켓 8분 만에 전석 매진시킨다는 버추얼 아이돌 근황 / 스브스뉴스,스브스뉴스 SUBUSUNEWS,최상위 댓글,@공백-e9e,"와, 정말 세상이 바뀌는 것이 느껴지네요. 저는 이런걸 처음 보지만 참 보기 좋네요. 킹아~",0,2023-10-03T06:41:58Z,0,UgwA3sXKKnAAIbfBj-B4AaABAg,S1bcy4h1mS8,UCwEBXP0gCQUvQ2XtuegplZg,2023-10-03T06:41:58Z,,긍정
콘서트 티켓 8분 만에 전석 매진시킨다는 버추얼 아이돌 근황 / 스브스뉴스,스브스뉴스 SUBUSUNEWS,최상위 댓글,@신중용,현실에서도 활동할 수 있도록 전용 인형탈 같은거 제작했으면....,0,2024-02-06T15:27:16Z,0,UgyeDaH5uP1yiTHPjrt4AaABAg,S1bcy4h1mS8,UCXhJ1WOAxV2r8ci9zSAHKJw,2024-02-06T15:27:22Z,,중립
콘서트 티켓 8분 만에 전석 매진시킨다는 버추얼 아이돌 근황 / 스브스뉴스,스브스뉴스 SUBUSUNEWS,최상위 댓글,@memento2349,"사실  형도  어리둥절한 상황  ㅋㅋㅋ

형은 신이야",0,2023-09-28T12:34:51Z,0,UgzrHXPcz3w6RLahyOZ4AaABAg,S1bcy4h1mS8,UCZRU-Xki4GQF7fuvDycQ-JA,2023-09-28T12:34:51Z,,중립
콘서트 티켓 8분 만에 전석 매진시킨다는 버추얼 아이돌 근황 / 스브스뉴스,스브스뉴스 SUBUSUNEWS,최상위 댓글,@KimDokja215,"근데 진짜.. 저는 우왁굳 시청자라서 갑자기 아이돌이고 VR이고 할때 이 형이 진짜 왜이러나 싶고 이세돌 보면 거부반응 엄청 왔었습니다. 소위 말하는 ‘中の人’ 라고 캐릭터 안에있는 사람이 누군지도 모르는데 좋아하는 거 보고 더 그랬거든요. 근데 지금은 그냥 보게 되네요, 같이 즐기게 되고. 우왁굳의 컨텐츠 중에 하나라고 생각하고 봐오던 것들이 점점 판이 커져가는거 보면 왁굳형 팬 입장에서도 기분좋고요.",1,2023-09-28T10:00:29Z,0,UgzqyH6eQPzgV9dbJr54AaABAg,S1bcy4h1mS8,UC-TKKHF6dn0cGjuzVLe-vqw,2023-09-28T10:20:25Z,,긍정
콘서트 티켓 8분 만에 전석 매진시킨다는 버추얼 아이돌 근황 / 스브스뉴스,스브스뉴스 SUBUSUNEWS,최상위 댓글,@xofla291,뭐야 나 스브스 좋아하네,3,2023-10-07T10:07:24Z,0,Ugw1bcgcL6GEKvMxmup4AaABAg,S1bcy4h1mS8,UCTz41-o9U0goRg9_WEfuplQ,2023-10-07T10:07:24Z,,긍정
콘서트 티켓 8분 만에 전석 매진시킨다는 버추얼 아이돌 근황 / 스브스뉴스,스브스뉴스 SUBUSUNEWS,최상위 댓글,@sangminju1,면제파티 ㄷㄷㄷ,2,2023-10-02T03:05:04Z,0,UgwfI1UomjcaDC2iglt4AaABAg,S1bcy4h1mS8,UC4xqGKlUWrfymfmKm-lS_TQ,2023-10-02T03:05:04Z,,중립
콘서트 티켓 8분 만에 전석 매진시킨다는 버추얼 아이돌 근황 / 스브스뉴스,스브스뉴스 SUBUSUNEWS,최상위 댓글,@Ch_52,챠니챠니 인터뷰 와중에도 귀염 뿜뿜하시네🤣🤣,0,2023-10-03T15:28:33Z,0,UgwvmHEApt3LV6dlvtN4AaABAg,S1bcy4h1mS8,UC-RDnRxEWP__wjqWJc0wojw,2023-10-03T15:28:33Z,,중립
콘서트 티켓 8분 만에 전석 매진시킨다는 버추얼 아이돌 근황 / 스브스뉴스,스브스뉴스 SUBUSUNEWS,최상위 댓글,@user_28493-w,*진짜 이세돌 팬들은 생각없는 도발 댓글이나 차별댓글을 달지 않습니다. 안티들의 농락이니 심기를 건드는 댓글은 신고해주시길 바랍니다.,6,2024-07-26T15:19:01Z,1,UgxPJg9v8zqVCdKzUKZ4AaABAg,S1bcy4h1mS8,UCLgLobEnhRWSYyfwyyeivTg,2024-07-26T15:19:01Z,,중립
콘서트 티켓 8분 만에 전석 매진시킨다는 버추얼 아이돌 근황 / 스브스뉴스,스브스뉴스 SUBUSUNEWS,대댓글,@yukinezzang,이미 고일대로 고인 이파리는 이젠 그냥 그런 댓글이 귀여워 보여요 ㅋㅋ,0,2024-08-14T11:06:40Z,0,UgxPJg9v8zqVCdKzUKZ4AaABAg.A6MW40n9Vt2A76zISYpyfQ,S1bcy4h1mS8,UC2Ghcw4Od9SADd3_F7C6I6w,2024-08-14T11:06:40Z,UgxPJg9v8zqVCdKzUKZ4AaABAg,중립
콘서트 티켓 8분 만에 전석 매진시킨다는 버추얼 아이돌 근황 / 스브스뉴스,스브스뉴스 SUBUSUNEWS,최상위 댓글,@성준수-w6h,버튜버 좋아하는데 한국 버튜버는 봐도봐도 진입장벽 느껴짐.. 모국어라 그런지 너무 오글거리는듯한,4,2023-10-11T10:11:58Z,0,Ugx4KpEgTeCe6dxKJa94AaABAg,S1bcy4h1mS8,UCRgie532hdj9FCVDbJYefSg,2023-10-11T10:11:58Z,,긍정
콘서트 티켓 8분 만에 전석 매진시킨다는 버추얼 아이돌 근황 / 스브스뉴스,스브스뉴스 SUBUSUNEWS,최상위 댓글,@zziczix,이세돌 진짜 사랑한다!!!!!!!!!!!!,2,2023-09-30T15:13:30Z,0,UgxvBvo4_6FuGd2KYpN4AaABAg,S1bcy4h1mS8,UCRyjeZ0VIzmgQlJ_0ScQhqQ,2023-09-30T15:13:30Z,,긍정
콘서트 티켓 8분 만에 전석 매진시킨다는 버추얼 아이돌 근황 / 스브스뉴스,스브스뉴스 SUBUSUNEWS,최상위 댓글,@chunduck_,그냥 형은 신이야 인정해 재발,1,2023-09-30T02:34:22Z,0,UgzmLRXasCqGJ3PP2WB4AaABAg,S1bcy4h1mS8,UC1t6pP2dgwYLgg1-3MHflmg,2023-09-30T02:34:22Z,,중립
콘서트 티켓 8분 만에 전석 매진시킨다는 버추얼 아이돌 근황 / 스브스뉴스,스브스뉴스 SUBUSUNEWS,최상위 댓글,@HwaReog,한 이파리로서 너무 자랑스럽네요,1,2023-09-28T17:44:38Z,0,UgyDCIP-ZxgmM0LwomB4AaABAg,S1bcy4h1mS8,UCOo2O28gps8HsrBgWaUoY1A,2023-09-28T17:44:38Z,,중립
콘서트 티켓 8분 만에 전석 매진시킨다는 버추얼 아이돌 근황 / 스브스뉴스,스브스뉴스 SUBUSUNEWS,최상위 댓글,@summerwinters,"저는 뭐 알기만하지 팬은 아닌입장이지만 인류역사에서 디지털이라는 새로운 시대가 자리잡은데서 나오는 새로운 형태의 문화현상이라고 봅니다.연예인이라는 것도 대중매체라고 하는 기껏해야 100여년전 새로 생긴 신문화였던건데 한세대 위만봐도 체면없다,딴따라소리듣고 있었지만 지금은 그저 모두가 소비하는 일상이죠.시간 좀 지나면 버튜버나 이세돌뿐만 아니라 많은 형태의 메타버스 컨텐츠가 나오리라 생각합니다.",1,2023-09-28T14:19:11Z,0,UgzCmtyTGSVKPS14JCN4AaABAg,S1bcy4h1mS8,UCNLHOh2XwC6jCRhBG9TIUdw,2023-09-28T14:19:11Z,,중립
콘서트 티켓 8분 만에 전석 매진시킨다는 버추얼 아이돌 근황 / 스브스뉴스,스브스뉴스 SUBUSUNEWS,최상위 댓글,@Pwmx-pmg,이세계 아이돌! 화이팅!! ❤🎉,4,2023-09-28T10:20:11Z,0,UgzD5erhD7yz_AawnAl4AaABAg,S1bcy4h1mS8,UClxoFwVDBqAJi7cyFzi8f9g,2023-09-28T10:20:11Z,,중립
콘서트 티켓 8분 만에 전석 매진시킨다는 버추얼 아이돌 근황 / 스브스뉴스,스브스뉴스 SUBUSUNEWS,최상위 댓글,@으아니니닉,이게 먹힐거란걸 생각 못했는데,0,2023-10-01T04:39:37Z,0,UgwaQupNciznIOMd4up4AaABAg,S1bcy4h1mS8,UC2c1fJnHOIGHP2_AWa6Vq8A,2023-10-01T04:39:37Z,,중립
콘서트 티켓 8분 만에 전석 매진시킨다는 버추얼 아이돌 근황 / 스브스뉴스,스브스뉴스 SUBUSUNEWS,최상위 댓글,@meonzi1,이세돌 사랑해 처음부터 끝까지 함께하자!! 💜💛🖤❤💙💚,1,2023-10-03T03:19:32Z,0,UgxOJqyBFW6yT-sbE1B4AaABAg,S1bcy4h1mS8,UCAT1zvrc_uPvXPBfj_M5joQ,2023-10-03T03:19:32Z,,긍정
콘서트 티켓 8분 만에 전석 매진시킨다는 버추얼 아이돌 근황 / 스브스뉴스,스브스뉴스 SUBUSUNEWS,최상위 댓글,@페포,형 보고있어?!,2,2023-12-09T16:56:44Z,0,Ugyf3tuWFSlOuh-PaV94AaABAg,S1bcy4h1mS8,UCStyBb7mNCAT3uoRu4rtXBQ,2023-12-09T16:56:44Z,,중립
콘서트 티켓 8분 만에 전석 매진시킨다는 버추얼 아이돌 근황 / 스브스뉴스,스브스뉴스 SUBUSUNEWS,최상위 댓글,@까비앙카,❤❤,1,2023-12-19T09:22:31Z,0,UgyAOv56sGCIG_nw0h54AaABAg,S1bcy4h1mS8,UCcmg6oYW-Wlx1I7dmK99Ejw,2023-12-19T09:22:31Z,,중립
콘서트 티켓 8분 만에 전석 매진시킨다는 버추얼 아이돌 근황 / 스브스뉴스,스브스뉴스 SUBUSUNEWS,최상위 댓글,@블후-p8c,이 모든것을 왁굳형이 새삼 대단해보이네...,2,2024-01-31T12:54:02Z,0,UgyYAB2u_IaJsCNQWxZ4AaABAg,S1bcy4h1mS8,UCEqGjSgKwyJlw5alDx5ZpYQ,2024-01-31T12:54:02Z,,중립
콘서트 티켓 8분 만에 전석 매진시킨다는 버추얼 아이돌 근황 / 스브스뉴스,스브스뉴스 SUBUSUNEWS,최상위 댓글,@arthurkalrahan3049,인터뷰 컴퓨터 좀 하나 사주라 진짜 ㅋㅋㅋㅋ,0,2023-10-03T22:38:12Z,0,UgwpUIQFRGr7jHFLZLp4AaABAg,S1bcy4h1mS8,UCkFTD5rMcH5m9XUyZnzVE1Q,2023-10-03T22:38:12Z,,중립
콘서트 티켓 8분 만에 전석 매진시킨다는 버추얼 아이돌 근황 / 스브스뉴스,스브스뉴스 SUBUSUNEWS,최상위 댓글,@Myo106,그 컴퓨터좀 한대 사줘ㅠㅠ,0,2023-10-15T08:52:27Z,0,UgyAT5Db3aUe0X3Nkt94AaABAg,S1bcy4h1mS8,UC-g-wqfgj8Af1b-wSOa3GwA,2023-10-15T08:52:27Z,,중립
콘서트 티켓 8분 만에 전석 매진시킨다는 버추얼 아이돌 근황 / 스브스뉴스,스브스뉴스 SUBUSUNEWS,최상위 댓글,@justawierdoo,우리는 우왁굳의 시대를 살고 있다...이세계 아이돌 화이팅!!!!❤❤,3,2023-09-29T13:26:53Z,0,Ugyp8IvBxz_F3y7pFRx4AaABAg,S1bcy4h1mS8,UCKl7kIn0WWnrwmVgSjMci8g,2023-09-29T13:26:53Z,,중립
콘서트 티켓 8분 만에 전석 매진시킨다는 버추얼 아이돌 근황 / 스브스뉴스,스브스뉴스 SUBUSUNEWS,최상위 댓글,@Woppul,저는 1:30과 같은 이유로 8달째 입덕을 고민하고있습니다,1,2024-05-01T12:46:28Z,0,UgxPC4WtVkORPmI1klV4AaABAg,S1bcy4h1mS8,UCV1bZPRc7umq--Ror7Pa0IA,2024-05-01T12:46:28Z,,중립
콘서트 티켓 8분 만에 전석 매진시킨다는 버추얼 아이돌 근황 / 스브스뉴스,스브스뉴스 SUBUSUNEWS,최상위 댓글,@오굴맨,근데 기자분 컴퓨터가….ㅋㅋㅋㅋㅋㅋ,0,2023-09-28T17:58:09Z,0,UgyRkpqdlpIS8DLYU3Z4AaABAg,S1bcy4h1mS8,UCe6ZS09ue9-N44vTVbtaApA,2023-09-28T17:58:09Z,,중립
콘서트 티켓 8분 만에 전석 매진시킨다는 버추얼 아이돌 근황 / 스브스뉴스,스브스뉴스 SUBUSUNEWS,최상위 댓글,@LEXBYCABE,버츄얼 아이돌은 처음 들어보는데 저 고세구님이라는 분 목소리가 정말 모시깽 하군요,6,2023-10-07T14:38:35Z,1,UgwLK-BtEr1gYfpAacl4AaABAg,S1bcy4h1mS8,UC9OMIHNAdEw1-QwKT_5h0uQ,2023-10-07T14:38:35Z,,중립
콘서트 티켓 8분 만에 전석 매진시킨다는 버추얼 아이돌 근황 / 스브스뉴스,스브스뉴스 SUBUSUNEWS,대댓글,@kunclass,신은 하나님뿐. 예수님 믿고 구원 받으세요.,0,2024-06-19T20:08:35Z,0,UgwLK-BtEr1gYfpAacl4AaABAg.9vZzXYw_ilLA4sknZm19oP,S1bcy4h1mS8,UCMeoyySWJYhm6DcI6f219tA,2024-06-19T20:08:35Z,UgwLK-BtEr1gYfpAacl4AaABAg,중립
콘서트 티켓 8분 만에 전석 매진시킨다는 버추얼 아이돌 근황 / 스브스뉴스,스브스뉴스 SUBUSUNEWS,최상위 댓글,@GARNISH_ICE,이거 우왁굳이 만든 그거임?,5,2024-05-11T11:34:21Z,0,UgzmBCraitDgr5ohTrJ4AaABAg,S1bcy4h1mS8,UC84a287Azrl_La-98jfG9Rw,2024-05-11T11:34:21Z,,중립
콘서트 티켓 8분 만에 전석 매진시킨다는 버추얼 아이돌 근황 / 스브스뉴스,스브스뉴스 SUBUSUNEWS,최상위 댓글,@javellinkuma9,다 좋은데 이게 무슨 화면렉이...,0,2023-10-18T01:45:10Z,0,Ugyi5pJPvOcaU34jKXh4AaABAg,S1bcy4h1mS8,UCOCszRIBoqW2KlPNolAiPPw,2023-10-18T01:45:10Z,,중립
콘서트 티켓 8분 만에 전석 매진시킨다는 버추얼 아이돌 근황 / 스브스뉴스,스브스뉴스 SUBUSUNEWS,최상위 댓글,@skymirojjs,인터뷰까지 했었구나,0,2023-10-16T14:17:36Z,0,Ugyh2OPy0OVSqvcgq0l4AaABAg,S1bcy4h1mS8,UCzNKvjgzQv9XB2Lzf809fBQ,2023-10-16T14:17:36Z,,중립
콘서트 티켓 8분 만에 전석 매진시킨다는 버추얼 아이돌 근황 / 스브스뉴스,스브스뉴스 SUBUSUNEWS,최상위 댓글,@johyunseung,분명 아는 사람만 아는건데... 뉴스 등등 양지로 올라오라고 ㅈㄴ 밀어주는데 어카노  이ㅣ거;;;,0,2023-10-02T14:01:38Z,0,UgwGVcucMjgU_rupbwd4AaABAg,S1bcy4h1mS8,UCFbxrJ748yjpf6O_khoL0bg,2023-10-02T14:01:38Z,,중립
콘서트 티켓 8분 만에 전석 매진시킨다는 버추얼 아이돌 근황 / 스브스뉴스,스브스뉴스 SUBUSUNEWS,최상위 댓글,@근로자-m4v,다시 생각해도… ㅋㅋㅋㅋ 레전드다,1,2023-09-28T18:05:21Z,0,Ugw1diSeBskVboEEyGV4AaABAg,S1bcy4h1mS8,UCN5qSsJu6NTD4vyaCPyjdoQ,2023-09-28T18:05:21Z,,중립
콘서트 티켓 8분 만에 전석 매진시킨다는 버추얼 아이돌 근황 / 스브스뉴스,스브스뉴스 SUBUSUNEWS,최상위 댓글,@정진명-v1t,이세돌이야 말로 진정한 아이돌이지!!! 최고다,0,2023-10-01T23:54:49Z,0,UgyhcVtPWPM8ZlMpDiV4AaABAg,S1bcy4h1mS8,UCZ-F2LahDvXxJ2LbMqPq_hA,2023-10-01T23:54:49Z,,긍정
콘서트 티켓 8분 만에 전석 매진시킨다는 버추얼 아이돌 근황 / 스브스뉴스,스브스뉴스 SUBUSUNEWS,최상위 댓글,@aphilosophizingsquid,이 영상 편집한 분이 주폭도가 아닌가 하는 합리적 의심이 드네요. 화면마다 르르땅 단독샷이랑 센터샷...,0,2023-09-28T11:54:51Z,0,UgwUUdA1ooM0w85XNFl4AaABAg,S1bcy4h1mS8,UCFxpXyTcnYx1kJkf9rq6AUg,2023-09-28T11:55:15Z,,중립
콘서트 티켓 8분 만에 전석 매진시킨다는 버추얼 아이돌 근황 / 스브스뉴스,스브스뉴스 SUBUSUNEWS,최상위 댓글,@Nakgi_,"혹 이세계아이돌이 역하시다면, 당신은 뭐 되나부터 생각해 봅시다! 💛💛💛",1,2023-10-04T13:08:23Z,0,Ugz_1EH1ObEKGk99LPt4AaABAg,S1bcy4h1mS8,UCdcMhj-vl8dNpKdnDk1qQRQ,2023-10-04T13:08:23Z,,중립
콘서트 티켓 8분 만에 전석 매진시킨다는 버추얼 아이돌 근황 / 스브스뉴스,스브스뉴스 SUBUSUNEWS,최상위 댓글,@성공한-페페,그 우왁굳님도 이게 안될거야 했는데 된다는게 놀랍고 가고 싶었는데 저기...ㅠㅠ,0,2023-10-04T05:08:06Z,0,UgzlGXQOrtvs8xV2T6V4AaABAg,S1bcy4h1mS8,UCUmRY03OiGl-s5J-ZhZaX4w,2023-10-04T05:08:06Z,,중립
콘서트 티켓 8분 만에 전석 매진시킨다는 버추얼 아이돌 근황 / 스브스뉴스,스브스뉴스 SUBUSUNEWS,최상위 댓글,@SeChangOh1,인기글 보고 최신글 보러왔는데 빠든 까든 역하네..,0,2024-04-15T18:35:36Z,0,UgwuUIjb0HnQ9fenKjJ4AaABAg,S1bcy4h1mS8,UCo-ASSMs4wJj6xFgc5J5IMA,2024-04-15T18:35:36Z,,중립
콘서트 티켓 8분 만에 전석 매진시킨다는 버추얼 아이돌 근황 / 스브스뉴스,스브스뉴스 SUBUSUNEWS,최상위 댓글,@새벽둘기,"청순보컬 아이네! 모시깽이 징버거! 귀여워 릴파! 

홍조여신 주르르! 예능천재 고세구! 음색요정 비챤!)

(이세계! 아이돌-! 리! 와! 인! 드!)

💜💛💙🩷🩵💚",3,2023-10-02T14:39:20Z,0,Ugyt9gN0-_hpl0HaSoh4AaABAg,S1bcy4h1mS8,UCOjmiB1E5brEBoeLXKdtOig,2023-10-02T14:39:20Z,,중립
콘서트 티켓 8분 만에 전석 매진시킨다는 버추얼 아이돌 근황 / 스브스뉴스,스브스뉴스 SUBUSUNEWS,최상위 댓글,@potentor3176,인공지능으로 대화하고 노래를 부르는 줄 알았는데 인공지능이 아닌 가수 분이 직접 부르시는 거군요.,4,2023-11-01T02:48:55Z,1,Ugx6JnAHHbLqgfWVj6Z4AaABAg,S1bcy4h1mS8,UCrYXT1yyF__EMqAoRZy5r1Q,2023-11-01T02:48:55Z,,중립
콘서트 티켓 8분 만에 전석 매진시킨다는 버추얼 아이돌 근황 / 스브스뉴스,스브스뉴스 SUBUSUNEWS,대댓글,@silsilze,가수 겸 개인 인터넷방송인이 버츄얼 캐릭터라는 일종의 움직이는 가면 뒤에 있다고 생각하면 될겁니다,7,2023-11-07T23:41:56Z,0,Ugx6JnAHHbLqgfWVj6Z4AaABAg.9wZ5BioPzkj9wpmMHDUE7x,S1bcy4h1mS8,UCWRnCQByAK5xd3o52qN3CwA,2023-11-07T23:41:56Z,Ugx6JnAHHbLqgfWVj6Z4AaABAg,중립
콘서트 티켓 8분 만에 전석 매진시킨다는 버추얼 아이돌 근황 / 스브스뉴스,스브스뉴스 SUBUSUNEWS,최상위 댓글,@헤롱.원두단,역시 이세계아이돌 클라스,1,2023-12-23T13:12:56Z,0,UgyIjs--luUgr9HUoER4AaABAg,S1bcy4h1mS8,UCuQxWUXmVLOziQuoVNvFvMg,2023-12-23T13:12:56Z,,중립
콘서트 티켓 8분 만에 전석 매진시킨다는 버추얼 아이돌 근황 / 스브스뉴스,스브스뉴스 SUBUSUNEWS,최상위 댓글,@watch-uy9ye,"벌써 이세페한지 2개월이 지났어..
시간참 빨라",6,2023-12-09T12:12:45Z,1,UgyzDXKeMz5uPnqRYUp4AaABAg,S1bcy4h1mS8,UC-0UwYC2pZ6iZqol4v-aobw,2023-12-09T12:12:45Z,,중립
콘서트 티켓 8분 만에 전석 매진시킨다는 버추얼 아이돌 근황 / 스브스뉴스,스브스뉴스 SUBUSUNEWS,대댓글,@mTEWORD,이제 곧 4개월임 ㅁㅊ,2,2024-01-11T13:46:55Z,0,UgyzDXKeMz5uPnqRYUp4AaABAg.9y5wvY1bclk9zR4w5lJojj,S1bcy4h1mS8,UCj4nRVRyjlabft2Ytb0LsAA,2024-01-11T13:46:55Z,UgyzDXKeMz5uPnqRYUp4AaABAg,중립
콘서트 티켓 8분 만에 전석 매진시킨다는 버추얼 아이돌 근황 / 스브스뉴스,스브스뉴스 SUBUSUNEWS,최상위 댓글,@yongin9303,역시 형이야!!!,2,2023-12-19T03:40:47Z,0,Ugy_3fRaU6JifFQNnbh4AaABAg,S1bcy4h1mS8,UCSYfg9eyaywK2eHVzbY7nEg,2023-12-19T03:40:47Z,,중립
콘서트 티켓 8분 만에 전석 매진시킨다는 버추얼 아이돌 근황 / 스브스뉴스,스브스뉴스 SUBUSUNEWS,최상위 댓글,@nicknamekr,난 이세돌 옛날부터 많았던 2D 캐릭터 띄워놓고 겜방하는 스트리머들이랑 비슷한 거 아닌가 하고 뭐지 싶은 느낌은 있었지만 그렇게 거부감이 있진 않았는데 아닌 사람들도 진짜 많구나,0,2023-10-03T17:03:06Z,0,UgyCnYTL3UivqZTof3x4AaABAg,S1bcy4h1mS8,UCYBNI9fOJz4cGArmdzWViaw,2023-10-03T17:03:06Z,,중립
콘서트 티켓 8분 만에 전석 매진시킨다는 버추얼 아이돌 근황 / 스브스뉴스,스브스뉴스 SUBUSUNEWS,최상위 댓글,@ray_honeybee,ㄹㅇ로 차원을 넘었다☆,1,2023-09-28T12:18:42Z,0,UgzDYzWLDLCuDpqgzul4AaABAg,S1bcy4h1mS8,UCSZNibOYSnGw4y_tBblPpQA,2023-09-28T12:18:42Z,,중립
콘서트 티켓 8분 만에 전석 매진시킨다는 버추얼 아이돌 근황 / 스브스뉴스,스브스뉴스 SUBUSUNEWS,최상위 댓글,@백도,어 품어,3,2024-03-25T16:13:13Z,0,UgzIYuhn8JCMvQBAUd94AaABAg,S1bcy4h1mS8,UCyMBUDS0dv6onYE8PwS664w,2024-03-25T16:13:13Z,,중립
콘서트 티켓 8분 만에 전석 매진시킨다는 버추얼 아이돌 근황 / 스브스뉴스,스브스뉴스 SUBUSUNEWS,최상위 댓글,@무자식아-z6i,내가 트루먼이오,3,2023-09-29T13:58:37Z,0,UgzrSnL--Jd-rZvhKNN4AaABAg,S1bcy4h1mS8,UCzQP07DUj51RymHDTrozqVA,2023-09-29T13:58:37Z,,중립
콘서트 티켓 8분 만에 전석 매진시킨다는 버추얼 아이돌 근황 / 스브스뉴스,스브스뉴스 SUBUSUNEWS,최상위 댓글,@iam-282-isedol-KingA,"올해 12월 31일에는 vr쳇에서 송년회도 좋지만 tv에서 대상 받는 모습도 보고싶네요.

(형 진짜 공중파 진출 해보자)",0,2023-10-01T15:32:30Z,0,UgxIJLZBkqAnx0DrrxF4AaABAg,S1bcy4h1mS8,UCOYvVMZ_jQocwQ0GmWuHeJg,2023-10-01T15:32:30Z,,중립
콘서트 티켓 8분 만에 전석 매진시킨다는 버추얼 아이돌 근황 / 스브스뉴스,스브스뉴스 SUBUSUNEWS,최상위 댓글,@Asdfghhqr,진짜 눈물나 ㅠㅠ,0,2023-10-03T14:01:32Z,0,Ugz436RVnXW34ZWYaUd4AaABAg,S1bcy4h1mS8,UCB1s2bGP1cJqjSF6IDSDQGQ,2023-10-03T14:01:32Z,,중립
콘서트 티켓 8분 만에 전석 매진시킨다는 버추얼 아이돌 근황 / 스브스뉴스,스브스뉴스 SUBUSUNEWS,최상위 댓글,@forleder0708,스브스 아이돌 킹아,2,2023-10-08T04:56:53Z,0,UgwBgyjJynr8JyA_KxJ4AaABAg,S1bcy4h1mS8,UCqCD1940jE6P0Hd6QVn-lGg,2023-10-08T04:56:53Z,,중립
콘서트 티켓 8분 만에 전석 매진시킨다는 버추얼 아이돌 근황 / 스브스뉴스,스브스뉴스 SUBUSUNEWS,최상위 댓글,@구로-l6w,"뭔들어떠하리
즐기고 행복할수만있다면야",0,2024-02-29T05:33:45Z,0,Ugy5I6tZ2MBjyE7Gpn54AaABAg,S1bcy4h1mS8,UCRlrB4buVoIt_TjmPqYevQA,2024-02-29T05:33:45Z,,중립
콘서트 티켓 8분 만에 전석 매진시킨다는 버추얼 아이돌 근황 / 스브스뉴스,스브스뉴스 SUBUSUNEWS,최상위 댓글,@curacion9999,나는 아직인가봐 너무 부끄러워 ... ㅋㅋㅋ,0,2023-10-01T10:27:36Z,0,UgxpZt8I6zT7uHz_Vah4AaABAg,S1bcy4h1mS8,UCrK1DUEOapUhqCV9QEa_IkQ,2023-10-01T10:27:36Z,,중립
콘서트 티켓 8분 만에 전석 매진시킨다는 버추얼 아이돌 근황 / 스브스뉴스,스브스뉴스 SUBUSUNEWS,최상위 댓글,@Choon_dere,이세돌은 그럼 춤은 안출테니 라이브는 확실히 할 수 있겠네요 어느면에서는 가수로서 유리한면이있네요 흥미륩다,1,2023-09-28T11:53:14Z,0,Ugza9VhglgP-bd20rs14AaABAg,S1bcy4h1mS8,UCF5wlLn1aBe-xdhIoAD04Qg,2023-09-28T11:53:14Z,,중립
콘서트 티켓 8분 만에 전석 매진시킨다는 버추얼 아이돌 근황 / 스브스뉴스,스브스뉴스 SUBUSUNEWS,최상위 댓글,@AllThatThing21,헉 이정도면 아이엠스타도 머지 않은 미래인가? 😮😊,1,2023-10-11T12:18:25Z,0,Ugx_YIxNjW0S4LvtVYh4AaABAg,S1bcy4h1mS8,UC5NB9zxBbuviCZkBp7VeUAg,2023-10-11T12:18:25Z,,중립
콘서트 티켓 8분 만에 전석 매진시킨다는 버추얼 아이돌 근황 / 스브스뉴스,스브스뉴스 SUBUSUNEWS,최상위 댓글,@모락산돌이끼,간절함과 감사함을 잘아는 멤버들 피00피00 랑 너무 대조적 ㅎ 근데 얘넨 정말 전국공연 4시간내로 다돌것다 ㅎㅎㅎ,0,2023-10-05T03:43:40Z,0,UgwdpMNXfmK3kav9rWR4AaABAg,S1bcy4h1mS8,UCleyBPaThITAu17Wu23rAxw,2023-10-05T03:45:14Z,,긍정
콘서트 티켓 8분 만에 전석 매진시킨다는 버추얼 아이돌 근황 / 스브스뉴스,스브스뉴스 SUBUSUNEWS,최상위 댓글,@포켓몬애호가-d2g,이미 왁물원에 올라가서 돚거가 되고있는 중일 영상ㅋㅋㅋ,0,2023-10-02T07:13:22Z,0,Ugz66bZenKGaBqoAo9p4AaABAg,S1bcy4h1mS8,UCnV48krzRFpXhL7edNx8lsQ,2023-10-02T07:13:22Z,,중립
콘서트 티켓 8분 만에 전석 매진시킨다는 버추얼 아이돌 근황 / 스브스뉴스,스브스뉴스 SUBUSUNEWS,최상위 댓글,@LEEENO111,킹아~,2,2023-11-12T16:18:57Z,0,Ugzkx34sAMwlhKCpb0t4AaABAg,S1bcy4h1mS8,UCZKeiX2HVkbtHO62MpcQD6w,2023-11-12T16:18:57Z,,중립
콘서트 티켓 8분 만에 전석 매진시킨다는 버추얼 아이돌 근황 / 스브스뉴스,스브스뉴스 SUBUSUNEWS,최상위 댓글,@NaraHaraNe,역시 이세돌 내가 좋아하는 이유가 있어,1,2023-10-15T11:06:12Z,0,UgxOhEwYg0fPCcWvg9x4AaABAg,S1bcy4h1mS8,UChw-pkuZ19YJp1P1Agsi1-Q,2023-10-15T11:06:12Z,,긍정
콘서트 티켓 8분 만에 전석 매진시킨다는 버추얼 아이돌 근황 / 스브스뉴스,스브스뉴스 SUBUSUNEWS,최상위 댓글,@user-rv9px6rx5i,킹아ㅜㅠㅠㅠㅜㅜㅜ,1,2024-07-22T23:22:22Z,0,Ugwfgzx0ivPrVtbOauV4AaABAg,S1bcy4h1mS8,UCwcZkCS2Ie8jRJKwYVP_O0A,2024-07-22T23:22:22Z,,중립
콘서트 티켓 8분 만에 전석 매진시킨다는 버추얼 아이돌 근황 / 스브스뉴스,스브스뉴스 SUBUSUNEWS,최상위 댓글,@DuRuWow,"소통이 가장 큰 장점이자 단점임...
근간이 개인방송인지라 단체보단 개인 활동의 성격이 강해서 현생이 바빠질 시기 유튭 좀만 못 들어와도 멤버6명, 왁굳튜브, 왁타버스 8개 채널에 영상이 수 십개씩 쌓여버리니 따라가기가 너무 벅차서 점점 놓게 되는거 같음",4,2024-07-28T22:41:55Z,1,Ugwdty7bqtR4HRq4_ct4AaABAg,S1bcy4h1mS8,UC9Twi9wIRvxmUMm3MF876kQ,2024-07-28T22:41:55Z,,중립
콘서트 티켓 8분 만에 전석 매진시킨다는 버추얼 아이돌 근황 / 스브스뉴스,스브스뉴스 SUBUSUNEWS,대댓글,@Sdfvcx,ㅇㄱㄹㅇ,1,2024-07-29T13:22:53Z,0,Ugwdty7bqtR4HRq4_ct4AaABAg.A6SSLgV2ctfA6U1A751vd6,S1bcy4h1mS8,UCAHCRyjtJegvYkUCZ18tCbQ,2024-07-29T13:22:53Z,Ugwdty7bqtR4HRq4_ct4AaABAg,중립
콘서트 티켓 8분 만에 전석 매진시킨다는 버추얼 아이돌 근황 / 스브스뉴스,스브스뉴스 SUBUSUNEWS,최상위 댓글,@viewer28,캬... 이거야,1,2023-10-05T01:14:10Z,0,UgyTmbyanpKUBEhPqzp4AaABAg,S1bcy4h1mS8,UCNIHX8GirmkZ7taaXRaTKzw,2023-10-05T01:14:10Z,,중립
콘서트 티켓 8분 만에 전석 매진시킨다는 버추얼 아이돌 근황 / 스브스뉴스,스브스뉴스 SUBUSUNEWS,최상위 댓글,@cho_tech,크ㅡㅡㅡㅡ 역시 우리의 아이네! 밑고 있었다고!💜,2,2023-10-18T15:35:06Z,0,UgxYNbrxLJR_m9Ou9NZ4AaABAg,S1bcy4h1mS8,UC9X55kQ5Rr2e31ooGE5ldtA,2023-10-18T15:35:06Z,,중립
콘서트 티켓 8분 만에 전석 매진시킨다는 버추얼 아이돌 근황 / 스브스뉴스,스브스뉴스 SUBUSUNEWS,최상위 댓글,@hungry_white,오영택.. 인간에서 신이 된 남자..  그는 신이 된 이후 이세돌이라는 천사를 탄생시켰다..,0,2023-10-01T14:42:53Z,0,Ugw_QwiR3_deCKZeADd4AaABAg,S1bcy4h1mS8,UC8t43-mRtM9TJkmpxyVWyfw,2023-10-01T14:42:53Z,,중립
콘서트 티켓 8분 만에 전석 매진시킨다는 버추얼 아이돌 근황 / 스브스뉴스,스브스뉴스 SUBUSUNEWS,최상위 댓글,@zzangeiking,영원하라 이세돌!!!ㅠㅠㅠㅠㅠ,1,2023-10-04T15:49:58Z,0,Ugx0inJCD5eGLvnnrSN4AaABAg,S1bcy4h1mS8,UC9pTp00AW1GaoFKVG9BKZIg,2023-10-04T15:49:58Z,,중립
콘서트 티켓 8분 만에 전석 매진시킨다는 버추얼 아이돌 근황 / 스브스뉴스,스브스뉴스 SUBUSUNEWS,최상위 댓글,@雨とカプチーノ,형.. 우리가 해냈어,1,2024-02-12T02:38:19Z,0,UgyR7R7Slj-Q8NAaQyd4AaABAg,S1bcy4h1mS8,UCI9maIOSDWhjL04g15MxERQ,2024-02-12T02:38:19Z,,중립
콘서트 티켓 8분 만에 전석 매진시킨다는 버추얼 아이돌 근황 / 스브스뉴스,스브스뉴스 SUBUSUNEWS,최상위 댓글,@사냥이과하면사냥당한,킹아,2,2024-04-20T13:52:32Z,0,Ugz_sY_c4MkHzGc3fMd4AaABAg,S1bcy4h1mS8,UCHs0_bQEApoRk5-sUNQif3w,2024-04-20T13:52:32Z,,중립
콘서트 티켓 8분 만에 전석 매진시킨다는 버추얼 아이돌 근황 / 스브스뉴스,스브스뉴스 SUBUSUNEWS,최상위 댓글,@bi_bi_bic,갑자기 궁금해졌는데 저런 버츄얼 프로그램도 더 발전하고 좋은게 나올텐데 그럼 그때 디자인만 옮겨서 새로 만드려나?,0,2023-10-01T01:21:25Z,0,UgxVkh2yottnEp5dojl4AaABAg,S1bcy4h1mS8,UCwION2sV9hatcibnDVCfEww,2023-10-01T01:21:25Z,,중립
콘서트 티켓 8분 만에 전석 매진시킨다는 버추얼 아이돌 근황 / 스브스뉴스,스브스뉴스 SUBUSUNEWS,최상위 댓글,@scarecrow3849,그래... 응원한다,1,2023-09-29T10:18:58Z,0,UgzsdxQm0aFNMwWYtfJ4AaABAg,S1bcy4h1mS8,UCg4NbI9vaNN-2jAqPdWkVrQ,2023-09-29T10:18:58Z,,긍정
콘서트 티켓 8분 만에 전석 매진시킨다는 버추얼 아이돌 근황 / 스브스뉴스,스브스뉴스 SUBUSUNEWS,최상위 댓글,@kim.muyeol,킹아~!,2,2024-02-21T18:31:54Z,0,Ugzpy48l_W2ZAMUvXSV4AaABAg,S1bcy4h1mS8,UCGsbtImbsfdVjNaEwaHrkDw,2024-02-21T18:31:54Z,,중립
콘서트 티켓 8분 만에 전석 매진시킨다는 버추얼 아이돌 근황 / 스브스뉴스,스브스뉴스 SUBUSUNEWS,최상위 댓글,@몰루-u2x,와굳형 이제 뉴스도 나오네,1,2024-08-14T01:35:56Z,0,UgyUG6LLWzkUoe2xDlp4AaABAg,S1bcy4h1mS8,UC4mqU_KMTmJl9kP-ehy-49A,2024-08-14T01:35:56Z,,중립
콘서트 티켓 8분 만에 전석 매진시킨다는 버추얼 아이돌 근황 / 스브스뉴스,스브스뉴스 SUBUSUNEWS,최상위 댓글,@xczenu,유주야 거기서 머해....... ㅋㅋㅋㅋㅋㅋ,0,2023-10-13T11:01:53Z,0,Ugwt0eY7KBTPnW5q0954AaABAg,S1bcy4h1mS8,UCuFkOw-ZNHVo9mBYWbTFjiA,2023-10-13T11:01:53Z,,중립
콘서트 티켓 8분 만에 전석 매진시킨다는 버추얼 아이돌 근황 / 스브스뉴스,스브스뉴스 SUBUSUNEWS,최상위 댓글,@레인크리스마스,아니 SBS 뉴스에서도 홍조컨을하는 사람이있다 ..!?!?!,6,2023-10-06T08:57:33Z,1,UgzmYCdCpPXpCnqNf_d4AaABAg,S1bcy4h1mS8,UCwqmC6oJbw1I0cw38OakqRg,2023-10-06T08:57:33Z,,중립
콘서트 티켓 8분 만에 전석 매진시킨다는 버추얼 아이돌 근황 / 스브스뉴스,스브스뉴스 SUBUSUNEWS,대댓글,@타미-tami,RR?,1,2023-10-13T09:17:26Z,0,UgzmYCdCpPXpCnqNf_d4AaABAg.9vWnhvqqHpw9vnrYfayuhL,S1bcy4h1mS8,UC-kC-j9g36Uzd_Ypw0RLGVQ,2023-10-13T09:17:26Z,UgzmYCdCpPXpCnqNf_d4AaABAg,중립
콘서트 티켓 8분 만에 전석 매진시킨다는 버추얼 아이돌 근황 / 스브스뉴스,스브스뉴스 SUBUSUNEWS,최상위 댓글,@JD__H50,캬,1,2023-10-05T08:24:43Z,0,UgziGSomqiTghvmbA3d4AaABAg,S1bcy4h1mS8,UCFGiCFieTUHhWLF753Ogv_w,2023-10-05T08:24:43Z,,중립
콘서트 티켓 8분 만에 전석 매진시킨다는 버추얼 아이돌 근황 / 스브스뉴스,스브스뉴스 SUBUSUNEWS,최상위 댓글,@sae0134,크흡.. 내가 너무 자랑스러움..,1,2024-04-08T13:31:43Z,0,UgwjtEVhAM_ssZ7Blvd4AaABAg,S1bcy4h1mS8,UCaKHyaDU2imybSgzk_d_MQA,2024-04-08T13:31:43Z,,중립
콘서트 티켓 8분 만에 전석 매진시킨다는 버추얼 아이돌 근황 / 스브스뉴스,스브스뉴스 SUBUSUNEWS,최상위 댓글,@발로하는박쥐,이렇게 보니깐 쥰내 웃기네 ㅋㅋㅋㅋㅋㅋㅋ,1,2024-07-21T21:59:05Z,0,Ugz3_P5oQVFmS52jj4F4AaABAg,S1bcy4h1mS8,UCSXFhLYJdcaFXYBS-CdMlAg,2024-07-21T21:59:05Z,,중립
콘서트 티켓 8분 만에 전석 매진시킨다는 버추얼 아이돌 근황 / 스브스뉴스,스브스뉴스 SUBUSUNEWS,최상위 댓글,@Gureum_Haetae,이제 진짜가 되었다……..으아ㅏㅏㅏㅏㅏㅏㅏㅏㅏㅏㅏㅏㅏ🎉🎉,0,2023-10-03T05:12:17Z,0,Ugypt_c7KuWbY_PAo_14AaABAg,S1bcy4h1mS8,UCgJr_zKybdRNp9h51QMcSVw,2023-10-03T05:12:17Z,,중립
콘서트 티켓 8분 만에 전석 매진시킨다는 버추얼 아이돌 근황 / 스브스뉴스,스브스뉴스 SUBUSUNEWS,최상위 댓글,@준-i9s,킹아,2,2023-09-28T11:07:44Z,0,UgxoWajTjWwPck6qz254AaABAg,S1bcy4h1mS8,UCLLFKRcSlm-1RUu-KhGZsbg,2023-09-28T11:07:44Z,,중립
콘서트 티켓 8분 만에 전석 매진시킨다는 버추얼 아이돌 근황 / 스브스뉴스,스브스뉴스 SUBUSUNEWS,최상위 댓글,@이런-b8i,아담 당신은 옳았어.. 너무 일찍 왔을 뿐,0,2023-10-01T12:52:41Z,0,UgySRT5yUNvbwRUCcgB4AaABAg,S1bcy4h1mS8,UCAu0SL3UCp5qklZsfjhOLzQ,2023-10-01T12:52:41Z,,중립
콘서트 티켓 8분 만에 전석 매진시킨다는 버추얼 아이돌 근황 / 스브스뉴스,스브스뉴스 SUBUSUNEWS,최상위 댓글,@heojason0012,이거 왜 소리안나냐 ㅋㅋ,0,2023-10-16T07:56:56Z,0,UgxkhNtq-GGMB8Vax0R4AaABAg,S1bcy4h1mS8,UCQQ9GESuHzQ5fOzBY1w8M_g,2023-10-16T07:56:56Z,,중립
콘서트 티켓 8분 만에 전석 매진시킨다는 버추얼 아이돌 근황 / 스브스뉴스,스브스뉴스 SUBUSUNEWS,최상위 댓글,@안녕로봇-r4b,이세돌 인터뷰도 좋지만 훨씬 더 대단한 사장님은 인터뷰 안하나?,0,2023-10-04T04:29:55Z,0,UgxLaE-84ojQlCUQ4m54AaABAg,S1bcy4h1mS8,UCRyN8WNBEQZI4std5ch1k8g,2023-10-04T04:30:01Z,,중립
콘서트 티켓 8분 만에 전석 매진시킨다는 버추얼 아이돌 근황 / 스브스뉴스,스브스뉴스 SUBUSUNEWS,최상위 댓글,@Formpanel,양지러 올라와 버렸다,1,2023-10-12T00:40:53Z,0,Ugy1T_u38YApOp166Hx4AaABAg,S1bcy4h1mS8,UCbaMpKLF2eg95C1k1nNtSWQ,2023-10-12T00:40:53Z,,중립
콘서트 티켓 8분 만에 전석 매진시킨다는 버추얼 아이돌 근황 / 스브스뉴스,스브스뉴스 SUBUSUNEWS,최상위 댓글,@hongnest,아이네님 얼굴 어데갔엌ㅋㅋㅋㅋ,0,2023-10-13T09:58:04Z,0,UgxrHeofACWKNQborNd4AaABAg,S1bcy4h1mS8,UCQkWNPBqIiwi2eNCMJsno9w,2023-10-13T09:58:04Z,,중립
콘서트 티켓 8분 만에 전석 매진시킨다는 버추얼 아이돌 근황 / 스브스뉴스,스브스뉴스 SUBUSUNEWS,최상위 댓글,@HLEWINPLZ,형 이래도 우리가 음지야?,2,2024-03-22T10:12:53Z,0,UgzHwWPqaXW0gZpQa1Z4AaABAg,S1bcy4h1mS8,UCjFhqh5WZZqCCnAHxnbOcqQ,2024-03-22T10:12:53Z,,중립
콘서트 티켓 8분 만에 전석 매진시킨다는 버추얼 아이돌 근황 / 스브스뉴스,스브스뉴스 SUBUSUNEWS,최상위 댓글,@가장개성적인핸들,"""우리는 그냥 자동차에 날개 한번 달아본건데 사람들이 <와 날개 달린 자동차들이 여기 모여있습니다!> 하고 신기해 하는거야!ㅋㅋㅋㅋ""
""근데 이게 날아지긴 하니까 웃긴거지 ㅋㅋㅋㅋㅋㅋㅋㅋ""
""우리는 더더욱 음지로 가야해!""",1,2023-10-01T12:09:32Z,0,Ugy7gm2vkSXrQ_9jaKB4AaABAg,S1bcy4h1mS8,UC1pWp20LvCPpwMglHEvDgZA,2023-10-01T12:10:46Z,,중립
콘서트 티켓 8분 만에 전석 매진시킨다는 버추얼 아이돌 근황 / 스브스뉴스,스브스뉴스 SUBUSUNEWS,최상위 댓글,@hjku9dlf,치지직 가도 버튜버 아프리카 가도 버튜버,2,2024-07-27T05:00:42Z,0,Ugwo9PtVhqesz3ffHBx4AaABAg,S1bcy4h1mS8,UCcolgMThl5vOqtDxkDSKdsQ,2024-07-27T05:00:42Z,,중립
콘서트 티켓 8분 만에 전석 매진시킨다는 버추얼 아이돌 근황 / 스브스뉴스,스브스뉴스 SUBUSUNEWS,최상위 댓글,@구카-g5k,이세돌 성공했구나~~자랑스럽다 고세구 ㅋㅋㅋ,0,2023-10-01T04:10:47Z,0,Ugz1lv48sJxdI9jzm2B4AaABAg,S1bcy4h1mS8,UCPO03liuDUOJaV_g4tjimRQ,2023-10-01T04:10:47Z,,중립
콘서트 티켓 8분 만에 전석 매진시킨다는 버추얼 아이돌 근황 / 스브스뉴스,스브스뉴스 SUBUSUNEWS,최상위 댓글,@opefv4751,킹아,2,2023-09-28T11:15:14Z,0,Ugzd4zkLxhFiSqHxTMd4AaABAg,S1bcy4h1mS8,UCkAYHt848nEG2gNZQ0TV5tA,2023-09-28T11:15:14Z,,중립
콘서트 티켓 8분 만에 전석 매진시킨다는 버추얼 아이돌 근황 / 스브스뉴스,스브스뉴스 SUBUSUNEWS,최상위 댓글,@워치-r7r,음~ 킹아~,2,2023-10-05T18:42:34Z,0,UgzNtqUqSK5viyg9rMd4AaABAg,S1bcy4h1mS8,UCfHbuSVQEi6QrUy4wE8BygQ,2023-10-05T18:42:34Z,,중립
콘서트 티켓 8분 만에 전석 매진시킨다는 버추얼 아이돌 근황 / 스브스뉴스,스브스뉴스 SUBUSUNEWS,최상위 댓글,@환극,캬아ㅏ,0,2024-05-01T17:18:57Z,0,Ugx937EgBiHpv8jms954AaABAg,S1bcy4h1mS8,UCdE4TzQT4T-ZKtPULXZVrCw,2024-05-01T17:18:57Z,,중립
콘서트 티켓 8분 만에 전석 매진시킨다는 버추얼 아이돌 근황 / 스브스뉴스,스브스뉴스 SUBUSUNEWS,최상위 댓글,@채아-c3c,킹아ㅏㅏㅏ!!!!!,2,2023-09-29T10:51:19Z,0,UgwnZUQDKDfG0re7iml4AaABAg,S1bcy4h1mS8,UC1SB9MKDrFlahTwdMWsgU9g,2023-09-29T10:51:19Z,,중립
콘서트 티켓 8분 만에 전석 매진시킨다는 버추얼 아이돌 근황 / 스브스뉴스,스브스뉴스 SUBUSUNEWS,최상위 댓글,@kjh04,어디까지 가는거야....,0,2023-09-28T10:58:02Z,0,UgypZDSDaI4QyYR9WkR4AaABAg,S1bcy4h1mS8,UCvJ519thK1yRGQL6SfHVhJg,2023-09-28T10:58:02Z,,중립
콘서트 티켓 8분 만에 전석 매진시킨다는 버추얼 아이돌 근황 / 스브스뉴스,스브스뉴스 SUBUSUNEWS,최상위 댓글,@빛티에스,진입장벽 높지 안그래도 케이팝이 넘사라 그래픽인간이라,0,2023-09-30T00:13:00Z,0,Ugw0jFSwlfv8XQnRcKJ4AaABAg,S1bcy4h1mS8,UCNkI3Z-fpva5gQ7oQAf4jsQ,2023-09-30T00:13:00Z,,중립
콘서트 티켓 8분 만에 전석 매진시킨다는 버추얼 아이돌 근황 / 스브스뉴스,스브스뉴스 SUBUSUNEWS,최상위 댓글,@imnemone,이게 아이돌이다...,0,2023-10-04T12:31:01Z,0,Ugw-rGBog8wxGdzCxhB4AaABAg,S1bcy4h1mS8,UCuKCF_bwGUDe99nlF8Fq0ng,2023-10-04T12:31:01Z,,중립
콘서트 티켓 8분 만에 전석 매진시킨다는 버추얼 아이돌 근황 / 스브스뉴스,스브스뉴스 SUBUSUNEWS,최상위 댓글,@나는문어-f1o,나도 가고싶었는대..,2,2023-10-18T13:34:01Z,0,UgzLHyf-OZYig2A8S3d4AaABAg,S1bcy4h1mS8,UC5eIqW-RL60sYXZ2LqJ0EdA,2023-10-18T13:34:01Z,,중립
콘서트 티켓 8분 만에 전석 매진시킨다는 버추얼 아이돌 근황 / 스브스뉴스,스브스뉴스 SUBUSUNEWS,최상위 댓글,@왜불러why,주르르 홍조컨 폼 미쳤다,1,2023-09-29T12:25:07Z,0,UgwSvwQ4EFbEWs5fLrV4AaABAg,S1bcy4h1mS8,UCDj1fC3UqQGyWfRdxfftyTg,2023-09-29T12:25:07Z,,중립
콘서트 티켓 8분 만에 전석 매진시킨다는 버추얼 아이돌 근황 / 스브스뉴스,스브스뉴스 SUBUSUNEWS,최상위 댓글,@여유로운나쵸,❤,0,2023-09-29T21:48:35Z,0,Ugz5HoVKj0R_lr168o94AaABAg,S1bcy4h1mS8,UCFmfU7yweHDNJVS5xvZOiFg,2023-09-29T22:01:23Z,,중립
콘서트 티켓 8분 만에 전석 매진시킨다는 버추얼 아이돌 근황 / 스브스뉴스,스브스뉴스 SUBUSUNEWS,최상위 댓글,@kyo181-s8b,가고 싶었는데... 가고 싶었는데!,1,2023-10-14T00:46:43Z,0,UgzaqRbtqb2FJswLyUh4AaABAg,S1bcy4h1mS8,UCJV-J4oE9-j6h26-5RCtlCw,2023-10-14T00:46:43Z,,중립
콘서트 티켓 8분 만에 전석 매진시킨다는 버추얼 아이돌 근황 / 스브스뉴스,스브스뉴스 SUBUSUNEWS,최상위 댓글,@habi8330,90년대 때 아담이라는 가수가 있었습니다,1,2024-02-25T13:32:23Z,0,UgydMWG_hZMxtcTKEKR4AaABAg,S1bcy4h1mS8,UC0wmBSWJfJnWLrKUwzmAMwQ,2024-02-25T13:32:23Z,,중립
콘서트 티켓 8분 만에 전석 매진시킨다는 버추얼 아이돌 근황 / 스브스뉴스,스브스뉴스 SUBUSUNEWS,최상위 댓글,@死번타자호성,이새돌 화이팅 플레이브 화이팅!!,5,2024-02-20T14:37:23Z,0,UgyGFGV--9ilfKcyrJJ4AaABAg,S1bcy4h1mS8,UC42a2koYZGMYXObBPEbNi9Q,2024-02-20T14:37:23Z,,중립
콘서트 티켓 8분 만에 전석 매진시킨다는 버추얼 아이돌 근황 / 스브스뉴스,스브스뉴스 SUBUSUNEWS,최상위 댓글,@xjsik2812,릴파 그래 어쩐지;;;; 노래 잘하고 랩도 잘해서 방송계에 발 담궜을 것 같았음 노래 진짜 잘해;;; 우왁굳 보는 눈이 있네 확실히,1,2023-10-03T04:34:03Z,0,UgyiqvDScM7ED_RrH_94AaABAg,S1bcy4h1mS8,UCz8jdguiWQcZ7bCEB9oFIcg,2023-10-03T04:34:03Z,,중립
콘서트 티켓 8분 만에 전석 매진시킨다는 버추얼 아이돌 근황 / 스브스뉴스,스브스뉴스 SUBUSUNEWS,최상위 댓글,@Stardust0315,미쿠에 열광하는 그런 느낌이 아닐까,0,2023-09-29T13:28:27Z,0,UgxqheXwtb-LqrRO1sx4AaABAg,S1bcy4h1mS8,UCL-QLt3HJYUQA6m41gSuYaQ,2023-09-29T13:28:27Z,,중립
콘서트 티켓 8분 만에 전석 매진시킨다는 버추얼 아이돌 근황 / 스브스뉴스,스브스뉴스 SUBUSUNEWS,최상위 댓글,@Ant1995st,안에 사람이 있다구욧!,0,2023-09-28T10:44:12Z,0,UgzRbiMb90onwTuIG0N4AaABAg,S1bcy4h1mS8,UCh5Nqe02juyXS1vNmwW59hQ,2023-09-28T10:44:12Z,,중립
콘서트 티켓 8분 만에 전석 매진시킨다는 버추얼 아이돌 근황 / 스브스뉴스,스브스뉴스 SUBUSUNEWS,최상위 댓글,@jeonju2see755,스토리는 이세돌이다...,0,2023-10-03T14:14:15Z,0,UgxqHTz92p6Jkk7Ov7h4AaABAg,S1bcy4h1mS8,UCkUbIl_gwwyBatSOOJpV9bw,2023-10-03T14:14:15Z,,중립
콘서트 티켓 8분 만에 전석 매진시킨다는 버추얼 아이돌 근황 / 스브스뉴스,스브스뉴스 SUBUSUNEWS,최상위 댓글,@GitongchaTomas,이세돌 최고❤,3,2023-09-28T12:27:59Z,0,UgyjFcUsmD5Dce8b4rx4AaABAg,S1bcy4h1mS8,UCK9n5Cu7YuUNoEjVzorYbog,2023-09-28T12:27:59Z,,긍정
콘서트 티켓 8분 만에 전석 매진시킨다는 버추얼 아이돌 근황 / 스브스뉴스,스브스뉴스 SUBUSUNEWS,최상위 댓글,@ttuttacoldhot,언제 봐도 사랑스럽다…💜💛💙💖💚🖤,0,2023-12-23T13:55:59Z,0,UgyZpgsykw44RP4iFj14AaABAg,S1bcy4h1mS8,UCSmIM0ZsNhBVhPAA3AxJuKg,2023-12-23T13:56:16Z,,긍정
콘서트 티켓 8분 만에 전석 매진시킨다는 버추얼 아이돌 근황 / 스브스뉴스,스브스뉴스 SUBUSUNEWS,최상위 댓글,@박선생-v1n,노랜 겁나게 좋음,1,2023-10-09T15:58:55Z,0,UgwIm_CNMCZ8yHOEE1x4AaABAg,S1bcy4h1mS8,UCp5OnMq12fjGMzMCMdPucxQ,2023-10-09T15:58:55Z,,중립
콘서트 티켓 8분 만에 전석 매진시킨다는 버추얼 아이돌 근황 / 스브스뉴스,스브스뉴스 SUBUSUNEWS,최상위 댓글,@minju_0304,스브스 제작진 컴퓨터 좀 바꿔주세요 ㅋㅋㅋㅋㅋㅋㅋㅋㅋㅋㅋㅋㅋ,0,2024-03-13T07:34:58Z,0,Ugz3ZO7RGP1S3zqnlkt4AaABAg,S1bcy4h1mS8,UCz2TsSAsKM1h48x1P_OF4TA,2024-03-13T07:34:58Z,,중립
콘서트 티켓 8분 만에 전석 매진시킨다는 버추얼 아이돌 근황 / 스브스뉴스,스브스뉴스 SUBUSUNEWS,최상위 댓글,@dumegoll,와우,1,2023-09-28T11:19:23Z,0,UgyXJNUfcVp5HuZVvOl4AaABAg,S1bcy4h1mS8,UCzSmCksqd_cbh_oE8MgvWwA,2023-09-28T11:19:23Z,,중립
콘서트 티켓 8분 만에 전석 매진시킨다는 버추얼 아이돌 근황 / 스브스뉴스,스브스뉴스 SUBUSUNEWS,최상위 댓글,@rigmaya2756,이세돌은 노래도 좋고 멤버들의 스타성도 좋고 해서 다 좋은데 늘 영상은 조금 아쉽다고 할까. 리와인드 첫 영상에 비하면 많이 나아지긴 했지만...,2,2023-10-08T15:56:09Z,0,UgxE0PWZTj0keAU-LNB4AaABAg,S1bcy4h1mS8,UCB-U3qNNlgLJbAVpz4kBbsw,2023-10-08T15:56:09Z,,중립
콘서트 티켓 8분 만에 전석 매진시킨다는 버추얼 아이돌 근황 / 스브스뉴스,스브스뉴스 SUBUSUNEWS,최상위 댓글,@Stonekim-d5n,🎉🎉,0,2024-02-27T16:22:31Z,0,UgwLghLYxSZQcoA_ZuF4AaABAg,S1bcy4h1mS8,UCv3JpXNXz01Iv1r-BNfVkeQ,2024-02-27T16:22:31Z,,중립
콘서트 티켓 8분 만에 전석 매진시킨다는 버추얼 아이돌 근황 / 스브스뉴스,스브스뉴스 SUBUSUNEWS,최상위 댓글,@user-nw8te1xj3j,차원을 넘어 우리에게 달려온 우리의 아이돌 이세돌 앞으로도 크고 길게 가자!!!!💜💛💙❤🤍💚,5,2023-09-28T11:33:38Z,0,UgxZTqFzwsrAMgzAFcN4AaABAg,S1bcy4h1mS8,UCw2JtFSsD9IXgoyCFsuiQEA,2023-09-28T11:33:38Z,,중립
콘서트 티켓 8분 만에 전석 매진시킨다는 버추얼 아이돌 근황 / 스브스뉴스,스브스뉴스 SUBUSUNEWS,최상위 댓글,@Akcurly,와 지린다... 화이팅!!,0,2023-10-04T09:44:52Z,0,UgyKX7aWXZ3KL1iCvrZ4AaABAg,S1bcy4h1mS8,UC2W8bjkBsAuX_K9NQs1xt4A,2023-10-04T09:44:52Z,,중립
콘서트 티켓 8분 만에 전석 매진시킨다는 버추얼 아이돌 근황 / 스브스뉴스,스브스뉴스 SUBUSUNEWS,최상위 댓글,@누귬마-s6c1,이세돌 ❤❤❤❤❤ 사랑해 😢😊 응원해요!,2,2023-12-24T14:38:00Z,0,Ugz1HArnTRqbTJis3qh4AaABAg,S1bcy4h1mS8,UCfV3DGN98P_VVzQxhxqTofA,2023-12-24T14:38:00Z,,긍정
콘서트 티켓 8분 만에 전석 매진시킨다는 버추얼 아이돌 근황 / 스브스뉴스,스브스뉴스 SUBUSUNEWS,최상위 댓글,@ljh0707-k,아 저 아이돌이 버튜버엿구나.그냥? 사람 없이 그냥 ai인줄 알앗음 ㅋㅋㅋㅋ,2,2024-04-26T02:57:27Z,0,UgzZ5v5CSvIH2luc67B4AaABAg,S1bcy4h1mS8,UCSYoZjJ_6V4GrRbkVCvamyA,2024-04-26T02:57:27Z,,중립
콘서트 티켓 8분 만에 전석 매진시킨다는 버추얼 아이돌 근황 / 스브스뉴스,스브스뉴스 SUBUSUNEWS,최상위 댓글,@user-fy7hu4el3h,가고시프다😢,2,2025-01-10T10:24:09Z,0,UgzelL3ZeE4InuTESmV4AaABAg,S1bcy4h1mS8,UCiMgUOOChQJCtE1oB_VJwXA,2025-01-10T10:24:18Z,,중립
콘서트 티켓 8분 만에 전석 매진시킨다는 버추얼 아이돌 근황 / 스브스뉴스,스브스뉴스 SUBUSUNEWS,최상위 댓글,@pinkberry_inLove,릴파님은 정말 천사입니다. 제가 보컬팀장으로 있는 크루에서 '릴파님이 개사했던 노래(원곡 일어)를 2차 개사해서 단체곡 만들고싶다는 내용'의 메일을 보냈는데 아주 빠르게 사용해도 된다고 답장해주셨어요. 솔직히 저런 대스타분들은 답 안해주거나 엄청 늦게 답해주시는데 저 정말 감동했어요.. 다른 멤버들도 너무너무 좋아합니다.,6,2023-09-29T14:00:44Z,0,UgwktN7mKmmhhFQSrGN4AaABAg,S1bcy4h1mS8,UC7qESpHlDqoKov5bAe_CGVw,2023-09-29T14:00:44Z,,긍정
콘서트 티켓 8분 만에 전석 매진시킨다는 버추얼 아이돌 근황 / 스브스뉴스,스브스뉴스 SUBUSUNEWS,최상위 댓글,@miko0627,이게 드디어 양지에 올라왔네,0,2023-10-01T03:38:45Z,0,UgxU84vn8Oqhqn8mgqF4AaABAg,S1bcy4h1mS8,UCWA3o9GRjn4qSMwfKa8NiwQ,2023-10-01T03:38:45Z,,중립
콘서트 티켓 8분 만에 전석 매진시킨다는 버추얼 아이돌 근황 / 스브스뉴스,스브스뉴스 SUBUSUNEWS,최상위 댓글,@Kanyemichinnom,"난씹덕 ㅅㄲ인데도 처음에 
이세돌? 엥….쩝
햇었음
근데 지금은 고세구 없으면 못삼…
진입장벽 빡센건 사실이지만 한번 좋아하게되면 헤어나오긴 힘든듯",2,2024-03-03T02:00:46Z,0,UgxEPZHprztuGLjj1aV4AaABAg,S1bcy4h1mS8,UCidicClcPDFvDF-NxeZne-Q,2024-03-03T02:00:46Z,,긍정
콘서트 티켓 8분 만에 전석 매진시킨다는 버추얼 아이돌 근황 / 스브스뉴스,스브스뉴스 SUBUSUNEWS,최상위 댓글,@그저킹시티,노래가 개사기던데ㅋㅋㅋ,2,2024-05-28T08:16:17Z,0,UgyKiJwTbL0ej4WQe954AaABAg,S1bcy4h1mS8,UCGTBSVX1LMd5TSCPbNk6fRA,2024-05-28T08:16:17Z,,중립
콘서트 티켓 8분 만에 전석 매진시킨다는 버추얼 아이돌 근황 / 스브스뉴스,스브스뉴스 SUBUSUNEWS,최상위 댓글,@lilllillliiillil,인터뷰 넘 렉 걸려서 아쉽.. 😂,0,2023-09-28T10:11:50Z,0,Ugw5kHCjGmCWha7bnz94AaABAg,S1bcy4h1mS8,UCxu7a4qVY9j1wZ0Hmr44B6w,2023-09-28T10:11:50Z,,중립
콘서트 티켓 8분 만에 전석 매진시킨다는 버추얼 아이돌 근황 / 스브스뉴스,스브스뉴스 SUBUSUNEWS,최상위 댓글,@박수빈-x6k,킹 아,2,2023-09-29T10:59:00Z,0,UgwZpj9V4zqobaNCsUh4AaABAg,S1bcy4h1mS8,UCvVBXBbcwXSjQ1xJ-6MhjUA,2023-09-29T10:59:00Z,,중립
콘서트 티켓 8분 만에 전석 매진시킨다는 버추얼 아이돌 근황 / 스브스뉴스,스브스뉴스 SUBUSUNEWS,최상위 댓글,@우주우주-c8f,스키니진 처음 나왔을때 흉하다고 난리난리 였는데 결국 눈에 익숙해 지니까 모두 스키니진을 입었죠. 버투얼도 모두의 눈에 익숙해지는 날이 올거라고 생각합니다. 버추얼 아티스트 분들 모두 응원해요!👍,1,2024-10-04T21:45:53Z,0,UgzJlZFt1i6TADyTlvx4AaABAg,S1bcy4h1mS8,UC2rsguheT6nZZtJNPDXSWWw,2024-10-04T21:47:08Z,,긍정
콘서트 티켓 8분 만에 전석 매진시킨다는 버추얼 아이돌 근황 / 스브스뉴스,스브스뉴스 SUBUSUNEWS,최상위 댓글,@Jing_buger,킹아,1,2024-04-27T02:51:29Z,0,UgyWNMiBflXGlwnw9ip4AaABAg,S1bcy4h1mS8,UCe_CNwiVvpt4TwckneeDxKA,2024-04-27T02:51:29Z,,중립
콘서트 티켓 8분 만에 전석 매진시킨다는 버추얼 아이돌 근황 / 스브스뉴스,스브스뉴스 SUBUSUNEWS,최상위 댓글,@ksw0203,킹아~,1,2023-10-06T11:14:26Z,0,UgwQvfahKyUxcrKgbht4AaABAg,S1bcy4h1mS8,UCAv786faNetg4ELpz7u_knA,2023-10-06T11:14:26Z,,중립
콘서트 티켓 8분 만에 전석 매진시킨다는 버추얼 아이돌 근황 / 스브스뉴스,스브스뉴스 SUBUSUNEWS,최상위 댓글,@Yxha.u,킹애ㅐ,2,2023-10-23T12:47:26Z,0,UgzoLNH-T3QgEh2QuON4AaABAg,S1bcy4h1mS8,UCu1MSoUv2PTODJXTGlmE-aQ,2023-10-23T12:47:26Z,,중립
콘서트 티켓 8분 만에 전석 매진시킨다는 버추얼 아이돌 근황 / 스브스뉴스,스브스뉴스 SUBUSUNEWS,최상위 댓글,@seonwoojun,이세돌 자랑스럽다..!,0,2023-09-29T08:15:07Z,0,UgyP6xSkjmdFBQlKhuR4AaABAg,S1bcy4h1mS8,UCk82AlR29m2rLeqVlnr0bUw,2023-09-29T08:15:07Z,,중립
콘서트 티켓 8분 만에 전석 매진시킨다는 버추얼 아이돌 근황 / 스브스뉴스,스브스뉴스 SUBUSUNEWS,최상위 댓글,@KKKudong,님들 이게 뭔가 아이돌보단 스트리머에 더 가까운 느낌임 그니까 이게 노래 잘하는 스트리머들이 모여서 컨텐츠 진행도 하고 시청자들이랑 모여서 소통도 하면서 개인 커버곡이나 단체 오리지널 곡을 내는거임 그래서 아이돌이라고 하는거고.. 이런 문화가 생소한건 이해할수 있지만 그렇다고 무작정 욕하는건 안됀다고 생각합니당..!!,4,2024-08-11T10:57:08Z,1,Ugysxb8o3IRCB797VJF4AaABAg,S1bcy4h1mS8,UC_LymYYHZV4CIb9CylOVf2g,2024-08-11T10:57:08Z,,중립
콘서트 티켓 8분 만에 전석 매진시킨다는 버추얼 아이돌 근황 / 스브스뉴스,스브스뉴스 SUBUSUNEWS,대댓글,@김민혁-x1e,왁굳님도 놀려고 만든건데 잘되서 당황하시면서도 좋으셨다고 ㅋㅋ,1,2024-11-30T18:05:36Z,0,Ugysxb8o3IRCB797VJF4AaABAg.A7-Eoz6g8x4ABTp5L42zZZ,S1bcy4h1mS8,UCuEZCNHzClX-Zgf6dGUH-JQ,2024-11-30T18:05:36Z,Ugysxb8o3IRCB797VJF4AaABAg,중립
콘서트 티켓 8분 만에 전석 매진시킨다는 버추얼 아이돌 근황 / 스브스뉴스,스브스뉴스 SUBUSUNEWS,최상위 댓글,@만다리-v9u,컴퓨터좀 사줘라!,0,2023-12-18T04:13:11Z,0,UgykO4T_2mzvRaweMdN4AaABAg,S1bcy4h1mS8,UCGa3GzhmYXqRnkPJoOkkDKQ,2023-12-18T04:13:11Z,,중립
콘서트 티켓 8분 만에 전석 매진시킨다는 버추얼 아이돌 근황 / 스브스뉴스,스브스뉴스 SUBUSUNEWS,최상위 댓글,@user-meself,킹아~,1,2023-10-14T12:12:44Z,0,UgxcfWtwnDvXBShvHaZ4AaABAg,S1bcy4h1mS8,UC7GU03o_qwotTlGSFevLybA,2023-10-14T12:12:44Z,,중립
콘서트 티켓 8분 만에 전석 매진시킨다는 버추얼 아이돌 근황 / 스브스뉴스,스브스뉴스 SUBUSUNEWS,최상위 댓글,@최진성-i5c,"1:13
딱 봐도 징버거 팬이다.",2,2023-10-04T21:52:26Z,0,Ugy1WSt1QuRkQ5KHKnF4AaABAg,S1bcy4h1mS8,UCKj6tIE4awTQXkbqhvdHx6A,2023-10-04T21:52:26Z,,중립
콘서트 티켓 8분 만에 전석 매진시킨다는 버추얼 아이돌 근황 / 스브스뉴스,스브스뉴스 SUBUSUNEWS,최상위 댓글,@기분좋아앙-y5u,편집자 주폭도 확☆인,0,2023-10-01T05:06:04Z,0,Ugxrry9_Tbh51SMz43J4AaABAg,S1bcy4h1mS8,UCohXwJdpNe66_bVino6cbGA,2023-10-01T05:06:04Z,,중립
콘서트 티켓 8분 만에 전석 매진시킨다는 버추얼 아이돌 근황 / 스브스뉴스,스브스뉴스 SUBUSUNEWS,최상위 댓글,@뿡뿡띠빵빵띠,우와!!!!!,0,2023-10-04T11:03:36Z,0,UgzaELpKNko8fA7ivqR4AaABAg,S1bcy4h1mS8,UCrqMpuUbZfPIVYp-sD1-HEg,2023-10-04T11:03:36Z,,중립
콘서트 티켓 8분 만에 전석 매진시킨다는 버추얼 아이돌 근황 / 스브스뉴스,스브스뉴스 SUBUSUNEWS,최상위 댓글,@INCHEONBUS-NO.1,기자님 컴퓨터 바꿔 드리고 싶네 ㅋ,0,2023-10-03T22:28:59Z,0,UgwFzFaDi7aQPxRymtF4AaABAg,S1bcy4h1mS8,UCOG8uHQ_f-KbM5qat7dQMrg,2023-10-03T22:29:06Z,,중립
콘서트 티켓 8분 만에 전석 매진시킨다는 버추얼 아이돌 근황 / 스브스뉴스,스브스뉴스 SUBUSUNEWS,최상위 댓글,@쵸쵸-s4k,이세돌 ❤❤❤❤❤,2,2023-12-03T19:22:38Z,0,UgwFh7_Q663L29qhuZh4AaABAg,S1bcy4h1mS8,UCMWHbh-RFMJT_TKDA5gAT0A,2023-12-03T19:22:38Z,,중립
콘서트 티켓 8분 만에 전석 매진시킨다는 버추얼 아이돌 근황 / 스브스뉴스,스브스뉴스 SUBUSUNEWS,최상위 댓글,@jirafa5090,눈물이 주르르 흐르네요..,4,2024-03-05T23:00:18Z,1,Ugx_NpYlkdztz0xrivF4AaABAg,S1bcy4h1mS8,UCQUclmqy5szc3hwIjY9bWSg,2024-03-05T23:00:18Z,,중립
콘서트 티켓 8분 만에 전석 매진시킨다는 버추얼 아이돌 근황 / 스브스뉴스,스브스뉴스 SUBUSUNEWS,대댓글,@조영준-d6w,그만해다오..,0,2024-04-14T06:11:44Z,0,Ugx_NpYlkdztz0xrivF4AaABAg.A0c7BR1ldnOA2CJZXDZA-T,S1bcy4h1mS8,UCbBwBA3FRNbLbcmz4rswuQw,2024-04-14T06:11:44Z,Ugx_NpYlkdztz0xrivF4AaABAg,중립
콘서트 티켓 8분 만에 전석 매진시킨다는 버추얼 아이돌 근황 / 스브스뉴스,스브스뉴스 SUBUSUNEWS,최상위 댓글,@花樣年華GO,요즘 시대가 많이 바껴서 좋다 ❤,0,2023-09-29T14:36:29Z,0,UgzmyILShJliaquEjtZ4AaABAg,S1bcy4h1mS8,UC0mtViw5BPFF-7HkDjki3Yg,2023-09-29T14:36:29Z,,중립
콘서트 티켓 8분 만에 전석 매진시킨다는 버추얼 아이돌 근황 / 스브스뉴스,스브스뉴스 SUBUSUNEWS,최상위 댓글,@eurjjang,씨유야 ㅠㅠ 스브스야 씨유 살려내 ㅠㅠ,0,2024-02-24T20:25:23Z,0,UgxZZyWOzk_mbXpKVEJ4AaABAg,S1bcy4h1mS8,UCPmljjsPtVyhNT3XJoY3PGg,2024-02-24T20:25:23Z,,중립
콘서트 티켓 8분 만에 전석 매진시킨다는 버추얼 아이돌 근황 / 스브스뉴스,스브스뉴스 SUBUSUNEWS,최상위 댓글,@MAO_SIN_G,이세돌 최고~!!화이팅 입니다!🥰🥰🥰,1,2023-09-29T11:04:56Z,0,UgwVr-h6w5cCYBbCrLl4AaABAg,S1bcy4h1mS8,UCZYp1zuzojFYJmU2JBFbvNA,2023-09-29T11:04:56Z,,긍정
콘서트 티켓 8분 만에 전석 매진시킨다는 버추얼 아이돌 근황 / 스브스뉴스,스브스뉴스 SUBUSUNEWS,최상위 댓글,@godannam,대한민국의 미래는 도대체 어디로 흘러가는가...,13,2023-09-28T11:49:40Z,0,UgxzkDXBakk7YPIAg8J4AaABAg,S1bcy4h1mS8,UChoYD6RJS7pV3JbTAIbn2Hw,2023-09-28T11:49:40Z,,중립
콘서트 티켓 8분 만에 전석 매진시킨다는 버추얼 아이돌 근황 / 스브스뉴스,스브스뉴스 SUBUSUNEWS,최상위 댓글,@kimdogo,이세돌 화이팅!!!❤❤,3,2023-09-29T17:29:35Z,0,Ugwhlm7wARu3byl8DNZ4AaABAg,S1bcy4h1mS8,UC1r4EwT9urLU45e0PfE1cCQ,2023-09-29T17:29:35Z,,중립
콘서트 티켓 8분 만에 전석 매진시킨다는 버추얼 아이돌 근황 / 스브스뉴스,스브스뉴스 SUBUSUNEWS,최상위 댓글,@user-silverS2,킹아,1,2024-08-11T11:29:30Z,0,Ugz8ueO5UIIsl4pqb2F4AaABAg,S1bcy4h1mS8,UCLD1oFIjVxMHV6tF_TapNjw,2024-08-11T11:29:30Z,,중립
콘서트 티켓 8분 만에 전석 매진시킨다는 버추얼 아이돌 근황 / 스브스뉴스,스브스뉴스 SUBUSUNEWS,최상위 댓글,@서종헌-j1y,2:09 VR챗 렉걸리는거 존나웃기네 ㅋㅋㅋㅋ,0,2023-10-04T23:44:35Z,0,UgxofCE9qVXUsdT9vVx4AaABAg,S1bcy4h1mS8,UCFl28Dpbnbjl5OoFSiMJ7WA,2023-10-04T23:44:35Z,,중립
콘서트 티켓 8분 만에 전석 매진시킨다는 버추얼 아이돌 근황 / 스브스뉴스,스브스뉴스 SUBUSUNEWS,최상위 댓글,@자자-c2h,활짝 열려버린 버거의 문단속ㅋㅋㅋㅋㅋㅋㅋㅋ캬 좋다..ㅎㅎ,0,2024-03-12T12:18:08Z,0,Ugz5oxvZkg-UxVVTMqJ4AaABAg,S1bcy4h1mS8,UClV4IaZ1wLd239asvW1ZxNQ,2024-03-12T12:18:08Z,,중립
콘서트 티켓 8분 만에 전석 매진시킨다는 버추얼 아이돌 근황 / 스브스뉴스,스브스뉴스 SUBUSUNEWS,최상위 댓글,@우하하2-i7k,이세돌 떡상하자!! 킹아!!!,1,2024-02-16T06:59:27Z,0,UgzyvE7_yTqQy8lON6F4AaABAg,S1bcy4h1mS8,UCjy5qb4kW9WPGF6qdi1EApQ,2024-02-16T06:59:27Z,,중립
콘서트 티켓 8분 만에 전석 매진시킨다는 버추얼 아이돌 근황 / 스브스뉴스,스브스뉴스 SUBUSUNEWS,최상위 댓글,@bamanjju,아니 뉴스진출 무야,0,2023-09-28T13:50:14Z,0,Ugz8DjV7xzTU8MP65E54AaABAg,S1bcy4h1mS8,UCR06j0xWH_4ZA8MH3iI34_w,2023-09-28T13:50:14Z,,중립
콘서트 티켓 8분 만에 전석 매진시킨다는 버추얼 아이돌 근황 / 스브스뉴스,스브스뉴스 SUBUSUNEWS,최상위 댓글,@PIKU-GUMI,"이렇게 인터뷰와 영상 준비해주신 스브스뉴스 감사합니다.
이번 기회에 이세계 아이돌을 통해 버추얼 유튜버, 아이돌에 대해 더 많은 분들이 알게 되면 좋겠습니다.
앞으로 많은 분들에게 사랑받는 좋은 문화로 정착하기를!!",2,2023-09-30T06:04:48Z,0,UgzYFSN9W45UWDzL-PN4AaABAg,S1bcy4h1mS8,UCn2XTDRn0jp_bbMMKGABpqg,2023-09-30T06:04:48Z,,긍정
콘서트 티켓 8분 만에 전석 매진시킨다는 버추얼 아이돌 근황 / 스브스뉴스,스브스뉴스 SUBUSUNEWS,최상위 댓글,@Cham_15,킹아~!!!!!!!!!!!,0,2024-02-13T17:14:59Z,0,UgwCt4MNge96S4iexxN4AaABAg,S1bcy4h1mS8,UCZEdMJi9sl3M6P040IyzaVg,2024-02-13T17:14:59Z,,중립
콘서트 티켓 8분 만에 전석 매진시킨다는 버추얼 아이돌 근황 / 스브스뉴스,스브스뉴스 SUBUSUNEWS,최상위 댓글,@chung_ukjang,이세돌 준내 사랑해~,2,2023-09-29T14:38:30Z,0,Ugwc32-SaGuny6fZMph4AaABAg,S1bcy4h1mS8,UClEK3olMd2ma5QKW-mgThZg,2023-09-29T14:38:30Z,,긍정
콘서트 티켓 8분 만에 전석 매진시킨다는 버추얼 아이돌 근황 / 스브스뉴스,스브스뉴스 SUBUSUNEWS,최상위 댓글,@158_,"이파리 라서 좋은 나…. 킹아❤❤❤
이세돌 사랑해요❤❤❤❤❤❤❤❤❤❤❤",3,2023-09-29T10:44:45Z,0,UgysliWBnplUy_p6yrp4AaABAg,S1bcy4h1mS8,UCWD92ZYRkExgjgkeD0LFZjQ,2023-09-29T10:44:45Z,,긍정
콘서트 티켓 8분 만에 전석 매진시킨다는 버추얼 아이돌 근황 / 스브스뉴스,스브스뉴스 SUBUSUNEWS,최상위 댓글,@bullyclub4379,신기하다....,1,2024-03-26T05:02:22Z,0,Ugwp7_3lEWEUtdptR4d4AaABAg,S1bcy4h1mS8,UC5grI_3-v3_F56MKEsg1oTw,2024-03-26T05:02:22Z,,중립
콘서트 티켓 8분 만에 전석 매진시킨다는 버추얼 아이돌 근황 / 스브스뉴스,스브스뉴스 SUBUSUNEWS,최상위 댓글,@시그윈,지금 현 상황도 올려주세요~,1,2025-08-13T14:42:21Z,0,UgyoxFv7NVg6qs0h4dp4AaABAg,S1bcy4h1mS8,UCwXlZPdaadcyNkBxCAEB6vg,2025-08-13T14:42:21Z,,중립
콘서트 티켓 8분 만에 전석 매진시킨다는 버추얼 아이돌 근황 / 스브스뉴스,스브스뉴스 SUBUSUNEWS,최상위 댓글,@kokoroni378,이세돌 화이팅,2,2023-11-14T13:35:51Z,0,Ugy8RQDyVl09VXuyLPB4AaABAg,S1bcy4h1mS8,UC6FWU6IPunIjRjhFdKsyL0g,2023-11-14T13:35:51Z,,중립
콘서트 티켓 8분 만에 전석 매진시킨다는 버추얼 아이돌 근황 / 스브스뉴스,스브스뉴스 SUBUSUNEWS,최상위 댓글,@후유-h6t부계,킹아,1,2024-07-27T02:32:52Z,0,UgyI4n-Cy44W26l_PDV4AaABAg,S1bcy4h1mS8,UCEmeQ2A7BwDGnUXQm6eSKAQ,2024-07-27T02:32:52Z,,중립
콘서트 티켓 8분 만에 전석 매진시킨다는 버추얼 아이돌 근황 / 스브스뉴스,스브스뉴스 SUBUSUNEWS,최상위 댓글,@새벽둘기,캬 미쳤다,0,2023-10-02T14:38:54Z,0,UgzkYA3jLc8Oo9Nx0G14AaABAg,S1bcy4h1mS8,UCOjmiB1E5brEBoeLXKdtOig,2023-10-02T14:38:54Z,,중립
콘서트 티켓 8분 만에 전석 매진시킨다는 버추얼 아이돌 근황 / 스브스뉴스,스브스뉴스 SUBUSUNEWS,최상위 댓글,@killywood05,킹아,1,2023-09-28T10:56:42Z,0,Ugxn761mBPvx634hcbJ4AaABAg,S1bcy4h1mS8,UCs9-9Vc1I4vxhYYQ_64lKmA,2023-09-28T10:56:42Z,,중립
콘서트 티켓 8분 만에 전석 매진시킨다는 버추얼 아이돌 근황 / 스브스뉴스,스브스뉴스 SUBUSUNEWS,최상위 댓글,@5fantasy50,킹아 ㅠㅠㅠ,0,2023-10-03T23:55:07Z,0,UgxSG2PhnGuw2mkvGk54AaABAg,S1bcy4h1mS8,UCKlPY9qRK0xa75ulIQxtAlA,2023-10-03T23:55:07Z,,중립
콘서트 티켓 8분 만에 전석 매진시킨다는 버추얼 아이돌 근황 / 스브스뉴스,스브스뉴스 SUBUSUNEWS,최상위 댓글,@sakishiro_thren,"잘 모르시는 분들은 당연히 저게 뭐냐는 식으로 말하실 수 있지만 존중 해주셨으면 좋겠고요 좋든 싫은 대놓고 욕만 하지 맙시다 저희 모두 사람이고 개인 취향이 있잖아요 나는 이게 좋아 그러니까 너도 좋아해라 이런식도 안되고 내가 싫으니 이건 이상하다 생각하면 안되죠 근데 제가 뭐라 하기엔 좀 그런게 저도 처음엔 이상하게 생각했거든요 그래도 쭉 보다가 노래도 듣고 해보니까 그런게 사라지고 내가 왜그랬지 싶더라고요 누구든 자신의 생각은 좋지만 취향으로 남을 비하하진 맙시다








이세돌의 맏언니인데 가장 동생같으신 아이네님
누구보다 귀여우시고 가끔 멋있는 징버거님
귀엽고 노래잘하시는 초하이텐션 릴파님
큐티섹시청순 다가능한 공주 인자캔 주르르님
세계최초 킹받는 팬서비스 천만 고세구님
가장 언니들 사랑 많이받는 이세돌 황금막내 비챤님
다 너무 사랑하고 존경합니다 이세돌 꽃길만 걷자 이세돌 화이팅!",2,2024-02-21T03:14:03Z,0,UgxQ_q-gIqA-sIApnqd4AaABAg,S1bcy4h1mS8,UCZ76mxoeEbBLk71qTm3o8lA,2024-02-21T03:14:03Z,,긍정
콘서트 티켓 8분 만에 전석 매진시킨다는 버추얼 아이돌 근황 / 스브스뉴스,스브스뉴스 SUBUSUNEWS,최상위 댓글,@freeezer_s,품어,4,2024-03-31T11:31:20Z,0,Ugy07nYeCu-mGrvS34N4AaABAg,S1bcy4h1mS8,UCL8ecjpcgexa-RH_6iqx-Rg,2024-03-31T11:31:20Z,,중립
콘서트 티켓 8분 만에 전석 매진시킨다는 버추얼 아이돌 근황 / 스브스뉴스,스브스뉴스 SUBUSUNEWS,최상위 댓글,@par953,아 킹애~!,1,2023-09-28T11:16:46Z,0,Ugy_eJM_77eCUBJNPBB4AaABAg,S1bcy4h1mS8,UCVSrIf5hT3_3tF_BqLQYiYg,2023-09-28T11:16:46Z,,중립
콘서트 티켓 8분 만에 전석 매진시킨다는 버추얼 아이돌 근황 / 스브스뉴스,스브스뉴스 SUBUSUNEWS,최상위 댓글,@낭만였던것,킹아~,0,2023-10-21T03:03:15Z,0,Ugx6dv7pkBkKpwl24At4AaABAg,S1bcy4h1mS8,UCqvjA6V5z_q_qS4H3QDpwNw,2023-10-21T03:03:15Z,,중립
콘서트 티켓 8분 만에 전석 매진시킨다는 버추얼 아이돌 근황 / 스브스뉴스,스브스뉴스 SUBUSUNEWS,최상위 댓글,@eod120448,옛날에 미쿠?같은거 나올때는 욕 엄청했는데 세상이변했나.. 같은부류같은데 또 좋게보네,0,2023-09-29T11:37:41Z,0,UgwiB39LIp9oXp8_Peh4AaABAg,S1bcy4h1mS8,UCUoMMXgrdh_oHKVzH0XN0cA,2023-09-29T11:37:41Z,,중립
콘서트 티켓 8분 만에 전석 매진시킨다는 버추얼 아이돌 근황 / 스브스뉴스,스브스뉴스 SUBUSUNEWS,최상위 댓글,@Comaeel,젠장 또 우왁굳이야 나는 숭배할수밖에 없어 영원하라 마영택!!!! 마영택 사랑해,3,2024-02-03T09:33:20Z,0,Ugxu2OMhbfu5rXVA52l4AaABAg,S1bcy4h1mS8,UC7U67GFrL-Ug5M7LzJDfjHQ,2024-02-03T09:44:29Z,,긍정
콘서트 티켓 8분 만에 전석 매진시킨다는 버추얼 아이돌 근황 / 스브스뉴스,스브스뉴스 SUBUSUNEWS,최상위 댓글,@jony503,형 진짜 사랑해~ 월클하자 이세돌!!,1,2023-09-29T00:25:36Z,0,UgweM76UbFbkN8bor_J4AaABAg,S1bcy4h1mS8,UCklVWmffHMTrvM23VF2kk3A,2023-09-29T00:25:36Z,,긍정
콘서트 티켓 8분 만에 전석 매진시킨다는 버추얼 아이돌 근황 / 스브스뉴스,스브스뉴스 SUBUSUNEWS,최상위 댓글,@먹어보니담배잎,추천!,0,2023-10-02T05:09:36Z,0,Ugwwm5Y-ZwnMVFfMj1d4AaABAg,S1bcy4h1mS8,UC6MloTMwIUyyAEswT0Uz4Mw,2023-10-02T05:09:36Z,,중립
콘서트 티켓 8분 만에 전석 매진시킨다는 버추얼 아이돌 근황 / 스브스뉴스,스브스뉴스 SUBUSUNEWS,최상위 댓글,@이현-y6s,좋은컴퓨터쓰세요.,0,2023-09-29T05:18:46Z,0,UgztMj2543MttNFhfmV4AaABAg,S1bcy4h1mS8,UCmALoqpSSNJ5Wc4TDsN3y3Q,2023-09-29T05:18:46Z,,중립
콘서트 티켓 8분 만에 전석 매진시킨다는 버추얼 아이돌 근황 / 스브스뉴스,스브스뉴스 SUBUSUNEWS,최상위 댓글,@와-b3m,이게 뉴스에 나오넼ㅋㅋㅋㅋ,0,2023-09-29T14:00:25Z,0,Ugwt5PSidWv5PMzTxDh4AaABAg,S1bcy4h1mS8,UCQwy72wglIANQmgCcZpyBnw,2023-09-29T14:00:25Z,,중립
콘서트 티켓 8분 만에 전석 매진시킨다는 버추얼 아이돌 근황 / 스브스뉴스,스브스뉴스 SUBUSUNEWS,최상위 댓글,@amyuksami,"""왁굳형은 위대하고 전지전능하며 이세돌은 그의 사도이다.""",0,2023-10-13T14:40:26Z,0,UgzuBZm2b2gkH1lRDMp4AaABAg,S1bcy4h1mS8,UCK9m2eYBHmxEvazZCwxJxQg,2023-10-13T14:40:26Z,,중립
콘서트 티켓 8분 만에 전석 매진시킨다는 버추얼 아이돌 근황 / 스브스뉴스,스브스뉴스 SUBUSUNEWS,최상위 댓글,@포켓몬애호가-d2g,우리 왁굳형이 없어지면....이세돌 어케되는거냐.....,0,2023-10-02T07:16:03Z,0,Ugy8LlPEOhg-FZZRyYN4AaABAg,S1bcy4h1mS8,UCnV48krzRFpXhL7edNx8lsQ,2023-10-02T07:16:03Z,,중립
콘서트 티켓 8분 만에 전석 매진시킨다는 버추얼 아이돌 근황 / 스브스뉴스,스브스뉴스 SUBUSUNEWS,최상위 댓글,@일해-f7y,꺄아ㅏㅏㅏㅏㅏ,0,2023-09-29T13:58:18Z,0,UgynRgvXE8_fkpjfpnR4AaABAg,S1bcy4h1mS8,UC6mytd-CaZdUK2gNBKflvQw,2023-09-29T13:58:18Z,,중립
콘서트 티켓 8분 만에 전석 매진시킨다는 버추얼 아이돌 근황 / 스브스뉴스,스브스뉴스 SUBUSUNEWS,최상위 댓글,@추억123,컴퓨터좀 좋은거 쓰지.... 버벅대는거 보소,1,2023-09-29T05:59:46Z,0,UgzhH_uSriyJBDzJln54AaABAg,S1bcy4h1mS8,UCL8ldK_s9Fx7nmiwJ40Vu3g,2023-09-29T05:59:46Z,,중립
콘서트 티켓 8분 만에 전석 매진시킨다는 버추얼 아이돌 근황 / 스브스뉴스,스브스뉴스 SUBUSUNEWS,최상위 댓글,@yungyum.o9o,왁굳형...사랑해...고마워...,2,2024-01-12T17:07:59Z,0,UgwjdUNBYxpqxiH9M2x4AaABAg,S1bcy4h1mS8,UCbNTiybSLa_mIcenguwhmbw,2024-01-12T17:07:59Z,,긍정
콘서트 티켓 8분 만에 전석 매진시킨다는 버추얼 아이돌 근황 / 스브스뉴스,스브스뉴스 SUBUSUNEWS,최상위 댓글,@오렌지-h8l,역시 형이야!!!!,0,2023-09-30T13:42:34Z,0,UgwPGOEPkgzz_Rup-Id4AaABAg,S1bcy4h1mS8,UCRBA0Pvp2DABy62yDH9nyWQ,2023-09-30T13:42:34Z,,중립
콘서트 티켓 8분 만에 전석 매진시킨다는 버추얼 아이돌 근황 / 스브스뉴스,스브스뉴스 SUBUSUNEWS,최상위 댓글,@뼈다귀제왕,킹 아,1,2024-07-20T00:31:41Z,0,Ugze1AOAi8MLW5WXE_54AaABAg,S1bcy4h1mS8,UC8QXNJ0GCllY7cuiTTFRUog,2024-07-20T00:31:41Z,,중립
콘서트 티켓 8분 만에 전석 매진시킨다는 버추얼 아이돌 근황 / 스브스뉴스,스브스뉴스 SUBUSUNEWS,최상위 댓글,@yeonigi__,우리 아이돌 화이팅!💜💛🖤🩷💙💚,0,2023-09-28T19:24:03Z,0,Ugyn-zNdknbbW4PUBll4AaABAg,S1bcy4h1mS8,UC95TVCjWSVKdYaUYdq6ScAg,2023-09-28T19:24:03Z,,중립
콘서트 티켓 8분 만에 전석 매진시킨다는 버추얼 아이돌 근황 / 스브스뉴스,스브스뉴스 SUBUSUNEWS,최상위 댓글,@삐뚤빼뚤-e6e,분명 내수였는데,0,2023-10-03T03:28:34Z,0,UgwvUYQOOQWKx-RJGo14AaABAg,S1bcy4h1mS8,UCLedJDpmAX8PWuAS0esStCg,2023-10-03T03:28:34Z,,중립
콘서트 티켓 8분 만에 전석 매진시킨다는 버추얼 아이돌 근황 / 스브스뉴스,스브스뉴스 SUBUSUNEWS,최상위 댓글,@GreenRain58,킹아!,0,2023-09-29T13:36:20Z,0,UgwEgyUHMOYJOSK1pKl4AaABAg,S1bcy4h1mS8,UCTOj7OjbP9_JQZI63MdgbMg,2023-09-29T13:36:20Z,,중립
콘서트 티켓 8분 만에 전석 매진시킨다는 버추얼 아이돌 근황 / 스브스뉴스,스브스뉴스 SUBUSUNEWS,최상위 댓글,@skdjwidk999,"와 요즘엔 저런게 나왔다고 대단하다 
처음봐서 너무 신기한걸 킹아",5,2023-10-24T02:49:45Z,2,UgyuHzW3w6YG9TM1GKx4AaABAg,S1bcy4h1mS8,UCkq5JnO2wezSfMUmRdIX_HA,2023-10-24T02:49:45Z,,중립
콘서트 티켓 8분 만에 전석 매진시킨다는 버추얼 아이돌 근황 / 스브스뉴스,스브스뉴스 SUBUSUNEWS,대댓글,@몸은몸,???,1,2023-11-14T02:13:42Z,0,UgyuHzW3w6YG9TM1GKx4AaABAg.9wEUvmJZZb09x4VV46noUK,S1bcy4h1mS8,UC9jcHmPuio67jkE3XdvzisA,2023-11-14T02:13:42Z,UgyuHzW3w6YG9TM1GKx4AaABAg,중립
콘서트 티켓 8분 만에 전석 매진시킨다는 버추얼 아이돌 근황 / 스브스뉴스,스브스뉴스 SUBUSUNEWS,대댓글,@Sxxtbox1,들켜버린 나,1,2023-11-14T11:41:28Z,0,UgyuHzW3w6YG9TM1GKx4AaABAg.9wEUvmJZZb09x5WTZZeZky,S1bcy4h1mS8,UCowb0x5AJ9pQYveiiNEBH8Q,2023-11-14T11:41:28Z,UgyuHzW3w6YG9TM1GKx4AaABAg,중립
콘서트 티켓 8분 만에 전석 매진시킨다는 버추얼 아이돌 근황 / 스브스뉴스,스브스뉴스 SUBUSUNEWS,최상위 댓글,@canits,신기하다,0,2023-09-28T12:19:00Z,0,UgwHLnZvGcGqoc-AVMF4AaABAg,S1bcy4h1mS8,UCsoS3JumGY_sdX9qtxgA4vA,2023-09-28T12:19:00Z,,중립
콘서트 티켓 8분 만에 전석 매진시킨다는 버추얼 아이돌 근황 / 스브스뉴스,스브스뉴스 SUBUSUNEWS,최상위 댓글,@Hemsterbaksarane,이세돌 사랑해!!!!!!!!!!!!,1,2023-10-02T08:08:34Z,0,UgxfaHiR43xTaT_jxkl4AaABAg,S1bcy4h1mS8,UCN-Td1lLYguDN6x4ZMcNcmQ,2023-10-02T08:08:34Z,,긍정
콘서트 티켓 8분 만에 전석 매진시킨다는 버추얼 아이돌 근황 / 스브스뉴스,스브스뉴스 SUBUSUNEWS,최상위 댓글,@잔학양,어디까지 내다본거냐 우왁굳..,0,2023-10-01T02:39:02Z,0,Ugyxfc-fiHbQ5SoRtxh4AaABAg,S1bcy4h1mS8,UCiKJZlIy-2UsoxdqkHhebBA,2023-10-01T02:39:02Z,,중립
콘서트 티켓 8분 만에 전석 매진시킨다는 버추얼 아이돌 근황 / 스브스뉴스,스브스뉴스 SUBUSUNEWS,최상위 댓글,@Naego408,킹아ㅏㅏㅏ,0,2024-07-27T05:46:26Z,0,UgwPjk34sNQn3-nLtUl4AaABAg,S1bcy4h1mS8,UCAFUNc93HcKqENvK3f3yA9A,2024-07-27T05:46:26Z,,중립
콘서트 티켓 8분 만에 전석 매진시킨다는 버추얼 아이돌 근황 / 스브스뉴스,스브스뉴스 SUBUSUNEWS,최상위 댓글,@herok-v1u,시대가 변하고있음~ 못따라오면 도태되는거임~,0,2024-02-28T01:14:09Z,0,UgxQ6ufjC-d9FSXYCix4AaABAg,S1bcy4h1mS8,UCxDYfgO0-2jZ7M7GuKsM-QQ,2024-02-28T01:14:09Z,,중립
콘서트 티켓 8분 만에 전석 매진시킨다는 버추얼 아이돌 근황 / 스브스뉴스,스브스뉴스 SUBUSUNEWS,최상위 댓글,@Baessal,아주 킹애~! 예요,1,2023-10-05T02:43:41Z,0,Ugys12CbomUNEgr8EZl4AaABAg,S1bcy4h1mS8,UC7ws47IWsum9E9Huv_uOliw,2023-10-05T02:43:41Z,,중립
콘서트 티켓 8분 만에 전석 매진시킨다는 버추얼 아이돌 근황 / 스브스뉴스,스브스뉴스 SUBUSUNEWS,최상위 댓글,@ilovelimbuscompany,킹애~,0,2023-10-22T08:18:14Z,0,UgwUSdwORgRwzaANj4R4AaABAg,S1bcy4h1mS8,UCN36KFC__xPb-gqKCNnXDXg,2023-10-22T08:18:14Z,,중립
콘서트 티켓 8분 만에 전석 매진시킨다는 버추얼 아이돌 근황 / 스브스뉴스,스브스뉴스 SUBUSUNEWS,최상위 댓글,@soop_chy최효영,신기하다,0,2023-10-01T03:28:22Z,0,UgzyceEvDnLi0Re0Hu14AaABAg,S1bcy4h1mS8,UC9d4lJAs3lH6NuidU0hfiJw,2023-10-01T03:28:22Z,,중립
콘서트 티켓 8분 만에 전석 매진시킨다는 버추얼 아이돌 근황 / 스브스뉴스,스브스뉴스 SUBUSUNEWS,최상위 댓글,@AADAD-y4v,이세돌 화이팅!!!!,2,2023-10-08T07:45:50Z,0,UgzogkZacvWJZ0kDSN54AaABAg,S1bcy4h1mS8,UCUcw8qJK1tzz8AG5wnC8aDw,2023-10-08T07:45:50Z,,중립
콘서트 티켓 8분 만에 전석 매진시킨다는 버추얼 아이돌 근황 / 스브스뉴스,스브스뉴스 SUBUSUNEWS,최상위 댓글,@페황,💜💛🖤❤🩵💚,2,2024-01-14T14:38:55Z,0,UgxZYws0gPJraJUh8854AaABAg,S1bcy4h1mS8,UCUu3lhL2ZQlcdGHVMvu-S7Q,2024-01-14T14:38:55Z,,중립
콘서트 티켓 8분 만에 전석 매진시킨다는 버추얼 아이돌 근황 / 스브스뉴스,스브스뉴스 SUBUSUNEWS,최상위 댓글,@kim-vn8bg,킹애,1,2023-10-15T00:47:55Z,0,UgwefTmoEaoRzu2UHWV4AaABAg,S1bcy4h1mS8,UCX9djykqZDjE7BTGYZrGTTg,2023-10-15T00:47:55Z,,중립
콘서트 티켓 8분 만에 전석 매진시킨다는 버추얼 아이돌 근황 / 스브스뉴스,스브스뉴스 SUBUSUNEWS,최상위 댓글,@라뎀-n5r,응원합니다♡♡^^,1,2024-04-19T05:03:08Z,0,Ugx0qfeRTNQxGPXGpJh4AaABAg,S1bcy4h1mS8,UCH2v2Fw836lFiag8lFoNGVQ,2024-04-19T05:03:08Z,,긍정
콘서트 티켓 8분 만에 전석 매진시킨다는 버추얼 아이돌 근황 / 스브스뉴스,스브스뉴스 SUBUSUNEWS,최상위 댓글,@RANUM-u7h,우왁굳 그는 신이다....,1,2023-10-03T10:57:04Z,0,UgxinjUGLEHRV-jUQHN4AaABAg,S1bcy4h1mS8,UCVn9CAUVhbG7bRbuNFmsojg,2023-10-03T10:57:04Z,,중립
콘서트 티켓 8분 만에 전석 매진시킨다는 버추얼 아이돌 근황 / 스브스뉴스,스브스뉴스 SUBUSUNEWS,최상위 댓글,@없음-r9n,킹아!,0,2023-09-28T10:25:03Z,0,UgwQara5XVP1wBIGCs94AaABAg,S1bcy4h1mS8,UCOJ1MUysFM6KEd_HQqRUx8Q,2023-09-28T10:25:03Z,,중립
콘서트 티켓 8분 만에 전석 매진시킨다는 버추얼 아이돌 근황 / 스브스뉴스,스브스뉴스 SUBUSUNEWS,최상위 댓글,@힝구리-c7b,자랑스러버ㅠㅠㅠ!! 영원이 함께가자 이세돌! !🩷🩷,2,2023-09-29T07:50:47Z,0,Ugy3B0OBYsyvx_IsWv54AaABAg,S1bcy4h1mS8,UCzKi3Qs3T9l4QMuLWeQ3s3Q,2023-09-29T07:50:47Z,,중립
콘서트 티켓 8분 만에 전석 매진시킨다는 버추얼 아이돌 근황 / 스브스뉴스,스브스뉴스 SUBUSUNEWS,최상위 댓글,@iIlIilI1-1ilIiI,와 우리 이세돌이 나왔네 캬ㅑㅑ,0,2023-09-28T09:53:35Z,0,UgzGrS19dXeXnXp8FeV4AaABAg,S1bcy4h1mS8,UCRbWmGlgmdqRRyiXhdui3jA,2023-09-28T09:53:35Z,,중립
콘서트 티켓 8분 만에 전석 매진시킨다는 버추얼 아이돌 근황 / 스브스뉴스,스브스뉴스 SUBUSUNEWS,최상위 댓글,@유해이욤-h6u,화이팅,0,2023-09-29T10:11:26Z,0,UgxHjSm4YDMK2PGmnol4AaABAg,S1bcy4h1mS8,UCvETv62cPcF0XiiqiFk9-fw,2023-09-29T10:11:26Z,,중립
콘서트 티켓 8분 만에 전석 매진시킨다는 버추얼 아이돌 근황 / 스브스뉴스,스브스뉴스 SUBUSUNEWS,최상위 댓글,@또도도동,킹아,0,2023-10-02T15:00:22Z,0,UgywYBCnYHeE5aMnebZ4AaABAg,S1bcy4h1mS8,UCoICA7d4Uj9yb08mQZnw9Pw,2023-10-02T15:00:22Z,,중립
콘서트 티켓 8분 만에 전석 매진시킨다는 버추얼 아이돌 근황 / 스브스뉴스,스브스뉴스 SUBUSUNEWS,최상위 댓글,@whwRkTlqkf0901,언니들 다시 콘서트 열어주세요 제발,3,2025-01-12T18:25:44Z,1,UgwDigI-cmcEirJ2zO54AaABAg,S1bcy4h1mS8,UC7C9hjCw64cZdOHIftay_iw,2025-01-12T18:25:44Z,,중립
콘서트 티켓 8분 만에 전석 매진시킨다는 버추얼 아이돌 근황 / 스브스뉴스,스브스뉴스 SUBUSUNEWS,대댓글,@앤드류-2class_agent,시즌 2 열려는데 좀 마노이 휘청거리네요,0,2025-04-17T16:57:06Z,0,UgwDigI-cmcEirJ2zO54AaABAg.ADC__PwXNAtAH11xNcgeMq,S1bcy4h1mS8,UC20lZ2fjx68Edt6YvxHmY1g,2025-04-17T16:57:06Z,UgwDigI-cmcEirJ2zO54AaABAg,중립
콘서트 티켓 8분 만에 전석 매진시킨다는 버추얼 아이돌 근황 / 스브스뉴스,스브스뉴스 SUBUSUNEWS,최상위 댓글,@neukgi,왁굳형 진짜 형은 전설이야...,0,2023-10-01T14:43:15Z,0,UgzNvd51CtfGikouxuF4AaABAg,S1bcy4h1mS8,UCNh5p-AiKANjH30t0fxdaPg,2023-10-01T14:43:15Z,,중립
콘서트 티켓 8분 만에 전석 매진시킨다는 버추얼 아이돌 근황 / 스브스뉴스,스브스뉴스 SUBUSUNEWS,최상위 댓글,@dreamforest468,이세돌 짱!!!,1,2024-05-24T12:50:37Z,0,UgxXFWv1P6Wo_saEp-h4AaABAg,S1bcy4h1mS8,UCxCrhrqLamNUJkM__b-LUsg,2024-05-24T12:50:37Z,,긍정
콘서트 티켓 8분 만에 전석 매진시킨다는 버추얼 아이돌 근황 / 스브스뉴스,스브스뉴스 SUBUSUNEWS,최상위 댓글,@o.halo.o,뉴스까지 뜨냐,0,2023-10-01T14:23:42Z,0,Ugzkf4Rcs1zekdEy3TV4AaABAg,S1bcy4h1mS8,UC3-dcHWLYiEwwbVcQBUIxwg,2023-10-01T14:23:42Z,,중립
콘서트 티켓 8분 만에 전석 매진시킨다는 버추얼 아이돌 근황 / 스브스뉴스,스브스뉴스 SUBUSUNEWS,최상위 댓글,@강인양-c4n,킹아,0,2023-10-01T14:02:24Z,0,Ugxb7a7qs1RQAWyf92t4AaABAg,S1bcy4h1mS8,UCkQSFJsWz4ITxeiR0ljx8yQ,2023-10-01T14:02:24Z,,중립
콘서트 티켓 8분 만에 전석 매진시킨다는 버추얼 아이돌 근황 / 스브스뉴스,스브스뉴스 SUBUSUNEWS,최상위 댓글,@몸은밥으로되어있다,"겨우 버튜버 정도 따위가 아니다
이건 신의 버튜버다~!!!",6,2024-01-28T15:32:25Z,0,UgxmytuvfEngdiDLFip4AaABAg,S1bcy4h1mS8,UCMiaebBm_OXSiIWGreZAF2Q,2024-01-28T15:32:25Z,,중립
콘서트 티켓 8분 만에 전석 매진시킨다는 버추얼 아이돌 근황 / 스브스뉴스,스브스뉴스 SUBUSUNEWS,최상위 댓글,@한윤-u4c,세상이 미친거같다,7,2023-09-28T23:37:57Z,0,UgyPVZ8sYpmjvz8P1Kh4AaABAg,S1bcy4h1mS8,UCKCeJzA_omJRM1X0B2yELJw,2023-09-28T23:37:57Z,,중립
콘서트 티켓 8분 만에 전석 매진시킨다는 버추얼 아이돌 근황 / 스브스뉴스,스브스뉴스 SUBUSUNEWS,최상위 댓글,@비잉정상,이세돌 영원해라!!,0,2023-10-04T10:56:15Z,0,Ugy2kr6qc9i7QuuFk8x4AaABAg,S1bcy4h1mS8,UCxUS1soRB-zgPjdrlylB4ZQ,2023-10-04T10:56:15Z,,중립
콘서트 티켓 8분 만에 전석 매진시킨다는 버추얼 아이돌 근황 / 스브스뉴스,스브스뉴스 SUBUSUNEWS,최상위 댓글,@e2no450,킹애,1,2023-09-28T09:50:43Z,0,UgwVnWwHutl0Dq_9E7B4AaABAg,S1bcy4h1mS8,UCi35BUfUb2QdBFqj6QI38bQ,2023-09-28T09:50:43Z,,중립
콘서트 티켓 8분 만에 전석 매진시킨다는 버추얼 아이돌 근황 / 스브스뉴스,스브스뉴스 SUBUSUNEWS,최상위 댓글,@Sekki_Kihap,쌀택이형 영거같아 ㅠㅠ,0,2023-09-29T02:51:18Z,0,UgwjwzWfVW2_xyQDdKp4AaABAg,S1bcy4h1mS8,UC2sTE8o-fesufls97jdB7hA,2023-09-29T02:51:18Z,,중립
콘서트 티켓 8분 만에 전석 매진시킨다는 버추얼 아이돌 근황 / 스브스뉴스,스브스뉴스 SUBUSUNEWS,최상위 댓글,@Berlin-kk,역시,0,2023-09-28T09:56:30Z,0,UgwGZnaXZYjPYmGyI1F4AaABAg,S1bcy4h1mS8,UCn14CCd3v63cbRq3O0suYzA,2023-09-28T09:56:30Z,,중립
콘서트 티켓 8분 만에 전석 매진시킨다는 버추얼 아이돌 근황 / 스브스뉴스,스브스뉴스 SUBUSUNEWS,최상위 댓글,@jjokk128,이세돌사랑해!!!!!!!!!,0,2023-09-29T09:26:45Z,0,UgzZmlfhui0G4ooxQMZ4AaABAg,S1bcy4h1mS8,UCPyuicDL_aw6ua7q4p_ZfNQ,2023-09-29T09:26:45Z,,긍정
콘서트 티켓 8분 만에 전석 매진시킨다는 버추얼 아이돌 근황 / 스브스뉴스,스브스뉴스 SUBUSUNEWS,최상위 댓글,@Lesson5는_이걸_위해서,"이파리 팬치들까지 완벽한(인성)
 국내 최고 버츄얼 아이돌!
그날 밤, 송도에 바둑왕의 이름이 울려퍼졌지만 누구도 그 이름이 바둑왕이라고 생각하지 못했다!
역시 왁타버스는 신세계고 형은 신세계의 신이야!!",1,2023-10-01T03:22:39Z,0,Ugy0obXHufI8-CYeFWh4AaABAg,S1bcy4h1mS8,UC1fOnBdVxmN64SrjrMEk8Qw,2023-10-01T03:22:39Z,,긍정
콘서트 티켓 8분 만에 전석 매진시킨다는 버추얼 아이돌 근황 / 스브스뉴스,스브스뉴스 SUBUSUNEWS,최상위 댓글,@Aasjei22,싫어한다해도 굳이 와서 분탕치진말자,6,2024-08-08T18:39:05Z,0,Ugx8y41ngwPIzLGV83h4AaABAg,S1bcy4h1mS8,UC6eJZh8T3GMAd991QTc8iaQ,2024-08-08T18:39:05Z,,부정
콘서트 티켓 8분 만에 전석 매진시킨다는 버추얼 아이돌 근황 / 스브스뉴스,스브스뉴스 SUBUSUNEWS,최상위 댓글,@Juneon7,와꾸텽 스브스도 나왔네,1,2023-10-27T15:32:02Z,0,UgzctM2RPulF-eB7fMR4AaABAg,S1bcy4h1mS8,UCRfIK0EBpFWUQsgw6TtDWXQ,2023-10-27T15:32:02Z,,중립
콘서트 티켓 8분 만에 전석 매진시킨다는 버추얼 아이돌 근황 / 스브스뉴스,스브스뉴스 SUBUSUNEWS,최상위 댓글,@ego-v9t,"이세돌이 이런거였군요
뭐..나쁘진않네요
테헹~",0,2023-09-28T10:25:14Z,0,Ugw_aHyfNEt5c9MqZEV4AaABAg,S1bcy4h1mS8,UCFi1-aL1pIwymp1yn-P62sg,2023-09-28T10:25:14Z,,부정
콘서트 티켓 8분 만에 전석 매진시킨다는 버추얼 아이돌 근황 / 스브스뉴스,스브스뉴스 SUBUSUNEWS,최상위 댓글,@999kim4,"일반인들에게 낯설고 이해하기 힘든 부분이 많겠지만
그럼에도 존중하고 새로운 문화로 봐주시는 분들 감사합니다",11,2023-09-28T21:58:42Z,0,UgwnopaS5SeW93ZBl6d4AaABAg,S1bcy4h1mS8,UC4vGQmFHlZ0_Ip1Y_vC_CCA,2023-09-28T21:58:42Z,,긍정
콘서트 티켓 8분 만에 전석 매진시킨다는 버추얼 아이돌 근황 / 스브스뉴스,스브스뉴스 SUBUSUNEWS,최상위 댓글,@papico7553,이제 나이가 든건가 못따라가겠다..,6,2023-10-04T13:22:51Z,0,UgxFJ2tcoXkvGZCHFEB4AaABAg,S1bcy4h1mS8,UCHvOhp5ITRPtwLgVZ3z40cQ,2023-10-04T13:22:51Z,,중립
콘서트 티켓 8분 만에 전석 매진시킨다는 버추얼 아이돌 근황 / 스브스뉴스,스브스뉴스 SUBUSUNEWS,최상위 댓글,@CMCINBU,:),1,2024-12-23T09:02:57Z,0,Ugy7BkvHZ2GGN2VXAll4AaABAg,S1bcy4h1mS8,UCGsjpWaEaHF-W3BzBKvrETA,2024-12-23T09:02:57Z,,중립
콘서트 티켓 8분 만에 전석 매진시킨다는 버추얼 아이돌 근황 / 스브스뉴스,스브스뉴스 SUBUSUNEWS,최상위 댓글,@뭘보세요-m7z,이세돌은 찐이다🎉,0,2023-10-01T15:24:32Z,0,UgwQY91Jm8rMy2lfEdx4AaABAg,S1bcy4h1mS8,UCF5WE5lY3e_cYHybe9JMqhA,2023-10-01T15:24:32Z,,중립
콘서트 티켓 8분 만에 전석 매진시킨다는 버추얼 아이돌 근황 / 스브스뉴스,스브스뉴스 SUBUSUNEWS,최상위 댓글,@이건희-c2e,"진짜 쉽지않네...




이세돌의 매력에서 헤어나오는게...",9,2023-09-29T07:12:52Z,0,Ugx92u5nHeff-y_YsCJ4AaABAg,S1bcy4h1mS8,UCU7YyBmVsRvrHa0wjG6uZHA,2023-09-29T07:12:52Z,,중립
콘서트 티켓 8분 만에 전석 매진시킨다는 버추얼 아이돌 근황 / 스브스뉴스,스브스뉴스 SUBUSUNEWS,최상위 댓글,@노혀-q3i,와ㅋㅋ시작할때 긴가민가했는데 왁굳텽 미쳣ㄷㄷ 혹시 미래를 내다보나ㄷㄷ,1,2024-03-06T00:19:43Z,0,UgzL5vp_0GVSGdGUxwB4AaABAg,S1bcy4h1mS8,UCKpsmdQJloHN-xSMUrxFaXA,2024-03-06T00:19:43Z,,중립
콘서트 티켓 8분 만에 전석 매진시킨다는 버추얼 아이돌 근황 / 스브스뉴스,스브스뉴스 SUBUSUNEWS,최상위 댓글,@EZ_SAFE,아 2:08 너무웃겨요 ㅋㅋㅋㅋㅋㅋㅋㅋㅋㅋㅋㅋㅋㅋㅋㅋㅋㅋㅋㅋㅋㅋㅋㅋㅋㅋㅋㅋ,1,2023-10-11T05:40:50Z,0,Ugyq4Ui9KHxwsAmvQml4AaABAg,S1bcy4h1mS8,UC6eYTdTm1dOaFBdv_59epkg,2023-10-11T05:40:50Z,,긍정
콘서트 티켓 8분 만에 전석 매진시킨다는 버추얼 아이돌 근황 / 스브스뉴스,스브스뉴스 SUBUSUNEWS,최상위 댓글,@NoName-ln6sj,와 sbs 샤라웃 ㅋㅋㅋ,0,2023-10-02T11:47:50Z,0,Ugx1ZEIcHEvb-yla-5F4AaABAg,S1bcy4h1mS8,UCO4fnDjDZE7oKp9F8V7AHlQ,2023-10-02T11:47:50Z,,중립
콘서트 티켓 8분 만에 전석 매진시킨다는 버추얼 아이돌 근황 / 스브스뉴스,스브스뉴스 SUBUSUNEWS,최상위 댓글,@tigerlj,ㅋㅋㅋㅋㅋ,0,2023-09-30T15:12:23Z,0,Ugxx-dTI4eT7oFBaCRx4AaABAg,S1bcy4h1mS8,UC3qDJFBPp8VuN3DTjOKosxg,2023-09-30T15:12:23Z,,중립
콘서트 티켓 8분 만에 전석 매진시킨다는 버추얼 아이돌 근황 / 스브스뉴스,스브스뉴스 SUBUSUNEWS,최상위 댓글,@sukidesss,킹애,0,2023-10-02T07:48:38Z,0,Ugy9BCe-pDGyVI-16WR4AaABAg,S1bcy4h1mS8,UCWZYWf3qkp76QNd_KZY6KVA,2023-10-02T07:48:38Z,,중립
콘서트 티켓 8분 만에 전석 매진시킨다는 버추얼 아이돌 근황 / 스브스뉴스,스브스뉴스 SUBUSUNEWS,최상위 댓글,@최우빈-e2z,킹아! 콘서트는 못 같지만 위로가 된다 이세계아이돌 화이팅❤,3,2023-10-26T07:02:49Z,1,Ugxqx5auTTwVdPdkGFx4AaABAg,S1bcy4h1mS8,UCPdImqTKKC5OXFDtK_NOZhQ,2023-10-26T07:02:49Z,,중립
콘서트 티켓 8분 만에 전석 매진시킨다는 버추얼 아이돌 근황 / 스브스뉴스,스브스뉴스 SUBUSUNEWS,대댓글,@최우빈-e2z,"다른 분들은 어떤 분을 좋아하시나요















 






저는 세구님 비챤님",1,2023-10-26T07:04:29Z,0,Ugxqx5auTTwVdPdkGFx4AaABAg.9wK5Tzbd_649wK5fHcBcf4,S1bcy4h1mS8,UCPdImqTKKC5OXFDtK_NOZhQ,2023-10-26T09:32:51Z,Ugxqx5auTTwVdPdkGFx4AaABAg,긍정
콘서트 티켓 8분 만에 전석 매진시킨다는 버추얼 아이돌 근황 / 스브스뉴스,스브스뉴스 SUBUSUNEWS,최상위 댓글,@무야호-j4c,이게 스브스에 까지?!,0,2023-09-28T23:32:18Z,0,Ugw_qyBAYt7Gsrtkvjp4AaABAg,S1bcy4h1mS8,UCSlXv2XMmoxXDYWQrZE5E2w,2023-09-28T23:32:18Z,,중립
콘서트 티켓 8분 만에 전석 매진시킨다는 버추얼 아이돌 근황 / 스브스뉴스,스브스뉴스 SUBUSUNEWS,최상위 댓글,@ybGOM,인기가요 가즈아~,1,2023-10-13T17:48:52Z,0,Ugw-YaPuF9uob47PKJh4AaABAg,S1bcy4h1mS8,UCeFhNo9KYbA8_7i_qTeOPTw,2023-10-13T17:48:52Z,,중립
콘서트 티켓 8분 만에 전석 매진시킨다는 버추얼 아이돌 근황 / 스브스뉴스,스브스뉴스 SUBUSUNEWS,최상위 댓글,@세이버-x4z,팬치들 ㅋㅋㅋㅋ,1,2023-10-06T12:27:01Z,0,UgzV-apt8E5rWi56gEN4AaABAg,S1bcy4h1mS8,UCsfv0HT8ylae2a89sniLWzw,2023-10-06T12:27:01Z,,중립
콘서트 티켓 8분 만에 전석 매진시킨다는 버추얼 아이돌 근황 / 스브스뉴스,스브스뉴스 SUBUSUNEWS,최상위 댓글,@user-heon13,악플 누가 담? ㅋㅋ💜💛🖤❤️🩵💚,1,2025-01-28T05:00:23Z,0,Ugy9-zhQfron2Bm5HoN4AaABAg,S1bcy4h1mS8,UCvRrkyLX0FmSvYmxKopvnbg,2025-01-28T05:00:23Z,,중립
콘서트 티켓 8분 만에 전석 매진시킨다는 버추얼 아이돌 근황 / 스브스뉴스,스브스뉴스 SUBUSUNEWS,최상위 댓글,@jiji-iv5kb,스브스 폼 미쳣다!,0,2023-10-22T05:46:58Z,0,UgwuVRnklosGnun3F254AaABAg,S1bcy4h1mS8,UCfV3JAscFW-3N1j3kpUGcAA,2023-10-22T05:46:58Z,,중립
콘서트 티켓 8분 만에 전석 매진시킨다는 버추얼 아이돌 근황 / 스브스뉴스,스브스뉴스 SUBUSUNEWS,최상위 댓글,@국순당-c5g,킹애,0,2023-10-04T07:32:39Z,0,Ugyh7cSH6Kv6QtI2Q5p4AaABAg,S1bcy4h1mS8,UC38IvColGCvbefW0ti1Khkg,2023-10-04T07:32:39Z,,중립
콘서트 티켓 8분 만에 전석 매진시킨다는 버추얼 아이돌 근황 / 스브스뉴스,스브스뉴스 SUBUSUNEWS,최상위 댓글,@흐루쇼프의머리털,어헝헝 젛아용,0,2023-09-29T10:50:21Z,0,UgwiY3cf0u6epbqC37N4AaABAg,S1bcy4h1mS8,UCMiocw3auaOS-3WeLxW08sg,2023-09-29T10:50:21Z,,중립
콘서트 티켓 8분 만에 전석 매진시킨다는 버추얼 아이돌 근황 / 스브스뉴스,스브스뉴스 SUBUSUNEWS,최상위 댓글,@TheCrowlead,왁굳형 화팅~ 이세돌 화이팅~ 뭔가 저도 모르게 뿌듯해지네요!,1,2023-10-12T03:08:17Z,0,Ugxn3YX7Ly_jIFI8mT54AaABAg,S1bcy4h1mS8,UCNlUBkM7tRlvH070Id1Ruww,2023-10-12T03:08:17Z,,중립
콘서트 티켓 8분 만에 전석 매진시킨다는 버추얼 아이돌 근황 / 스브스뉴스,스브스뉴스 SUBUSUNEWS,최상위 댓글,@MP_kiritan,이세돌 파이팅 !,0,2023-09-28T10:02:09Z,0,Ugx3dSB1LThrbkmG-ud4AaABAg,S1bcy4h1mS8,UCgJV9oLlCiImlYZqP2BQw1g,2023-09-28T10:02:09Z,,중립
콘서트 티켓 8분 만에 전석 매진시킨다는 버추얼 아이돌 근황 / 스브스뉴스,스브스뉴스 SUBUSUNEWS,최상위 댓글,@하얀양말-y3s,일본애들 홀로그램보고 열광하는거 신기하게 보던게 엊그제 같은데 신기하네,0,2023-09-28T13:01:29Z,0,UgzntOgaIj5OG-se0EF4AaABAg,S1bcy4h1mS8,UCVmiLT1WRaHAjpAcRlAxHnQ,2023-09-28T13:01:29Z,,중립
콘서트 티켓 8분 만에 전석 매진시킨다는 버추얼 아이돌 근황 / 스브스뉴스,스브스뉴스 SUBUSUNEWS,최상위 댓글,@hothumid1528,ㅎㅎ,0,2023-09-29T10:07:57Z,0,UgyAxFE0ffYIQ-HBw_F4AaABAg,S1bcy4h1mS8,UCTX6t98GoreHQNljnMqzH6w,2023-09-29T10:07:57Z,,중립
콘서트 티켓 8분 만에 전석 매진시킨다는 버추얼 아이돌 근황 / 스브스뉴스,스브스뉴스 SUBUSUNEWS,최상위 댓글,@아르칸디,이세돌 파이팅,0,2023-09-29T10:02:14Z,0,UgyZ4JROmUf33TvZDqB4AaABAg,S1bcy4h1mS8,UCxwl0nTN2tg_L-KI4axyTcA,2023-09-29T10:02:14Z,,중립
콘서트 티켓 8분 만에 전석 매진시킨다는 버추얼 아이돌 근황 / 스브스뉴스,스브스뉴스 SUBUSUNEWS,최상위 댓글,@heeheeeeeeeeee히히,ㅇ이이게먼가요?,2,2023-09-29T08:18:52Z,0,UgxOO2QR9mGiLArhytR4AaABAg,S1bcy4h1mS8,UCFIt4MicvCHxopecquc0XpQ,2023-09-29T08:18:52Z,,중립
콘서트 티켓 8분 만에 전석 매진시킨다는 버추얼 아이돌 근황 / 스브스뉴스,스브스뉴스 SUBUSUNEWS,최상위 댓글,@김수연-l2j5s,이셰게아이돌,1,2023-11-25T04:16:19Z,0,UgyMBZg6u9OTEMDt4SR4AaABAg,S1bcy4h1mS8,UCYVXcj8JSyx2I92Lg9I9pZQ,2023-11-25T04:16:40Z,,중립
콘서트 티켓 8분 만에 전석 매진시킨다는 버추얼 아이돌 근황 / 스브스뉴스,스브스뉴스 SUBUSUNEWS,최상위 댓글,@RENEE37,이세돌 화이팅..<3,1,2024-07-27T16:33:06Z,0,UgysM3b-COJlUTt1kTl4AaABAg,S1bcy4h1mS8,UCO-YXpOwnklru02_a3iMnCg,2024-07-27T16:33:06Z,,중립
콘서트 티켓 8분 만에 전석 매진시킨다는 버추얼 아이돌 근황 / 스브스뉴스,스브스뉴스 SUBUSUNEWS,최상위 댓글,@Noillz,이그야,0,2023-10-03T05:49:20Z,0,UgxCWEYCMgxaGioS8hR4AaABAg,S1bcy4h1mS8,UComVT1moPeSE3KgvtWZ2OTg,2023-10-03T05:49:20Z,,중립
콘서트 티켓 8분 만에 전석 매진시킨다는 버추얼 아이돌 근황 / 스브스뉴스,스브스뉴스 SUBUSUNEWS,최상위 댓글,@gugu_o_o,이세돌 화이팅 ㅎㅎ,0,2023-10-01T03:40:19Z,0,Ugyxw3ChR_p6G3OIDPp4AaABAg,S1bcy4h1mS8,UCNqimmN6Ac5QGFrrqmh6fFA,2023-10-01T03:40:19Z,,중립
콘서트 티켓 8분 만에 전석 매진시킨다는 버추얼 아이돌 근황 / 스브스뉴스,스브스뉴스 SUBUSUNEWS,최상위 댓글,@equalist.k7983,여러분 내려놓으면 세상이 아름답게 보인답니다.,5,2023-11-10T08:06:49Z,0,UgwZRM5DyI0qxU8dduZ4AaABAg,S1bcy4h1mS8,UCSMAlSSeM4B7jHGmkwYedXQ,2023-11-10T08:06:49Z,,중립
콘서트 티켓 8분 만에 전석 매진시킨다는 버추얼 아이돌 근황 / 스브스뉴스,스브스뉴스 SUBUSUNEWS,최상위 댓글,@가든28,아직까진 인식이 이렇지만 언젠가는 인식이 올라오기를...,3,2023-09-30T04:17:03Z,0,UgxyvGlgRUqdPTTMoZ54AaABAg,S1bcy4h1mS8,UCd5fBbwh0amRcQ3NqU4g2Zw,2023-09-30T04:17:03Z,,중립
콘서트 티켓 8분 만에 전석 매진시킨다는 버추얼 아이돌 근황 / 스브스뉴스,스브스뉴스 SUBUSUNEWS,최상위 댓글,@밍-00-h7n,음...군대돌 ㄷ,0,2023-09-28T10:12:19Z,0,UgykqakN2t1s7EolKLN4AaABAg,S1bcy4h1mS8,UCCaAq_tfn1-h9FZhuEbgwfg,2023-09-28T10:12:19Z,,중립
콘서트 티켓 8분 만에 전석 매진시킨다는 버추얼 아이돌 근황 / 스브스뉴스,스브스뉴스 SUBUSUNEWS,최상위 댓글,@오옹v,heterogenesis,0,2023-10-12T07:36:07Z,0,UgzOPc2P6rOhMU30y_F4AaABAg,S1bcy4h1mS8,UCFrpkvWW4SC-kKCep3ehK9A,2023-10-12T07:36:07Z,,중립
콘서트 티켓 8분 만에 전석 매진시킨다는 버추얼 아이돌 근황 / 스브스뉴스,스브스뉴스 SUBUSUNEWS,최상위 댓글,@땃쥐,버츄얼은 아직 적응하기 힘들지만 노래는 기가막히게 좋아요 굿굿 다들 실력파 뛰어난 가수들인듯 앞으로도 이런 노래들 자주만들어주세요 길가다가 듣고 처음에는 버츄얼 인줄 몰랐음,5,2023-09-30T08:32:13Z,0,UgwXazWZsW3XmvYExxZ4AaABAg,S1bcy4h1mS8,UCbAGD36WMA9APTkpV4JKYVw,2023-09-30T08:32:13Z,,긍정
콘서트 티켓 8분 만에 전석 매진시킨다는 버추얼 아이돌 근황 / 스브스뉴스,스브스뉴스 SUBUSUNEWS,최상위 댓글,@opsing6214,"진짜 처음 봤을땐 뭐지...? 한국에서 이런 계열이 안 먹힐텐데....하며 지나갔지만 
지금은 후회하고 있습니다

입덕 후 여러 노래와 방송에서 개개인의 스토리를 듣다보니 일반 아이돌과는 다른 소통방식이 너무 좋았고
인터넷 방송쪽으로도 평소에는 보기 힘든 컨텐츠를 찍는게 매력이라 생각합니다

다들 열심히 노력하고 여러 비난속에서도 끝까지 버텨서
첫 오프라인 공연까지 나와준 이세돌이 너무 자랑스럽습니다

이세돌 화이팅!!💜💛🖤❤️💙💚",12,2023-09-29T08:03:03Z,0,UgzvKZnazFttxZD_v8Z4AaABAg,S1bcy4h1mS8,UCKaaRZBh2Sfc3PQrVvpRTpQ,2023-09-29T08:03:03Z,,중립
콘서트 티켓 8분 만에 전석 매진시킨다는 버추얼 아이돌 근황 / 스브스뉴스,스브스뉴스 SUBUSUNEWS,최상위 댓글,@윤장훈-x3f,"이름을 뺏겨버린 바둑기사 이세돌..
배우 김정은 김규리",5,2023-12-13T03:57:29Z,0,Ugx0ppF6Uwt5HDlz0Ad4AaABAg,S1bcy4h1mS8,UCfEeQLxPhbHWQdsNqsQPXDg,2023-12-13T03:57:47Z,,중립
콘서트 티켓 8분 만에 전석 매진시킨다는 버추얼 아이돌 근황 / 스브스뉴스,스브스뉴스 SUBUSUNEWS,최상위 댓글,@멋진고양이-l9u,"이세계아이돌은 멀티버스의 가능성을 보여주는 바람직한 사례라고 생각합니다. 항상 좋은 역량으로 멋진 콘텐츠, 음악을 보여주어서 팬으로서 너무 행복해요 ^^ 이세돌 화이팅 !!!😊🎉",6,2023-09-28T13:21:24Z,0,Ugx3Vyil4t_zyus-_Vd4AaABAg,S1bcy4h1mS8,UCkH6SDA7YXkggXuT0rdu3kg,2023-09-28T13:21:24Z,,중립
콘서트 티켓 8분 만에 전석 매진시킨다는 버추얼 아이돌 근황 / 스브스뉴스,스브스뉴스 SUBUSUNEWS,최상위 댓글,@ENA-ck7km,이건 무시할게 못된다. 글로벌에서도 시장이 점점 커지는 상황에서 국내에선 우왁굳 이세돌이 유일하게 글로벌에서 경쟁력 있지 않을까 함. 이건 기술력이 발전 할수록 돈이 엄청나게 될 듯,11,2024-01-12T14:14:53Z,0,UgzhwcJQX711Yv2oBrJ4AaABAg,S1bcy4h1mS8,UCxijU5AXjirDFfdEPowxbQg,2024-01-12T14:14:53Z,,중립
콘서트 티켓 8분 만에 전석 매진시킨다는 버추얼 아이돌 근황 / 스브스뉴스,스브스뉴스 SUBUSUNEWS,최상위 댓글,@misojang7747,우왁굳의 승리네 ㅋㅋ,0,2023-10-01T03:30:00Z,0,Ugzdov-7cwKo0xGdbXd4AaABAg,S1bcy4h1mS8,UCuvhDQB3V49-npkXFnO6ddA,2023-10-01T03:30:00Z,,중립
콘서트 티켓 8분 만에 전석 매진시킨다는 버추얼 아이돌 근황 / 스브스뉴스,스브스뉴스 SUBUSUNEWS,최상위 댓글,@보라보라해-v5n4p,"진실을 올려야지 가장을 올리니깐 댓글이 안좋지요..제발 진실을 올리세요..
😡😡😡😡",1,2025-11-24T14:55:50Z,1,Ugy2tGYjz71ATscBJvx4AaABAg,S1bcy4h1mS8,UCXzylS2xZ9vaaADyEDpnERA,2025-11-24T14:55:50Z,,부정
콘서트 티켓 8분 만에 전석 매진시킨다는 버추얼 아이돌 근황 / 스브스뉴스,스브스뉴스 SUBUSUNEWS,대댓글,@박기명-r7f,"이게 진실인데?
잘 되고 있는거
그 악플러들이 나쁜거야",2,2025-12-12T14:40:32Z,0,Ugy2tGYjz71ATscBJvx4AaABAg.APuskavYHBgAQdCJGwzEQn,S1bcy4h1mS8,UCFHmAvGBc6HLPMV-KF3_G9g,2025-12-12T14:40:32Z,Ugy2tGYjz71ATscBJvx4AaABAg,중립
콘서트 티켓 8분 만에 전석 매진시킨다는 버추얼 아이돌 근황 / 스브스뉴스,스브스뉴스 SUBUSUNEWS,최상위 댓글,@hiing____,이세돌 사랑해 ㅠㅠㅠㅠ 앞으로도 응원할게요!! 파이팅 !!!!,0,2023-09-29T05:54:45Z,0,UgzYDTXvRDxlSsY5c3V4AaABAg,S1bcy4h1mS8,UCnfMw8LRjHLXm9CAnK46CZA,2023-09-29T05:54:45Z,,긍정
콘서트 티켓 8분 만에 전석 매진시킨다는 버추얼 아이돌 근황 / 스브스뉴스,스브스뉴스 SUBUSUNEWS,최상위 댓글,@Wiley-fh9qq,왁굳형은 신이야.....,0,2023-10-03T22:10:19Z,0,UgztUOZaVjj4QCaVqp94AaABAg,S1bcy4h1mS8,UCynBhsO45Ve7UX6Twv5524w,2023-10-03T22:10:19Z,,중립
콘서트 티켓 8분 만에 전석 매진시킨다는 버추얼 아이돌 근황 / 스브스뉴스,스브스뉴스 SUBUSUNEWS,최상위 댓글,@기막-g4r,이세돌 뉴스까지 나오다니... 허흨..흐킄 읕ㅋ,5,2024-01-11T21:36:17Z,0,UgzaqbinqoRb4vflgVl4AaABAg,S1bcy4h1mS8,UCtRpWFd4CkzKAUJvTEc3Ubw,2024-01-11T21:36:17Z,,중립
콘서트 티켓 8분 만에 전석 매진시킨다는 버추얼 아이돌 근황 / 스브스뉴스,스브스뉴스 SUBUSUNEWS,최상위 댓글,@user.001-q1y,왁굳형 겁나 웃기네 ㅋㅋㅋㅋㅋㅋㅋㅋㅋㅋㅋㅋ,0,2024-02-16T18:40:16Z,0,Ugy1S4deMdOi-JUkBD54AaABAg,S1bcy4h1mS8,UCRV4huauo1gOylT05vqbVPw,2024-02-16T18:40:16Z,,중립
콘서트 티켓 8분 만에 전석 매진시킨다는 버추얼 아이돌 근황 / 스브스뉴스,스브스뉴스 SUBUSUNEWS,최상위 댓글,@Ban-j3l,왁굳형 대단해요,0,2023-10-04T23:14:25Z,0,UgwAc3WBCyzXd5Hv6Kd4AaABAg,S1bcy4h1mS8,UCDVgPLhNXSm4Ls7mLkbn6aw,2023-10-04T23:14:25Z,,중립
콘서트 티켓 8분 만에 전석 매진시킨다는 버추얼 아이돌 근황 / 스브스뉴스,스브스뉴스 SUBUSUNEWS,최상위 댓글,@resu_kirby,"섹★큐★버★스★ 고세구!
킹아!",2,2023-10-18T13:47:15Z,0,UgzZq1fIqjyatNFdss94AaABAg,S1bcy4h1mS8,UCChEAxGERjMa0xgXa5btSJA,2023-10-18T13:47:42Z,,중립
콘서트 티켓 8분 만에 전석 매진시킨다는 버추얼 아이돌 근황 / 스브스뉴스,스브스뉴스 SUBUSUNEWS,최상위 댓글,@soundkit,리마님 똥컴 합격스,0,2024-08-13T21:15:56Z,0,UgzgCCDC485dy_wTz4Z4AaABAg,S1bcy4h1mS8,UCcP8VmJsf45FbmFNEabCRKg,2024-08-13T21:15:56Z,,중립
콘서트 티켓 8분 만에 전석 매진시킨다는 버추얼 아이돌 근황 / 스브스뉴스,스브스뉴스 SUBUSUNEWS,최상위 댓글,@RoseWoo,성형의 온라인 판이지뭐 능력은 있지만 타고난 외형때문에 끼를 발산 못하는 사람들이 가상의 힘을 빌려 현실과 소통하는건데 낫베드임. 이쪽 시장을 선점해서 키워 나갈수 있다면 또다른 한국만의 경쟁력있는 사업이 될터..,5,2023-09-29T09:16:15Z,3,Ugy5X5ByRLMSVbqmI494AaABAg,S1bcy4h1mS8,UCrFn_mDgCSPYqfs3ADQSvyQ,2023-09-29T09:16:15Z,,중립
콘서트 티켓 8분 만에 전석 매진시킨다는 버추얼 아이돌 근황 / 스브스뉴스,스브스뉴스 SUBUSUNEWS,대댓글,@py_42,근데 한분은 전직 아이돌 출신이심,1,2023-09-29T10:01:45Z,0,Ugy5X5ByRLMSVbqmI494AaABAg.9vEoHiOgXht9vEtUyJj7Ru,S1bcy4h1mS8,UCFXAXPMpKTX7B3Ka34VwPUw,2023-09-29T10:01:45Z,Ugy5X5ByRLMSVbqmI494AaABAg,중립
콘서트 티켓 8분 만에 전석 매진시킨다는 버추얼 아이돌 근황 / 스브스뉴스,스브스뉴스 SUBUSUNEWS,대댓글,@RoseWoo,@py_42 어쨌꺼나 현직이 아니라는건 경쟁에서 밀린거죠,0,2023-09-29T10:52:29Z,0,Ugy5X5ByRLMSVbqmI494AaABAg.9vEoHiOgXht9vEzITm2ait,S1bcy4h1mS8,UCrFn_mDgCSPYqfs3ADQSvyQ,2024-06-18T03:40:59Z,Ugy5X5ByRLMSVbqmI494AaABAg,중립
콘서트 티켓 8분 만에 전석 매진시킨다는 버추얼 아이돌 근황 / 스브스뉴스,스브스뉴스 SUBUSUNEWS,대댓글,@agroman712,한국 이미 후발주잔데 음지 씹덕 문화라서 더 발전 안한게 다행임,0,2023-09-29T14:27:20Z,0,Ugy5X5ByRLMSVbqmI494AaABAg.9vEoHiOgXht9vFMtCSJHQo,S1bcy4h1mS8,UCU8pOkf0fa0S4etH0zTUmPg,2023-09-29T14:27:20Z,Ugy5X5ByRLMSVbqmI494AaABAg,중립
콘서트 티켓 8분 만에 전석 매진시킨다는 버추얼 아이돌 근황 / 스브스뉴스,스브스뉴스 SUBUSUNEWS,최상위 댓글,@구사GuSa,ㅋㅋㅋㅋ 나도진짜 씹덕인데 미쳐돌아간다,4,2023-09-29T07:58:31Z,0,UgyPnXPPGQm-n3bEqPB4AaABAg,S1bcy4h1mS8,UCXJCe-6vrlUxnwwInUrGJ5g,2023-09-29T07:58:31Z,,중립
콘서트 티켓 8분 만에 전석 매진시킨다는 버추얼 아이돌 근황 / 스브스뉴스,스브스뉴스 SUBUSUNEWS,최상위 댓글,@ccn9812,다양성의 세계로 한 발자국 더 나아간 이세돌 앞으로도 파이팅!! 💜💛🖤❤💙💚,5,2023-09-28T21:09:42Z,0,UgxqBXpKNf8yV56cDrN4AaABAg,S1bcy4h1mS8,UC1xV9iRhvdls9QdyVAJmgKw,2023-09-28T21:10:00Z,,중립
콘서트 티켓 8분 만에 전석 매진시킨다는 버추얼 아이돌 근황 / 스브스뉴스,스브스뉴스 SUBUSUNEWS,최상위 댓글,@김구-o9g,우왁굳 ㅋㅋㅋ 스트리퍼,0,2023-10-02T02:21:05Z,0,UgwW1M3SAwQq_FTVRXx4AaABAg,S1bcy4h1mS8,UC5w5S62OEaLtjoplpgFJSLg,2023-10-02T02:21:05Z,,중립
콘서트 티켓 8분 만에 전석 매진시킨다는 버추얼 아이돌 근황 / 스브스뉴스,스브스뉴스 SUBUSUNEWS,최상위 댓글,@돼징어-o6k,혜지 드론 뭐야 ㅋㅋ,0,2024-10-14T06:53:26Z,0,UgwROqoLtN8PMNr50hZ4AaABAg,S1bcy4h1mS8,UC9NSF6V0wGcMd_LOMf07s4A,2024-10-14T06:53:26Z,,중립
콘서트 티켓 8분 만에 전석 매진시킨다는 버추얼 아이돌 근황 / 스브스뉴스,스브스뉴스 SUBUSUNEWS,최상위 댓글,@Bis092,"사장인 우왁굳 피셜 '아이돌을 컨셉으로 하는 스트리머/버츄얼유튜버' 라는 특징이 어느 파이로 정확히 구분돼지 않고 독창적인 시스템을 구축(네이버 팬카페 2위인 왁물원의 힘을 빌려)할수 있게 했고 이세돌이 2년동안 두마리 토끼(아이돌/스트리머 활동)를 잡기 위해 누구보다 부지런했기 때문에 여기까지 성장할수 있었던 것 같습니다

기존 아이돌을 굴러가게 했던것이 정장 입은 사람들이 만들어낸 상업적인 비즈니스 모델이라면

이세돌을 유지하고 성장하게 하는건 이세돌 각자 개인의 열정과 정말 말그대로 '아이돌과 함께하는 팬'들의 팬심이 아닌가 생각합니다",6,2023-09-28T22:00:35Z,0,Ugx9iM8mdx3tkgh_o894AaABAg,S1bcy4h1mS8,UCqCv4XSlIv8vLdh5nqXsQ-g,2023-09-28T22:00:35Z,,중립
콘서트 티켓 8분 만에 전석 매진시킨다는 버추얼 아이돌 근황 / 스브스뉴스,스브스뉴스 SUBUSUNEWS,최상위 댓글,@loof_1004,0:57 되게 뢴트 같댜,7,2023-12-28T09:49:01Z,1,UgxRitE9BtrhJjsCO7p4AaABAg,S1bcy4h1mS8,UC98a0yHrDtISt78qZAQvW7Q,2023-12-28T09:49:01Z,,중립
콘서트 티켓 8분 만에 전석 매진시킨다는 버추얼 아이돌 근황 / 스브스뉴스,스브스뉴스 SUBUSUNEWS,대댓글,@유튬-t8m,닝햄 같지 않나요ㅋㅋㅋㅋ,1,2024-01-02T07:09:20Z,0,UgxRitE9BtrhJjsCO7p4AaABAg.9yrb_Tretum9z3CHEnsO1y,S1bcy4h1mS8,UCa9-5bK1IO_fbdFn28Ntfww,2024-01-02T07:09:50Z,UgxRitE9BtrhJjsCO7p4AaABAg,중립
콘서트 티켓 8분 만에 전석 매진시킨다는 버추얼 아이돌 근황 / 스브스뉴스,스브스뉴스 SUBUSUNEWS,최상위 댓글,@unable999,이세돌 보단 오영택이지,0,2023-09-28T09:59:17Z,0,UgwAGugQ1Om6qFjfrMZ4AaABAg,S1bcy4h1mS8,UC8Kwrt4FahJTDG3RvPy9wmw,2023-09-28T09:59:17Z,,중립
콘서트 티켓 8분 만에 전석 매진시킨다는 버추얼 아이돌 근황 / 스브스뉴스,스브스뉴스 SUBUSUNEWS,최상위 댓글,@커다란원,"보시는 어떤 분들은 살짝 불편할 이야기를 해봅니다. 솔직히 어렸을 땐 샌드박스 크리에이터분들이 유튜브 음악계를 제패할 거라고 생각했습니다. 설레임 에디션이나 우왕푸왕, 쵸쵸우님 같은 거물급 크리에이터분들의 노래를 들으며 초딩과 중딩 시절을 보내왔습니다. 그런데 어느새 그분들의 왕좌는 다른 분들의 것이 되는 것을 보니 뭔가.. 씁쓸하면서도 어찌보면 당연한 결과로 생각하면서 살아왔습니다. 그런데 새롭게 뜨시는 분들이 옛날의 저의 우상들보다 크게 단숨에 성장하시는 모습을 보고 저도 그분들의 노래를 듣고 어느덧 그분들의 팬이 되었습니다. 비록 그분들이 나타나고 성장하시는 모습 전체를 보진 못했지만 그 노래에서 풍기는 왠지 모를 감동을 느꼈습니다. 그러면서도 과거의 우상님들의 노래도 들으면 그것보다 더한 부정할 수 없는 벅찬 무언가가 느꼈습니다. 많은 생각을 하기엔 너무 사소한 추억 팔이인 건 알고 있고 진정한 팬이라면 받아드려야 한다는 것도 알아도 마음 속에 어떤 공허함은 안 보이지가 않았습니다. 특히나 과거의 우상들과 현재의 우상들이 해낸 일과의 차이가 저를 더 복잡하게 만들었습니다. 그러다 저는 이렇게 결론을 내렸습니다. 나의 옛 추억과 우상을 부정하지 않고 지금의 순간을 즐기자는 겁니다. 제가 무언갈 사랑할 때 있었던 마음을 다른 무언가에 쓰고 그것이 살짝 질릴 때, 과거의 우상을 즐기고 이런 식으로 과거와 현재를 동시에 사랑하고 있습니다. 제가 즐길 수 있는 것이 늘어나면 그거대로 좋고 저의 순수했던 동심을 지켜서 내 인생이 그렇게 불행하진 않았다고 삶의 용기를 얻고 있습니다. 저와 같이 한때 잘 나갔던 분들을 사랑하고 현재도 사랑하시는 분들에게 드리는 저의 작은 편지입니다. 이세돌 여러분! 부디 여러 분들의 기억이 저에게도 좋은 기억이 될 수 있도록 응원하겠습니다! 킹아!!",2,2023-10-01T14:45:01Z,1,UgyzI5QtENkDq355-kZ4AaABAg,S1bcy4h1mS8,UCQf8WbvruWggyPkqC9wriXw,2023-10-01T14:45:01Z,,긍정
콘서트 티켓 8분 만에 전석 매진시킨다는 버추얼 아이돌 근황 / 스브스뉴스,스브스뉴스 SUBUSUNEWS,대댓글,@wonyeong_,네.,0,2023-10-02T15:35:02Z,0,UgyzI5QtENkDq355-kZ4AaABAg.9vKYVNpwW3i9vND0gAktBg,S1bcy4h1mS8,UCDWEvZrKxQ5LBh-NCKeeqTw,2023-10-02T15:35:02Z,UgyzI5QtENkDq355-kZ4AaABAg,중립
콘서트 티켓 8분 만에 전석 매진시킨다는 버추얼 아이돌 근황 / 스브스뉴스,스브스뉴스 SUBUSUNEWS,최상위 댓글,@abno9938,인터뷰는 대체 무슨 기기로 하셨길래 화질이며 네트워크며 정상적인게 하나도 없는거ㅋㅋㅋㅋ,2,2023-10-18T12:28:52Z,0,UgygBT5_8Z3P7W_M2UR4AaABAg,S1bcy4h1mS8,UCApdlGUFxcGZsxLfN3Ip2Bw,2023-10-18T12:28:52Z,,중립
콘서트 티켓 8분 만에 전석 매진시킨다는 버추얼 아이돌 근황 / 스브스뉴스,스브스뉴스 SUBUSUNEWS,최상위 댓글,@심심타-i8w,같이 좋아해달라고는 안해요 싫어하지만 하지말아줘요 ㅜㅜ 진입장벽 큰거 알고있으니까요,8,2023-09-30T05:50:37Z,0,UgwjAhy6EQj0EX_dju54AaABAg,S1bcy4h1mS8,UCFYfrgiUapkgUwjQeLx_XGg,2023-09-30T05:50:37Z,,중립
콘서트 티켓 8분 만에 전석 매진시킨다는 버추얼 아이돌 근황 / 스브스뉴스,스브스뉴스 SUBUSUNEWS,최상위 댓글,@너말이야너-v7u,"모두가 응원하는 그날까지...
이세돌 화이팅!!!!💜💛🖤❤️💙💚🌿",3,2023-09-28T14:55:30Z,0,UgyaFMShss6W7FzRNqV4AaABAg,S1bcy4h1mS8,UCecohtaAmqGf-SfOFN-c3tQ,2023-09-28T14:55:53Z,,긍정
콘서트 티켓 8분 만에 전석 매진시킨다는 버추얼 아이돌 근황 / 스브스뉴스,스브스뉴스 SUBUSUNEWS,최상위 댓글,@enermousthink,숲튽훈은 왜 없지😢,6,2023-10-16T13:42:22Z,1,UgyIWEzZ8LPpEgEacY54AaABAg,S1bcy4h1mS8,UC07cyPyxxpNPBAJH-9AkVyQ,2023-10-16T13:42:22Z,,중립
콘서트 티켓 8분 만에 전석 매진시킨다는 버추얼 아이돌 근황 / 스브스뉴스,스브스뉴스 SUBUSUNEWS,대댓글,@hi_hello_allo,슭틇훈님 ㅠㅠㅠㅠ,1,2023-10-17T16:12:49Z,0,UgyIWEzZ8LPpEgEacY54AaABAg.9vw3FggBc2b9vyuGXE4itS,S1bcy4h1mS8,UCFoPGlOhIFUcIoRyqXrltHQ,2023-10-17T16:12:49Z,UgyIWEzZ8LPpEgEacY54AaABAg,중립
콘서트 티켓 8분 만에 전석 매진시킨다는 버추얼 아이돌 근황 / 스브스뉴스,스브스뉴스 SUBUSUNEWS,최상위 댓글,@nerdlee_,이세돌 화이팅 우왁굳 사랑해❤,1,2023-09-29T07:59:50Z,0,UgwzPyIIzP_aH__iMOx4AaABAg,S1bcy4h1mS8,UCm2V8FgBh1dMsp7KsQGGTiA,2023-09-29T07:59:50Z,,긍정
콘서트 티켓 8분 만에 전석 매진시킨다는 버추얼 아이돌 근황 / 스브스뉴스,스브스뉴스 SUBUSUNEWS,최상위 댓글,@qoO8_8Oop,왁굳형 대한민국의 획을긋는 컨탠츠 중이시다,4,2023-10-06T08:17:53Z,0,UgwxCSMjN8uzwCTZJEp4AaABAg,S1bcy4h1mS8,UCrwzAJNkcShf5t5Y_9d6O4A,2023-10-06T08:17:53Z,,중립
콘서트 티켓 8분 만에 전석 매진시킨다는 버추얼 아이돌 근황 / 스브스뉴스,스브스뉴스 SUBUSUNEWS,최상위 댓글,@user-pr4ub7xr7j,여기소속사는 논란이없어서 좋음,5,2024-05-02T15:28:32Z,0,UgyyzoHKycUlc7OnnAt4AaABAg,S1bcy4h1mS8,UCzFU-aNscJ3YTfYiYX_EKHg,2024-05-02T15:28:32Z,,중립
콘서트 티켓 8분 만에 전석 매진시킨다는 버추얼 아이돌 근황 / 스브스뉴스,스브스뉴스 SUBUSUNEWS,최상위 댓글,@mundukLAB,요즘 노래 못 부르는 아이돌의 기강을 잡기위해 이세계 아이돌이 나타났다.,14,2023-10-08T00:28:15Z,2,UgwRBntso--7HCilmQZ4AaABAg,S1bcy4h1mS8,UCADI2H4ul4xFv8JHKYdwsVg,2023-10-08T00:28:15Z,,중립
콘서트 티켓 8분 만에 전석 매진시킨다는 버추얼 아이돌 근황 / 스브스뉴스,스브스뉴스 SUBUSUNEWS,대댓글,@추연아-s9g,ㅋㅋㅋㅋㅋㅋㅋㅋㅋㅋㅋㅋㅋㅋㅋㅋㅋㅋㅋㅋㅋㅋㅋㅋㅋㅋㅋㅋㅋㅋㅋㅋㅋㅋㅋㅋㅋㅋㅋㅋㅋㅋ,1,2023-10-09T16:35:10Z,0,UgwRBntso--7HCilmQZ4AaABAg.9va20K6fScE9veLTAW_yQj,S1bcy4h1mS8,UC3zQIcGAs3nZoD8p7Hz8Edw,2023-10-09T16:35:10Z,UgwRBntso--7HCilmQZ4AaABAg,중립
콘서트 티켓 8분 만에 전석 매진시킨다는 버추얼 아이돌 근황 / 스브스뉴스,스브스뉴스 SUBUSUNEWS,대댓글,@baby_dragon77,"댓글 삭제해 제발 이건 갈라치기야
팬덤이미지 나빠진다고",3,2024-02-05T04:09:39Z,0,UgwRBntso--7HCilmQZ4AaABAg.9va20K6fScEA-QQjyqNn7D,S1bcy4h1mS8,UC27axlK1Tz_48ikvjdKQnug,2024-02-05T04:09:39Z,UgwRBntso--7HCilmQZ4AaABAg,중립
콘서트 티켓 8분 만에 전석 매진시킨다는 버추얼 아이돌 근황 / 스브스뉴스,스브스뉴스 SUBUSUNEWS,최상위 댓글,@goodmonkey5176,우왁굳이 이래서 다시 음지로 가야한다하는거였구나 댓글보니 그럴만하네,10,2023-10-06T05:26:19Z,0,Ugw3JDmmEHIKfcDNXed4AaABAg,S1bcy4h1mS8,UCY2KSq0nWXYohhqPEJPUfrQ,2023-10-06T05:26:19Z,,중립
콘서트 티켓 8분 만에 전석 매진시킨다는 버추얼 아이돌 근황 / 스브스뉴스,스브스뉴스 SUBUSUNEWS,최상위 댓글,@NADA--NADA.,서장훈슨생님 버튜버한다 할때 뭔가했는데 유튭영상찾아보니 웃기던데 ㅋㅋ,0,2023-10-01T15:45:03Z,1,Ugwa3BxorQR7mtL-aT94AaABAg,S1bcy4h1mS8,UC0OymzCiy8Da1yvEx-NP5qg,2023-10-01T15:45:03Z,,중립
콘서트 티켓 8분 만에 전석 매진시킨다는 버추얼 아이돌 근황 / 스브스뉴스,스브스뉴스 SUBUSUNEWS,대댓글,@ooxn6489,선생님 서장훈씨는 농구선수였던준이시고 김장훈님이요....,0,2023-10-02T15:48:10Z,0,Ugwa3BxorQR7mtL-aT94AaABAg.9vKeN3oMXYl9vNEWn1l0pW,S1bcy4h1mS8,UCD46WHCKgE-UnCDzWoK6rqg,2023-10-02T15:48:10Z,Ugwa3BxorQR7mtL-aT94AaABAg,중립
콘서트 티켓 8분 만에 전석 매진시킨다는 버추얼 아이돌 근황 / 스브스뉴스,스브스뉴스 SUBUSUNEWS,최상위 댓글,@naffi14039,"이런 새로운 도전... 너무 좋다. 

나도 보다가 도중에 그만두긴 했지만, 매력이 없어서 그런 건 아니었어. 오히려 너무 재밌어서 일상생활에 지장이 갈 정도였으니까.. 못본거지.

처음 멜론뮤직에 랭크됐을때도 신기했는데, 거기서 멈추지 않고, 계속 나아가고 있었네요.
응원합니다. 이세돌,우왁굳,  그리고 릴파!",5,2023-09-29T13:56:21Z,0,Ugx2Dn4ZE-d5WEUugq14AaABAg,S1bcy4h1mS8,UC6IOkvICa2eXCof8eVq_r0w,2023-09-29T13:56:21Z,,긍정
콘서트 티켓 8분 만에 전석 매진시킨다는 버추얼 아이돌 근황 / 스브스뉴스,스브스뉴스 SUBUSUNEWS,최상위 댓글,@brianlee9330,SeeU야 보고있지..?,0,2023-09-29T10:33:14Z,0,UgzjDOzCAEZ5WRjsuCt4AaABAg,S1bcy4h1mS8,UCLUtwjvXzrfoewfIeJ6BX5w,2023-09-29T10:33:14Z,,중립
콘서트 티켓 8분 만에 전석 매진시킨다는 버추얼 아이돌 근황 / 스브스뉴스,스브스뉴스 SUBUSUNEWS,최상위 댓글,@sim_sim_hae9557,음…..,0,2023-10-28T21:33:24Z,0,Ugw546oQGSsc6eete-h4AaABAg,S1bcy4h1mS8,UCXe7FdMhs-LxSGUbbpj4xzQ,2023-10-28T21:33:24Z,,중립
콘서트 티켓 8분 만에 전석 매진시킨다는 버추얼 아이돌 근황 / 스브스뉴스,스브스뉴스 SUBUSUNEWS,최상위 댓글,@강강-d2h,제3세계아이돌.,0,2024-03-11T04:00:32Z,0,UgxuYKNiDk5QU2szk294AaABAg,S1bcy4h1mS8,UCxeD85rfJhlJGivYt92c3pw,2024-03-11T04:00:32Z,,중립
콘서트 티켓 8분 만에 전석 매진시킨다는 버추얼 아이돌 근황 / 스브스뉴스,스브스뉴스 SUBUSUNEWS,최상위 댓글,@rladbsrua0,릴파 팬이라는 분 진짜 애정이 느껴진다... ㅋ 인터뷰 좋았어요.,4,2024-01-22T21:10:31Z,0,UgzYgZsPL9W35Ll9n_J4AaABAg,S1bcy4h1mS8,UCVbouTonkW7DWMfZJ0yWsDw,2024-01-22T21:10:31Z,,중립
콘서트 티켓 8분 만에 전석 매진시킨다는 버추얼 아이돌 근황 / 스브스뉴스,스브스뉴스 SUBUSUNEWS,최상위 댓글,@1adelbe133,생각보다 좋아하는 사람 많구나 신기하네,3,2023-09-29T21:26:49Z,0,UgzMyK42rOpbrfsSdqJ4AaABAg,S1bcy4h1mS8,UCVXOm2CKXz5pb6ZTJvsZOGQ,2023-09-29T21:26:49Z,,긍정
콘서트 티켓 8분 만에 전석 매진시킨다는 버추얼 아이돌 근황 / 스브스뉴스,스브스뉴스 SUBUSUNEWS,최상위 댓글,@user-bestwriter,역시 왁굳형❤,0,2024-08-12T12:17:51Z,0,UgwEaUlX6E-KcwsyfMJ4AaABAg,S1bcy4h1mS8,UCtoGrSfl-gIwEvIPbhaWDsA,2024-08-12T12:17:51Z,,중립
콘서트 티켓 8분 만에 전석 매진시킨다는 버추얼 아이돌 근황 / 스브스뉴스,스브스뉴스 SUBUSUNEWS,최상위 댓글,@Eum-Yu-13OT,"기자야 컴퓨터좀 바꾸자 
어떤 사양 컴퓨터를 쓰길래 
맵에 들어 가는 거 조차 렉이 생기냐...",1,2024-04-27T02:38:55Z,2,UgxUCN76HQ96I7LK5fx4AaABAg,S1bcy4h1mS8,UCEmEwyYmqL4_gOOPr1s79VA,2024-04-27T02:38:55Z,,중립
콘서트 티켓 8분 만에 전석 매진시킨다는 버추얼 아이돌 근황 / 스브스뉴스,스브스뉴스 SUBUSUNEWS,대댓글,@오소리-e7w,ㅠㅠ 회사컴퓨터라 그럴거예요 ... 스브스야 컴터좀 바꿔줘라....,2,2024-04-29T09:58:53Z,0,UgxUCN76HQ96I7LK5fx4AaABAg.A2iPY7_NrOZA2oLUKMkeaI,S1bcy4h1mS8,UCSeukgyaUgHWIkg1qjd2_dw,2024-04-29T09:58:53Z,UgxUCN76HQ96I7LK5fx4AaABAg,중립
콘서트 티켓 8분 만에 전석 매진시킨다는 버추얼 아이돌 근황 / 스브스뉴스,스브스뉴스 SUBUSUNEWS,대댓글,@rollercoaster1,진짜 왁평 ㅋㅋㅋㅋㅋㅋㅋㅋㅋ,1,2024-04-30T17:40:48Z,0,UgxUCN76HQ96I7LK5fx4AaABAg.A2iPY7_NrOZA2rk8KLN3eJ,S1bcy4h1mS8,UCZVDSK6DOKsR3SSG3W-u3NA,2024-04-30T17:40:48Z,UgxUCN76HQ96I7LK5fx4AaABAg,중립
콘서트 티켓 8분 만에 전석 매진시킨다는 버추얼 아이돌 근황 / 스브스뉴스,스브스뉴스 SUBUSUNEWS,최상위 댓글,@주한김-p7h,"이러한들 어떠하리 
저러한들 어떠하리 
버튜버 유튜버가
얽어진들 어떠하리
우리도 이 같이 얽어져 
백년까지 누리리라",6,2023-09-28T12:56:11Z,0,Ugw1M7qjxdm7yMPTjZZ4AaABAg,S1bcy4h1mS8,UCkIfufjOkDQOjSR6_n5TbzA,2023-09-28T12:56:11Z,,중립
콘서트 티켓 8분 만에 전석 매진시킨다는 버추얼 아이돌 근황 / 스브스뉴스,스브스뉴스 SUBUSUNEWS,최상위 댓글,@Karin-com,"어느 누구를 모욕 하고 까고 싶다면 일단 그 사람 보다 뛰어 나고 난 뒤 잘난척 해라..

차려 놓으면 오줌 지를 악플러들 보면 한심함.. 이 덧글 에도 분명 달림...

자신이 좋아 하는 걸 남이 존중 해주면 본인도 남이 좋아 하는 걸 존중 하는 게 맞다.

인간은 다 비슷 하지 않아서 좋아 하는 거 잘하는 거 다 다른데 자기랑 다르다고 차별 하는 것은 이 나라를 망치는 지름길 이다.

또한 얼굴 안 보인다고 안전 하다 생각 하는데 마음만 먹으면 누군지 조사 가능 하고 얼굴도 알 수 있으니
괜히 나대지 말고 sns 에서나 현실 에서나 조심 해라

유재석도 이런 비슷한 말 한 적이 있다.",5,2024-11-18T17:00:27Z,0,UgxkRCYWlboqzPm_Kn14AaABAg,S1bcy4h1mS8,UCwVegfDEVE_oxPlPDh162Kw,2024-11-18T17:03:37Z,,긍정
콘서트 티켓 8분 만에 전석 매진시킨다는 버추얼 아이돌 근황 / 스브스뉴스,스브스뉴스 SUBUSUNEWS,최상위 댓글,@user-dj1gm3bn2y,좀 그렇다,12,2023-09-29T10:39:30Z,0,Ugz5fs2B7CzR499IbTN4AaABAg,S1bcy4h1mS8,UCM9HMmBISyiDTshfjsAJPOA,2023-09-29T10:39:30Z,,중립
콘서트 티켓 8분 만에 전석 매진시킨다는 버추얼 아이돌 근황 / 스브스뉴스,스브스뉴스 SUBUSUNEWS,최상위 댓글,@오-v7z,"와.. 처음보는데 유튜브에서 시작해서 저런곳까지 갔다는게 대단하네 ㄷ,,",1,2023-09-30T05:48:09Z,0,Ugzensl63AH7scGRP_p4AaABAg,S1bcy4h1mS8,UCyjXDAmQXGsx7HXpF6n94SA,2023-09-30T05:48:09Z,,중립
콘서트 티켓 8분 만에 전석 매진시킨다는 버추얼 아이돌 근황 / 스브스뉴스,스브스뉴스 SUBUSUNEWS,최상위 댓글,@nine3153,눈물난다 ㅠㅠ 이세계아이돌 더 흥해라,1,2023-09-30T00:04:30Z,0,Ugwh0AffQrbYknyRZyp4AaABAg,S1bcy4h1mS8,UCVDQSBKxHeTeNNmx2gCvk0g,2023-09-30T00:04:30Z,,중립
콘서트 티켓 8분 만에 전석 매진시킨다는 버추얼 아이돌 근황 / 스브스뉴스,스브스뉴스 SUBUSUNEWS,최상위 댓글,@뭐래이바부야,"버벅이는게 프로그램 돌리면서 캡쳐까지 하니까 저런것 같은데
캡쳐 하는 방법을 몰라서 그런게 아닐까 싶음 ㅋㅋ
근데 방송국에 컴터좋은거 많을건데...",2,2023-10-09T01:01:16Z,0,UgzUIp6H4KFsuin4agh4AaABAg,S1bcy4h1mS8,UCRHsW1DOZ7I0oD4yPkYommA,2023-10-09T01:01:16Z,,중립
콘서트 티켓 8분 만에 전석 매진시킨다는 버추얼 아이돌 근황 / 스브스뉴스,스브스뉴스 SUBUSUNEWS,최상위 댓글,@와그와구-h5g,세상이 미쳐돌아가는구나,14,2023-09-29T07:44:53Z,0,UgwFL5pjbOPaFKmGqTx4AaABAg,S1bcy4h1mS8,UCgAhank3Rbm_OKZNIKI_3WA,2023-09-29T07:44:53Z,,중립
콘서트 티켓 8분 만에 전석 매진시킨다는 버추얼 아이돌 근황 / 스브스뉴스,스브스뉴스 SUBUSUNEWS,최상위 댓글,@치퀸-m7d,거의 그냥 잼민이한테 내장탕 먹이는 급의 거부감이다..,13,2023-09-29T13:51:04Z,0,UgypE2h3MrKKuzd5rXl4AaABAg,S1bcy4h1mS8,UCxKcXe7jV6h_ygmM0eNDT0Q,2023-09-29T13:51:04Z,,중립
콘서트 티켓 8분 만에 전석 매진시킨다는 버추얼 아이돌 근황 / 스브스뉴스,스브스뉴스 SUBUSUNEWS,최상위 댓글,@H1ghway,"솔직히 이해는 잘 안가지만, 취향은 존중받아야되니까여",3,2023-09-30T02:01:49Z,0,Ugx_W8uLXwxHix6cziR4AaABAg,S1bcy4h1mS8,UC9zvRHAd3kppGKr-eVXdqnw,2023-09-30T02:01:49Z,,중립
콘서트 티켓 8분 만에 전석 매진시킨다는 버추얼 아이돌 근황 / 스브스뉴스,스브스뉴스 SUBUSUNEWS,최상위 댓글,@tw08_07,화면을 다시 찍은건가... 화질이 왜 ㅋㅋ,1,2023-10-07T00:03:09Z,0,Ugw9EOYGv2PEa6bT2b14AaABAg,S1bcy4h1mS8,UCmarnWI4RTja9JMXJtMZLqg,2023-10-07T00:03:09Z,,중립
콘서트 티켓 8분 만에 전석 매진시킨다는 버추얼 아이돌 근황 / 스브스뉴스,스브스뉴스 SUBUSUNEWS,최상위 댓글,@웅치기-y1v,"솔직히 이해는 안되지만 부정적으로 보고싶지도 않네요
좋은세상 좋아하는 일 하면서 즐겁게들 사시길...",5,2023-09-29T06:40:56Z,0,UgyTYdfyOVJMyqmxeud4AaABAg,S1bcy4h1mS8,UCqJHS15EpD6PGMul0gdaJSA,2023-09-29T06:40:56Z,,긍정
콘서트 티켓 8분 만에 전석 매진시킨다는 버추얼 아이돌 근황 / 스브스뉴스,스브스뉴스 SUBUSUNEWS,최상위 댓글,@eccentric_late_spring,"얼마나 자존감이 개박살이 났으면 남 좋아하는 걸 욕하면서 우월감 느끼고 그럼? 진심 패드립은 안하는 편인데, 이런 애들은 ㄹㅇ 부모님 한테 뭐 배우고 살았는지 궁금함",6,2024-01-25T11:48:08Z,0,Ugw9rLoG9j5AbjArEEd4AaABAg,S1bcy4h1mS8,UCKFncMrxjwei-mx2ZNrSnTA,2024-01-25T11:48:08Z,,긍정
콘서트 티켓 8분 만에 전석 매진시킨다는 버추얼 아이돌 근황 / 스브스뉴스,스브스뉴스 SUBUSUNEWS,최상위 댓글,@모렌-j6t,엄 준 식,0,2023-09-28T10:23:51Z,0,UgzRgn4qLSSh3l2dVJV4AaABAg,S1bcy4h1mS8,UCoge-lx7wpl4cuGekY9kWqA,2023-09-28T10:23:51Z,,중립
콘서트 티켓 8분 만에 전석 매진시킨다는 버추얼 아이돌 근황 / 스브스뉴스,스브스뉴스 SUBUSUNEWS,최상위 댓글,@박도원-s7u,우욱.. 이거보니 옛날 일본에 3d 미쿠? 영상 보면서 비웃었던거 생각남 취향 존..중,7,2023-09-29T09:54:56Z,0,UgwXsHj3mRScgaGmjS54AaABAg,S1bcy4h1mS8,UCfNPRn9L7AawKwJZUs1bRpA,2023-09-29T09:54:56Z,,중립
콘서트 티켓 8분 만에 전석 매진시킨다는 버추얼 아이돌 근황 / 스브스뉴스,스브스뉴스 SUBUSUNEWS,최상위 댓글,@Yeseo_____________________C,청순요정 아이네! 모시깽이 징버거! ㄱㅇㅇ 릴파! 홍조여신 주르르! 예능천재 고세구! 음색요정 비챤! 사랑해 킹아!!❤,3,2023-10-05T08:50:59Z,1,UgwNwL_qeExIVlZfeiV4AaABAg,S1bcy4h1mS8,UC0l5fu5DGfTDzxjkoe_wu3w,2023-10-05T08:50:59Z,,긍정
콘서트 티켓 8분 만에 전석 매진시킨다는 버추얼 아이돌 근황 / 스브스뉴스,스브스뉴스 SUBUSUNEWS,대댓글,@18182sjw,700,0,2024-07-27T08:54:34Z,0,UgwNwL_qeExIVlZfeiV4AaABAg.9vUD9uMi_X7A6OOsBBI34R,S1bcy4h1mS8,UCWG7n2CRha6Zp-WfNg9zbIw,2024-07-27T08:54:34Z,UgwNwL_qeExIVlZfeiV4AaABAg,중립
콘서트 티켓 8분 만에 전석 매진시킨다는 버추얼 아이돌 근황 / 스브스뉴스,스브스뉴스 SUBUSUNEWS,최상위 댓글,@llllllllllllllllllllllllll-z2g,"이세돌의 조상은 아담입니다. 시대를 너무 앞서나간 나머지 시공간을 초월해버린 그는 지금 처럼 풀트래킹으로 움직이는게
아닌 한땀한땀 모션을 만들어야 했기에 1집내고 제작비 문제로 파산했습니다. 묘지에가서 조상님을 맞이하세요.",4,2024-02-27T17:34:17Z,0,UgxWmtvXOyR12D9Jz5N4AaABAg,S1bcy4h1mS8,UC4s7fMOLDFkhrewLTicSmwQ,2024-02-27T17:34:17Z,,중립
콘서트 티켓 8분 만에 전석 매진시킨다는 버추얼 아이돌 근황 / 스브스뉴스,스브스뉴스 SUBUSUNEWS,최상위 댓글,@lee_meoo,"일단 충분히 신기할 수 있고 충분히 이상해보일 수도 있고 충분히 거부감을 느낄 수도 있음 그냥 그럴 땐 뒤돌아서 갈 길 가면 되는거야
얼굴이나 형태 없이도 그 사람 자체에 호감이 가는 경우 있잖아 단지 거기에 가상현실이라는 매개체를 끼운 것 뿐이지
그런데 별로면 그냥 이런 문화는 아직 나에게 별로인가 보구나 하고서 관심을 끄면 됨
제발 알아달라고 한 적도 없고 같이 응원해달라고 한 적도 없음 단지, 노래 하나는 참 좋으니까 한 번은 들어봐 라는 레파토리가 흔하긴 할 뿐이지
겨울봄, 키딩, 오버는 평범한 사람들이 들어도 꽤 괜찮은 곡들이니까 신기하다고 생각되면 들어보는 것을 추천함
그리고 그룹 맏이인 아이네님 유튜브 영상은 잔잔해서 라디오처럼 틀어놓고 일하기 참 좋음
그러다보면 갑자기 툭 빠지는 사람도 있는 거고, 다른 대중적인 쪽으로 되돌아가는 사람도 있는 거임
근데 7개월 지난 영상에 아직도 꾸준히 댓글 달리는 거 참 신기하다 역시 이런 게 동영상 플랫폼이긴 하지만",3,2024-04-29T00:41:43Z,0,UgxU_q2kSZi4Gr7SpCh4AaABAg,S1bcy4h1mS8,UCdRQ1QSbPhY9aMu6vurIV4A,2024-04-29T00:45:00Z,,중립
콘서트 티켓 8분 만에 전석 매진시킨다는 버추얼 아이돌 근황 / 스브스뉴스,스브스뉴스 SUBUSUNEWS,최상위 댓글,@트리모-p3b,바둑기사 라는 말만 안나왔으면 좋겠다,2,2023-12-24T15:26:09Z,0,UgySTbO8fZyQmjoM9Q94AaABAg,S1bcy4h1mS8,UC3LHWWGvNK7IQ5xIrgf0fTw,2023-12-24T15:26:09Z,,중립
콘서트 티켓 8분 만에 전석 매진시킨다는 버추얼 아이돌 근황 / 스브스뉴스,스브스뉴스 SUBUSUNEWS,최상위 댓글,@90Annique,깎아내리는 사람들이 많아졌다는건 그만큼 이세돌이 성공했다는 반증이지 너무 킹아 이세돌 앞으로도 화이팅!,2,2023-09-28T19:07:17Z,0,UgzaT3R62Lhn-FZMjaB4AaABAg,S1bcy4h1mS8,UC8GHeQ8htvBbDGFEOaz0kng,2023-09-28T19:07:17Z,,중립
콘서트 티켓 8분 만에 전석 매진시킨다는 버추얼 아이돌 근황 / 스브스뉴스,스브스뉴스 SUBUSUNEWS,최상위 댓글,@owo99-n4f,"근데 정말 나중에 메타버스 가상현실이 좀더 발전해서 
버츄얼 아이돌을 가상현실안에서 직접 보고 즐길수있으면 진짜 재밌을듯 
솔직히 지금은 그냥 동영상틀어주는 급이고 ...",0,2024-02-22T09:47:08Z,1,Ugw3glBSjn5E-rA8lVd4AaABAg,S1bcy4h1mS8,UCeQEK28xnXsOFbeTciHaz8A,2024-02-22T09:47:08Z,,긍정
콘서트 티켓 8분 만에 전석 매진시킨다는 버추얼 아이돌 근황 / 스브스뉴스,스브스뉴스 SUBUSUNEWS,대댓글,@JwJ-rawn,이미 했어요 vr써서 들어가서,0,2024-03-03T15:12:40Z,0,Ugw3glBSjn5E-rA8lVd4AaABAg.A06nsdk7RwZA0X84dSfkyI,S1bcy4h1mS8,UC1IjSmaNrj8g6_t5muKgdow,2024-03-03T15:12:40Z,Ugw3glBSjn5E-rA8lVd4AaABAg,중립
콘서트 티켓 8분 만에 전석 매진시킨다는 버추얼 아이돌 근황 / 스브스뉴스,스브스뉴스 SUBUSUNEWS,최상위 댓글,@mad_red_flower,레전드❤,1,2023-10-03T09:40:15Z,2,UgyY-8YQ16lgB4CN9IN4AaABAg,S1bcy4h1mS8,UCASO4YsVboOeJOL6XHxo9XA,2023-10-03T09:40:15Z,,중립
콘서트 티켓 8분 만에 전석 매진시킨다는 버추얼 아이돌 근황 / 스브스뉴스,스브스뉴스 SUBUSUNEWS,대댓글,@푸바오도축업자,니인생이 레전드 ❤❤,1,2023-10-05T10:13:22Z,0,UgyY-8YQ16lgB4CN9IN4AaABAg.9vP9CxfGEkM9vUMaJjMvu5,S1bcy4h1mS8,UC4f8XCWOPzVR4wYJKsiIIuw,2023-10-05T10:13:22Z,UgyY-8YQ16lgB4CN9IN4AaABAg,중립
콘서트 티켓 8분 만에 전석 매진시킨다는 버추얼 아이돌 근황 / 스브스뉴스,스브스뉴스 SUBUSUNEWS,대댓글,@푸바오도축업자,@jg2string 어어 쿵쿵대지마라..,0,2023-10-23T01:55:44Z,0,UgyY-8YQ16lgB4CN9IN4AaABAg.9vP9CxfGEkM9wBoxEakgnW,S1bcy4h1mS8,UC4f8XCWOPzVR4wYJKsiIIuw,2025-03-13T12:10:10Z,UgyY-8YQ16lgB4CN9IN4AaABAg,중립
콘서트 티켓 8분 만에 전석 매진시킨다는 버추얼 아이돌 근황 / 스브스뉴스,스브스뉴스 SUBUSUNEWS,최상위 댓글,@Whiteolive43,나 저런 버튜버 팬은 아닌데 정말 궁금해서 묻는 거거든. 존잘 존예 인플루언서 또는 슈퍼 스타가 이세돌 팬이라고 하면 대중들 어떻게 반응할 지 궁금함.,3,2023-12-19T05:15:58Z,4,UgyW7jsiftj5ba7230N4AaABAg,S1bcy4h1mS8,UCMv-W5Pim6Dft_TUXGQqGEw,2023-12-19T05:15:58Z,,중립
콘서트 티켓 8분 만에 전석 매진시킨다는 버추얼 아이돌 근황 / 스브스뉴스,스브스뉴스 SUBUSUNEWS,대댓글,@nulchi_R,...쓸데 없지만 너무 궁금하다...,3,2023-12-19T09:28:58Z,0,UgyW7jsiftj5ba7230N4AaABAg.9yUxAevldnh9yVP7mGs838,S1bcy4h1mS8,UCt8twUtMIhwWjClbkjhu0tQ,2023-12-19T09:28:58Z,UgyW7jsiftj5ba7230N4AaABAg,중립
콘서트 티켓 8분 만에 전석 매진시킨다는 버추얼 아이돌 근황 / 스브스뉴스,스브스뉴스 SUBUSUNEWS,대댓글,@jhgyudfgd,벌써 헤일리 자이언티 행주 팬이라고 일반인들 사이에서도 소문났는데 뭐 ㅋㅋㅋㅋㅋㅋ,16,2023-12-21T09:13:47Z,0,UgyW7jsiftj5ba7230N4AaABAg.9yUxAevldnh9y_WzJOsgIn,S1bcy4h1mS8,UCYiE20eamo7j-Pbq373e-tQ,2023-12-21T09:13:47Z,UgyW7jsiftj5ba7230N4AaABAg,중립
콘서트 티켓 8분 만에 전석 매진시킨다는 버추얼 아이돌 근황 / 스브스뉴스,스브스뉴스 SUBUSUNEWS,대댓글,@t1goseguman,닛몰캐쉬,5,2024-01-14T14:14:16Z,0,UgyW7jsiftj5ba7230N4AaABAg.9yUxAevldnh9zYrS5peNZv,S1bcy4h1mS8,UCzWEFLlavqYrJOKFJYX9kGw,2024-01-14T14:14:16Z,UgyW7jsiftj5ba7230N4AaABAg,중립
콘서트 티켓 8분 만에 전석 매진시킨다는 버추얼 아이돌 근황 / 스브스뉴스,스브스뉴스 SUBUSUNEWS,대댓글,@flyingdog-11,연예인이파리 의외로 많음,0,2024-06-17T08:44:01Z,0,UgyW7jsiftj5ba7230N4AaABAg.9yUxAevldnhA4mNrsHwIlT,S1bcy4h1mS8,UCh7qWJLZg7vct8kDDTItJtg,2024-06-17T08:44:01Z,UgyW7jsiftj5ba7230N4AaABAg,중립
콘서트 티켓 8분 만에 전석 매진시킨다는 버추얼 아이돌 근황 / 스브스뉴스,스브스뉴스 SUBUSUNEWS,최상위 댓글,@gedwed6715,어.. 밖으로 나오는건 너무 이른 것 같은데 이젠 멈출 수가 없는거 같다 ㄹㅇ..,1,2023-09-29T10:18:41Z,0,Ugy4QE481dbIGiNhhsV4AaABAg,S1bcy4h1mS8,UCVLS3dvPbsuGQk9MTz2lRUA,2023-09-29T10:18:58Z,,중립
콘서트 티켓 8분 만에 전석 매진시킨다는 버추얼 아이돌 근황 / 스브스뉴스,스브스뉴스 SUBUSUNEWS,최상위 댓글,@torodkdnsb,"테헹... AI와 애니와 이세돌은 다 다르다는걸 이해 못하고 댓글 다는 사람들 좀 있는 것 같음
* AI : 안에 사람 없음 / 모든게 가상 (사람이 하는게 없음)
* 애니 캐릭터 : 안에 사람 있음(성우) / 모든게 가상(애니 캐릭터 설정) / 안에 있는 사람과 캐릭터는 별개
* 이세계아이돌 : 안에 사람 있음(개별 멤버) / 약간의 메타버스적 요소(캐릭터별 설정) 외에는 모든게 현실 사람과 연동(매일 방송, 실시간 소통 가능) 

이 차이를 이해하지 못하면 저런 메타버스 아이돌을 이해할 수가 없음
이해가 되건 안되건 시대는 변했고, 시장은 형성됐고 그걸 대부분이 받아들일 시간도 머지 않은 듯",10,2023-09-28T15:38:28Z,0,UgxfOGMj8a-b80kFA6Z4AaABAg,S1bcy4h1mS8,UCx5a0Kxkz5x1-ZczUVLW7Lg,2023-09-28T15:38:28Z,,중립
콘서트 티켓 8분 만에 전석 매진시킨다는 버추얼 아이돌 근황 / 스브스뉴스,스브스뉴스 SUBUSUNEWS,최상위 댓글,@김승우-o4s,존중합니다.,8,2023-09-28T15:03:00Z,0,UgzT5sFMFPUgFHnv8t14AaABAg,S1bcy4h1mS8,UCJW-Jk5AEvd5pM4TLQ9De-w,2023-09-28T15:03:00Z,,중립
콘서트 티켓 8분 만에 전석 매진시킨다는 버추얼 아이돌 근황 / 스브스뉴스,스브스뉴스 SUBUSUNEWS,최상위 댓글,@보리승,이번기회로 인식이 많이 바꼈을거라 믿는다 나의자랑스런 아이돌❤,2,2024-01-09T19:18:51Z,0,Ugx4lVju_IPtcy04sRt4AaABAg,S1bcy4h1mS8,UCNDY4cFMQYbIPHxqAPy1AAw,2024-01-09T19:18:51Z,,중립
콘서트 티켓 8분 만에 전석 매진시킨다는 버추얼 아이돌 근황 / 스브스뉴스,스브스뉴스 SUBUSUNEWS,최상위 댓글,@namjungnaee,릴파~~~~~*##*#*#*#::#아아아아아아아아아아아아아 릴파님 사랑해요★♥♥♥♥,3,2023-12-26T11:01:01Z,0,Ugx2x4Hyg0PGdoNRnGR4AaABAg,S1bcy4h1mS8,UCvQaiqBZo57tQ9HaGUxuaBg,2023-12-26T11:01:01Z,,긍정
콘서트 티켓 8분 만에 전석 매진시킨다는 버추얼 아이돌 근황 / 스브스뉴스,스브스뉴스 SUBUSUNEWS,최상위 댓글,@덕후나무늘보,"뭐랄까 스브스뉴스에서 이세계아이돌에 대해 영상이 올라올지 몰랐는데

뭔가 신기하면서 기쁘면서 뿌듯한 감정이 드네요

근데 인천에서 저런 페스트벌이 있는줄도 몰랐고 거기에 이세계아이돌분들과 잠깐보니 왁굳멤버들도 참여한듯 한데 전혀 몰랐네요

다음엔 정보를 더 넓게 봐둬야 겠네요

쨌든 여러모로 돛에 바람을 탄것마냥 순탄히 꽃길을 걸어가는듯해 시청자로써 나쁘지 않네요

이세돌 화이팅입니다 킹아~😊",5,2023-09-28T10:16:56Z,0,Ugzz5tq4Uyw0Mc2yCLN4AaABAg,S1bcy4h1mS8,UCPedKtR1Z8DLS0YovEfs5ww,2023-09-28T10:16:56Z,,부정
콘서트 티켓 8분 만에 전석 매진시킨다는 버추얼 아이돌 근황 / 스브스뉴스,스브스뉴스 SUBUSUNEWS,최상위 댓글,@정현컨볼유튜브,SBS 합류해라,1,2025-07-16T12:01:31Z,0,UgzfO_LUF_ZTZoOqL-J4AaABAg,S1bcy4h1mS8,UCNDVOTuE_RFI4fLpjGc-5ag,2025-07-16T12:01:31Z,,중립
콘서트 티켓 8분 만에 전석 매진시킨다는 버추얼 아이돌 근황 / 스브스뉴스,스브스뉴스 SUBUSUNEWS,최상위 댓글,@babysoundungae,?? : 테헹~ 어~ 스브스? 아 올라왔다고?  어 킹애~,3,2023-09-29T01:00:44Z,0,UgwKkYsHqO9TGRbhKch4AaABAg,S1bcy4h1mS8,UC-8TjvuH1NMU6Q1DqUWyxxA,2023-09-29T01:00:44Z,,중립
콘서트 티켓 8분 만에 전석 매진시킨다는 버추얼 아이돌 근황 / 스브스뉴스,스브스뉴스 SUBUSUNEWS,최상위 댓글,@jeongjeong8227,이세돌 그것은 신이다,1,2023-10-09T11:08:07Z,1,UgyUY3ja4hK0Xrnh-sZ4AaABAg,S1bcy4h1mS8,UCqXNaPoBvGnOgCuMdhnfZlw,2023-10-09T11:08:07Z,,중립
콘서트 티켓 8분 만에 전석 매진시킨다는 버추얼 아이돌 근황 / 스브스뉴스,스브스뉴스 SUBUSUNEWS,대댓글,@위코,사실상 우왁굳이 신이다,1,2023-10-10T13:23:44Z,0,UgyUY3ja4hK0Xrnh-sZ4AaABAg.9vdl1m83uMU9vg_Lvl30O_,S1bcy4h1mS8,UCP1ROooiuF8NClu_tnoeqdQ,2023-10-10T13:23:44Z,UgyUY3ja4hK0Xrnh-sZ4AaABAg,중립
콘서트 티켓 8분 만에 전석 매진시킨다는 버추얼 아이돌 근황 / 스브스뉴스,스브스뉴스 SUBUSUNEWS,최상위 댓글,@Berkut7411_ddulgi,스브스에도 나오는 우리 아이돌 최고다!! 이세계 페스티벌 너무 좋았고 앞으로도 더 좋은 모습 더 좋은 노래도 쭉쭉 뻗어나가는 이세돌 되길 바랍니다 이세돌 영원히!! 💜💛💙❤🩵💚,4,2023-09-28T10:51:29Z,0,UgyybFqRhnvUcWCH0854AaABAg,S1bcy4h1mS8,UCQhWKGy_hlsVwHcCV2WJHwA,2023-09-28T10:51:29Z,,긍정
콘서트 티켓 8분 만에 전석 매진시킨다는 버추얼 아이돌 근황 / 스브스뉴스,스브스뉴스 SUBUSUNEWS,최상위 댓글,@S4RUN,이세돌 영원해!!!!,3,2023-09-29T14:58:29Z,0,UgwSFAA5b5Q3gsAXhaJ4AaABAg,S1bcy4h1mS8,UC5c4s_YnyNYKPUlki-OqHhg,2023-09-29T14:58:29Z,,중립
콘서트 티켓 8분 만에 전석 매진시킨다는 버추얼 아이돌 근황 / 스브스뉴스,스브스뉴스 SUBUSUNEWS,최상위 댓글,@김동그라미-c1v,팬치입니다 궁금한게 저 페스티벌 공연에서도 직접 다 움직이신건가요? 아니면 미리 작업해놓은대로 움직이신건가요 아니면 말이나 노래만 하신건가요 궁금하네요,0,2023-10-03T06:34:57Z,1,UgxTYl5D7c8G2BS9uOp4AaABAg,S1bcy4h1mS8,UCSww6E4ZFTvIxInztBpj-Yw,2023-10-03T06:34:57Z,,중립
콘서트 티켓 8분 만에 전석 매진시킨다는 버추얼 아이돌 근황 / 스브스뉴스,스브스뉴스 SUBUSUNEWS,대댓글,@rigmaya2756,"녹화입니다. 아마 현장에서는 디스플레이 때문에 멀리서는 홀로그램처럼 보였을 수도 있습니다. 

라이브가 아닌 녹화인 이유는 모션 캡쳐 실시간이 상당히 힘든 부분이 많기 때문입니다. 예를 들어 실제 사람과 캐릭터의 비율이 다르면 팔이 몸을 파고드는 현상이 많이 보입니다. 그래서 보통은 모캡 데이터를 그대로 쓰는게 아니라 애니메이터가 위와 같은 문제를 수정하고, 수정된 데이터를 씁니다. 그렇게 수정된 애니메이션 데이터에 캐릭터를 입히고 무대에 올려 녹화를 한 것입니다. 이건 어쩔 수 없는 기술력의 한계ㅠㅠ

하지만 플레이브 같은 경우는 전문 cg 회사가 붙어 있으니 해당 부분에 대한 연구가 가능해졌고 그 부분을 상당히 개선하여 이번에 라이브로 진행했다고 들었습니다. 기술이 점점 발전하고 있으니 어쩌면 진짜 찐 라이브도 가능할 것 같네요. ㅎㅎ",0,2023-10-08T16:23:29Z,0,UgxTYl5D7c8G2BS9uOp4AaABAg.9vOp-lROWp99vbkKmkouMa,S1bcy4h1mS8,UCB-U3qNNlgLJbAVpz4kBbsw,2023-10-08T16:23:29Z,UgxTYl5D7c8G2BS9uOp4AaABAg,중립
콘서트 티켓 8분 만에 전석 매진시킨다는 버추얼 아이돌 근황 / 스브스뉴스,스브스뉴스 SUBUSUNEWS,최상위 댓글,@와진짜이걸아니리얼,"악플러들 ㅈㄴ 하찮아 보이는 이유...

2년전의 우리들이기 때문 ㅋㅋㅋㅋㅋㅋㅋㅋ 우리도 이렇게 좋아할줄 몰랐어",17,2023-09-29T03:10:53Z,4,UgxsVCxF9ePcrkQE8wJ4AaABAg,S1bcy4h1mS8,UCCHuIAZJIocJNWi994YBOHw,2023-09-29T03:10:53Z,,긍정
콘서트 티켓 8분 만에 전석 매진시킨다는 버추얼 아이돌 근황 / 스브스뉴스,스브스뉴스 SUBUSUNEWS,대댓글,@GTO_423,그건 절대 아닌듯,7,2023-09-29T09:21:50Z,0,UgxsVCxF9ePcrkQE8wJ4AaABAg.9vE9Thkhm8j9vEovYsyatU,S1bcy4h1mS8,UClQEXQAx4TxQUkpS0QIRDsQ,2023-09-29T09:21:50Z,UgxsVCxF9ePcrkQE8wJ4AaABAg,중립
콘서트 티켓 8분 만에 전석 매진시킨다는 버추얼 아이돌 근황 / 스브스뉴스,스브스뉴스 SUBUSUNEWS,대댓글,@üsaschie,아 ㅋㅋㅋㅋㅋㅋㅋㅋㅋㅋㅋㅋㅋ,0,2023-09-29T13:05:43Z,0,UgxsVCxF9ePcrkQE8wJ4AaABAg.9vE9Thkhm8j9vFDYO8a-FP,S1bcy4h1mS8,UColS-NuTev9haaheRpVyRWw,2023-09-29T13:05:43Z,UgxsVCxF9ePcrkQE8wJ4AaABAg,중립
콘서트 티켓 8분 만에 전석 매진시킨다는 버추얼 아이돌 근황 / 스브스뉴스,스브스뉴스 SUBUSUNEWS,대댓글,@ururunururun,"'싫어했다', '이해 못 했다' 뿐이지 불호층 모두가 '악플러'는 아니지... 
단순한 불호층이랑 악플달고있는 ㅅㄲ들이랑 같은 취급 좀 하지마라 이런 답답한 ㅅㄲ들 졸라많네",0,2023-10-06T06:42:06Z,0,UgxsVCxF9ePcrkQE8wJ4AaABAg.9vE9Thkhm8j9vWZCn37AaI,S1bcy4h1mS8,UCc2ZoXEvzgqQPdFoAD0KLew,2023-10-06T06:42:06Z,UgxsVCxF9ePcrkQE8wJ4AaABAg,부정
콘서트 티켓 8분 만에 전석 매진시킨다는 버추얼 아이돌 근황 / 스브스뉴스,스브스뉴스 SUBUSUNEWS,대댓글,@bewhy7656,악플러가 아니라 해당은 안되긴한데 저는 우왁굳님 재밌어서 많이 보는 사람인데 이세돌 처음 시작 되었을 때부터 지금까지 여전히 잘 이해도 안되고 별로 좋아하지도 않네요.. 본인들이 하고 싶어하고 팬들이 좋아하니 할 말은 당연히 없지만요,0,2023-10-06T19:43:42Z,0,UgxsVCxF9ePcrkQE8wJ4AaABAg.9vE9Thkhm8j9vXxeQfu_sD,S1bcy4h1mS8,UCzUY0OnWBeL5zfMzcf857VQ,2023-10-06T19:43:42Z,UgxsVCxF9ePcrkQE8wJ4AaABAg,긍정
콘서트 티켓 8분 만에 전석 매진시킨다는 버추얼 아이돌 근황 / 스브스뉴스,스브스뉴스 SUBUSUNEWS,최상위 댓글,@다롱이팬,혜지 많이 귀엽네❤,0,2024-08-06T15:24:09Z,0,Ugxoe6yyzwvgaKR631l4AaABAg,S1bcy4h1mS8,UC-2OkTxkAqiw8GQIHQcw3nA,2024-08-06T15:24:09Z,,중립
콘서트 티켓 8분 만에 전석 매진시킨다는 버추얼 아이돌 근황 / 스브스뉴스,스브스뉴스 SUBUSUNEWS,최상위 댓글,@김명원-i1p,가상이 아니라.... 사람이 있어요...,1,2023-10-02T14:32:39Z,0,UgwQDpowPlROOccgCKl4AaABAg,S1bcy4h1mS8,UC3jLQyEKq6MRSWPg3wfwVUw,2023-10-02T14:32:39Z,,중립
콘서트 티켓 8분 만에 전석 매진시킨다는 버추얼 아이돌 근황 / 스브스뉴스,스브스뉴스 SUBUSUNEWS,최상위 댓글,@아기박쥐-d2v,1:30 ???:안에 사람이 있어요,3,2023-09-30T06:22:24Z,0,UgxxR-t5gjnbcJ1GsF54AaABAg,S1bcy4h1mS8,UCORK7ea3a79T3j-V8_t5LBQ,2023-09-30T06:22:24Z,,중립
콘서트 티켓 8분 만에 전석 매진시킨다는 버추얼 아이돌 근황 / 스브스뉴스,스브스뉴스 SUBUSUNEWS,최상위 댓글,@Cargold_,"이세계아이돌? 처음 봤지만 알잘딱하고 모시깽이하게 킹아스러운 것이 아주 레게노네요. 테헹~
여하튼 축하드립니다. 해피 버스 데이 투유~~ 앙 기모띠!!!",1,2023-09-30T12:35:19Z,1,Ugy-yO4MHT6KTf-F4_J4AaABAg,S1bcy4h1mS8,UCC3dCEuLWdk5SgAgbGm9nVg,2023-09-30T12:35:48Z,,중립
콘서트 티켓 8분 만에 전석 매진시킨다는 버추얼 아이돌 근황 / 스브스뉴스,스브스뉴스 SUBUSUNEWS,대댓글,@Doguman326,제 생일인데 감사합니다!,0,2023-09-30T13:20:26Z,0,Ugy-yO4MHT6KTf-F4_J4AaABAg.9vHjre4CItG9vHp1-z7OQV,S1bcy4h1mS8,UCUaFMcYCwy0j1HeQyaJ3wtQ,2023-09-30T13:20:26Z,Ugy-yO4MHT6KTf-F4_J4AaABAg,긍정
콘서트 티켓 8분 만에 전석 매진시킨다는 버추얼 아이돌 근황 / 스브스뉴스,스브스뉴스 SUBUSUNEWS,최상위 댓글,@시로-u5n,"2만, 실시간 시청자 6만 ㅋㅋ",1,2023-09-28T09:49:46Z,1,UgyamB_GKt82OmBP99Z4AaABAg,S1bcy4h1mS8,UCufsi7POJuxXbTJiDs5s4Mg,2023-09-28T09:49:46Z,,중립
콘서트 티켓 8분 만에 전석 매진시킨다는 버추얼 아이돌 근황 / 스브스뉴스,스브스뉴스 SUBUSUNEWS,대댓글,@flyingdog-11,+cgv시청자까지 합하면 약 6.5만명 정도가 봤을듯요,0,2023-09-28T14:40:44Z,0,UgyamB_GKt82OmBP99Z4AaABAg.9vCIKI6NA8J9vCocRAuJRJ,S1bcy4h1mS8,UCh7qWJLZg7vct8kDDTItJtg,2023-09-28T14:40:44Z,UgyamB_GKt82OmBP99Z4AaABAg,중립
콘서트 티켓 8분 만에 전석 매진시킨다는 버추얼 아이돌 근황 / 스브스뉴스,스브스뉴스 SUBUSUNEWS,최상위 댓글,@colosus0213,진짜 우리 아이돌 최고다...,2,2023-09-29T00:08:28Z,0,Ugz_ayzqZx0lyGr1aZB4AaABAg,S1bcy4h1mS8,UCBQ_8cWy3CZo3PRguQRlqYw,2023-09-29T00:08:28Z,,긍정
콘서트 티켓 8분 만에 전석 매진시킨다는 버추얼 아이돌 근황 / 스브스뉴스,스브스뉴스 SUBUSUNEWS,최상위 댓글,@Spddng7,"청순보컬 아이네 💜
모시깽이 징버거 💛
ㄱㅇㅇ 릴파 🖤
홍조여신 주르르 ❤
예능천재 고세구 💙
음색요정 비챤 💚

이세돌 사랑해!!💜💛🖤❤💙💚",5,2023-09-29T13:47:29Z,0,Ugz2ZGOjI10rJ-n6hrZ4AaABAg,S1bcy4h1mS8,UCzhHcC0IahvW-oypAybOy7g,2023-09-29T13:47:29Z,,긍정
콘서트 티켓 8분 만에 전석 매진시킨다는 버추얼 아이돌 근황 / 스브스뉴스,스브스뉴스 SUBUSUNEWS,최상위 댓글,@tuwd-v6o,생각보다 노래가 좋아서 놀람,2,2023-09-30T07:25:52Z,0,UgycRKA-dOdDTIjXUXF4AaABAg,S1bcy4h1mS8,UCuee3Y3_m6VLSrP5EBgCHwA,2023-09-30T07:25:52Z,,긍정
콘서트 티켓 8분 만에 전석 매진시킨다는 버추얼 아이돌 근황 / 스브스뉴스,스브스뉴스 SUBUSUNEWS,최상위 댓글,@인소의법칙_이루다,데못죽은 버츄얼 안하냐,0,2024-02-04T07:23:04Z,0,UgzI5eIznAl7nK8tOsl4AaABAg,S1bcy4h1mS8,UCKKmKHAZcXIGCiksCv3UJjQ,2024-02-04T07:23:04Z,,중립
콘서트 티켓 8분 만에 전석 매진시킨다는 버추얼 아이돌 근황 / 스브스뉴스,스브스뉴스 SUBUSUNEWS,최상위 댓글,@user-wp2fd7zo4v,세상이 나를 상대로 몰카를 하는건가...?,14,2023-09-29T13:03:21Z,1,UgyqzP-bI-eQ_qKq4Y94AaABAg,S1bcy4h1mS8,UCkXifA7g2Dgs730Jnn0er3Q,2023-09-29T13:03:21Z,,중립
콘서트 티켓 8분 만에 전석 매진시킨다는 버추얼 아이돌 근황 / 스브스뉴스,스브스뉴스 SUBUSUNEWS,대댓글,@juwngdokja,응 진실이야~,0,2023-09-30T02:37:08Z,0,UgyqzP-bI-eQ_qKq4Y94AaABAg.9vFDH0YDJ_G9vGfPNqHigQ,S1bcy4h1mS8,UCOj7qp_iJLd2A904yuxBvJg,2023-09-30T02:37:08Z,UgyqzP-bI-eQ_qKq4Y94AaABAg,중립
콘서트 티켓 8분 만에 전석 매진시킨다는 버추얼 아이돌 근황 / 스브스뉴스,스브스뉴스 SUBUSUNEWS,최상위 댓글,@花樣年華GO,2:30 웃참터졋네 ㅋㅋㅋㅋㅋㅋㅋㅋㅋㅋㅋㅋㅋㅋㅋㅋㅋㅋㅋㅋ이거 뭔데,2,2023-09-29T14:34:03Z,0,Ugx9AFOaAIn7Fa0fqAN4AaABAg,S1bcy4h1mS8,UC0mtViw5BPFF-7HkDjki3Yg,2023-09-29T14:34:39Z,,중립
콘서트 티켓 8분 만에 전석 매진시킨다는 버추얼 아이돌 근황 / 스브스뉴스,스브스뉴스 SUBUSUNEWS,최상위 댓글,@JujutsuKaisen-35g,내가 가장 좋아하는 아이돌 ❤,2,2024-01-13T01:32:31Z,0,UgzBACvK8VDkWn6jrhV4AaABAg,S1bcy4h1mS8,UCn5zGB-0n4DUMSzmxiaQrqw,2024-01-13T01:32:31Z,,긍정
콘서트 티켓 8분 만에 전석 매진시킨다는 버추얼 아이돌 근황 / 스브스뉴스,스브스뉴스 SUBUSUNEWS,최상위 댓글,@sjrnfl1914,하츠네 미쿠 3D 공연장 욕하더니 똑같아 졌노 ㅠ,5,2023-09-29T12:18:38Z,1,Ugz_4GulmkJFVWq2vxZ4AaABAg,S1bcy4h1mS8,UCioOBxhqCfZ-l_WVpKDoWKw,2023-09-29T12:18:38Z,,중립
콘서트 티켓 8분 만에 전석 매진시킨다는 버추얼 아이돌 근황 / 스브스뉴스,스브스뉴스 SUBUSUNEWS,대댓글,@usergoatgg,아무래도 그때보다 시간이 많이흘러서 서브컬쳐에 유입이 좀 생긴듯?,0,2023-11-05T05:34:06Z,0,Ugz_4GulmkJFVWq2vxZ4AaABAg.9vF89VdIk0h9wigH-fOv3v,S1bcy4h1mS8,UCcvzHQyFen07y1OirRb7lfg,2023-11-05T05:34:06Z,Ugz_4GulmkJFVWq2vxZ4AaABAg,중립
콘서트 티켓 8분 만에 전석 매진시킨다는 버추얼 아이돌 근황 / 스브스뉴스,스브스뉴스 SUBUSUNEWS,최상위 댓글,@user5667-l1r,"내가 이세돌을 입덕하게 된 이유의 첫번째는 왁굳형이 만들었기 때문 이였는데 이렇게 깊게 빠져들게 된 이유는 이세돌 안의 사람에게 반했기 때문임. 캐릭터들이 화려하고 예쁘기도 해서 몰입이 되기도 하지만 방송을 보면서 이 사람이 뭘 하는지, 어떤 삶을 살아가며 또 성취하는지 그걸 엿보면서 그 사람에게 매력을 느끼고 실시간으로 소통 할 수 있기에 그런 것 같음. 또 아이돌이라는 요소가 과몰입을 해주기도 하고. 나는 왁굳형이랑 왁타버스, 이세돌을 보면서 세상의 변화를 새삼 느끼고 있기 때문에 이 사람들을 따라가고 싶다 해서 입덕이 된거고 그걸 일반인들이 일차원적으로 버츄얼 이라는 시선으로 편견만을 가지지 않았으면 좋겠음.",7,2023-09-28T15:22:35Z,0,UgwlbGWbR6alkptascZ4AaABAg,S1bcy4h1mS8,UCS484wrnZGHdvzeeJ-SENHw,2023-09-28T15:22:35Z,,중립
콘서트 티켓 8분 만에 전석 매진시킨다는 버추얼 아이돌 근황 / 스브스뉴스,스브스뉴스 SUBUSUNEWS,최상위 댓글,@Sichungjoong,이해할려해도 이해못하는영역임,20,2023-09-28T10:21:35Z,0,UgzD8iqXtsyam_CQ_f94AaABAg,S1bcy4h1mS8,UCMjvHOAm9WtV3zieMH426QQ,2023-09-28T10:21:35Z,,중립
콘서트 티켓 8분 만에 전석 매진시킨다는 버추얼 아이돌 근황 / 스브스뉴스,스브스뉴스 SUBUSUNEWS,최상위 댓글,@시온-x9n,이파리로써 저 자리에 있었던 사람으로써 너무나 자랑스럽다,3,2023-09-28T13:47:01Z,0,UgzUlqfAu4dK-067UiZ4AaABAg,S1bcy4h1mS8,UCpAHTj-TjFJiQW4MS-YZkgQ,2023-09-28T13:47:01Z,,중립
콘서트 티켓 8분 만에 전석 매진시킨다는 버추얼 아이돌 근황 / 스브스뉴스,스브스뉴스 SUBUSUNEWS,최상위 댓글,@-_-OTL,😮..마비노기 20년 해서 그런지 이질감이 없당  😊,0,2024-05-29T13:36:03Z,1,Ugw_r9xyYHbshjlrWPB4AaABAg,S1bcy4h1mS8,UC1oxKC_b10ZIO07GH5pTvTw,2024-05-29T13:36:03Z,,중립
콘서트 티켓 8분 만에 전석 매진시킨다는 버추얼 아이돌 근황 / 스브스뉴스,스브스뉴스 SUBUSUNEWS,대댓글,@개입신당,10년간 샌드박스 봐서 이질감 없이 잘 입덕했습니다 전,0,2025-06-29T12:52:28Z,0,Ugw_r9xyYHbshjlrWPB4AaABAg.A40zBAmV03AAJxZzWJjeUY,S1bcy4h1mS8,UCVacEr4NSuuz7-AW4U6s8rw,2025-06-29T12:52:28Z,Ugw_r9xyYHbshjlrWPB4AaABAg,중립
콘서트 티켓 8분 만에 전석 매진시킨다는 버추얼 아이돌 근황 / 스브스뉴스,스브스뉴스 SUBUSUNEWS,최상위 댓글,@NakGtang,버츄얼이 세상을 지배한다,3,2023-11-21T02:12:49Z,0,UgyQ5P_NMGwK2gj1oMp4AaABAg,S1bcy4h1mS8,UClsy3Eud_AuTLFOn5uikCfA,2023-11-21T02:12:49Z,,중립
콘서트 티켓 8분 만에 전석 매진시킨다는 버추얼 아이돌 근황 / 스브스뉴스,스브스뉴스 SUBUSUNEWS,최상위 댓글,@푸른산-h5z,이세돌 영원히 사랑해!!!!!!!!!!!!!!!!,2,2023-09-29T00:48:41Z,0,UgwGLAnORknOA1J8RyF4AaABAg,S1bcy4h1mS8,UCkS23hRdybveafDnJ1u4uIw,2023-09-29T01:17:08Z,,긍정
콘서트 티켓 8분 만에 전석 매진시킨다는 버추얼 아이돌 근황 / 스브스뉴스,스브스뉴스 SUBUSUNEWS,최상위 댓글,@대양제국의16인치전함,가고싶다...,0,2023-09-29T14:52:49Z,0,Ugz86L7WVM998unwsih4AaABAg,S1bcy4h1mS8,UCYFcf_t9_yoB36-fXelF-GA,2023-09-29T14:52:49Z,,중립
콘서트 티켓 8분 만에 전석 매진시킨다는 버추얼 아이돌 근황 / 스브스뉴스,스브스뉴스 SUBUSUNEWS,최상위 댓글,@지구멸망설,이세돌ㅋㅋㅋㅋㅋ ㄷㄷㄷㄷ,2,2023-10-18T17:20:39Z,0,Ugys6_F1aFPTA8RcNsZ4AaABAg,S1bcy4h1mS8,UCchfHcWSrbz0y5qqkTqRUnw,2023-10-18T17:20:39Z,,중립
콘서트 티켓 8분 만에 전석 매진시킨다는 버추얼 아이돌 근황 / 스브스뉴스,스브스뉴스 SUBUSUNEWS,최상위 댓글,@user-so5uz7wc8s,"참 어질어질하다,,,,,",12,2023-09-29T17:21:44Z,0,Ugx5n0hHfHhOvxLacwp4AaABAg,S1bcy4h1mS8,UCRFOfhilCq0ZFCcXiAkRWNw,2023-09-29T17:21:44Z,,중립
콘서트 티켓 8분 만에 전석 매진시킨다는 버추얼 아이돌 근황 / 스브스뉴스,스브스뉴스 SUBUSUNEWS,최상위 댓글,@겡-h2j,팬덤이 꽤나 크고 단단한가보네.. ㄷ,2,2023-09-28T23:35:55Z,0,UgxFG0bBT-lE1Y90r094AaABAg,S1bcy4h1mS8,UC0AFi68YU0PblmW6EVCYwbA,2023-09-28T23:35:55Z,,중립
콘서트 티켓 8분 만에 전석 매진시킨다는 버추얼 아이돌 근황 / 스브스뉴스,스브스뉴스 SUBUSUNEWS,최상위 댓글,@Rhfhddl,몇개월 전까지만 해도 욕하던 사람들 프사 이세돌로 바뀐거보고 개터졌음ㅋㅋㅋㅋ 나도 그중에 하나고...,13,2023-10-01T07:30:12Z,1,UgxoV2aXGYQ3tJskz1N4AaABAg,S1bcy4h1mS8,UC8Nq_XgTFS8l2NdG-j2E6Eg,2023-10-01T07:30:12Z,,중립
콘서트 티켓 8분 만에 전석 매진시킨다는 버추얼 아이돌 근황 / 스브스뉴스,스브스뉴스 SUBUSUNEWS,대댓글,@푸바오도축업자,그런사람 없는뎅 ㅠㅠ,0,2023-10-05T10:18:12Z,0,UgxoV2aXGYQ3tJskz1N4AaABAg.9vJljmN9X8W9vUN8fOmqL-,S1bcy4h1mS8,UC4f8XCWOPzVR4wYJKsiIIuw,2023-10-05T10:18:12Z,UgxoV2aXGYQ3tJskz1N4AaABAg,중립
콘서트 티켓 8분 만에 전석 매진시킨다는 버추얼 아이돌 근황 / 스브스뉴스,스브스뉴스 SUBUSUNEWS,최상위 댓글,@WWC22z,이랬던 애들이 지금은 😂,2,2025-12-17T19:22:42Z,2,UgwrooMBrWhYhCzjbAt4AaABAg,S1bcy4h1mS8,UCq7duh1RsJPYcTrpPKSojkA,2025-12-17T19:22:42Z,,중립
콘서트 티켓 8분 만에 전석 매진시킨다는 버추얼 아이돌 근황 / 스브스뉴스,스브스뉴스 SUBUSUNEWS,대댓글,@dest1356,니네보단 잘나가는 중ㅎ,1,2026-01-03T23:59:31Z,0,UgwrooMBrWhYhCzjbAt4AaABAg.AQq__HJGPo9ARXqleN5Bx0,S1bcy4h1mS8,UCZ-R1AXOzJ_zukB0NTdOWBA,2026-01-03T23:59:31Z,UgwrooMBrWhYhCzjbAt4AaABAg,중립
콘서트 티켓 8분 만에 전석 매진시킨다는 버추얼 아이돌 근황 / 스브스뉴스,스브스뉴스 SUBUSUNEWS,대댓글,@온세상이버찐요다,​@dest1356 (구독자 수 왁물원 회원 수 빠져나가며),0,2026-02-05T06:23:27Z,0,UgwrooMBrWhYhCzjbAt4AaABAg.AQq__HJGPo9ASpw8aAPuk4,S1bcy4h1mS8,UCyYByM7GL3o21kJUQknAC9A,2026-02-05T06:23:27Z,UgwrooMBrWhYhCzjbAt4AaABAg,중립
콘서트 티켓 8분 만에 전석 매진시킨다는 버추얼 아이돌 근황 / 스브스뉴스,스브스뉴스 SUBUSUNEWS,최상위 댓글,@teasesang,0:50 튻훈이형 ㅎㅇ,1,2023-09-29T08:36:51Z,1,Ugzgmcemr9pYjDdENCx4AaABAg,S1bcy4h1mS8,UCmcsAjVtt14sBuuGqR2pjyg,2023-09-29T08:36:51Z,,중립
콘서트 티켓 8분 만에 전석 매진시킨다는 버추얼 아이돌 근황 / 스브스뉴스,스브스뉴스 SUBUSUNEWS,대댓글,@Frico_Ardus_,"저 영상 실시간으로 
봤는데 댓글들이 
형이 거기서 왜 튀어나와라는
분위기였어요 ㅋㅋㅋㅋㅋ
그때 숲튽훈이라는 버튜버가 노래부르고 있었는데 
김장훈이 갑자기 튀어나왔죠 ㅋㅋㅋ",1,2023-09-29T11:01:29Z,0,Ugzgmcemr9pYjDdENCx4AaABAg.9vEjmAx9_nv9vF-KRzBqNu,S1bcy4h1mS8,UCP9axhWfEJhgfqGatsVVGWQ,2023-09-29T11:01:49Z,Ugzgmcemr9pYjDdENCx4AaABAg,중립
콘서트 티켓 8분 만에 전석 매진시킨다는 버추얼 아이돌 근황 / 스브스뉴스,스브스뉴스 SUBUSUNEWS,최상위 댓글,@안익현-y8j,초반에는 이세돌에 대해서 자신있게 대답하지 못했고 감추려 했지만 이제는 당당히 나는 이파리고 이세돌을 파고 있다! 라고 말할수 있게된것 같네요 이세돌 많이많이 사랑해!💜💛🖤❤️💙💚,2,2023-09-28T14:54:15Z,0,UgxGgHzjbhNeP_uywxV4AaABAg,S1bcy4h1mS8,UCNhPUMLCFLVolyMpVYP1ecw,2023-09-28T14:54:15Z,,긍정
콘서트 티켓 8분 만에 전석 매진시킨다는 버추얼 아이돌 근황 / 스브스뉴스,스브스뉴스 SUBUSUNEWS,최상위 댓글,@저장용3372,솔직히 이게 그냥 아이돌하고 뭐가 다른지 모르겠음 그냥 무대나와서 노래부른다고 소리 꺜꺜지르는 여자팬들이나 저런 화면보고 함께 때창하는 팬들이나 그냥 서로 존중하며 즐기면 되는데,10,2023-09-29T06:22:35Z,4,Ugy-EbhfBM-8zst9kL94AaABAg,S1bcy4h1mS8,UC99ClExb-4zawvEIfoI8t9Q,2023-09-29T06:22:35Z,,중립
콘서트 티켓 8분 만에 전석 매진시킨다는 버추얼 아이돌 근황 / 스브스뉴스,스브스뉴스 SUBUSUNEWS,대댓글,@Dd-xp8hf,'무대나와서 노래부른다고 소리 꺜꺜지르는 여자팬들이나' '저런 화면보고 함께 때창하는 팬들이나' 걍 말하는 뉘앙스부터 한 쪽이 낮다는 식의 어조가 기저에 깔려있는데 뭔.. ㅋㅋ,2,2023-09-29T06:35:39Z,0,Ugy-EbhfBM-8zst9kL94AaABAg.9vEVPja96Em9vEWuUPmMVH,S1bcy4h1mS8,UCffvntW6PUsdaTxRuOsTCrg,2023-09-29T06:35:39Z,Ugy-EbhfBM-8zst9kL94AaABAg,중립
콘서트 티켓 8분 만에 전석 매진시킨다는 버추얼 아이돌 근황 / 스브스뉴스,스브스뉴스 SUBUSUNEWS,대댓글,@1o-2o-3o,"​@Hshsehebsbshy그냥 얼공 안하는 얼굴없는 가수 많은 것처럼 그래픽 기술을 빌려 얼굴없는 아이돌이 생겼을 뿐입니다. 실제로 뇌, 폐와 같은 장기 등으로 이루어진 실제 사람이 무대 뒤에 있고요.",5,2023-09-29T09:11:33Z,0,Ugy-EbhfBM-8zst9kL94AaABAg.9vEVPja96Em9vEnkLrSpSi,S1bcy4h1mS8,UC7Ki8OKdhOXDAd1V50rgPcw,2024-06-18T00:45:07Z,Ugy-EbhfBM-8zst9kL94AaABAg,중립
콘서트 티켓 8분 만에 전석 매진시킨다는 버추얼 아이돌 근황 / 스브스뉴스,스브스뉴스 SUBUSUNEWS,대댓글,@user-grayfacese,"​@Hshsehebsbshy넌 저사람들이 진짜 그래픽밖에 없다 생각하는거야?
..진짜?",4,2023-09-29T10:55:52Z,0,Ugy-EbhfBM-8zst9kL94AaABAg.9vEVPja96Em9vEzgJbhgQw,S1bcy4h1mS8,UCozDuQDJmIN0SZKnW-uHG0w,2024-06-18T00:45:07Z,Ugy-EbhfBM-8zst9kL94AaABAg,중립
콘서트 티켓 8분 만에 전석 매진시킨다는 버추얼 아이돌 근황 / 스브스뉴스,스브스뉴스 SUBUSUNEWS,대댓글,@닉네임-q9k,​@Hshsehebsbshy그 차이는 있지만 아이돌이랑 무슨 연관성이 있죠?,0,2023-09-29T13:23:42Z,0,Ugy-EbhfBM-8zst9kL94AaABAg.9vEVPja96Em9vFFb5_lM3s,S1bcy4h1mS8,UC9yRm-dxBxKWlbYwhsyK-zg,2024-06-18T00:45:07Z,Ugy-EbhfBM-8zst9kL94AaABAg,중립
콘서트 티켓 8분 만에 전석 매진시킨다는 버추얼 아이돌 근황 / 스브스뉴스,스브스뉴스 SUBUSUNEWS,최상위 댓글,@DDOLSICK,내가 너무 오래 살았나,21,2023-09-29T06:25:42Z,1,Ugz7Bho_3Xbem4mASIx4AaABAg,S1bcy4h1mS8,UCbdqCiNSbxGv4Jp-n1kV1cg,2023-09-29T06:25:42Z,,중립
콘서트 티켓 8분 만에 전석 매진시킨다는 버추얼 아이돌 근황 / 스브스뉴스,스브스뉴스 SUBUSUNEWS,대댓글,@아잎-z7c,다 좋은데 이 드립은 그만좀 하면안되나,0,2023-09-29T06:38:40Z,0,Ugz7Bho_3Xbem4mASIx4AaABAg.9vEVlVqkbyw9vEXFWBC6g4,S1bcy4h1mS8,UCGVcr0vyQDvpwVcgHNYrm9A,2023-09-29T06:38:40Z,Ugz7Bho_3Xbem4mASIx4AaABAg,중립
콘서트 티켓 8분 만에 전석 매진시킨다는 버추얼 아이돌 근황 / 스브스뉴스,스브스뉴스 SUBUSUNEWS,최상위 댓글,@Tader-,"스브스 평균 조횟수가 특정영상빼고 20만 될까말까인데
2일만에 25만 찍히면 이러니 저러니 해도 대중이 찾는영상이라는거 아닌가? 애써 욕쓰고 가는 본인들이 
버림받은 인생들 아닌가? 아무도 찾아주지 않아서 외로운가보네",20,2023-09-30T19:39:46Z,5,Ugy5vSN8MUpbKpRrs_h4AaABAg,S1bcy4h1mS8,UC2pFcoQKhcL-kkr_5bdYBoA,2023-09-30T19:39:46Z,,중립
콘서트 티켓 8분 만에 전석 매진시킨다는 버추얼 아이돌 근황 / 스브스뉴스,스브스뉴스 SUBUSUNEWS,대댓글,@user-dq8ls6jm3b,어이가 없어서 궁굼해서 보는거임 벌레야,13,2023-10-01T01:18:50Z,0,Ugy5vSN8MUpbKpRrs_h4AaABAg.9vIVRPct-7P9vJ6EmNeqs1,S1bcy4h1mS8,UCw7_ynQzUOr1yPjHyiKOBvQ,2023-10-01T01:18:50Z,Ugy5vSN8MUpbKpRrs_h4AaABAg,중립
콘서트 티켓 8분 만에 전석 매진시킨다는 버추얼 아이돌 근황 / 스브스뉴스,스브스뉴스 SUBUSUNEWS,대댓글,@jhgyudfgd,ㄹㅇ 누구보다도 벌레의 삶을 실천하고 있는 사람들임 ㅋㅋㅋ,10,2023-10-01T03:02:28Z,0,Ugy5vSN8MUpbKpRrs_h4AaABAg.9vIVRPct-7P9vJI5q3ESEi,S1bcy4h1mS8,UCYiE20eamo7j-Pbq373e-tQ,2023-10-01T03:02:28Z,Ugy5vSN8MUpbKpRrs_h4AaABAg,중립
콘서트 티켓 8분 만에 전석 매진시킨다는 버추얼 아이돌 근황 / 스브스뉴스,스브스뉴스 SUBUSUNEWS,대댓글,@헬조센,도태는 그들이되겠죠,1,2023-10-03T12:44:16Z,0,Ugy5vSN8MUpbKpRrs_h4AaABAg.9vIVRPct-7P9vPUGmEO71a,S1bcy4h1mS8,UC0s_zfYyUBrMcGfz7zDuIow,2023-10-03T12:44:16Z,Ugy5vSN8MUpbKpRrs_h4AaABAg,중립
콘서트 티켓 8분 만에 전석 매진시킨다는 버추얼 아이돌 근황 / 스브스뉴스,스브스뉴스 SUBUSUNEWS,대댓글,@AzXen,그들의 세계가 궁금해서 오는거임 ㅋㅋㅋㅋㅋ 진짜 나중에 대학교축제에서 버튜버아이돌들 나와서 춤추는거 아니지..? 상상만해도 끔찍하다 ㅅㅂ,1,2023-10-18T19:16:12Z,0,Ugy5vSN8MUpbKpRrs_h4AaABAg.9vIVRPct-7P9w0o2U15tjv,S1bcy4h1mS8,UCn3B7xUp1iEwFzRxShKNkcg,2023-10-18T19:16:12Z,Ugy5vSN8MUpbKpRrs_h4AaABAg,중립
콘서트 티켓 8분 만에 전석 매진시킨다는 버추얼 아이돌 근황 / 스브스뉴스,스브스뉴스 SUBUSUNEWS,대댓글,@jhgyudfgd,@AzXen 끔찍한 사람이 멀쩡한 상상을 하시는군,2,2023-10-19T01:34:32Z,0,Ugy5vSN8MUpbKpRrs_h4AaABAg.9vIVRPct-7P9w1ULWb7C6Q,S1bcy4h1mS8,UCYiE20eamo7j-Pbq373e-tQ,2024-06-17T22:40:06Z,Ugy5vSN8MUpbKpRrs_h4AaABAg,중립
콘서트 티켓 8분 만에 전석 매진시킨다는 버추얼 아이돌 근황 / 스브스뉴스,스브스뉴스 SUBUSUNEWS,최상위 댓글,@샤위니,와 이세돌이 뉴스에떳닼ㅋㅋㅋㅋㅋㅋㅋㅋ,2,2024-01-26T17:13:18Z,0,UgxBs7eaXHP8QAQV00B4AaABAg,S1bcy4h1mS8,UCByzfD1k-mKRVjcgTvZ8ZVw,2024-01-26T17:13:18Z,,중립
콘서트 티켓 8분 만에 전석 매진시킨다는 버추얼 아이돌 근황 / 스브스뉴스,스브스뉴스 SUBUSUNEWS,최상위 댓글,@de_ol,영택이형... 당신은 도대체....,1,2023-09-28T23:54:43Z,0,Ugw6rxrU7KdcpMqKwA54AaABAg,S1bcy4h1mS8,UCMG1ahv_LBJG1nVIXpemKxQ,2023-09-28T23:54:43Z,,중립
콘서트 티켓 8분 만에 전석 매진시킨다는 버추얼 아이돌 근황 / 스브스뉴스,스브스뉴스 SUBUSUNEWS,최상위 댓글,@소환_SoHwan,콘서트를 직접가서 즐겼을 때의 그 감동은 아직도 잊혀지지 않네요. 종종 과격한표현의 댓글이 달리기도 하는데 취향이 아무리다르다고 하더라도 좋게봐주셨으면 합니다. 이세돌 화이팅~,3,2023-09-28T21:51:18Z,0,UgwLbA6Ck0C8ZHtlbKF4AaABAg,S1bcy4h1mS8,UCTx9Y7Buf9blMI8SO0VL28g,2023-09-28T21:51:18Z,,중립
콘서트 티켓 8분 만에 전석 매진시킨다는 버추얼 아이돌 근황 / 스브스뉴스,스브스뉴스 SUBUSUNEWS,최상위 댓글,@ltystar,일본 그대로 따라가는구나.. 인구추세도 경제도 문화도,11,2023-09-29T08:31:33Z,2,Ugy6OEv_RvhQHz2XTm54AaABAg,S1bcy4h1mS8,UC2JdyBR2Zn5Ry8EhQ8ozNwQ,2023-09-29T08:31:33Z,,중립
콘서트 티켓 8분 만에 전석 매진시킨다는 버추얼 아이돌 근황 / 스브스뉴스,스브스뉴스 SUBUSUNEWS,대댓글,@H_H-rx2oh,근데 일본처럼 아예 가상 버추얼 아이돌 또는  애니 아이돌 이런걸 오타쿠 처럼 빠져 좋아한다기 보다 왁타버스내 서사로 인해 파생된 느낌이라 좀 결이 다르긴 함;,1,2023-09-29T10:13:58Z,0,Ugy6OEv_RvhQHz2XTm54AaABAg.9vEjALzNJdP9vEutQEJGcY,S1bcy4h1mS8,UCNYElOFKDQpOr4rD5qBblPw,2023-09-29T10:13:58Z,Ugy6OEv_RvhQHz2XTm54AaABAg,긍정
콘서트 티켓 8분 만에 전석 매진시킨다는 버추얼 아이돌 근황 / 스브스뉴스,스브스뉴스 SUBUSUNEWS,대댓글,@flyingdog-11,"음...일본을 그대로 따라한건 아니고 한국형 버튜버가 맞을듯요
아바타 안보고 듣기만 하면 노캠 방송인과 다를게 없어서..",0,2023-09-29T13:34:30Z,0,Ugy6OEv_RvhQHz2XTm54AaABAg.9vEjALzNJdP9vFGqDNDCdZ,S1bcy4h1mS8,UCh7qWJLZg7vct8kDDTItJtg,2023-09-29T13:34:30Z,Ugy6OEv_RvhQHz2XTm54AaABAg,중립
콘서트 티켓 8분 만에 전석 매진시킨다는 버추얼 아이돌 근황 / 스브스뉴스,스브스뉴스 SUBUSUNEWS,최상위 댓글,@일테니까,너무 좋은 뉴스였어요 이런 좋은 뉴스 만들어주신 기자님에게  컴퓨터 좀 좋은걸로 바꿔주실수 있나요? ㅋㅋㅋㅋㅋㅋㅋ 더 좋은 뉴스를 만드시는데 도움이될거같아요,2,2023-09-29T08:43:22Z,0,Ugz_BaJNa79X2cl6icJ4AaABAg,S1bcy4h1mS8,UC5fK3RfGYzEfxONnfFQ_CaQ,2023-09-29T08:43:22Z,,중립
콘서트 티켓 8분 만에 전석 매진시킨다는 버추얼 아이돌 근황 / 스브스뉴스,스브스뉴스 SUBUSUNEWS,최상위 댓글,@키붕이-z5n,이건 우왁굳이 아니야...,0,2023-10-03T10:49:11Z,1,UgyE9wQJBEuf2n8C-GV4AaABAg,S1bcy4h1mS8,UCqt-WRtiGCSKf7eNmuWjhmg,2023-10-03T10:49:11Z,,중립
콘서트 티켓 8분 만에 전석 매진시킨다는 버추얼 아이돌 근황 / 스브스뉴스,스브스뉴스 SUBUSUNEWS,대댓글,@tanicham,짭치니?,0,2023-10-16T17:03:30Z,0,UgyE9wQJBEuf2n8C-GV4AaABAg.9vPH5uZ6K3A9vwQGqMhThI,S1bcy4h1mS8,UC2fP8iLziZxEohpYvkbmRNQ,2023-10-16T17:03:30Z,UgyE9wQJBEuf2n8C-GV4AaABAg,중립
콘서트 티켓 8분 만에 전석 매진시킨다는 버추얼 아이돌 근황 / 스브스뉴스,스브스뉴스 SUBUSUNEWS,최상위 댓글,@팩트-m9k,근데 저거 각자 뒤에서 버츄어 그거 끼고 춤이랑 노래 부르는건가요?,2,2023-11-18T16:48:02Z,4,UgxntQcBJ0QjEsSqcF14AaABAg,S1bcy4h1mS8,UCwKDIqM9UnbdZT3-q_COSfA,2023-11-18T16:48:02Z,,중립
콘서트 티켓 8분 만에 전석 매진시킨다는 버추얼 아이돌 근황 / 스브스뉴스,스브스뉴스 SUBUSUNEWS,대댓글,@얄루-r2u,아뇨 걍 영상입니다,0,2024-01-08T17:51:40Z,0,UgxntQcBJ0QjEsSqcF14AaABAg.9xGMjSnb6Nj9zJnZ59OMam,S1bcy4h1mS8,UCzkoKqIU3s0Wba3y55w-AxA,2024-01-08T17:51:40Z,UgxntQcBJ0QjEsSqcF14AaABAg,중립
콘서트 티켓 8분 만에 전석 매진시킨다는 버추얼 아이돌 근황 / 스브스뉴스,스브스뉴스 SUBUSUNEWS,대댓글,@뚤기-v5v,? 직접 하셨는데요?,0,2024-02-03T15:11:13Z,0,UgxntQcBJ0QjEsSqcF14AaABAg.9xGMjSnb6NjA-MSrecSCPV,S1bcy4h1mS8,UCfaibqDvMbj1x7_sO5Mdv0g,2024-02-03T15:11:13Z,UgxntQcBJ0QjEsSqcF14AaABAg,중립
콘서트 티켓 8분 만에 전석 매진시킨다는 버추얼 아이돌 근황 / 스브스뉴스,스브스뉴스 SUBUSUNEWS,대댓글,@팩트-m9k,@뚤기-v5v 제 말은 미리 찍어둔걸 트는건지 라이브로 직접 VR을 끼고 하는건지 궁금한거죠,0,2024-02-03T17:25:58Z,0,UgxntQcBJ0QjEsSqcF14AaABAg.9xGMjSnb6NjA-MhHdenVbL,S1bcy4h1mS8,UCwKDIqM9UnbdZT3-q_COSfA,2024-06-18T02:01:05Z,UgxntQcBJ0QjEsSqcF14AaABAg,중립
콘서트 티켓 8분 만에 전석 매진시킨다는 버추얼 아이돌 근황 / 스브스뉴스,스브스뉴스 SUBUSUNEWS,대댓글,@뚤기-v5v,@팩트-m9k 어쩔수 없이 찍어둔거 보여주긴 했지만 그래도 직접 추셨어요,1,2024-02-08T09:32:57Z,0,UgxntQcBJ0QjEsSqcF14AaABAg.9xGMjSnb6NjA-Yj7Wu0f5c,S1bcy4h1mS8,UCfaibqDvMbj1x7_sO5Mdv0g,2024-06-18T02:01:05Z,UgxntQcBJ0QjEsSqcF14AaABAg,중립
콘서트 티켓 8분 만에 전석 매진시킨다는 버추얼 아이돌 근황 / 스브스뉴스,스브스뉴스 SUBUSUNEWS,최상위 댓글,@메생국왕,모두 잠수준비,5,2023-12-29T03:21:43Z,0,UgzTHhHcDwrjIFyYM8R4AaABAg,S1bcy4h1mS8,UCnBH9tV0qn1uWsxLdtDRvjg,2023-12-29T03:21:43Z,,중립
콘서트 티켓 8분 만에 전석 매진시킨다는 버추얼 아이돌 근황 / 스브스뉴스,스브스뉴스 SUBUSUNEWS,최상위 댓글,@TTOommoOTT,렌트게늄 같아서 웃기네,2,2023-11-10T02:52:38Z,0,Ugw7yecHlk01G3lFD1t4AaABAg,S1bcy4h1mS8,UCzYgGIHRDtOV6A-KPNyGN9Q,2023-11-10T02:52:38Z,,중립
콘서트 티켓 8분 만에 전석 매진시킨다는 버추얼 아이돌 근황 / 스브스뉴스,스브스뉴스 SUBUSUNEWS,최상위 댓글,@하나님에뜻입니다,뭔가 짠하다..,6,2024-03-10T00:14:52Z,1,UgyMU43kF9iBWSNdbpp4AaABAg,S1bcy4h1mS8,UCS6pa9qpsB3GR6AK6Yu8xaQ,2024-03-10T00:14:52Z,,중립
콘서트 티켓 8분 만에 전석 매진시킨다는 버추얼 아이돌 근황 / 스브스뉴스,스브스뉴스 SUBUSUNEWS,대댓글,@으랑이이,황정민 왜 좋아하는거지.? 논란도 많고.. 난 이해 안된다..,0,2024-04-13T18:09:43Z,0,UgyMU43kF9iBWSNdbpp4AaABAg.A0mYu7G14L0A2B0wGK_sNx,S1bcy4h1mS8,UCHLcqvpTm0undnWua1lnEHw,2024-04-13T18:09:43Z,UgyMU43kF9iBWSNdbpp4AaABAg,긍정
콘서트 티켓 8분 만에 전석 매진시킨다는 버추얼 아이돌 근황 / 스브스뉴스,스브스뉴스 SUBUSUNEWS,최상위 댓글,@앙기모띠-w6l,왜 팬이지 알것같은데 흠,3,2024-07-21T12:34:16Z,0,UgzCMwPbMgOrP8-wM1x4AaABAg,S1bcy4h1mS8,UCoedHEkrx6Kw2G1LAMcZAAw,2024-07-21T12:34:16Z,,중립
콘서트 티켓 8분 만에 전석 매진시킨다는 버추얼 아이돌 근황 / 스브스뉴스,스브스뉴스 SUBUSUNEWS,최상위 댓글,@아마미하루카-w7b,아~~~~~~~~~진짜 킹아 ㅠㅠ,0,2023-10-01T07:58:31Z,0,UgxmGOnf9eVB-48D3Cp4AaABAg,S1bcy4h1mS8,UCG5_eQjcOYicgIkk2NUKuDQ,2023-10-01T07:58:31Z,,중립
콘서트 티켓 8분 만에 전석 매진시킨다는 버추얼 아이돌 근황 / 스브스뉴스,스브스뉴스 SUBUSUNEWS,최상위 댓글,@Paulo99779,진입장벽이 높아서 그렇지 빠지면 헤어나오질 못함,8,2023-09-28T15:44:43Z,0,Ugy4C3ihtwLrraS9Fmp4AaABAg,S1bcy4h1mS8,UC_sImHePEjUysUDi8j5hzuw,2023-09-28T15:44:43Z,,중립
콘서트 티켓 8분 만에 전석 매진시킨다는 버추얼 아이돌 근황 / 스브스뉴스,스브스뉴스 SUBUSUNEWS,최상위 댓글,@봄날은간다-f3d,"와.. 이..이건 무슨 세계지 ㄷㄷ
첨 알았는데.. 대..대단하네",0,2024-02-26T08:10:35Z,0,Ugywae1Lu4KB-uP1rLp4AaABAg,S1bcy4h1mS8,UCkhMaSFnEC2rIqlGnLyN4sg,2024-02-26T08:10:35Z,,중립
콘서트 티켓 8분 만에 전석 매진시킨다는 버추얼 아이돌 근황 / 스브스뉴스,스브스뉴스 SUBUSUNEWS,최상위 댓글,@yuqiqi20,이런거 볼때마다 세상이 날 몰래카메라 하는거 같다,16,2023-10-05T06:32:26Z,2,UgyxZu4Ij2NFsSOzu-p4AaABAg,S1bcy4h1mS8,UChmp78u8yIdM5aLDv7GTrZQ,2023-10-05T06:32:26Z,,중립
콘서트 티켓 8분 만에 전석 매진시킨다는 버추얼 아이돌 근황 / 스브스뉴스,스브스뉴스 SUBUSUNEWS,대댓글,@subscribefordemocracyinchina,씹덕 매트릭스...,0,2023-10-05T11:31:28Z,0,UgyxZu4Ij2NFsSOzu-p4AaABAg.9vTyJ5Sk0F-9vUVXHZKP9x,S1bcy4h1mS8,UCv4M890blcBG0yHh1hxkq9Q,2023-10-05T11:31:28Z,UgyxZu4Ij2NFsSOzu-p4AaABAg,중립
콘서트 티켓 8분 만에 전석 매진시킨다는 버추얼 아이돌 근황 / 스브스뉴스,스브스뉴스 SUBUSUNEWS,대댓글,@MagicalHBG,곧 이경규씨도 버츄얼AI 로 나올지도 모르지 ㅋㅋ,0,2023-10-15T09:37:43Z,0,UgyxZu4Ij2NFsSOzu-p4AaABAg.9vTyJ5Sk0F-9vt2St-sWx9,S1bcy4h1mS8,UCzC3jWuPfvK4unhjD6fnNcQ,2023-10-15T09:37:43Z,UgyxZu4Ij2NFsSOzu-p4AaABAg,중립
콘서트 티켓 8분 만에 전석 매진시킨다는 버추얼 아이돌 근황 / 스브스뉴스,스브스뉴스 SUBUSUNEWS,최상위 댓글,@mrq1245,찐으로 이세돌 전곡 다 좋아요. 👍,1,2023-09-29T05:41:08Z,0,UgwkubQRrRD89QoT9-Z4AaABAg,S1bcy4h1mS8,UC09S32R_RXvp7i3yObAAg0w,2023-09-29T05:41:08Z,,긍정
콘서트 티켓 8분 만에 전석 매진시킨다는 버추얼 아이돌 근황 / 스브스뉴스,스브스뉴스 SUBUSUNEWS,최상위 댓글,@HYO77,모두 잠수준비 !! 잘 안들려요우 ~,8,2024-03-04T13:29:42Z,0,Ugyz3XPzSqd1ekFFbqB4AaABAg,S1bcy4h1mS8,UCU9cWYc-A4SJf-ZJXXTaHWg,2024-03-04T13:29:42Z,,중립
콘서트 티켓 8분 만에 전석 매진시킨다는 버추얼 아이돌 근황 / 스브스뉴스,스브스뉴스 SUBUSUNEWS,최상위 댓글,@tim3246,"이세돌 팬들은 애니같은 겉모습을 좋아하는 걸까 아니면 뒤에서 녹음하고 있는 실제 사람들을 좋아하는걸까 훔,,",7,2023-09-28T14:42:35Z,6,UgywLWRQvyY1TDj4ADV4AaABAg,S1bcy4h1mS8,UCxugAl54SYz8IMqPvnNIR3A,2023-09-28T14:42:35Z,,긍정
콘서트 티켓 8분 만에 전석 매진시킨다는 버추얼 아이돌 근황 / 스브스뉴스,스브스뉴스 SUBUSUNEWS,대댓글,@isegye4ever,"아이돌 팬이라면 둘다 좋아해야죠
두개말고도 영상에 나온것처럼 전 걸그룹의 실패에 꿈을 접어야했던 릴파님이 이세계아이돌로 결국 꿈을 성공하게 된 이런 스토리가 팬들을 감동시키죠",8,2023-09-28T14:59:34Z,0,UgywLWRQvyY1TDj4ADV4AaABAg.9vCopvDoUUt9vCqmKL8_pS,S1bcy4h1mS8,UCvVm5-UYNSVMhyUwo3mk4kQ,2023-09-28T15:00:39Z,UgywLWRQvyY1TDj4ADV4AaABAg,긍정
콘서트 티켓 8분 만에 전석 매진시킨다는 버추얼 아이돌 근황 / 스브스뉴스,스브스뉴스 SUBUSUNEWS,대댓글,@Jen_9,실제 그 사람 자체를 좋아합니다~ㅋㅋ,3,2023-09-28T15:03:06Z,0,UgywLWRQvyY1TDj4ADV4AaABAg.9vCopvDoUUt9vCrBDAbe1C,S1bcy4h1mS8,UCwoD3-R2-MkoX8wLqP26H0w,2023-09-28T15:03:06Z,UgywLWRQvyY1TDj4ADV4AaABAg,긍정
콘서트 티켓 8분 만에 전석 매진시킨다는 버추얼 아이돌 근황 / 스브스뉴스,스브스뉴스 SUBUSUNEWS,대댓글,@이한얼,사실 말하자면 사람을 좋아하는게 크지 어짜피 이미지와 그림은 바꿔버리면 그만이고 이쁜 그림과 아바타가 나오면 다른거로 잊혀져버리기 마련 그냥 사람의 성격과 말투 그리고 현실적인 부분에 더 몰입하는거지,4,2023-09-28T15:11:23Z,0,UgywLWRQvyY1TDj4ADV4AaABAg.9vCopvDoUUt9vCs7xmrJUz,S1bcy4h1mS8,UC-bx66G1aeUHk1Cg4n-b9vg,2023-09-28T15:11:23Z,UgywLWRQvyY1TDj4ADV4AaABAg,긍정
콘서트 티켓 8분 만에 전석 매진시킨다는 버추얼 아이돌 근황 / 스브스뉴스,스브스뉴스 SUBUSUNEWS,대댓글,@little_spicy_topokki,겉모습 좋아하는것도 여자 아이돌 겉모습만 보고 좋아하는 사람들이랑 별 다를게 없는데 그게 문제가 되는지 모르겠음 오히려 스트리밍 방송을 하면서 소통을 하기에 다른 여자 아이돌보다 그 안의 사람을 더 좋아할 수 있다고 생각함,3,2023-09-28T17:46:00Z,0,UgywLWRQvyY1TDj4ADV4AaABAg.9vCopvDoUUt9vD8pMhednv,S1bcy4h1mS8,UChx9tSeUGPjMTSj_0ajW-Vw,2023-09-28T17:46:00Z,UgywLWRQvyY1TDj4ADV4AaABAg,긍정
콘서트 티켓 8분 만에 전석 매진시킨다는 버추얼 아이돌 근황 / 스브스뉴스,스브스뉴스 SUBUSUNEWS,대댓글,@선-r4y,님이 스트리밍 문화를 몰라서 하는 말임 그냥 방송컨텐츠로 시작한거임 보이는 라디오라 생각하면 됌,1,2023-09-28T22:09:09Z,0,UgywLWRQvyY1TDj4ADV4AaABAg.9vCopvDoUUt9vDbwfrZvr1,S1bcy4h1mS8,UCHo-K4EBo86y43v0cEdM_GQ,2023-09-28T22:09:09Z,UgywLWRQvyY1TDj4ADV4AaABAg,중립
콘서트 티켓 8분 만에 전석 매진시킨다는 버추얼 아이돌 근황 / 스브스뉴스,스브스뉴스 SUBUSUNEWS,최상위 댓글,@user-djsoaqo,?..,8,2023-09-29T06:27:49Z,0,UgwWD3qwXEjACQn2vRx4AaABAg,S1bcy4h1mS8,UCqNmt1FIazARaIitm4RZJ9w,2023-09-29T06:27:49Z,,중립
콘서트 티켓 8분 만에 전석 매진시킨다는 버추얼 아이돌 근황 / 스브스뉴스,스브스뉴스 SUBUSUNEWS,최상위 댓글,@xfan_,모두 잠수준비❗️❗️ 잘 안들려요우~,7,2024-02-08T19:19:11Z,0,UgzHE8WObYXcsV4SSIV4AaABAg,S1bcy4h1mS8,UCFy1RFS-hyuvzplVWQ7LEtQ,2024-02-08T19:21:00Z,,중립
콘서트 티켓 8분 만에 전석 매진시킨다는 버추얼 아이돌 근황 / 스브스뉴스,스브스뉴스 SUBUSUNEWS,최상위 댓글,@금요-g9t,조롱은 어쩔수 없어 웹툰을 좋아하는 사람들도 웹툰을 책으로 들고다니면 씹덕처럼 보이잖아 악역은...이제 익숙하니까...,0,2023-09-28T18:13:44Z,0,UgzF8y6W9IaZ7IiRk5Z4AaABAg,S1bcy4h1mS8,UCboEqvbrsF9uOCaUiTUdOnw,2023-09-28T18:13:44Z,,긍정
콘서트 티켓 8분 만에 전석 매진시킨다는 버추얼 아이돌 근황 / 스브스뉴스,스브스뉴스 SUBUSUNEWS,최상위 댓글,@donot714,스브스형들.. 이거 조회수 보태서 컴터한대 해주라!! ㅋㅋㅋ,0,2023-10-13T09:09:08Z,3,UgyPae_NrfIQGFdIj1Z4AaABAg,S1bcy4h1mS8,UCfl3_D0hVAFEou6qb9yYrWQ,2023-10-13T09:09:08Z,,중립
콘서트 티켓 8분 만에 전석 매진시킨다는 버추얼 아이돌 근황 / 스브스뉴스,스브스뉴스 SUBUSUNEWS,대댓글,@user-pc8ox6xv7i,너가 하나 해줘라,0,2023-10-23T07:35:26Z,0,UgyPae_NrfIQGFdIj1Z4AaABAg.9vnqanQKXak9wCQpHsPdMq,S1bcy4h1mS8,UCauwQiHs0KilNRGZFQ4XIKw,2023-10-23T07:35:26Z,UgyPae_NrfIQGFdIj1Z4AaABAg,중립
콘서트 티켓 8분 만에 전석 매진시킨다는 버추얼 아이돌 근황 / 스브스뉴스,스브스뉴스 SUBUSUNEWS,대댓글,@금은동-g7u,​@user-pc8ox6xv7i영상 컴터 사양 딸려서 렉걸리는데 스브스에서 바꿔야하는거지 뭔 소리냐.,0,2023-10-30T11:10:10Z,0,UgyPae_NrfIQGFdIj1Z4AaABAg.9vnqanQKXak9wUpyF7_RQg,S1bcy4h1mS8,UCmDmY6Rr3w_0mJkWXaIqN3Q,2024-06-18T01:50:01Z,UgyPae_NrfIQGFdIj1Z4AaABAg,중립
콘서트 티켓 8분 만에 전석 매진시킨다는 버추얼 아이돌 근황 / 스브스뉴스,스브스뉴스 SUBUSUNEWS,대댓글,@호올린,​@user-pc8ox6xv7i 저 말을 그렇게 받아드리고 있냐..,0,2024-03-09T18:30:49Z,0,UgyPae_NrfIQGFdIj1Z4AaABAg.9vnqanQKXakA0lwXGTbAZx,S1bcy4h1mS8,UCoKd1DUnSFQasbp9Gu7xnLQ,2024-06-18T01:50:01Z,UgyPae_NrfIQGFdIj1Z4AaABAg,중립
콘서트 티켓 8분 만에 전석 매진시킨다는 버추얼 아이돌 근황 / 스브스뉴스,스브스뉴스 SUBUSUNEWS,최상위 댓글,@skkz4456,PD 참 고생한다..,4,2024-10-09T22:27:44Z,0,Ugzjy2pPLM1T7Ig6QL94AaABAg,S1bcy4h1mS8,UCAa9_Av1WZ6_BqgPgEadV5Q,2024-10-09T22:27:44Z,,중립
콘서트 티켓 8분 만에 전석 매진시킨다는 버추얼 아이돌 근황 / 스브스뉴스,스브스뉴스 SUBUSUNEWS,최상위 댓글,@Beaver111,이세돌이라고 하면 친구가 맨날 이세돌다리도 두들겨서 건너라 라고 놀리는데 난 그래도 좋다!! 이세돌 사랑해요 진짜 노래도 잘 듣고있어요 ㅠㅠㅠㅠㅠ,1,2023-09-28T18:19:58Z,0,UgxD-xRUvE7CCqcYrPZ4AaABAg,S1bcy4h1mS8,UC1QxUTjQQkKSCKB4I8XOzRA,2023-09-28T18:19:58Z,,긍정
콘서트 티켓 8분 만에 전석 매진시킨다는 버추얼 아이돌 근황 / 스브스뉴스,스브스뉴스 SUBUSUNEWS,최상위 댓글,@걍사람-w5i,에휴.....,8,2023-09-29T20:34:10Z,0,UgyVHd92pMWJkpwUDJZ4AaABAg,S1bcy4h1mS8,UCdpgTmi1V50CTeFySGmHfyQ,2023-09-29T20:34:10Z,,중립
콘서트 티켓 8분 만에 전석 매진시킨다는 버추얼 아이돌 근황 / 스브스뉴스,스브스뉴스 SUBUSUNEWS,최상위 댓글,@repicurjeanne4940,이런 버츄어아이돌 난 인정못해 인정못해 이러면서 점점 요새 계속 엄어믕음머어  하면서 계속 어? 엉믕  아   빠져든다 아 클낫다. 왁굳이 천재임 소질도 있지만 경험이 넘사벽이라 얘들오래갈꺼임 자이제 아이네 보러가야지 하이네~,3,2023-10-11T12:52:15Z,0,UgwIHzHiAPmtkU8w1hp4AaABAg,S1bcy4h1mS8,UCo4lRjoecaM6Q4JUA3lpnOg,2023-10-11T12:52:15Z,,중립
콘서트 티켓 8분 만에 전석 매진시킨다는 버추얼 아이돌 근황 / 스브스뉴스,스브스뉴스 SUBUSUNEWS,최상위 댓글,@에밀리-k3z,우왕.. 콘서트했대... 가고시팓ㅇ,2,2024-07-26T08:44:05Z,3,UgzRuS-aN7rKZuifVo54AaABAg,S1bcy4h1mS8,UCEZWt00IKbU5iueadrmfacg,2024-07-26T08:44:05Z,,중립
콘서트 티켓 8분 만에 전석 매진시킨다는 버추얼 아이돌 근황 / 스브스뉴스,스브스뉴스 SUBUSUNEWS,대댓글,@nananana9981uwh,@Tewai0이세돌같은거나 좋아하면서 콘서트갔다고 부심부리네 ㅋㅋ십,0,2024-07-29T07:24:26Z,0,UgzRuS-aN7rKZuifVo54AaABAg.A6LnsRijirPA6TO8j-vPoy,S1bcy4h1mS8,UCxKbnPGVWPWrywh9oo-2qdw,2024-07-29T07:24:26Z,UgzRuS-aN7rKZuifVo54AaABAg,긍정
콘서트 티켓 8분 만에 전석 매진시킨다는 버추얼 아이돌 근황 / 스브스뉴스,스브스뉴스 SUBUSUNEWS,대댓글,@Tewai0,@nananana9981uwh 입덕 부정기노,0,2024-07-29T11:36:46Z,0,UgzRuS-aN7rKZuifVo54AaABAg.A6LnsRijirPA6Tq0rSWgWZ,S1bcy4h1mS8,UCTDD8i6XjGU5QG6VIAmKdTg,2024-07-29T11:36:46Z,UgzRuS-aN7rKZuifVo54AaABAg,중립
콘서트 티켓 8분 만에 전석 매진시킨다는 버추얼 아이돌 근황 / 스브스뉴스,스브스뉴스 SUBUSUNEWS,대댓글,@KKKudong,@Tewai0제발 그 프사 달고 그러지 말아주라ㅠㅠㅠ,0,2024-08-11T10:50:37Z,0,UgzRuS-aN7rKZuifVo54AaABAg.A6LnsRijirPA7-E4BWHSJZ,S1bcy4h1mS8,UC_LymYYHZV4CIb9CylOVf2g,2024-08-11T10:50:37Z,UgzRuS-aN7rKZuifVo54AaABAg,중립
콘서트 티켓 8분 만에 전석 매진시킨다는 버추얼 아이돌 근황 / 스브스뉴스,스브스뉴스 SUBUSUNEWS,최상위 댓글,@Ljmq-y4j,인간은 재밌어 흥미로워..,0,2023-09-30T10:03:38Z,0,UgzXAHExrYAOgdLmZbB4AaABAg,S1bcy4h1mS8,UCXxLE8IHnC0jjfBQEO7YdYQ,2023-09-30T10:03:38Z,,긍정
콘서트 티켓 8분 만에 전석 매진시킨다는 버추얼 아이돌 근황 / 스브스뉴스,스브스뉴스 SUBUSUNEWS,최상위 댓글,@신중용,의자에 앉는거 어떻게 해요? 허공에 앉아 있으면 다리아플텐데....,2,2024-02-06T15:26:39Z,6,UgxKtHF2fV0uaLDOtkd4AaABAg,S1bcy4h1mS8,UCXhJ1WOAxV2r8ci9zSAHKJw,2024-02-06T15:26:39Z,,중립
콘서트 티켓 8분 만에 전석 매진시킨다는 버추얼 아이돌 근황 / 스브스뉴스,스브스뉴스 SUBUSUNEWS,대댓글,@Saaaaaanssssss,대부분 녹화고 모션 캡처라고 의자에 못앉는게 아닙니다,0,2024-02-07T05:51:38Z,0,UgxKtHF2fV0uaLDOtkd4AaABAg.A-UD0IErAuRA-Vl-dp6w7o,S1bcy4h1mS8,UCKDxCz3waERpauEloGeawnA,2024-02-07T05:51:38Z,UgxKtHF2fV0uaLDOtkd4AaABAg,중립
콘서트 티켓 8분 만에 전석 매진시킨다는 버추얼 아이돌 근황 / 스브스뉴스,스브스뉴스 SUBUSUNEWS,대댓글,@신중용,@Saaaaaanssssss 어떻게 앉죠?,0,2024-02-07T06:52:23Z,0,UgxKtHF2fV0uaLDOtkd4AaABAg.A-UD0IErAuRA-VrxbgIYVf,S1bcy4h1mS8,UCXhJ1WOAxV2r8ci9zSAHKJw,2024-06-18T02:51:38Z,UgxKtHF2fV0uaLDOtkd4AaABAg,중립
콘서트 티켓 8분 만에 전석 매진시킨다는 버추얼 아이돌 근황 / 스브스뉴스,스브스뉴스 SUBUSUNEWS,대댓글,@chunchun0525,@신중용의자에 앉으면 됨,0,2024-02-07T15:39:29Z,0,UgxKtHF2fV0uaLDOtkd4AaABAg.A-UD0IErAuRA-WoHA0C9Id,S1bcy4h1mS8,UCr_aeTZwegKsU3m-OJfMSuw,2024-06-18T02:51:38Z,UgxKtHF2fV0uaLDOtkd4AaABAg,중립
콘서트 티켓 8분 만에 전석 매진시킨다는 버추얼 아이돌 근황 / 스브스뉴스,스브스뉴스 SUBUSUNEWS,대댓글,@신중용,@chunchun0525 의자 갖다가요?,0,2024-02-07T23:15:14Z,0,UgxKtHF2fV0uaLDOtkd4AaABAg.A-UD0IErAuRA-XcRCP3SKz,S1bcy4h1mS8,UCXhJ1WOAxV2r8ci9zSAHKJw,2024-06-18T02:51:38Z,UgxKtHF2fV0uaLDOtkd4AaABAg,중립
콘서트 티켓 8분 만에 전석 매진시킨다는 버추얼 아이돌 근황 / 스브스뉴스,스브스뉴스 SUBUSUNEWS,대댓글,@over_slept,@신중용모션캡쳐 슈트를 입어서 모션을 하는거라 안는 버튼 누르거나 그냥 의자 가져다가 앉으면 됩니다,0,2024-02-08T14:29:33Z,0,UgxKtHF2fV0uaLDOtkd4AaABAg.A-UD0IErAuRA-ZG3vBo2ah,S1bcy4h1mS8,UCmQ3XxGPxeEbZgYvMPDkErg,2024-06-18T02:51:38Z,UgxKtHF2fV0uaLDOtkd4AaABAg,중립
콘서트 티켓 8분 만에 전석 매진시킨다는 버추얼 아이돌 근황 / 스브스뉴스,스브스뉴스 SUBUSUNEWS,최상위 댓글,@침묵-c4c,십ㅋㅋ 댓글감시단 있음? 별로라고 하는 댓글엔 바퀴벌레같이 몰려드네,19,2023-09-29T04:47:12Z,32,UgwKEsuAeXi8Ns4TCeF4AaABAg,S1bcy4h1mS8,UCgrbYDDBceJy6wWoY5VDg9w,2023-09-29T04:47:12Z,,부정
콘서트 티켓 8분 만에 전석 매진시킨다는 버추얼 아이돌 근황 / 스브스뉴스,스브스뉴스 SUBUSUNEWS,대댓글,@아잎-z7c,별로라는 글이 아니라 비난하는 글아닝가 그렇게만 말해주면 아무말 안하지,10,2023-09-29T06:24:15Z,0,UgwKEsuAeXi8Ns4TCeF4AaABAg.9vEKV7vDQqy9vEVb-Q55T-,S1bcy4h1mS8,UCGVcr0vyQDvpwVcgHNYrm9A,2023-09-29T06:24:15Z,UgwKEsuAeXi8Ns4TCeF4AaABAg,부정
콘서트 티켓 8분 만에 전석 매진시킨다는 버추얼 아이돌 근황 / 스브스뉴스,스브스뉴스 SUBUSUNEWS,대댓글,@익명의인,이건 위와 같이 특수한 환경인 버츄얼 아이돌뿐만 아니라 일반적인 아이돌에게도 똑같이 적용되는 상황입니다. 그러니 단편적인 것만 보고 판단하지 말아주세요.,9,2023-09-29T06:40:34Z,0,UgwKEsuAeXi8Ns4TCeF4AaABAg.9vEKV7vDQqy9vEXTQppRnC,S1bcy4h1mS8,UCXc20PWQWRVf-0lgQt5nPDg,2023-09-29T06:40:34Z,UgwKEsuAeXi8Ns4TCeF4AaABAg,중립
콘서트 티켓 8분 만에 전석 매진시킨다는 버추얼 아이돌 근황 / 스브스뉴스,스브스뉴스 SUBUSUNEWS,대댓글,@침묵-c4c,@익명의인 그건 님들 생각이고요ㅋㅋ,5,2023-09-29T06:46:23Z,0,UgwKEsuAeXi8Ns4TCeF4AaABAg.9vEKV7vDQqy9vEY83d-aeH,S1bcy4h1mS8,UCgrbYDDBceJy6wWoY5VDg9w,2024-06-18T01:19:42Z,UgwKEsuAeXi8Ns4TCeF4AaABAg,중립
콘서트 티켓 8분 만에 전석 매진시킨다는 버추얼 아이돌 근황 / 스브스뉴스,스브스뉴스 SUBUSUNEWS,대댓글,@익명의인,우리 생각이라니요? 그럼 잘못된 방향성에서 나오는 문제점을 개선하려는 비판이 아닌 오로지 상대를 욕보이게 하려는 비난을 수용하라는 건가요? 아니면 일반적인 아이돌이었다면 위와 같은 일이 안 일어났을 거라는 안일한 말을 하시려는건 아니죠?,9,2023-09-29T06:50:54Z,0,UgwKEsuAeXi8Ns4TCeF4AaABAg.9vEKV7vDQqy9vEYeC-2x5V,S1bcy4h1mS8,UCXc20PWQWRVf-0lgQt5nPDg,2023-09-29T06:50:54Z,UgwKEsuAeXi8Ns4TCeF4AaABAg,중립
콘서트 티켓 8분 만에 전석 매진시킨다는 버추얼 아이돌 근황 / 스브스뉴스,스브스뉴스 SUBUSUNEWS,대댓글,@추연아-s9g,"@익명의인 다른 팬덤이나 일반인들 비하하는 얘들을 제지하지 않으면서 고상한척 진짜 개역겹네.. ""도태된건 니들이야,  아오 텔견 랄로 파카 어쩌고저쩌고, 그래서 니들 우리세돌만큼 많이범? 규모됨? """,0,2023-09-29T07:18:02Z,0,UgwKEsuAeXi8Ns4TCeF4AaABAg.9vEKV7vDQqy9vEako31y1H,S1bcy4h1mS8,UC3zQIcGAs3nZoD8p7Hz8Edw,2024-06-18T01:19:42Z,UgwKEsuAeXi8Ns4TCeF4AaABAg,중립
콘서트 티켓 8분 만에 전석 매진시킨다는 버추얼 아이돌 근황 / 스브스뉴스,스브스뉴스 SUBUSUNEWS,최상위 댓글,@2008-c8f,"왁굳형 입꼬리가 귀에 걸친게
58000km 앞까지 보인다",1,2023-09-29T06:18:33Z,0,Ugw_ZUinZsjU733sDUB4AaABAg,S1bcy4h1mS8,UC0c8OUQDlSC5STOAyHWFAuQ,2023-09-29T06:18:33Z,,중립
콘서트 티켓 8분 만에 전석 매진시킨다는 버추얼 아이돌 근황 / 스브스뉴스,스브스뉴스 SUBUSUNEWS,최상위 댓글,@_jikimi,"그럼 화면만 애니지만 움직이는 팔다리 표정도 실제 그 멤버의 움직임을 실시간으로 보여주거나 녹화하는  건가요? 
아니면 만화처럼 안무도 그림으로 만들어버리는 건가요?",0,2023-09-28T09:52:08Z,3,UgwadFPGNWx7Aq90a954AaABAg,S1bcy4h1mS8,UCUXQuoTy9nY0ucihxakZjLg,2023-09-28T09:52:08Z,,중립
콘서트 티켓 8분 만에 전석 매진시킨다는 버추얼 아이돌 근황 / 스브스뉴스,스브스뉴스 SUBUSUNEWS,대댓글,@김윤성-f9w,전자에 가까운데 트래킹이 자주 튀기때문에 저런 움직임 많은 공연에서 실시간은 거의 없다고 보면 됨,0,2023-09-28T09:56:30Z,0,UgwadFPGNWx7Aq90a954AaABAg.9vCIagzAOd89vCJ5g3Dxo8,S1bcy4h1mS8,UCcldD5RgLnnM8WktqGUBpfA,2023-09-28T09:58:15Z,UgwadFPGNWx7Aq90a954AaABAg,중립
콘서트 티켓 8분 만에 전석 매진시킨다는 버추얼 아이돌 근황 / 스브스뉴스,스브스뉴스 SUBUSUNEWS,대댓글,@digidigimonmon,최신기술인 아이폰으로 얼굴 인식을 해서 아바타랑 실제랑 똑같은 표정을 할 수 있게 하는 페이셜 프로그램이 있어서 그거랑 vr 풀 트래커 기기를 사용해서 움직임도 똑같이 표현할 수 있습니다! 보통 vr chat과 유니티를 이용합니다.,0,2023-09-28T09:59:56Z,0,UgwadFPGNWx7Aq90a954AaABAg.9vCIagzAOd89vCJUmVGVBa,S1bcy4h1mS8,UC0y_amB_lzoPXolNnOLIfjw,2023-09-28T09:59:56Z,UgwadFPGNWx7Aq90a954AaABAg,중립
콘서트 티켓 8분 만에 전석 매진시킨다는 버추얼 아이돌 근황 / 스브스뉴스,스브스뉴스 SUBUSUNEWS,대댓글,@레츠let,저런 무대의 경우는 모션캡쳐 슈트를 입고 촬영한겁니다,0,2023-09-28T10:12:17Z,0,UgwadFPGNWx7Aq90a954AaABAg.9vCIagzAOd89vCKuHuDfHm,S1bcy4h1mS8,UC-xzLLwSV1g3DmUoy0_teGw,2023-09-28T10:12:17Z,UgwadFPGNWx7Aq90a954AaABAg,중립
콘서트 티켓 8분 만에 전석 매진시킨다는 버추얼 아이돌 근황 / 스브스뉴스,스브스뉴스 SUBUSUNEWS,최상위 댓글,@eunyoungko4488,이세돌 최고,2,2023-10-24T13:03:55Z,0,UgwrG5CP40LTXPwi0el4AaABAg,S1bcy4h1mS8,UC88j3N67syuUEzH1xcyIzcQ,2023-10-24T13:03:55Z,,긍정
콘서트 티켓 8분 만에 전석 매진시킨다는 버추얼 아이돌 근황 / 스브스뉴스,스브스뉴스 SUBUSUNEWS,최상위 댓글,@dndnpdp20,재용이형!!  이제 홀로그래픽 디스플레이만 개발하면돼 제발!!,0,2023-10-28T14:35:38Z,1,UgwX-VCta_Q_OnB66nx4AaABAg,S1bcy4h1mS8,UC7MjSWJKwhj9xpU0Hfb9N8Q,2023-10-28T14:35:38Z,,중립
콘서트 티켓 8분 만에 전석 매진시킨다는 버추얼 아이돌 근황 / 스브스뉴스,스브스뉴스 SUBUSUNEWS,대댓글,@mTEWORD,만들었죠?,0,2024-01-11T13:52:16Z,0,UgwX-VCta_Q_OnB66nx4AaABAg.9wQ2tIus38A9zR5YItRFe1,S1bcy4h1mS8,UCj4nRVRyjlabft2Ytb0LsAA,2024-01-11T13:52:16Z,UgwX-VCta_Q_OnB66nx4AaABAg,중립
콘서트 티켓 8분 만에 전석 매진시킨다는 버추얼 아이돌 근황 / 스브스뉴스,스브스뉴스 SUBUSUNEWS,최상위 댓글,@user-nm5po7lv5x,근데 해외는 어떤 버츄얼 아이돌이있음?,1,2023-09-29T12:44:28Z,3,UgyBBefHfH7h8ShcdRR4AaABAg,S1bcy4h1mS8,UCe53NIUBP9eagEI-lfxvc0g,2023-09-29T12:44:28Z,,중립
콘서트 티켓 8분 만에 전석 매진시킨다는 버추얼 아이돌 근황 / 스브스뉴스,스브스뉴스 SUBUSUNEWS,대댓글,@sori-jong,해외는 홀로라이브랑 니지산지가 꽉 잡고있고 개인 버튜버중에서 가장 유명한 사람 뽑으라면 샤이릴리?,0,2023-09-29T12:56:18Z,0,UgyBBefHfH7h8ShcdRR4AaABAg.9vFB6jndUOR9vFCTNOA1lm,S1bcy4h1mS8,UCMCYq9nhIH189vpJEyJsaOA,2023-09-29T12:56:18Z,UgyBBefHfH7h8ShcdRR4AaABAg,중립
콘서트 티켓 8분 만에 전석 매진시킨다는 버추얼 아이돌 근황 / 스브스뉴스,스브스뉴스 SUBUSUNEWS,대댓글,@FunnyTV-wn2cg,@sori-jong 아이돌은 딱히없는듯,0,2023-09-29T20:03:46Z,0,UgyBBefHfH7h8ShcdRR4AaABAg.9vFB6jndUOR9vFyOJhmr_F,S1bcy4h1mS8,UCPyTcNjL0Bqmj6yiRQ3B5SQ,2024-06-17T22:11:59Z,UgyBBefHfH7h8ShcdRR4AaABAg,중립
콘서트 티켓 8분 만에 전석 매진시킨다는 버추얼 아이돌 근황 / 스브스뉴스,스브스뉴스 SUBUSUNEWS,대댓글,@sori-jong,@FunnyTV-wn2cg 아이돌이라 하면 스이세이?,0,2023-09-30T00:38:18Z,0,UgyBBefHfH7h8ShcdRR4AaABAg.9vFB6jndUOR9vGSo-RQaD1,S1bcy4h1mS8,UCMCYq9nhIH189vpJEyJsaOA,2024-06-17T22:11:59Z,UgyBBefHfH7h8ShcdRR4AaABAg,중립
콘서트 티켓 8분 만에 전석 매진시킨다는 버추얼 아이돌 근황 / 스브스뉴스,스브스뉴스 SUBUSUNEWS,최상위 댓글,@uwu-hehehe-r9e,이세돌 화이팅 킹아 👍💜💛🖤❤💙💚,2,2023-09-29T00:06:57Z,0,UgzAj_JVwU6VWRel2Mp4AaABAg,S1bcy4h1mS8,UClrK0s38M7qdWwQpZXVWlKQ,2023-09-29T00:06:57Z,,중립
콘서트 티켓 8분 만에 전석 매진시킨다는 버추얼 아이돌 근황 / 스브스뉴스,스브스뉴스 SUBUSUNEWS,최상위 댓글,@선유도인,실제사람들인거죠?,1,2024-11-18T22:11:35Z,1,UgwpS2MqwG2hK6Fg6J14AaABAg,S1bcy4h1mS8,UCWKhKQ4dn-9lrPNMe9xw-zw,2024-11-18T22:11:35Z,,중립
콘서트 티켓 8분 만에 전석 매진시킨다는 버추얼 아이돌 근황 / 스브스뉴스,스브스뉴스 SUBUSUNEWS,대댓글,@김민혁-x1e,그쵸,5,2024-11-30T18:04:29Z,0,UgwpS2MqwG2hK6Fg6J14AaABAg.AB-MhOPEg5MABToy4hqIR_,S1bcy4h1mS8,UCuEZCNHzClX-Zgf6dGUH-JQ,2024-11-30T18:04:29Z,UgwpS2MqwG2hK6Fg6J14AaABAg,중립
콘서트 티켓 8분 만에 전석 매진시킨다는 버추얼 아이돌 근황 / 스브스뉴스,스브스뉴스 SUBUSUNEWS,최상위 댓글,@세이준,시대가 진짜 빨리 변하는구나…..,0,2023-09-29T07:31:06Z,0,UgxOKknMidsb0D_VTQl4AaABAg,S1bcy4h1mS8,UC5sVyizbO_2vSGoo1YyCQGA,2023-09-29T07:31:06Z,,중립
콘서트 티켓 8분 만에 전석 매진시킨다는 버추얼 아이돌 근황 / 스브스뉴스,스브스뉴스 SUBUSUNEWS,최상위 댓글,@마라피,이세돌에 관심없는데 팬따라 보러감.. 운영은 별로였지만 공연 라인업 좋아서 만족했고 버츄얼파트도 되게 신기했음 옆에서 스크린 열심히 찍는게 웃겨서 내가 누구 직캠찍어줄까? 이런말도 하고... 다 매력이 있으니까 좋아하는거구나 느꼈다,0,2023-09-29T05:32:40Z,0,UgxOJyxe0eJ8bgkcJJt4AaABAg,S1bcy4h1mS8,UC-lxiuKInscZQgEN4aTG6WA,2023-09-29T05:32:40Z,,긍정
콘서트 티켓 8분 만에 전석 매진시킨다는 버추얼 아이돌 근황 / 스브스뉴스,스브스뉴스 SUBUSUNEWS,최상위 댓글,@축구의신호날두-y7j,역시 우리형이야ㅋㅋㅋ,0,2023-09-28T17:45:36Z,0,UgzLEGQn9T7KIqjx5Ld4AaABAg,S1bcy4h1mS8,UCGCYUXyoFK0l9sXteUBKlLQ,2023-09-28T17:45:36Z,,중립
콘서트 티켓 8분 만에 전석 매진시킨다는 버추얼 아이돌 근황 / 스브스뉴스,스브스뉴스 SUBUSUNEWS,최상위 댓글,@Negatibird,"뉴스에 이세계 아이돌 내용을 다뤄 주었다는 걸 알게 되고 봤던 것이 벌써 2주일이 지나갔나 싶을 정도로 빨리 시간이 지나갔네요.

점점 더 사람들이 다른 문화에도 시선을 돌리고 있다는 것이 좋게 느껴집니다 ^^

물론, 비판이나 적절한 지적이 아닌 악의적인 댓글들과 다양한 관점을 바라보는 것이 서투신 분들께서 상대방을 기분 나쁘게 할 수 있는 댓글들도 작성하고 있는 것 같지만, 충분히 다른 사람들과의 교류와 메인컬쳐의 인물들이 관심 가져주고 있는 비중이 증가하고 있으니까 괜찮을 거라고 생각합니다 ㅎㅎ

그리고 앞으로도 활동하시는 이세계 아이돌 맴버분들께서 충분히 이겨낼 수 있다고 지금의 전 믿고 있기에 긴 글 남기고 가겟습니다.

이세계 아이돌 맴버분들 항상 화이팅하시고, 많은 사람들에게도 행복 전달 해주시는 소중한 사람들로서의 가치가 더욱 빛나시길 바라겟습니다~ 💜💛🖤🩷💙💚

긴 글 읽어주신 분들이 계신다면 모두들 진심으로 감사드립니다.",1,2023-10-16T10:24:03Z,0,UgxGZl5nZssBZpVwoix4AaABAg,S1bcy4h1mS8,UCXazql6-YXirdZlbv-Z84yA,2023-10-16T10:24:03Z,,중립
콘서트 티켓 8분 만에 전석 매진시킨다는 버추얼 아이돌 근황 / 스브스뉴스,스브스뉴스 SUBUSUNEWS,최상위 댓글,@gorku5,캬ㅑㅑ,5,2023-09-29T16:58:57Z,0,UgxAfbfLfz060AcStx14AaABAg,S1bcy4h1mS8,UCZgt9bRBq5TSNnfiJAtKTWQ,2023-09-29T16:58:57Z,,중립
콘서트 티켓 8분 만에 전석 매진시킨다는 버추얼 아이돌 근황 / 스브스뉴스,스브스뉴스 SUBUSUNEWS,최상위 댓글,@Goldfox_Golx,어우 난 음지에 계속 있고 싶었는뎅...,1,2024-01-16T15:40:36Z,0,UgwGD6lJ0Xp7W2xOVal4AaABAg,S1bcy4h1mS8,UCMF9iNMaz85jOpQ_L7UPP4A,2024-01-16T15:40:36Z,,중립
콘서트 티켓 8분 만에 전석 매진시킨다는 버추얼 아이돌 근황 / 스브스뉴스,스브스뉴스 SUBUSUNEWS,최상위 댓글,@Hh_07_07,????????????,0,2023-11-26T03:37:07Z,0,UgymMAObfraSEJcsJ9x4AaABAg,S1bcy4h1mS8,UCr6NqsU-Dv3eVtAqkFQPVsg,2023-11-26T03:37:07Z,,중립
콘서트 티켓 8분 만에 전석 매진시킨다는 버추얼 아이돌 근황 / 스브스뉴스,스브스뉴스 SUBUSUNEWS,최상위 댓글,@개구리-o1y,악플이 많던데 무시하시면 됌 뭐 왜 악플을 쓰겠음 질투심 열등감 등등 일반인들은 신경도 안씀ㅋㅋㅋ 그냥 개진따임 그런 에들은,13,2023-12-09T00:54:31Z,7,UgzM3AN9D3tsuvMI0654AaABAg,S1bcy4h1mS8,UCEkwb95Frhbm60Wf4pUs3vg,2023-12-09T00:54:31Z,,중립
콘서트 티켓 8분 만에 전석 매진시킨다는 버추얼 아이돌 근황 / 스브스뉴스,스브스뉴스 SUBUSUNEWS,대댓글,@라우프-g4v,​@qwer-fi6wl그렇게 일반화 시키는 사람도 일반인일까,4,2023-12-12T01:21:23Z,0,UgzM3AN9D3tsuvMI0654AaABAg.9y4jJ-PamQ49yCVlSLfXSw,S1bcy4h1mS8,UCKO6lBT3_bZJBHfI5-DrtRA,2024-06-17T22:04:31Z,UgzM3AN9D3tsuvMI0654AaABAg,중립
콘서트 티켓 8분 만에 전석 매진시킨다는 버추얼 아이돌 근황 / 스브스뉴스,스브스뉴스 SUBUSUNEWS,대댓글,@슈슈-shoo2,@라우프-g4v순살되겠다,1,2023-12-12T08:30:20Z,0,UgzM3AN9D3tsuvMI0654AaABAg.9y4jJ-PamQ49yDGrBjQ-Ds,S1bcy4h1mS8,UCVG-vC3rTrkAaf0su5EVPZA,2024-06-17T22:04:31Z,UgzM3AN9D3tsuvMI0654AaABAg,중립
콘서트 티켓 8분 만에 전석 매진시킨다는 버추얼 아이돌 근황 / 스브스뉴스,스브스뉴스 SUBUSUNEWS,대댓글,@무명-m1d,개찐따가 모여서 단체 가스라이팅 시도중ㅋㅋㅋㅋ,1,2023-12-18T00:26:29Z,0,UgzM3AN9D3tsuvMI0654AaABAg.9y4jJ-PamQ49yRrF_F3xqM,S1bcy4h1mS8,UCFtKCIZUoaQRQzXwA0U2XMA,2023-12-18T00:26:29Z,UgzM3AN9D3tsuvMI0654AaABAg,중립
콘서트 티켓 8분 만에 전석 매진시킨다는 버추얼 아이돌 근황 / 스브스뉴스,스브스뉴스 SUBUSUNEWS,대댓글,@좌라도,HAAAAAAAAAAAAAAAAAAAAAN 지금 니가 느끼고있네 ㅋㅋ,2,2024-01-04T07:43:15Z,0,UgzM3AN9D3tsuvMI0654AaABAg.9y4jJ-PamQ49z8PkQlTIz8,S1bcy4h1mS8,UCADz-7lHds6oxO4lwV9qjAg,2024-06-17T22:04:31Z,UgzM3AN9D3tsuvMI0654AaABAg,중립
콘서트 티켓 8분 만에 전석 매진시킨다는 버추얼 아이돌 근황 / 스브스뉴스,스브스뉴스 SUBUSUNEWS,대댓글,@Skdod-s1q,HAAAAAAAAAAAAAAAAAAAAAN❤❤❤❤❤❤❤❤❤❤❤❤❤❤❤❤사랑합니다❤❤❤❤❤❤❤❤❤❤❤❤❤❤❤,2,2024-01-11T11:39:21Z,0,UgzM3AN9D3tsuvMI0654AaABAg.9y4jJ-PamQ49zQrKlZkMNc,S1bcy4h1mS8,UCHrvpxOHE5ks_FjiVYL2k8Q,2024-06-17T22:04:31Z,UgzM3AN9D3tsuvMI0654AaABAg,긍정
콘서트 티켓 8분 만에 전석 매진시킨다는 버추얼 아이돌 근황 / 스브스뉴스,스브스뉴스 SUBUSUNEWS,최상위 댓글,@dlau420,새로운 세계다...신기함,3,2023-09-28T16:22:41Z,1,Ugw575uTWOjIOfniKNl4AaABAg,S1bcy4h1mS8,UCjFsVDyLLxlwI0MuH1DzSuA,2023-09-28T16:22:41Z,,중립
콘서트 티켓 8분 만에 전석 매진시킨다는 버추얼 아이돌 근황 / 스브스뉴스,스브스뉴스 SUBUSUNEWS,대댓글,@인인성-o2s,신세계의 신 오영택,0,2023-09-29T01:29:16Z,0,Ugw575uTWOjIOfniKNl4AaABAg.9vD-I8GFA709vDyqTbNdU8,S1bcy4h1mS8,UCls4g6Xty4VdkdidNbgujeA,2023-09-29T01:29:16Z,Ugw575uTWOjIOfniKNl4AaABAg,중립
콘서트 티켓 8분 만에 전석 매진시킨다는 버추얼 아이돌 근황 / 스브스뉴스,스브스뉴스 SUBUSUNEWS,최상위 댓글,@웅뀨-k5z,댓글보니까 뭔 자꾸 새로운 문화다 이러는데 언제부터 버츄얼 캐릭터가 문화였냐ㅋㅋㅋ,0,2023-09-28T11:28:02Z,0,Ugy0ntdFxKFrlG8tDih4AaABAg,S1bcy4h1mS8,UCFUIlO1VlhgIhnJb979epgg,2023-09-28T11:29:18Z,,중립
콘서트 티켓 8분 만에 전석 매진시킨다는 버추얼 아이돌 근황 / 스브스뉴스,스브스뉴스 SUBUSUNEWS,최상위 댓글,@raniraniinsal,이게 컨텐츠였다는게 진짜 레전드지...,0,2023-09-29T02:14:19Z,0,UgzZEVUGPjGLfJzK0jl4AaABAg,S1bcy4h1mS8,UC6DlYE8k-GD1V9_nL5LOYIA,2023-09-29T02:14:19Z,,중립
콘서트 티켓 8분 만에 전석 매진시킨다는 버추얼 아이돌 근황 / 스브스뉴스,스브스뉴스 SUBUSUNEWS,최상위 댓글,@bishopqueen-1,스브스뉴스에 이세돌이라니 실감이안나네요 진짜 우리양지인가봐 형.. 킹아,3,2023-09-28T11:13:08Z,0,UgxnS7FHXwvJgpNqOo14AaABAg,S1bcy4h1mS8,UC_1n2GN848bduw4_LGazYqg,2023-09-28T11:13:08Z,,중립
콘서트 티켓 8분 만에 전석 매진시킨다는 버추얼 아이돌 근황 / 스브스뉴스,스브스뉴스 SUBUSUNEWS,최상위 댓글,@Canducky,왁굳형..어디까지가~,2,2023-09-28T23:48:19Z,0,Ugz52MiNcG9cQMHLD5l4AaABAg,S1bcy4h1mS8,UCV-pftGVLttxKPyZ3e4IkPQ,2023-09-28T23:48:19Z,,중립
콘서트 티켓 8분 만에 전석 매진시킨다는 버추얼 아이돌 근황 / 스브스뉴스,스브스뉴스 SUBUSUNEWS,최상위 댓글,@우리부모님-h9b,어지럽네,5,2023-10-14T06:24:04Z,0,UgzmHeEjwboxlyEhSFd4AaABAg,S1bcy4h1mS8,UCofxdjDDm5qKvKEhPqcVrHw,2023-10-14T06:24:04Z,,중립
콘서트 티켓 8분 만에 전석 매진시킨다는 버추얼 아이돌 근황 / 스브스뉴스,스브스뉴스 SUBUSUNEWS,최상위 댓글,@끓벼,근데 저거 그냥 동영상으로 틀어놔도 모를거아냐,2,2023-10-21T12:14:23Z,0,UgzoyLurD1Sil6XatS14AaABAg,S1bcy4h1mS8,UCiZFq66VjkM9CDVO5qoMJcQ,2023-10-21T12:14:23Z,,중립
콘서트 티켓 8분 만에 전석 매진시킨다는 버추얼 아이돌 근황 / 스브스뉴스,스브스뉴스 SUBUSUNEWS,최상위 댓글,@Ririno-r5e,궁금한데 그럼 버츄얼 아이돌은 온라인으로 보는거라 직접 콘서트 보러 가는거랑 큰 차이가 뭔가요…??? 직접 만난다는 표현이 조금 어색하게 들리는데,4,2023-10-24T10:13:10Z,2,UgyyNECqUB7veac5Rth4AaABAg,S1bcy4h1mS8,UCy-L76svnzhpIbmTZoEDtsQ,2023-10-24T10:13:10Z,,중립
콘서트 티켓 8분 만에 전석 매진시킨다는 버추얼 아이돌 근황 / 스브스뉴스,스브스뉴스 SUBUSUNEWS,대댓글,@마시애린,"저는 이세페는 못가긴했지만 락페나 드콘 가보니 일단 음향자체가 다르고 그 현장감이라고 해야하나 다같이 환호하면서 보는 그 벅차오름이 있는거죠! 저는 못가서 티비로 영상올라온거만 봤는데 가신분들 영상보니 너무 재밋어보이고 부럽더라구요,,",5,2023-10-24T12:24:04Z,0,UgyyNECqUB7veac5Rth4AaABAg.9wFHfT8WZhm9wFWeB-qW_X,S1bcy4h1mS8,UCC9X-ZRJa0bvPxUQc_IIPgg,2023-10-24T12:24:18Z,UgyyNECqUB7veac5Rth4AaABAg,중립
콘서트 티켓 8분 만에 전석 매진시킨다는 버추얼 아이돌 근황 / 스브스뉴스,스브스뉴스 SUBUSUNEWS,대댓글,@Yu_gin,넷플로 보는거랑 영화관 가서 보는거랑 음향 차이가 있는것같은 느낌 아닐까용,0,2024-01-24T15:13:16Z,0,UgyyNECqUB7veac5Rth4AaABAg.9wFHfT8WZhm9zxi8wnwAiq,S1bcy4h1mS8,UCilqYxMn74eIljRkqu8GM5w,2024-01-24T15:13:16Z,UgyyNECqUB7veac5Rth4AaABAg,중립
콘서트 티켓 8분 만에 전석 매진시킨다는 버추얼 아이돌 근황 / 스브스뉴스,스브스뉴스 SUBUSUNEWS,최상위 댓글,@upi-0422,왁굳님은 신이다,4,2024-01-29T02:26:01Z,0,UgwAj1mnalnc5RtYk8N4AaABAg,S1bcy4h1mS8,UCAgfjYuUDhKxn1RxaofREjA,2024-01-29T02:26:01Z,,중립
콘서트 티켓 8분 만에 전석 매진시킨다는 버추얼 아이돌 근황 / 스브스뉴스,스브스뉴스 SUBUSUNEWS,최상위 댓글,@알랑강몽땅,왜...왜..왜....이러는 걸까요..😅😅,3,2023-10-01T00:18:43Z,0,UgwpeZxLucRHyQ7jWrZ4AaABAg,S1bcy4h1mS8,UCxbHYvtzrZobxYxrsVu5NQQ,2023-10-01T00:18:43Z,,중립
콘서트 티켓 8분 만에 전석 매진시킨다는 버추얼 아이돌 근황 / 스브스뉴스,스브스뉴스 SUBUSUNEWS,최상위 댓글,@nineduck_,‘이세계아이돌‘ 모르는 사람 없었으면 좋겠다..! 앞으로도 좋은 모습 보여주세요~~,1,2023-09-28T12:04:03Z,0,Ugxo9mAmOm_rK9-JUTF4AaABAg,S1bcy4h1mS8,UCD-UwWq8QS193cZch2Bs69A,2023-09-28T12:04:03Z,,중립
콘서트 티켓 8분 만에 전석 매진시킨다는 버추얼 아이돌 근황 / 스브스뉴스,스브스뉴스 SUBUSUNEWS,최상위 댓글,@skysus7,"다들 바둑 좋아한다니ㅎㅎ
보기좋네요^^",9,2023-09-29T05:05:35Z,2,Ugw5F5J-VX6q2-OIPNt4AaABAg,S1bcy4h1mS8,UChVyNBHpj1g4DNd5gSuKY0g,2023-09-29T05:05:35Z,,긍정
콘서트 티켓 8분 만에 전석 매진시킨다는 버추얼 아이돌 근황 / 스브스뉴스,스브스뉴스 SUBUSUNEWS,대댓글,@뮬뮬-s5p,바둑은 안봐요~,0,2023-09-29T05:08:11Z,0,Ugw5F5J-VX6q2-OIPNt4AaABAg.9vEMamofcWW9vEMto7m9HP,S1bcy4h1mS8,UC4PdUIHNedG1ValpNUICysw,2023-09-29T05:08:11Z,Ugw5F5J-VX6q2-OIPNt4AaABAg,중립
콘서트 티켓 8분 만에 전석 매진시킨다는 버추얼 아이돌 근황 / 스브스뉴스,스브스뉴스 SUBUSUNEWS,대댓글,@jinnnn3,​@뮬뮬-s5p우욱,1,2023-09-29T12:47:39Z,0,Ugw5F5J-VX6q2-OIPNt4AaABAg.9vEMamofcWW9vFBU078Y0Q,S1bcy4h1mS8,UCExY723dcVAHVA2LZ-GFqdw,2024-06-17T21:16:52Z,Ugw5F5J-VX6q2-OIPNt4AaABAg,중립
콘서트 티켓 8분 만에 전석 매진시킨다는 버추얼 아이돌 근황 / 스브스뉴스,스브스뉴스 SUBUSUNEWS,최상위 댓글,@gmaemode,우왁굳이 역사를 만든다,2,2023-10-14T16:14:18Z,0,UgyHj0fgkFhOtKXvFil4AaABAg,S1bcy4h1mS8,UCaiubA2dzdlHEJhj8jxriGQ,2023-10-14T16:14:18Z,,중립
콘서트 티켓 8분 만에 전석 매진시킨다는 버추얼 아이돌 근황 / 스브스뉴스,스브스뉴스 SUBUSUNEWS,최상위 댓글,@haa-x2k,한때 일본에서 우타이테가 유행이었을때가 있었죠. 한국에서 인기도 많았어서 저도 좋아했었는데 그거랑 완전 비슷하다고 봐요. 캐릭터 자캐 하나 만들어놓고 노래부르는!! 일본 애니나 만화 좋아하시는 오타쿠들이 좋아할법해서 일반인들은 그뭔씹으로 보이긴할듯..,3,2023-09-30T10:33:08Z,0,UgzJRGA7gbjJeY55TFZ4AaABAg,S1bcy4h1mS8,UC9FGFobtkKQ74S0HwAnQyLw,2023-09-30T10:38:10Z,,긍정
콘서트 티켓 8분 만에 전석 매진시킨다는 버추얼 아이돌 근황 / 스브스뉴스,스브스뉴스 SUBUSUNEWS,최상위 댓글,@vls4254,세상이 참,16,2023-09-29T15:44:16Z,0,UgwX7Jgdw0PbbNUAo9B4AaABAg,S1bcy4h1mS8,UCquYNGrR5SKFSFaRWV-17yg,2023-09-29T15:44:16Z,,중립
콘서트 티켓 8분 만에 전석 매진시킨다는 버추얼 아이돌 근황 / 스브스뉴스,스브스뉴스 SUBUSUNEWS,최상위 댓글,@noname-sss111,변화하는 세상 사고방식이 뒤떨어지는 인간 도태 새로운곳에는 돈이 있다.,3,2023-10-06T00:57:16Z,0,UgztQq1hAhKUA10pDeF4AaABAg,S1bcy4h1mS8,UCFzYRYoV2HbVW7ya7fsG-Jw,2023-10-06T00:57:16Z,,중립
콘서트 티켓 8분 만에 전석 매진시킨다는 버추얼 아이돌 근황 / 스브스뉴스,스브스뉴스 SUBUSUNEWS,최상위 댓글,@유튬-t8m,아니 박효진님 닝햄 아니냐고요ㅋㅋㅋㅋㅋㅋ,0,2024-01-02T07:08:07Z,0,UgyjzdsM-WHQqdVKKwx4AaABAg,S1bcy4h1mS8,UCa9-5bK1IO_fbdFn28Ntfww,2024-01-02T07:08:07Z,,중립
콘서트 티켓 8분 만에 전석 매진시킨다는 버추얼 아이돌 근황 / 스브스뉴스,스브스뉴스 SUBUSUNEWS,최상위 댓글,@jinsangmin-ee4oz,좋기만 하구만 ㅋㅋㅋ,0,2023-09-30T02:48:37Z,0,UgxPd-pvLXHIQwBfFrJ4AaABAg,S1bcy4h1mS8,UCbzsrkkflm8TxUG1vR0St7A,2023-09-30T02:48:37Z,,중립
콘서트 티켓 8분 만에 전석 매진시킨다는 버추얼 아이돌 근황 / 스브스뉴스,스브스뉴스 SUBUSUNEWS,최상위 댓글,@mawaec,이세돌 보니까 문득 이세계스포츠아이돌 대상혁이 대단하거같다 영원하라..,3,2023-10-13T04:45:54Z,0,UgwP-c1UjN4o5eqpf8N4AaABAg,S1bcy4h1mS8,UC_1b5L5FQKv1eSpIvLxS12Q,2023-10-13T04:45:54Z,,중립
콘서트 티켓 8분 만에 전석 매진시킨다는 버추얼 아이돌 근황 / 스브스뉴스,스브스뉴스 SUBUSUNEWS,최상위 댓글,@IanKim9,세대차이인지 개인적으로 버튜버는 잘 모르겠네요... 😅,3,2023-09-29T11:24:42Z,3,UgwmnjPTB3DWDz3sNot4AaABAg,S1bcy4h1mS8,UCji0RNX1j1XX3ZSF8_3m9DA,2023-09-29T11:24:42Z,,중립
콘서트 티켓 8분 만에 전석 매진시킨다는 버추얼 아이돌 근황 / 스브스뉴스,스브스뉴스 SUBUSUNEWS,대댓글,@juwngdokja,프사가 애니프산데 누가봐도 버튜버 잘볼꺼같은 프산디...,3,2023-09-30T02:38:54Z,0,UgwmnjPTB3DWDz3sNot4AaABAg.9vF1zTQ_1Zk9vGfbG2ImRO,S1bcy4h1mS8,UCOj7qp_iJLd2A904yuxBvJg,2023-09-30T02:38:54Z,UgwmnjPTB3DWDz3sNot4AaABAg,중립
콘서트 티켓 8분 만에 전석 매진시킨다는 버추얼 아이돌 근황 / 스브스뉴스,스브스뉴스 SUBUSUNEWS,대댓글,@IanKim9,@juwngdokja 애니메이션 보는거 자체를 좋아하지만 버튜버 등등 캐릭터에 뭔가 추가하거나 떠들석한건 별로더라고요.//,0,2023-10-01T07:27:34Z,0,UgwmnjPTB3DWDz3sNot4AaABAg.9vF1zTQ_1Zk9vJlRPuIhFO,S1bcy4h1mS8,UCji0RNX1j1XX3ZSF8_3m9DA,2024-06-17T23:12:20Z,UgwmnjPTB3DWDz3sNot4AaABAg,중립
콘서트 티켓 8분 만에 전석 매진시킨다는 버추얼 아이돌 근황 / 스브스뉴스,스브스뉴스 SUBUSUNEWS,대댓글,@juwngdokja,@IanKim9 그렇군요...알겠습니다,0,2023-10-01T08:26:47Z,0,UgwmnjPTB3DWDz3sNot4AaABAg.9vF1zTQ_1Zk9vJsD8I8B3O,S1bcy4h1mS8,UCOj7qp_iJLd2A904yuxBvJg,2024-06-17T23:12:20Z,UgwmnjPTB3DWDz3sNot4AaABAg,중립
콘서트 티켓 8분 만에 전석 매진시킨다는 버추얼 아이돌 근황 / 스브스뉴스,스브스뉴스 SUBUSUNEWS,최상위 댓글,@over_slept,씹덕 맞아요..네..음..저는..,0,2023-10-05T22:51:30Z,0,Ugx6f04X4cod9M3OFk94AaABAg,S1bcy4h1mS8,UCmQ3XxGPxeEbZgYvMPDkErg,2023-10-05T22:51:45Z,,중립
콘서트 티켓 8분 만에 전석 매진시킨다는 버추얼 아이돌 근황 / 스브스뉴스,스브스뉴스 SUBUSUNEWS,최상위 댓글,@이불개기,본능적 reluctant,0,2023-10-01T01:16:45Z,0,UgyKFeMtbg1iu3BczM14AaABAg,S1bcy4h1mS8,UCnA82y7LUQLlr7ISO-7nF6A,2023-10-01T01:16:45Z,,중립
콘서트 티켓 8분 만에 전석 매진시킨다는 버추얼 아이돌 근황 / 스브스뉴스,스브스뉴스 SUBUSUNEWS,최상위 댓글,@CodePsy-2001,"많은 사람들이 오해하는 부분 정리

Q. 이런 데이터 쪼가리를 왜 빠는거야?
A. 펭수처럼 '인형탈 쓰고 활동하는 유튜버'라고 생각하시면 이해가 좀 되실겁니다. 펭수 인형탈은 누구나 쓸 수 있는거지만, 안에 사람을 바꾸면 펭수유튜브도 재미없어질거고 ""내가 알던 그 펭수""의 모습이 사라지겠죠?

Q. 실제 얼굴도 모르는데 어떻게 좋다는거야?
A. 하루 8시간씩 인터넷 방송을 하기 때문에 팬들과 엄청나게 친해지게 됩니다! 유튜버 중 어느정도 라포가 있는 팬덤이 있는 유튜버 생각하시면 좋습니다. (케인, 녹두로 등?)

Q. 못난 부분을 가리려고 이런거나 하는거 아니야?
A. 음... 못난 부분을 가리려는데 왜 인터넷 방송을 하나요😂 그냥 조용히 살겠죠. 얼굴이든 뭐든 일반적인 사람들과 별다를바 없을 거에요. 전직 아이돌 출신(메이위시 효인)이라서 사실상 얼굴이 공개되어있는 맴버도 있습니다.

Q. 이런거 좋아하는 사람 사이비종교같애!
A. 팬덤 안에서 쓰는 용어나 문화같은게 생소해서 그렇게 보이실수 있습니다😢 근데 그거 서태지와아이들때도 나왔던 반응이에요",25,2023-10-05T14:05:02Z,15,Ugy6XEzW34wgqQVJ6OB4AaABAg,S1bcy4h1mS8,UCGRimKHem4dY78ElbRjY1Ng,2023-10-05T14:10:57Z,,긍정
콘서트 티켓 8분 만에 전석 매진시킨다는 버추얼 아이돌 근황 / 스브스뉴스,스브스뉴스 SUBUSUNEWS,대댓글,@flyingdog-11,ㄹㅇㄹㅇ,1,2023-10-07T09:13:30Z,0,Ugy6XEzW34wgqQVJ6OB4AaABAg.9vUm63qwFLe9vZPKaMw9BP,S1bcy4h1mS8,UCh7qWJLZg7vct8kDDTItJtg,2023-10-07T09:13:30Z,Ugy6XEzW34wgqQVJ6OB4AaABAg,중립
콘서트 티켓 8분 만에 전석 매진시킨다는 버추얼 아이돌 근황 / 스브스뉴스,스브스뉴스 SUBUSUNEWS,대댓글,@손연욱-o5o,요점은 하나도 들어가지 않은 답변뿐이네요...,0,2023-10-07T17:37:09Z,0,Ugy6XEzW34wgqQVJ6OB4AaABAg.9vUm63qwFLe9v_IyNJaSC-,S1bcy4h1mS8,UC-broaG9RgVjSnhnaZorZCA,2023-10-07T17:37:09Z,Ugy6XEzW34wgqQVJ6OB4AaABAg,중립
콘서트 티켓 8분 만에 전석 매진시킨다는 버추얼 아이돌 근황 / 스브스뉴스,스브스뉴스 SUBUSUNEWS,대댓글,@하루-m7j1e,@손연욱-o5o 니가 못보는척 하는거지 ㅋ,0,2023-10-09T18:37:27Z,0,Ugy6XEzW34wgqQVJ6OB4AaABAg.9vUm63qwFLe9veZSnTKKmj,S1bcy4h1mS8,UCoDptpe8a5L9gvBzatqwOYw,2024-04-18T01:14:29Z,Ugy6XEzW34wgqQVJ6OB4AaABAg,중립
콘서트 티켓 8분 만에 전석 매진시킨다는 버추얼 아이돌 근황 / 스브스뉴스,스브스뉴스 SUBUSUNEWS,대댓글,@타미-tami,정성추 킹아,0,2023-10-13T09:22:42Z,0,Ugy6XEzW34wgqQVJ6OB4AaABAg.9vUm63qwFLe9vns9AjyuC1,S1bcy4h1mS8,UC-kC-j9g36Uzd_Ypw0RLGVQ,2023-10-13T09:22:42Z,Ugy6XEzW34wgqQVJ6OB4AaABAg,중립
콘서트 티켓 8분 만에 전석 매진시킨다는 버추얼 아이돌 근황 / 스브스뉴스,스브스뉴스 SUBUSUNEWS,대댓글,@승나-g9u,​@손연욱-o5o 혹시 글을 읽지 못하시는 건가요?(진짜 모름),0,2023-10-15T22:15:03Z,0,Ugy6XEzW34wgqQVJ6OB4AaABAg.9vUm63qwFLe9vuP7rgsCQN,S1bcy4h1mS8,UC7k0nVJ3d2zgpD_Groc_Ptg,2024-04-18T01:14:29Z,Ugy6XEzW34wgqQVJ6OB4AaABAg,중립
콘서트 티켓 8분 만에 전석 매진시킨다는 버추얼 아이돌 근황 / 스브스뉴스,스브스뉴스 SUBUSUNEWS,최상위 댓글,@sol6283,가상 캐릭터ㄷㄷ,0,2023-09-29T07:47:59Z,0,Ugzbk8GTvj3sg8RtGW54AaABAg,S1bcy4h1mS8,UCQhpIZzuDAcWA6wR7pAXabw,2023-09-29T07:47:59Z,,중립
콘서트 티켓 8분 만에 전석 매진시킨다는 버추얼 아이돌 근황 / 스브스뉴스,스브스뉴스 SUBUSUNEWS,최상위 댓글,@진짜못참겠어요,이세돌 팬과 방구석 찐따 여포들의 싸움 가슴이 웅장해진다,5,2024-06-06T08:51:06Z,2,UgysJhqMU_b-8LgCKc14AaABAg,S1bcy4h1mS8,UC8Es-dTK4v7UXlrWfgghWfA,2024-06-06T08:51:06Z,,중립
콘서트 티켓 8분 만에 전석 매진시킨다는 버추얼 아이돌 근황 / 스브스뉴스,스브스뉴스 SUBUSUNEWS,대댓글,@안녕하세요오옷,찐따vs찐따 싸움이라는거네 ㄷㄷ,1,2024-06-21T06:40:18Z,0,UgysJhqMU_b-8LgCKc14AaABAg.A4L3w5I3ohhA4wStBrrdgK,S1bcy4h1mS8,UCEX9-RrQd3RR-reQGkyprLw,2024-06-21T06:40:18Z,UgysJhqMU_b-8LgCKc14AaABAg,중립
콘서트 티켓 8분 만에 전석 매진시킨다는 버추얼 아이돌 근황 / 스브스뉴스,스브스뉴스 SUBUSUNEWS,대댓글,@Alksjs-t5e,​@안녕하세요오옷이세돌 팬중에 2D 좋아하는 씹덕찐따들도 있긴한데 대부분은 그냥 노래가 좋고 그 방송인이 좋아서 좋아하는거 그냥 노캠 방송에 플러스 표정이랑 행동까지 보여주는거지,2,2024-06-22T14:08:44Z,0,UgysJhqMU_b-8LgCKc14AaABAg.A4L3w5I3ohhA4zq-UkU8a2,S1bcy4h1mS8,UCNY6SnHyt0ny_6K-iIvYGSg,2024-06-22T14:08:44Z,UgysJhqMU_b-8LgCKc14AaABAg,긍정
콘서트 티켓 8분 만에 전석 매진시킨다는 버추얼 아이돌 근황 / 스브스뉴스,스브스뉴스 SUBUSUNEWS,최상위 댓글,@villain-uuuu,왁굳형과 인사한게 제일 부러워,1,2024-01-25T15:53:04Z,0,UgyLw_BtrYGQ4Ou4Tgl4AaABAg,S1bcy4h1mS8,UCmXAGFc73udS335uAcLi8RA,2024-01-25T15:53:04Z,,중립
콘서트 티켓 8분 만에 전석 매진시킨다는 버추얼 아이돌 근황 / 스브스뉴스,스브스뉴스 SUBUSUNEWS,최상위 댓글,@luck7478,엌ㅋㅋ  캬~ 함 빠져봐,0,2023-09-29T01:04:01Z,0,UgzA8dD0zQ0NLFwzvVd4AaABAg,S1bcy4h1mS8,UCR88C8EwHJWHDfjl8k1DFsg,2023-09-29T01:04:50Z,,중립
콘서트 티켓 8분 만에 전석 매진시킨다는 버추얼 아이돌 근황 / 스브스뉴스,스브스뉴스 SUBUSUNEWS,최상위 댓글,@user-moon208,"인터뷰 렉걸리는거봐라ㅋㅋㅋㅋ
저게 버츄얼?? 모두가 제약없이 즐겨야 가상현실이라고 하지 
컴퓨터 사양때문에 인터뷰하는 기자도 렉이걸리네ㅋㅋㅋㅋㅋ",9,2023-09-29T06:08:56Z,4,UgyA-gooTQBN8FKvMlF4AaABAg,S1bcy4h1mS8,UCGroKsX53XePhqrw85c5MQQ,2023-09-29T06:10:07Z,,중립
콘서트 티켓 8분 만에 전석 매진시킨다는 버추얼 아이돌 근황 / 스브스뉴스,스브스뉴스 SUBUSUNEWS,대댓글,@GrowStoneOnline,어지간히 고물같은 컴 아닌 이상 안걸림 ㅋㅋ,3,2023-09-29T06:55:47Z,0,UgyA-gooTQBN8FKvMlF4AaABAg.9vETqp7fgFi9vEZCw7KRXs,S1bcy4h1mS8,UCHPN5Avr3BRz3ty0AILlc2g,2023-09-29T06:55:47Z,UgyA-gooTQBN8FKvMlF4AaABAg,중립
콘서트 티켓 8분 만에 전석 매진시킨다는 버추얼 아이돌 근황 / 스브스뉴스,스브스뉴스 SUBUSUNEWS,대댓글,@stone263e1a7,버츄얼이니까 사양높아야되는거지 보급형 문서작업컴퓨터로 대체 뭘바라는거임 ㅋㅋㅋㅋ,8,2023-09-29T09:07:13Z,0,UgyA-gooTQBN8FKvMlF4AaABAg.9vETqp7fgFi9vEnFaeGRT3,S1bcy4h1mS8,UC7xSkQGOHUrnl0epmrBtX7g,2023-09-29T09:07:13Z,UgyA-gooTQBN8FKvMlF4AaABAg,중립
콘서트 티켓 8분 만에 전석 매진시킨다는 버추얼 아이돌 근황 / 스브스뉴스,스브스뉴스 SUBUSUNEWS,대댓글,@py_42,저건 기자 컴 사양 문제인건데;; 평소에 방송할땐 춤 출때도 렉 안 걸림,0,2023-09-29T10:18:09Z,0,UgyA-gooTQBN8FKvMlF4AaABAg.9vETqp7fgFi9vEvN4lIO-v,S1bcy4h1mS8,UCFXAXPMpKTX7B3Ka34VwPUw,2023-09-29T10:18:09Z,UgyA-gooTQBN8FKvMlF4AaABAg,중립
콘서트 티켓 8분 만에 전석 매진시킨다는 버추얼 아이돌 근황 / 스브스뉴스,스브스뉴스 SUBUSUNEWS,대댓글,@Superddong-r3,컴퓨터 사양문제도 있는데 그냥 기자분이 설정을 세이프티로 해서 랙걸리는 것도 있어요.,0,2023-09-29T14:16:45Z,0,UgyA-gooTQBN8FKvMlF4AaABAg.9vETqp7fgFi9vFLfgxGKGa,S1bcy4h1mS8,UC_MFHpeNMbGeXMruJ3YJY9w,2023-09-29T14:16:45Z,UgyA-gooTQBN8FKvMlF4AaABAg,중립
콘서트 티켓 8분 만에 전석 매진시킨다는 버추얼 아이돌 근황 / 스브스뉴스,스브스뉴스 SUBUSUNEWS,최상위 댓글,@myeongyeoscene,"우리 자랑스러운 버튜버 이세돌
아자아자 파이팅~",2,2023-09-28T11:09:25Z,0,Ugxc7SLfBXEB3TL9ld14AaABAg,S1bcy4h1mS8,UC-6cADzPMMwh9WcKORUk00g,2023-09-28T11:09:25Z,,중립
콘서트 티켓 8분 만에 전석 매진시킨다는 버추얼 아이돌 근황 / 스브스뉴스,스브스뉴스 SUBUSUNEWS,최상위 댓글,@슬퍼서우럭,와.. 예전에 일본이 저럴때 우리나라에서 음침하다 뭐다 조롱 하더니 결국은 따라가네 이런거보니 앞으로 일본 사회현상 보고 조롱도 못하겠음..ㅎ,0,2023-09-30T01:50:06Z,0,Ugwe4Zd_dfz5PhyzKON4AaABAg,S1bcy4h1mS8,UC4WleegVXdCh3zMwwZC8VVg,2023-09-30T01:50:06Z,,중립
콘서트 티켓 8분 만에 전석 매진시킨다는 버추얼 아이돌 근황 / 스브스뉴스,스브스뉴스 SUBUSUNEWS,최상위 댓글,@JohnDoe-k4t1n,sbs 음방가즈아,2,2023-09-28T15:52:56Z,0,Ugxj8kgKd07YkPkXl754AaABAg,S1bcy4h1mS8,UChXwpYYDVUKPX7IBYpG6seA,2023-09-28T15:52:56Z,,중립
콘서트 티켓 8분 만에 전석 매진시킨다는 버추얼 아이돌 근황 / 스브스뉴스,스브스뉴스 SUBUSUNEWS,최상위 댓글,@esuvean,2년전만해도 금방 망할줄 알았던 버츄얼아이돌이 지금 이렇게 성공해서 공연까지하는게 너무 벅차서 눈물이 났어요 ㅠㅠ 앞으로 단콘할때까지 영원하자 이세돌!!!,0,2023-09-28T13:34:56Z,0,UgwHEGJ3aeOv4NvW-X94AaABAg,S1bcy4h1mS8,UCYycHMP7EGrE4MFxcQQ9_Kw,2023-09-28T13:34:56Z,,중립
콘서트 티켓 8분 만에 전석 매진시킨다는 버추얼 아이돌 근황 / 스브스뉴스,스브스뉴스 SUBUSUNEWS,최상위 댓글,@mana7361,이세돌... 바둑기사 말하는줄ㅋㅋㅋㅋㅋㅋㅋㅋㅋㅋ,0,2023-09-28T10:12:21Z,0,Ugw-3zM3-rOucMHQahh4AaABAg,S1bcy4h1mS8,UCUmSOrc_HEXvFOtb9K7EZkw,2023-09-28T10:12:21Z,,중립
콘서트 티켓 8분 만에 전석 매진시킨다는 버추얼 아이돌 근황 / 스브스뉴스,스브스뉴스 SUBUSUNEWS,최상위 댓글,@sms2334,아직 이건 좀 부끄러운데,4,2023-10-01T12:24:05Z,0,UgwlO-fcNAChokTYiqZ4AaABAg,S1bcy4h1mS8,UCUwF9xvLTK0AVzJUF2HQE-g,2023-10-01T12:24:05Z,,중립
콘서트 티켓 8분 만에 전석 매진시킨다는 버추얼 아이돌 근황 / 스브스뉴스,스브스뉴스 SUBUSUNEWS,최상위 댓글,@성준수-w6h,"까놓고말해서 이세돌을 좋아하지는 않는데 굳이 욕할거까지야 ㅋㅋ
플레이브랑 이세돌이 버튜버중에선 가장 대중적이게 셀링에 성공한 사례같음 노래도 진짜 아이돌처럼 뽑았고 컨셉도 괜찮음
솔직히 이정도면 별로 씹덕도 아니다……..",9,2023-10-11T10:20:02Z,0,Ugx9t4UZbY14vEsbcsJ4AaABAg,S1bcy4h1mS8,UCRgie532hdj9FCVDbJYefSg,2023-10-11T10:20:02Z,,중립
콘서트 티켓 8분 만에 전석 매진시킨다는 버추얼 아이돌 근황 / 스브스뉴스,스브스뉴스 SUBUSUNEWS,최상위 댓글,@Bung_Uh-ipary,형 우리 음지라며 이게 음지야? 우리 이세돌 너무 자랑스럽다!!!!! 앞으로도 오랫동안 즐겁게 활동해주세요💜💛🖤🩷💙💚,2,2023-09-28T16:29:43Z,0,Ugx9HXDA2HyO2Tynl694AaABAg,S1bcy4h1mS8,UCWEccY0Mc7EbACuw0b5rs3w,2023-09-28T16:29:43Z,,중립
콘서트 티켓 8분 만에 전석 매진시킨다는 버추얼 아이돌 근황 / 스브스뉴스,스브스뉴스 SUBUSUNEWS,최상위 댓글,@bozigonduu,일본 보컬로이드 비웃을때가 엊그제같은데,2,2023-09-29T04:40:27Z,0,UgyX0zYE5TPdl18UtAV4AaABAg,S1bcy4h1mS8,UCVBiY0ZjOFYEsrjzYlvKZSw,2023-09-29T04:40:27Z,,중립
콘서트 티켓 8분 만에 전석 매진시킨다는 버추얼 아이돌 근황 / 스브스뉴스,스브스뉴스 SUBUSUNEWS,최상위 댓글,@zxcasdqwerty,취향 존중 해야겠지,9,2023-11-19T07:00:53Z,0,UgyM3v2q1Vx76UwMqE94AaABAg,S1bcy4h1mS8,UCln9o0_hPO3u9lNlHwIOSaw,2023-11-19T07:00:53Z,,중립
콘서트 티켓 8분 만에 전석 매진시킨다는 버추얼 아이돌 근황 / 스브스뉴스,스브스뉴스 SUBUSUNEWS,최상위 댓글,@피아노-j3x,음..?,1,2023-10-04T18:05:28Z,0,Ugwb2ebYltm8nlAQjIl4AaABAg,S1bcy4h1mS8,UCVOwcbNfDzU6djZfZR80yoA,2023-10-04T18:05:28Z,,중립
콘서트 티켓 8분 만에 전석 매진시킨다는 버추얼 아이돌 근황 / 스브스뉴스,스브스뉴스 SUBUSUNEWS,최상위 댓글,@성이름-n9r4x,2d 좋아하는 거랑 비슷한가..,5,2023-10-31T14:00:35Z,2,Ugz8aa3z_YGKbd9eVuR4AaABAg,S1bcy4h1mS8,UCmx8OpWpkmknaFx_qATE9zw,2023-10-31T14:00:35Z,,긍정
콘서트 티켓 8분 만에 전석 매진시킨다는 버추얼 아이돌 근황 / 스브스뉴스,스브스뉴스 SUBUSUNEWS,대댓글,@트수핀구단,그거랑은 쪼끔 느낌이 다르죠 사실 씹덕스러운 아바타를 끼고 있어서 그렇지 일반 인터넷방송과 다를 게 없거든요,8,2023-11-02T14:00:00Z,0,Ugz8aa3z_YGKbd9eVuR4AaABAg.9wXiGECy6yE9wbrmfRKM6n,S1bcy4h1mS8,UCFTS9KEiq-YOrqfHTLYa-Ng,2023-11-02T14:00:00Z,Ugz8aa3z_YGKbd9eVuR4AaABAg,중립
콘서트 티켓 8분 만에 전석 매진시킨다는 버추얼 아이돌 근황 / 스브스뉴스,스브스뉴스 SUBUSUNEWS,대댓글,@Sxxtbox1,요즘 유튜버들이 2D 캐릭터 끼고 영상에다가 넣는거랑 비슷하게보면됨.,0,2023-11-14T11:40:46Z,0,Ugz8aa3z_YGKbd9eVuR4AaABAg.9wXiGECy6yE9x5WOQ1WNdA,S1bcy4h1mS8,UCowb0x5AJ9pQYveiiNEBH8Q,2023-11-14T11:40:46Z,Ugz8aa3z_YGKbd9eVuR4AaABAg,중립
콘서트 티켓 8분 만에 전석 매진시킨다는 버추얼 아이돌 근황 / 스브스뉴스,스브스뉴스 SUBUSUNEWS,최상위 댓글,@mogamduk,"와우 도대체 왜 인기인건지 궁금한데
진짜 궁금해서임 ㅇㅇ 비하가 아니라",6,2023-12-23T12:47:20Z,8,UgzBvO2MnSDOG0aK65l4AaABAg,S1bcy4h1mS8,UCA81UW5Rm3i3UGDcsrQe3dw,2023-12-23T12:47:20Z,,중립
콘서트 티켓 8분 만에 전석 매진시킨다는 버추얼 아이돌 근황 / 스브스뉴스,스브스뉴스 SUBUSUNEWS,대댓글,@king-a8282,솔직히 저도 첨엔 부정적인 시선으로 봤는데 어느순간부터 이파리(팬덤 이름)가 돼있더라구요.,4,2023-12-24T10:37:42Z,0,UgzBvO2MnSDOG0aK65l4AaABAg.9yf306jTkcJ9yhOyV1CHo7,S1bcy4h1mS8,UCdppmOWa6Jit2IM_tDT4lbg,2023-12-24T10:37:42Z,UgzBvO2MnSDOG0aK65l4AaABAg,중립
콘서트 티켓 8분 만에 전석 매진시킨다는 버추얼 아이돌 근황 / 스브스뉴스,스브스뉴스 SUBUSUNEWS,대댓글,@sung_Bo,매력 때문인듯?? 잇자나 얼굴모르고 단지 통화하면서도 호감가는 그런 사람 그런 느낌인듯,5,2023-12-24T18:51:08Z,0,UgzBvO2MnSDOG0aK65l4AaABAg.9yf306jTkcJ9yiHRTNTqT_,S1bcy4h1mS8,UCvPXXUCjlsA_9wVK2ZqWXgg,2023-12-24T18:51:08Z,UgzBvO2MnSDOG0aK65l4AaABAg,중립
콘서트 티켓 8분 만에 전석 매진시킨다는 버추얼 아이돌 근황 / 스브스뉴스,스브스뉴스 SUBUSUNEWS,대댓글,@칙칙포포-n5h,"@으갸갸갸갸-r5j 나도 별 감흥없고 크게 관심없는 사람이긴한데 요즘은 10덕이라고 머라 못함 
생각보다 대중화가 되서 오히려 10덕이라며 수근거리면 어느순간 너님이 눈치밥먹을지도",4,2023-12-25T13:04:46Z,0,UgzBvO2MnSDOG0aK65l4AaABAg.9yf306jTkcJ9ykEaY2d4vY,S1bcy4h1mS8,UCmxwircXRnemqi4V7eFuogQ,2024-06-17T22:03:56Z,UgzBvO2MnSDOG0aK65l4AaABAg,중립
콘서트 티켓 8분 만에 전석 매진시킨다는 버추얼 아이돌 근황 / 스브스뉴스,스브스뉴스 SUBUSUNEWS,대댓글,@으갸갸갸갸-r5j,"@칙칙포포-n5h ㅋㅋ 대중화 ㅇㅈㄹ 노래좋은건 인정함 나도 커버곡들어봤고 근데 대중화될려면 ㅈㄴ멀었지;; 당장대학교 커뮤 에타검색만해도 걔네는 2d3d, 애니 게시판에서 기어나오지도못하더만",5,2023-12-26T06:41:43Z,0,UgzBvO2MnSDOG0aK65l4AaABAg.9yf306jTkcJ9ym7YoIGxk5,S1bcy4h1mS8,UCHHzavqRFLAhOk9jmXBiqMg,2024-06-17T22:03:56Z,UgzBvO2MnSDOG0aK65l4AaABAg,중립
콘서트 티켓 8분 만에 전석 매진시킨다는 버추얼 아이돌 근황 / 스브스뉴스,스브스뉴스 SUBUSUNEWS,대댓글,@으갸갸갸갸-r5j,@@user-ux3pt4fz2z 송도살아서 이세페 주변가봤는데 9할이 남자에 반이상이 땀내 ㅈㄴ나게생겼던데… 아님? 왁물원 성비도 7 3 아니면 8 2로 걍 고추밭이라며,1,2023-12-26T06:43:01Z,0,UgzBvO2MnSDOG0aK65l4AaABAg.9yf306jTkcJ9ym7hOvdXri,S1bcy4h1mS8,UCHHzavqRFLAhOk9jmXBiqMg,2024-03-21T13:58:23Z,UgzBvO2MnSDOG0aK65l4AaABAg,중립
콘서트 티켓 8분 만에 전석 매진시킨다는 버추얼 아이돌 근황 / 스브스뉴스,스브스뉴스 SUBUSUNEWS,최상위 댓글,@고르곤졸라-s6z,우웩,9,2023-09-29T10:42:44Z,0,UgzgYRJEE38jcVojZdx4AaABAg,S1bcy4h1mS8,UCyo4UE36dSpetUHmIjx6ZPQ,2023-09-29T10:42:44Z,,중립
콘서트 티켓 8분 만에 전석 매진시킨다는 버추얼 아이돌 근황 / 스브스뉴스,스브스뉴스 SUBUSUNEWS,최상위 댓글,@neko-p3q,비십덕들 어질어질하죠잉??? 싸돌아다니지말고 집구석에서 애니도 좀 보고 해라,5,2023-10-10T17:26:01Z,2,UgwyGQ1nLdlDNKVMbJJ4AaABAg,S1bcy4h1mS8,UCkNx1GgfO-0SjbO8yt8wPVA,2023-10-10T17:26:01Z,,중립
콘서트 티켓 8분 만에 전석 매진시킨다는 버추얼 아이돌 근황 / 스브스뉴스,스브스뉴스 SUBUSUNEWS,대댓글,@user-pc8ox6xv7i,그딴걸 왜봄?☹️,4,2023-10-23T07:39:40Z,0,UgwyGQ1nLdlDNKVMbJJ4AaABAg.9vh04TFKkrU9wCRJIst3WU,S1bcy4h1mS8,UCauwQiHs0KilNRGZFQ4XIKw,2023-10-23T07:39:40Z,UgwyGQ1nLdlDNKVMbJJ4AaABAg,중립
콘서트 티켓 8분 만에 전석 매진시킨다는 버추얼 아이돌 근황 / 스브스뉴스,스브스뉴스 SUBUSUNEWS,대댓글,@Sxxtbox1,현생을 사세요 제발,2,2023-11-19T05:59:36Z,0,UgwyGQ1nLdlDNKVMbJJ4AaABAg.9vh04TFKkrU9xHmK1ICMMi,S1bcy4h1mS8,UCowb0x5AJ9pQYveiiNEBH8Q,2023-11-19T05:59:36Z,UgwyGQ1nLdlDNKVMbJJ4AaABAg,중립
콘서트 티켓 8분 만에 전석 매진시킨다는 버추얼 아이돌 근황 / 스브스뉴스,스브스뉴스 SUBUSUNEWS,최상위 댓글,@user-k4577,"듀라한 다음으로 충격 받았음.....심지어 라이브면 모르겠는데 녹화라는데서 한번 더 충격 ㅋㅋㅋㅋ
근데 장훈이 햄은 진짜 대단하다 젊은 나도 좀 어질어질한데 진짜........그저 goat",3,2023-10-04T01:18:53Z,1,UgzeIShNtu9OeUlGawd4AaABAg,S1bcy4h1mS8,UCaFUHOabcK9b96JzMNaRcYQ,2023-10-04T01:18:53Z,,중립
콘서트 티켓 8분 만에 전석 매진시킨다는 버추얼 아이돌 근황 / 스브스뉴스,스브스뉴스 SUBUSUNEWS,대댓글,@_10tacle,장훈이형도 부캐가 버츄얼인데...ㅋㅋㅋ,0,2023-10-09T08:20:16Z,0,UgzeIShNtu9OeUlGawd4AaABAg.9vQpcng_f7Y9vdSpPLcqro,S1bcy4h1mS8,UC6afPdEz2knicPphWdqxVbA,2023-10-09T08:20:16Z,UgzeIShNtu9OeUlGawd4AaABAg,중립
콘서트 티켓 8분 만에 전석 매진시킨다는 버추얼 아이돌 근황 / 스브스뉴스,스브스뉴스 SUBUSUNEWS,최상위 댓글,@woongsung88,ㅡㅡ,1,2023-09-29T07:30:39Z,0,UgxbS3e48R_TfJoS1Cp4AaABAg,S1bcy4h1mS8,UCxLVWa7eppTFwgv1Pj1tjPQ,2023-09-29T07:30:39Z,,중립
콘서트 티켓 8분 만에 전석 매진시킨다는 버추얼 아이돌 근황 / 스브스뉴스,스브스뉴스 SUBUSUNEWS,최상위 댓글,@지켜보고있다-d5n,100%가 아니다.,0,2024-07-10T13:36:05Z,0,UgxSNg5QxsaGRzccctV4AaABAg,S1bcy4h1mS8,UCfcegqIPZ5rjs1EhJA8E7yA,2024-07-10T13:36:05Z,,중립
콘서트 티켓 8분 만에 전석 매진시킨다는 버추얼 아이돌 근황 / 스브스뉴스,스브스뉴스 SUBUSUNEWS,최상위 댓글,@wjdrkr,징버거의 야망을 들으니 왁굳형 바빠지것네 ㅋㅋ 왁굳 홧팅!,0,2023-09-29T07:30:38Z,0,UgwBkfngbpUC4E5cEwt4AaABAg,S1bcy4h1mS8,UCiLDybNsW5VMEKzN_REqJSw,2023-09-29T07:30:38Z,,중립
콘서트 티켓 8분 만에 전석 매진시킨다는 버추얼 아이돌 근황 / 스브스뉴스,스브스뉴스 SUBUSUNEWS,최상위 댓글,@kgu9001,아담 보고있나요?,1,2023-09-30T13:50:26Z,0,Ugzr233amP6gQ70nPFp4AaABAg,S1bcy4h1mS8,UCnsbGmSPM1TxkjisngjOlGQ,2023-09-30T13:50:26Z,,중립
콘서트 티켓 8분 만에 전석 매진시킨다는 버추얼 아이돌 근황 / 스브스뉴스,스브스뉴스 SUBUSUNEWS,최상위 댓글,@지나가고있었는데요,"이 댓글은 진짜 인생사는데에 아무런 의미 없으니 넘어가도 됨 ㄹㅇ 그냥 댓글 상태보고 몇 안되는 말빨로 생각난거 쓴거임! 이거보고 불편하다고 댓글로 쓰면 내 잘 못 아님 난 안봐도 된다고함. 분명 말 함






아니 댓글 상태 왜이러는거임 팬, 이딴게 좋냐 10뜨억새끼들아?와 그들을 패는 댓글, 그리고 설명하는 댓글...
우리끼리 노는데 첨 보는 사람이 노는거 보다가 굳이 찾아와서 깽판치고, 어쩌다 한 번 나와서 콘서트 한거 가지고 왜 쳐 양지로 기어올라오려하느냐, 이딴게 10만원?ㅋㅋ 이러는데 그걸 또 못참은 팬들이 또 우리끼리노는데 문제있냐 보기 싫으면 걍 무시하라 이럼.
그걸 본 사람들이 니들은 그럼 내 댓글 보기 싫은데 왜 지랄이냐 이러네 이거 맞냐
댓글 겁나 재밌네ㅋㅋㅋㅋㅋ 보기 싫으면 안보고 마는것 도 맞고 이런 게 낯설어서 안 좋아하는 것 도 이해가 가는데.. 자기들 생각 쓰라고 만든 댓글 시스템에 자기들 입장 적어놓은 것 가지고 서로 싸우는게 맞나 싶기도.. 서로 기분 나쁠 수 도 있음 그렇다고 남이 맘을 굳게 먹으면 무슨 말을 해도 듣지 않으려 하는게 맞는거임 쉽게 못 바꿈 그니까 이파리분들은 그냥 댓글에 이세돌 응원이라던지 영상에서 잘 못 나온거 정정 해주거나 하고, 이런거 이해 못하겠고 너무 음지같고 꼴도 보기 싫다 하는 사람들은 걍 댓글 달던대로 다셈
서로 똥이 무서워서 피하는게 아니고 더러워서 피한다, 눈 배렸다 마인드로 해주셈 그러다가 선 넘으면 그건 본인들 잘못이겠지. 선넘었다고 똑같이 선넘으면 선넘은 사람이나 선넘었다고 같이 선넘는 사람이나 다 똑같아지는겁니다. 제발 여기서 싸우지마세요. 서로 병먹금 마인드 가지시라고요. 진짜 솔찍히 썸넬 보고도 굳이 들어와서 이딴건 왜 보는거냐, 나라가 ㅈ망했다. 하는 사람들이나 이세돌 스브스 뜬거 좋아라 들어와서 앞에 처럼 나라 망했다 하는 댓글에 반박글 쓰는거나 둘 다 또옥같애 아주그냥...이파리지만 둘 다 싫다.
이런 오타쿠 같은 문화가 싫으신 분들에게 우리는 이러한 장르를 강요하는 게 아니고, 입장이 완전히 다른 댓글을 본 이파리 분들은 나랑 취향이 정 반대인 사람이다 생각하는게 나을 듯 오히려 더 고치려고 해도 상황이 더 나빠질 수 도 있음. 그러다가 더 서로 혐오하게 되는거임. 여기서 어떻게 끝내야 할지모르겠다...

쨌든 이 글 보고 개소리 하지마라고 댓 달면 니가 이상한거야 
누가 이 댓글 읽으라고 협박하디?",5,2023-09-28T13:25:11Z,2,Ugzbmf-JCxVS_jSwlgh4AaABAg,S1bcy4h1mS8,UCzjNg3DsrA1UJVJcjl4MGiw,2023-09-28T13:27:37Z,,긍정
콘서트 티켓 8분 만에 전석 매진시킨다는 버추얼 아이돌 근황 / 스브스뉴스,스브스뉴스 SUBUSUNEWS,대댓글,@little_spicy_topokki,정작 이 글 봐야 될 사람은 3줄 이상 글은 능지 딸려서 못 읽는중ㅋㅋ,3,2023-09-28T17:52:14Z,0,Ugzbmf-JCxVS_jSwlgh4AaABAg.9vCfz7mwfg89vD9Y4MQ9Od,S1bcy4h1mS8,UChx9tSeUGPjMTSj_0ajW-Vw,2023-09-28T17:52:14Z,Ugzbmf-JCxVS_jSwlgh4AaABAg,중립
콘서트 티켓 8분 만에 전석 매진시킨다는 버추얼 아이돌 근황 / 스브스뉴스,스브스뉴스 SUBUSUNEWS,대댓글,@한글닉넴설정,보통 댓글에서 싸우는 애들 보면 몇명이 하루종일 그러고 있던데 아마 팬들중 99퍼는 님말대로 정상적인 댓글 달면서 넘기고 있을듯하지만 눈에 띄는 댓글은 안타깝게도 악플이나 싸우는 댓글이겠지만...,2,2023-09-28T22:13:31Z,0,Ugzbmf-JCxVS_jSwlgh4AaABAg.9vCfz7mwfg89vDcRhBYbcS,S1bcy4h1mS8,UCwtb4xhlYdJTxUPvL5E2YsA,2023-09-28T22:13:31Z,Ugzbmf-JCxVS_jSwlgh4AaABAg,중립
콘서트 티켓 8분 만에 전석 매진시킨다는 버추얼 아이돌 근황 / 스브스뉴스,스브스뉴스 SUBUSUNEWS,최상위 댓글,@LegendaryGaogaigar,0:59 저기서 조금만 더 옆으로 가면 나 나왔겠는데?,3,2024-01-26T16:10:43Z,0,UgzYGqKbv2R72_81ZLN4AaABAg,S1bcy4h1mS8,UCZD_dORSM7KIJp8xyLx_DEw,2024-01-26T16:10:43Z,,중립
콘서트 티켓 8분 만에 전석 매진시킨다는 버추얼 아이돌 근황 / 스브스뉴스,스브스뉴스 SUBUSUNEWS,최상위 댓글,@아나조요,말하는거 ㅈㄴ웃김 직접만나러와줬데 지들은 오지도 않아놓고ㅌㅌㅋㅋㅋㅋㅋㅋㅋㅋㅋㅋㅋㅋㅋㅋㅋㅋ염병ㅋㅋㅋㅋㅋㅋㅋㅋㅋ,13,2023-10-03T21:30:22Z,1,Ugz1vLOoGidyJ6R-uq94AaABAg,S1bcy4h1mS8,UCh005SdBXRnk8iiilD-5LtA,2023-10-03T21:30:22Z,,중립
콘서트 티켓 8분 만에 전석 매진시킨다는 버추얼 아이돌 근황 / 스브스뉴스,스브스뉴스 SUBUSUNEWS,대댓글,@INCHEONBUS-NO.1,실제로 현장에 다 있었음 그러니  현실 회식도했지,14,2023-10-03T22:30:10Z,0,Ugz1vLOoGidyJ6R-uq94AaABAg.9vQQU1_tJM79vQXK0azQ-I,S1bcy4h1mS8,UCOG8uHQ_f-KbM5qat7dQMrg,2023-10-03T22:30:10Z,Ugz1vLOoGidyJ6R-uq94AaABAg,중립
콘서트 티켓 8분 만에 전석 매진시킨다는 버추얼 아이돌 근황 / 스브스뉴스,스브스뉴스 SUBUSUNEWS,최상위 댓글,@SS-tu7uu,음,0,2023-10-05T10:15:21Z,0,Ugy6bCtWbBxnRgbSP5Z4AaABAg,S1bcy4h1mS8,UC8izVWX_hotQcHJQepid5OA,2023-10-05T10:15:21Z,,중립
콘서트 티켓 8분 만에 전석 매진시킨다는 버추얼 아이돌 근황 / 스브스뉴스,스브스뉴스 SUBUSUNEWS,최상위 댓글,@lupinarsene392,이게 그 씹덕은 돈이 된다는건가,8,2023-10-02T00:57:59Z,2,UgzwQZJgGbR9yxUhrwl4AaABAg,S1bcy4h1mS8,UCgxL9_qZsJYHhu4iD1a75LA,2023-10-02T00:57:59Z,,중립
콘서트 티켓 8분 만에 전석 매진시킨다는 버추얼 아이돌 근황 / 스브스뉴스,스브스뉴스 SUBUSUNEWS,대댓글,@잎사귀다,그렇취,0,2023-10-02T08:22:26Z,0,UgzwQZJgGbR9yxUhrwl4AaABAg.9vLddu_Tj619vMRW7zF19F,S1bcy4h1mS8,UCm_Rb_MR_mZP40FZs6766rw,2023-10-02T08:22:26Z,UgzwQZJgGbR9yxUhrwl4AaABAg,중립
콘서트 티켓 8분 만에 전석 매진시킨다는 버추얼 아이돌 근황 / 스브스뉴스,스브스뉴스 SUBUSUNEWS,대댓글,@PizzaHawaiian,페미니즘도 돈되는데 씹덕은 되지말란법 있음?,0,2023-10-03T09:59:53Z,0,UgzwQZJgGbR9yxUhrwl4AaABAg.9vLddu_Tj619vPBSmoKIk4,S1bcy4h1mS8,UClbcSIS1yvHXzswq-mJmZ1Q,2023-10-03T09:59:53Z,UgzwQZJgGbR9yxUhrwl4AaABAg,중립
콘서트 티켓 8분 만에 전석 매진시킨다는 버추얼 아이돌 근황 / 스브스뉴스,스브스뉴스 SUBUSUNEWS,최상위 댓글,@raniraniinsal,아 진짜 너무 멋있다 이세돌 이것이 팬덤과 성장하는 성장형 아이돌이지..캬ㅑ,1,2023-09-29T02:08:07Z,3,UgyjUKW1hCCDEmOHnuF4AaABAg,S1bcy4h1mS8,UC6DlYE8k-GD1V9_nL5LOYIA,2023-09-29T02:08:07Z,,중립
콘서트 티켓 8분 만에 전석 매진시킨다는 버추얼 아이돌 근황 / 스브스뉴스,스브스뉴스 SUBUSUNEWS,대댓글,@üsaschie,@사밀samil 형이 왁초리를 더 들어야하나,0,2023-09-29T13:06:09Z,0,UgyjUKW1hCCDEmOHnuF4AaABAg.9vE2I00m7W39vFDaXtaO75,S1bcy4h1mS8,UColS-NuTev9haaheRpVyRWw,2024-06-18T02:44:04Z,UgyjUKW1hCCDEmOHnuF4AaABAg,중립
콘서트 티켓 8분 만에 전석 매진시킨다는 버추얼 아이돌 근황 / 스브스뉴스,스브스뉴스 SUBUSUNEWS,대댓글,@mTEWORD,​@사밀samil이게 맞다,0,2023-10-13T15:25:48Z,0,UgyjUKW1hCCDEmOHnuF4AaABAg.9vE2I00m7W39voWhbfvf-Y,S1bcy4h1mS8,UCj4nRVRyjlabft2Ytb0LsAA,2024-06-18T02:44:04Z,UgyjUKW1hCCDEmOHnuF4AaABAg,중립
콘서트 티켓 8분 만에 전석 매진시킨다는 버추얼 아이돌 근황 / 스브스뉴스,스브스뉴스 SUBUSUNEWS,대댓글,@재명-c7b,@사밀samil 근데 그때는 보컬 팬들이 좀 심하긴 했음ㅋㅋ 트위터 같은데 보면 진짜 욕 수준이 너무 심하고 아예 그냥 사람 하나 묻으려고 하던데ㅋㅋ 하쿠 팬들이 잘했다는게 아니라 둘 다 잘못이 있음,0,2024-01-10T09:52:49Z,0,UgyjUKW1hCCDEmOHnuF4AaABAg.9vE2I00m7W39zO5LdQV83c,S1bcy4h1mS8,UCyBAA6qRLkMVWGONf11iRQQ,2024-06-18T02:44:04Z,UgyjUKW1hCCDEmOHnuF4AaABAg,중립
콘서트 티켓 8분 만에 전석 매진시킨다는 버추얼 아이돌 근황 / 스브스뉴스,스브스뉴스 SUBUSUNEWS,최상위 댓글,@돈많은공주,이세돌이 스브스에 나오다니ㅜㅜㅜㅜㅜ 정상까지가자!!빌보드1위가자!,2,2023-09-28T11:08:54Z,0,UgzByxGQhCEXuXSqRC14AaABAg,S1bcy4h1mS8,UCorJdTXUaRBwf-i2LWhzFdA,2023-09-28T11:08:54Z,,중립
콘서트 티켓 8분 만에 전석 매진시킨다는 버추얼 아이돌 근황 / 스브스뉴스,스브스뉴스 SUBUSUNEWS,최상위 댓글,@하나박이,기자 개똥컴 뭐냐,0,2024-06-24T01:21:58Z,0,UgxODr0MFrE6KU4cQVN4AaABAg,S1bcy4h1mS8,UC_9ds_CO8A578-Y4plc9_dA,2024-06-24T01:21:58Z,,중립
콘서트 티켓 8분 만에 전석 매진시킨다는 버추얼 아이돌 근황 / 스브스뉴스,스브스뉴스 SUBUSUNEWS,최상위 댓글,@Tear-25,보컬로이드랑 좀 다르다 던데 자꾸 보컬로이드 생각나서 적응이 안 됨 ... 뭐 좀 보다 보면 적응 되겠죠,1,2023-09-29T00:27:10Z,1,UgxbsKYpppgp40FFXjJ4AaABAg,S1bcy4h1mS8,UC_6LxqoKlWRLMucIwpc1PTw,2023-09-29T00:27:10Z,,중립
콘서트 티켓 8분 만에 전석 매진시킨다는 버추얼 아이돌 근황 / 스브스뉴스,스브스뉴스 SUBUSUNEWS,대댓글,@달처럼별처럼,"그래서 영상보단 우선 노래먼저 듣는쪽으로 추천합니다 영상은 나중에
보고싶을때 보면되여",0,2023-09-29T09:37:18Z,0,UgxbsKYpppgp40FFXjJ4AaABAg.9vDrjZ1HJAA9vEqgvWihgv,S1bcy4h1mS8,UCSwp944US7VPvwFdIqYXezA,2023-09-29T09:37:18Z,UgxbsKYpppgp40FFXjJ4AaABAg,중립
콘서트 티켓 8분 만에 전석 매진시킨다는 버추얼 아이돌 근황 / 스브스뉴스,스브스뉴스 SUBUSUNEWS,최상위 댓글,@수리-k9x,ㅋㅋㅋㅋㅋㅋㅋㅋㅋㅋㅋ 이게머노,5,2023-09-28T10:04:56Z,1,UgyJWM-nJKiByBnqyMR4AaABAg,S1bcy4h1mS8,UC11JBT-gbQdmbJskpHFk9NQ,2023-09-28T10:04:56Z,,중립
콘서트 티켓 8분 만에 전석 매진시킨다는 버추얼 아이돌 근황 / 스브스뉴스,스브스뉴스 SUBUSUNEWS,대댓글,@뮬뮬-s5p,아이돌ㅇㄹㄹ,0,2023-09-28T10:10:42Z,0,UgyJWM-nJKiByBnqyMR4AaABAg.9vCK3NPVKY69vCKifsZ-0v,S1bcy4h1mS8,UC4PdUIHNedG1ValpNUICysw,2023-09-28T10:10:42Z,UgyJWM-nJKiByBnqyMR4AaABAg,중립
콘서트 티켓 8분 만에 전석 매진시킨다는 버추얼 아이돌 근황 / 스브스뉴스,스브스뉴스 SUBUSUNEWS,최상위 댓글,@부리부리대마왕-x2n,"어휴 십덕들 좋텐다 








킹아",11,2023-10-08T02:45:29Z,5,UgzuUj3WSgvvqI0JiBx4AaABAg,S1bcy4h1mS8,UCFF7UF2zO9pIzev4CwqEZlA,2023-10-08T02:45:29Z,,중립
콘서트 티켓 8분 만에 전석 매진시킨다는 버추얼 아이돌 근황 / 스브스뉴스,스브스뉴스 SUBUSUNEWS,대댓글,@ding_ding_tang_tang_tang,@F-02-70 ? 님 킹아 모름?,1,2023-10-09T05:08:49Z,0,UgzuUj3WSgvvqI0JiBx4AaABAg.9vaHiUeQXc39vd6vFW4Uzl,S1bcy4h1mS8,UCYRnKQJ65kaIhPGlVncdJ_w,2024-06-18T03:53:39Z,UgzuUj3WSgvvqI0JiBx4AaABAg,중립
콘서트 티켓 8분 만에 전석 매진시킨다는 버추얼 아이돌 근황 / 스브스뉴스,스브스뉴스 SUBUSUNEWS,대댓글,@ttulgi09,검거해야겠네,2,2023-10-10T12:20:35Z,0,UgzuUj3WSgvvqI0JiBx4AaABAg.9vaHiUeQXc39vgT7QimTwd,S1bcy4h1mS8,UCDo1g9V9cEGT6D7z8dXKTxg,2023-10-10T12:20:35Z,UgzuUj3WSgvvqI0JiBx4AaABAg,중립
콘서트 티켓 8분 만에 전석 매진시킨다는 버추얼 아이돌 근황 / 스브스뉴스,스브스뉴스 SUBUSUNEWS,대댓글,@타미-tami,이야 이집 반전 잘하네,2,2023-10-13T09:15:00Z,0,UgzuUj3WSgvvqI0JiBx4AaABAg.9vaHiUeQXc39vnrGoDYxAj,S1bcy4h1mS8,UC-kC-j9g36Uzd_Ypw0RLGVQ,2023-10-13T09:15:00Z,UgzuUj3WSgvvqI0JiBx4AaABAg,중립
콘서트 티켓 8분 만에 전석 매진시킨다는 버추얼 아이돌 근황 / 스브스뉴스,스브스뉴스 SUBUSUNEWS,대댓글,@마시애린,기출변형 킹아~~,1,2023-10-24T12:27:38Z,0,UgzuUj3WSgvvqI0JiBx4AaABAg.9vaHiUeQXc39wFX3LynG0e,S1bcy4h1mS8,UCC9X-ZRJa0bvPxUQc_IIPgg,2023-10-24T12:27:38Z,UgzuUj3WSgvvqI0JiBx4AaABAg,중립
콘서트 티켓 8분 만에 전석 매진시킨다는 버추얼 아이돌 근황 / 스브스뉴스,스브스뉴스 SUBUSUNEWS,대댓글,@t1goseguman,좋다ㅋㅋ,0,2024-01-14T14:25:30Z,0,UgzuUj3WSgvvqI0JiBx4AaABAg.9vaHiUeQXc39zYsjMU67p9,S1bcy4h1mS8,UCzWEFLlavqYrJOKFJYX9kGw,2024-01-14T14:25:30Z,UgzuUj3WSgvvqI0JiBx4AaABAg,중립
콘서트 티켓 8분 만에 전석 매진시킨다는 버추얼 아이돌 근황 / 스브스뉴스,스브스뉴스 SUBUSUNEWS,최상위 댓글,@fron2170,와 이거 AI인줄알았는데 사람이 직접하는거였네 ㅋㅋㅋㅋㅋㅋㅋ 노래 너무 기계음 같길래 당연히 AI인줄알았음..,4,2023-09-28T14:14:30Z,11,UgwFFYK04IlMbFdKnMZ4AaABAg,S1bcy4h1mS8,UCxWJzpj632ZGFjW-hRswJtQ,2023-09-28T14:14:30Z,,중립
콘서트 티켓 8분 만에 전석 매진시킨다는 버추얼 아이돌 근황 / 스브스뉴스,스브스뉴스 SUBUSUNEWS,대댓글,@두돡굳,귀가 안좋으시네,10,2023-09-28T14:16:30Z,0,UgwFFYK04IlMbFdKnMZ4AaABAg.9vClcI63bgj9vClqxZxz2Z,S1bcy4h1mS8,UC0JnP52x-I4SfgjNO6Tx9NQ,2023-09-28T14:16:30Z,UgwFFYK04IlMbFdKnMZ4AaABAg,부정
콘서트 티켓 8분 만에 전석 매진시킨다는 버추얼 아이돌 근황 / 스브스뉴스,스브스뉴스 SUBUSUNEWS,대댓글,@nyanyaneo7080,ㅋㅋㅋㅋ맞아요 뒤에 사람 있어요 인터뷰 때 움직이는것도 진짜 사람이 움직이는겁니다,1,2023-09-28T14:16:57Z,0,UgwFFYK04IlMbFdKnMZ4AaABAg.9vClcI63bgj9vCluEZtW-7,S1bcy4h1mS8,UC-yyYMole-yaiZFnJw5o7VA,2023-09-28T14:16:57Z,UgwFFYK04IlMbFdKnMZ4AaABAg,중립
콘서트 티켓 8분 만에 전석 매진시킨다는 버추얼 아이돌 근황 / 스브스뉴스,스브스뉴스 SUBUSUNEWS,대댓글,@줄없는번지점프,​@두돡굳보정 떡칠이니까 그런가봄,0,2023-09-28T17:51:00Z,0,UgwFFYK04IlMbFdKnMZ4AaABAg.9vClcI63bgj9vD9P0fHdD5,S1bcy4h1mS8,UCsv68K0ZbAgE9SEGfGBZvXw,2024-06-18T03:53:54Z,UgwFFYK04IlMbFdKnMZ4AaABAg,중립
콘서트 티켓 8분 만에 전석 매진시킨다는 버추얼 아이돌 근황 / 스브스뉴스,스브스뉴스 SUBUSUNEWS,대댓글,@jinnnn3,보정 떡칠 오튜툰 덩어리라 맞게 들으심,0,2023-09-28T20:24:15Z,0,UgwFFYK04IlMbFdKnMZ4AaABAg.9vClcI63bgj9vDQwR6jkLH,S1bcy4h1mS8,UCExY723dcVAHVA2LZ-GFqdw,2023-09-28T20:24:15Z,UgwFFYK04IlMbFdKnMZ4AaABAg,중립
콘서트 티켓 8분 만에 전석 매진시킨다는 버추얼 아이돌 근황 / 스브스뉴스,스브스뉴스 SUBUSUNEWS,대댓글,@jinnnn3,@LANKB-nx3xh 편견없이 들은 결과입니다 수고요,0,2023-09-29T00:02:28Z,0,UgwFFYK04IlMbFdKnMZ4AaABAg.9vClcI63bgj9vDouf_bVaS,S1bcy4h1mS8,UCExY723dcVAHVA2LZ-GFqdw,2024-06-18T03:53:54Z,UgwFFYK04IlMbFdKnMZ4AaABAg,중립
콘서트 티켓 8분 만에 전석 매진시킨다는 버추얼 아이돌 근황 / 스브스뉴스,스브스뉴스 SUBUSUNEWS,최상위 댓글,@couple-water,문화충격이네요,1,2023-10-03T10:49:07Z,0,UgzQLWvNT0iAOId2jnB4AaABAg,S1bcy4h1mS8,UCalHyiH66qTBGbpD8oESyiA,2023-10-03T10:49:07Z,,중립
콘서트 티켓 8분 만에 전석 매진시킨다는 버추얼 아이돌 근황 / 스브스뉴스,스브스뉴스 SUBUSUNEWS,최상위 댓글,@talent2973,어차피 쉽게 버리고 싶어서 저러는거,1,2023-10-10T22:38:33Z,0,UgxSVcNUvc2h94jG9tV4AaABAg,S1bcy4h1mS8,UCPrIAnzFhchsWDz4YXTXUFg,2023-10-10T22:38:33Z,,중립
콘서트 티켓 8분 만에 전석 매진시킨다는 버추얼 아이돌 근황 / 스브스뉴스,스브스뉴스 SUBUSUNEWS,최상위 댓글,@user-yk1gl3di3e,솔직히 억까빼고 이거왜보냐하는사람 세상말세다 등등 진짜 개꼰대같음ㅋㅋㅋㅋ 2만명 넘게오고 온라인 콘서트도 7만명이나 보는 아이돌임 그리고 사람이곸ㅋㅋㅋ지네들이 모른다고 비하하는거 하찮음 남들을 존중해야 본인들도 존중받고 대접받아요 단편적인것만 보고 뭐라하는거 무식해보임 이참에 이세돌 방송보고 공부좀하고와라,27,2023-10-04T09:06:51Z,8,UgzFg0sSplQeJeaKyZJ4AaABAg,S1bcy4h1mS8,UClE7Z9laKT1HyqVrCnjNOrw,2023-10-04T09:06:51Z,,중립
콘서트 티켓 8분 만에 전석 매진시킨다는 버추얼 아이돌 근황 / 스브스뉴스,스브스뉴스 SUBUSUNEWS,대댓글,@Uclid,아..,9,2023-10-04T10:48:02Z,0,UgzFg0sSplQeJeaKyZJ4AaABAg.9vRfBFk_PJT9vRqlJSAtGd,S1bcy4h1mS8,UC_-u5ilWkRMg7Ge1__CjN9w,2023-10-04T10:48:02Z,UgzFg0sSplQeJeaKyZJ4AaABAg,중립
콘서트 티켓 8분 만에 전석 매진시킨다는 버추얼 아이돌 근황 / 스브스뉴스,스브스뉴스 SUBUSUNEWS,대댓글,@Insight_Spectrum123,"자신이 잘 모르는 것을 사기,사이비종교,호구짓 이라고 말하고 다니는 사람들은 성장을 포기한겁니다.
모르면 제대로 알아보고 비판할 점은 비판하고 배울점은 배우는 자세가 진보를 이루는 현명한 정신입니다.",7,2023-10-04T12:26:13Z,0,UgzFg0sSplQeJeaKyZJ4AaABAg.9vRfBFk_PJT9vS1-S7pRwj,S1bcy4h1mS8,UCgJe3lXl7hQvO6P_zDrzdqQ,2023-10-04T12:26:13Z,UgzFg0sSplQeJeaKyZJ4AaABAg,중립
콘서트 티켓 8분 만에 전석 매진시킨다는 버추얼 아이돌 근황 / 스브스뉴스,스브스뉴스 SUBUSUNEWS,대댓글,@subscribefordemocracyinchina,그래서 멜론차트 몇위??,1,2023-10-04T16:11:18Z,0,UgzFg0sSplQeJeaKyZJ4AaABAg.9vRfBFk_PJT9vSQl0cbJkb,S1bcy4h1mS8,UCv4M890blcBG0yHh1hxkq9Q,2023-10-04T16:11:18Z,UgzFg0sSplQeJeaKyZJ4AaABAg,중립
콘서트 티켓 8분 만에 전석 매진시킨다는 버추얼 아이돌 근황 / 스브스뉴스,스브스뉴스 SUBUSUNEWS,대댓글,@user-zu7ks2mt9q,신천지같네..,2,2023-10-04T21:15:53Z,0,UgzFg0sSplQeJeaKyZJ4AaABAg.9vRfBFk_PJT9vSybqaQXuE,S1bcy4h1mS8,UCSmH-guOJGb-4plhnf3jVVA,2023-10-04T21:15:53Z,UgzFg0sSplQeJeaKyZJ4AaABAg,중립
콘서트 티켓 8분 만에 전석 매진시킨다는 버추얼 아이돌 근황 / 스브스뉴스,스브스뉴스 SUBUSUNEWS,대댓글,@유자-r5v,​@subscribefordemocracyinchina6위,4,2023-10-05T00:17:17Z,0,UgzFg0sSplQeJeaKyZJ4AaABAg.9vRfBFk_PJT9vTINQ34ElD,S1bcy4h1mS8,UCu7Z-14ZXKLEfEdgRLw4CoA,2024-04-18T01:35:36Z,UgzFg0sSplQeJeaKyZJ4AaABAg,중립
콘서트 티켓 8분 만에 전석 매진시킨다는 버추얼 아이돌 근황 / 스브스뉴스,스브스뉴스 SUBUSUNEWS,최상위 댓글,@김-s4e2x,이세돌 입문 전에는 버추얼의 벽이 너무 높아보였는데 그 벽이 허물어지니까 자연스럽게 즐기게 되더라구요 2년 전의 저한테 미래에 너 버추얼 좋아해라고 하면 콧방귀 뀌었을 듯...,1,2023-09-29T07:54:58Z,0,UgylSBFENbZOGPSVC4J4AaABAg,S1bcy4h1mS8,UC3DSzb8rJg_jWHfC0cLfK3A,2023-09-29T07:56:22Z,,긍정
콘서트 티켓 8분 만에 전석 매진시킨다는 버추얼 아이돌 근황 / 스브스뉴스,스브스뉴스 SUBUSUNEWS,최상위 댓글,@선-r4y,"버추얼=보이는 라디오 ok? 
모르시는분들 허상을 쫒는게 아니라 스트리밍 시청을 하는거임 입담 좋고 노래 좋고 재밌어서 빠는거임 ok? 보이는 라디오 라고 생각하세요.",5,2023-09-28T22:13:25Z,5,Ugxrt0CfTsGO1nPox4B4AaABAg,S1bcy4h1mS8,UCHo-K4EBo86y43v0cEdM_GQ,2023-09-28T22:13:42Z,,긍정
콘서트 티켓 8분 만에 전석 매진시킨다는 버추얼 아이돌 근황 / 스브스뉴스,스브스뉴스 SUBUSUNEWS,대댓글,@lamir37,그쵸 라디오 진행자가 아바타 끼고 하는거랑 같죠!! 근데 다들 방송 잘하시니까 보는거죠 ㅋㅋ,0,2023-09-28T23:15:29Z,0,Ugxrt0CfTsGO1nPox4B4AaABAg.9vDcR0DNQEA9vDjXVpVovr,S1bcy4h1mS8,UCpK_q8_x05YdPrqXM336GcA,2023-09-28T23:15:29Z,Ugxrt0CfTsGO1nPox4B4AaABAg,중립
콘서트 티켓 8분 만에 전석 매진시킨다는 버추얼 아이돌 근황 / 스브스뉴스,스브스뉴스 SUBUSUNEWS,대댓글,@flyingdog-11,ㄹㅇㄹㅇ그걸로 입덕한거니까,0,2023-09-29T01:50:42Z,0,Ugxrt0CfTsGO1nPox4B4AaABAg.9vDcR0DNQEA9vE0ISlLAW9,S1bcy4h1mS8,UCh7qWJLZg7vct8kDDTItJtg,2023-09-29T01:50:42Z,Ugxrt0CfTsGO1nPox4B4AaABAg,중립
콘서트 티켓 8분 만에 전석 매진시킨다는 버추얼 아이돌 근황 / 스브스뉴스,스브스뉴스 SUBUSUNEWS,대댓글,@ilovesonny777,저 사람들 얼공했나요? 팬많은거보니까 되게 이쁘신가보다,0,2023-09-29T07:14:30Z,0,Ugxrt0CfTsGO1nPox4B4AaABAg.9vDcR0DNQEA9vEaLxZRdcZ,S1bcy4h1mS8,UCEzWVtUU0jghrjncrMQ5wmQ,2023-09-29T07:14:30Z,Ugxrt0CfTsGO1nPox4B4AaABAg,중립
콘서트 티켓 8분 만에 전석 매진시킨다는 버추얼 아이돌 근황 / 스브스뉴스,스브스뉴스 SUBUSUNEWS,대댓글,@선-r4y,@ilovesonny777 병먹금 ^^,0,2023-09-29T10:50:37Z,0,Ugxrt0CfTsGO1nPox4B4AaABAg.9vDcR0DNQEA9vEz4uC1HNY,S1bcy4h1mS8,UCHo-K4EBo86y43v0cEdM_GQ,2024-04-18T03:00:22Z,Ugxrt0CfTsGO1nPox4B4AaABAg,긍정
콘서트 티켓 8분 만에 전석 매진시킨다는 버추얼 아이돌 근황 / 스브스뉴스,스브스뉴스 SUBUSUNEWS,대댓글,@sorr.s5787,이세돌 <<< god of bora 조강현,0,2023-09-29T13:43:15Z,0,Ugxrt0CfTsGO1nPox4B4AaABAg.9vDcR0DNQEA9vFHqFup_PF,S1bcy4h1mS8,UCjAblYgD4a_K7W9FQ8JH_CA,2023-09-29T13:43:15Z,Ugxrt0CfTsGO1nPox4B4AaABAg,중립
콘서트 티켓 8분 만에 전석 매진시킨다는 버추얼 아이돌 근황 / 스브스뉴스,스브스뉴스 SUBUSUNEWS,최상위 댓글,@Qwertyukq3oq,비제이 보는 애들보다 백배천배 낫지않나?ㅋㅋㅋㅋ,10,2024-03-25T16:44:44Z,5,UgxlC2yVnWNi-Rxp2Sp4AaABAg,S1bcy4h1mS8,UCTAVy-4KAmlMtRHSrXILEqA,2024-03-25T16:44:44Z,,중립
콘서트 티켓 8분 만에 전석 매진시킨다는 버추얼 아이돌 근황 / 스브스뉴스,스브스뉴스 SUBUSUNEWS,대댓글,@hikiking0,그렇다 이세돌도 비제이다..,14,2024-03-27T19:40:56Z,0,UgxlC2yVnWNi-Rxp2Sp4AaABAg.A1Px6BRiosqA1VPrYtdelP,S1bcy4h1mS8,UCDeOGo2e75lCANbzSB1ToTQ,2024-03-27T19:41:05Z,UgxlC2yVnWNi-Rxp2Sp4AaABAg,중립
콘서트 티켓 8분 만에 전석 매진시킨다는 버추얼 아이돌 근황 / 스브스뉴스,스브스뉴스 SUBUSUNEWS,대댓글,@nvdcxcv,"쟤들도 본업이 비제이야,,",1,2024-04-08T14:35:06Z,0,UgxlC2yVnWNi-Rxp2Sp4AaABAg.A1Px6BRiosqA1ylP4Q07cQ,S1bcy4h1mS8,UC9jm0SGzON92SVUelCivr9w,2024-04-08T14:35:06Z,UgxlC2yVnWNi-Rxp2Sp4AaABAg,중립
콘서트 티켓 8분 만에 전석 매진시킨다는 버추얼 아이돌 근황 / 스브스뉴스,스브스뉴스 SUBUSUNEWS,대댓글,@Qwertyukq3oq,여캠이라고 하자..,2,2024-04-09T10:20:15Z,0,UgxlC2yVnWNi-Rxp2Sp4AaABAg.A1Px6BRiosqA2-t1Jqm0f3,S1bcy4h1mS8,UCTAVy-4KAmlMtRHSrXILEqA,2024-04-09T10:20:15Z,UgxlC2yVnWNi-Rxp2Sp4AaABAg,중립
콘서트 티켓 8분 만에 전석 매진시킨다는 버추얼 아이돌 근황 / 스브스뉴스,스브스뉴스 SUBUSUNEWS,대댓글,@Pathfinder-_-,@Qwertyukq3oq ㅋㅋㅋㅋㅋㅋㅋㅋㅋㅋㅋㅋㅋ,1,2024-04-11T02:47:39Z,0,UgxlC2yVnWNi-Rxp2Sp4AaABAg.A1Px6BRiosqA24Dp56NnAw,S1bcy4h1mS8,UCoHyk2Ht1YoQCiMkfiz7QLQ,2024-04-11T02:47:39Z,UgxlC2yVnWNi-Rxp2Sp4AaABAg,중립
콘서트 티켓 8분 만에 전석 매진시킨다는 버추얼 아이돌 근황 / 스브스뉴스,스브스뉴스 SUBUSUNEWS,대댓글,@ROKA-929,모르면서 팬인척 하는 지능형 안티 수듄,3,2024-04-24T15:07:58Z,0,UgxlC2yVnWNi-Rxp2Sp4AaABAg.A1Px6BRiosqA2c0sg_AKFX,S1bcy4h1mS8,UC9lfZpEILwpM9-L70RGpaPw,2024-04-24T15:08:09Z,UgxlC2yVnWNi-Rxp2Sp4AaABAg,중립
콘서트 티켓 8분 만에 전석 매진시킨다는 버추얼 아이돌 근황 / 스브스뉴스,스브스뉴스 SUBUSUNEWS,최상위 댓글,@글쟁이넘쿨,"격세지감을 느끼네요... 한 때는 일본 미쿠 콘서트 뉴스가 뜨면 한국분들 대다수가 안 좋게 보고 그랬었는데... 보컬로이드 시유 나왔을 때도 그런 면이 좀 있었는데... 참 세상 알다가도 모르겠네요... (참고로 전 보컬로이드 노래 달고 살았던, 심지어 보컬로이드 앨범도 샀었던 팬 중 하나입니다)",3,2023-09-28T15:24:24Z,1,UgxI-ssl3I25x3ms5Q54AaABAg,S1bcy4h1mS8,UCViCNKq4HcnPTFgR_-rrd3g,2023-09-28T15:24:24Z,,중립
콘서트 티켓 8분 만에 전석 매진시킨다는 버추얼 아이돌 근황 / 스브스뉴스,스브스뉴스 SUBUSUNEWS,대댓글,@kimgreen_vrc,"보컬로이드랑 버튜버가 서브컬쳐쪽이여도 같은건 아닙니다
캐릭터가 노래를 부른다고 해서 같은건 아닙니다",1,2023-09-28T16:34:56Z,0,UgxI-ssl3I25x3ms5Q54AaABAg.9vCtcGQrAWr9vD0goNPy9X,S1bcy4h1mS8,UCmgbQGFkW9RbcORR6bRq9Aw,2023-09-28T16:34:56Z,UgxI-ssl3I25x3ms5Q54AaABAg,중립
콘서트 티켓 8분 만에 전석 매진시킨다는 버추얼 아이돌 근황 / 스브스뉴스,스브스뉴스 SUBUSUNEWS,최상위 댓글,@Next_inovation,이게 뭔데...?,1,2024-03-04T14:16:28Z,1,UgwqdMMEv7Sp4o_tPpV4AaABAg,S1bcy4h1mS8,UCtuiJesq9eg4pWC_29oh5DQ,2024-03-04T14:16:28Z,,중립
콘서트 티켓 8분 만에 전석 매진시킨다는 버추얼 아이돌 근황 / 스브스뉴스,스브스뉴스 SUBUSUNEWS,대댓글,@서나루-q7n,온라인 펭구임,1,2024-04-06T06:19:33Z,0,UgwqdMMEv7Sp4o_tPpV4AaABAg.A0ZbRsvYqBTA1sj5lnnf6E,S1bcy4h1mS8,UC7hYG2VNNq1fcN-KbV5baMw,2024-04-06T06:19:33Z,UgwqdMMEv7Sp4o_tPpV4AaABAg,중립
콘서트 티켓 8분 만에 전석 매진시킨다는 버추얼 아이돌 근황 / 스브스뉴스,스브스뉴스 SUBUSUNEWS,최상위 댓글,@user_userr-k6l,"솔직히 버튜버면 버튜버지 아직도 이걸 왜 실제 아이돌로써 좋아하고 물고빠는지까지는 전혀 이해안감..
재미있는 방송인 선에서까지는 이해가 가지만 괜히 ""양지로 올라온거같고 이제는 우리보고 씹덕이라고 못한다!""같은 뉘앙스로 말하는거 진짜 좀 역겨움..
생각은 자유라지만 사회적 시선은 자기 생각대로 마음대로 바뀌는게 아니라는걸 제발 알았으면
그냥 제3자가보면 씹덕 그이상 그이하도 아닌 무언가임..",19,2024-01-08T09:13:22Z,8,UgynbTtL7fE3cM8hp2J4AaABAg,S1bcy4h1mS8,UCFnqhskUVkNTRH1kqy3pNiA,2024-01-08T09:13:22Z,,긍정
콘서트 티켓 8분 만에 전석 매진시킨다는 버추얼 아이돌 근황 / 스브스뉴스,스브스뉴스 SUBUSUNEWS,대댓글,@tolicutty,ㄹㅇ 음지는 음지로,20,2024-01-08T09:53:03Z,0,UgynbTtL7fE3cM8hp2J4AaABAg.9zIsExJQ8kz9zIwmaDDPV3,S1bcy4h1mS8,UC3IkAwY_wkwoRjiW_glvgtg,2024-01-08T09:53:03Z,UgynbTtL7fE3cM8hp2J4AaABAg,중립
콘서트 티켓 8분 만에 전석 매진시킨다는 버추얼 아이돌 근황 / 스브스뉴스,스브스뉴스 SUBUSUNEWS,대댓글,@DanielChoi-j1o,뭘 모르는구나? 우린 더 음지로 내려가야해.,1,2024-01-10T07:48:51Z,0,UgynbTtL7fE3cM8hp2J4AaABAg.9zIsExJQ8kz9zNs9h-R8Oi,S1bcy4h1mS8,UCe88Za-SVv8DoYqaAJbmUZA,2024-01-10T07:48:51Z,UgynbTtL7fE3cM8hp2J4AaABAg,중립
콘서트 티켓 8분 만에 전석 매진시킨다는 버추얼 아이돌 근황 / 스브스뉴스,스브스뉴스 SUBUSUNEWS,대댓글,@hciadul,그러지 않아도 밖에서 일반인들한테 물어보면 관심 없거나 개씹음지라고 생각함,1,2024-01-13T00:08:56Z,0,UgynbTtL7fE3cM8hp2J4AaABAg.9zIsExJQ8kz9zUlupJuZ07,S1bcy4h1mS8,UCMNONouhUfZu79zA3CVBG7w,2024-01-13T00:08:56Z,UgynbTtL7fE3cM8hp2J4AaABAg,중립
콘서트 티켓 8분 만에 전석 매진시킨다는 버추얼 아이돌 근황 / 스브스뉴스,스브스뉴스 SUBUSUNEWS,대댓글,@t1goseguman,우린 음지로 가야해,1,2024-01-14T14:10:14Z,0,UgynbTtL7fE3cM8hp2J4AaABAg.9zIsExJQ8kz9zYqzYEjmXq,S1bcy4h1mS8,UCzWEFLlavqYrJOKFJYX9kGw,2024-01-14T14:10:14Z,UgynbTtL7fE3cM8hp2J4AaABAg,중립
콘서트 티켓 8분 만에 전석 매진시킨다는 버추얼 아이돌 근황 / 스브스뉴스,스브스뉴스 SUBUSUNEWS,대댓글,@user-ly3yw2iw9e,아니 근데 무슨 억하심정있는 것도 아니고 왤케 양지로 올라오는 걸 싫어함? 이세돌이 여캠처럼 그런 안 좋은 것들을 하는 것도 아니고,10,2024-01-21T12:57:00Z,0,UgynbTtL7fE3cM8hp2J4AaABAg.9zIsExJQ8kz9zpkAE_V_ro,S1bcy4h1mS8,UC9ewr0-ko6sea5lK1Husp-w,2024-01-21T12:57:00Z,UgynbTtL7fE3cM8hp2J4AaABAg,부정
콘서트 티켓 8분 만에 전석 매진시킨다는 버추얼 아이돌 근황 / 스브스뉴스,스브스뉴스 SUBUSUNEWS,최상위 댓글,@o0oll8o8,물품보관소,4,2023-09-28T12:02:29Z,0,UgyHyJD1MnAiiKImRgR4AaABAg,S1bcy4h1mS8,UC0_9L4EzyOTa-Fm2wj6HZEA,2023-09-28T12:02:29Z,,중립
콘서트 티켓 8분 만에 전석 매진시킨다는 버추얼 아이돌 근황 / 스브스뉴스,스브스뉴스 SUBUSUNEWS,최상위 댓글,@쀩삙뽉빩,"아니 제발 버추얼 아이돌 좋아한다고 욕 좀 하지 마라ㅋㅋㅋㅋㅋㅋㅋㅋ 다들 각자의 취향이 다른거지... 너네가 사람 아이돌 좋아하는 것처럼 다른 사람들도 버추얼 아이돌을 좋아하는것 뿐인데...
아님 그냥 별로라고 속으로 생각하면 되지 그걸 굳이 커뮤니티나 댓글에 써서 욕하는 이유가 뭐임?? 나는 오마이걸, 트와이스, 비투비, 투바투, 아이유도 좋아하고 릴파, 칸나, 유니, 리제도 좋아하는데 그냥 중립 박으면 안되는거냐?? 성공한 사람들 욕하고 비난 할 시간에 밖에 나가서 사회생활 좀 해라ㅋㅋㅋㅋㅋㅋㅋ 방구석 안에만 있으니깐 너네가 지금 개찐따처럼 컴퓨터 앞에서 악플만 달고 있지ㅋㅋㅋㅋㅋㅋㅋㅋㅋㅋ",5,2024-07-29T10:43:24Z,5,UgxU8UTaKy78jsF5c3x4AaABAg,S1bcy4h1mS8,UCiuaJiJZfrntFRe9A5uUePQ,2024-07-29T10:43:24Z,,중립
콘서트 티켓 8분 만에 전석 매진시킨다는 버추얼 아이돌 근황 / 스브스뉴스,스브스뉴스 SUBUSUNEWS,대댓글,@kwon670,좋아하던 싫어하던 개인의 자유임 게이 레즈 페미 이런것도 싫어하는 이유처럼 다 똑같은거야,1,2024-08-03T12:34:53Z,0,UgxU8UTaKy78jsF5c3x4AaABAg.A6Tjv-DxpVpA6fodvqNBIx,S1bcy4h1mS8,UCy3wcga1XsDt2FlMrri4QzQ,2024-08-03T12:34:53Z,UgxU8UTaKy78jsF5c3x4AaABAg,중립
콘서트 티켓 8분 만에 전석 매진시킨다는 버추얼 아이돌 근황 / 스브스뉴스,스브스뉴스 SUBUSUNEWS,대댓글,@쀩삙뽉빩,@kwon670 그쵸 개인의 자유죠..... 근데 굳이 그걸 욕까지 할 필요가 있을까요?? 🥲,0,2024-08-03T12:40:01Z,0,UgxU8UTaKy78jsF5c3x4AaABAg.A6Tjv-DxpVpA6fpEU--bNi,S1bcy4h1mS8,UCiuaJiJZfrntFRe9A5uUePQ,2024-08-03T12:40:01Z,UgxU8UTaKy78jsF5c3x4AaABAg,중립
콘서트 티켓 8분 만에 전석 매진시킨다는 버추얼 아이돌 근황 / 스브스뉴스,스브스뉴스 SUBUSUNEWS,대댓글,@kwon670,@쀩삙뽉빩 심한욕설은 선넘는거 맞음. 근데 님 첫 댓글쓴거보면 결국 하고싶은말하고 돌고돌아 타인비하로 끝나는거 보면 그런말할 자격이 있을지 모르겠음. 그사람들이랑 별차이없어보임,3,2024-08-03T12:58:14Z,0,UgxU8UTaKy78jsF5c3x4AaABAg.A6Tjv-DxpVpA6frJsFSwA1,S1bcy4h1mS8,UCy3wcga1XsDt2FlMrri4QzQ,2024-08-03T12:58:14Z,UgxU8UTaKy78jsF5c3x4AaABAg,중립
콘서트 티켓 8분 만에 전석 매진시킨다는 버추얼 아이돌 근황 / 스브스뉴스,스브스뉴스 SUBUSUNEWS,대댓글,@쀩삙뽉빩,"@kwon670 음.. 제 댓글을 다시 보니 그런것 같네요ㅋㅋㅋㅋㅋㅋ 저도 심했어요..!!
댓글 달 때 다시 생각해보고 적어야겠네요ㅋㅋㅋㅋㅋㅋㅋ😁",0,2024-08-03T13:04:59Z,0,UgxU8UTaKy78jsF5c3x4AaABAg.A6Tjv-DxpVpA6fs5LXDsFs,S1bcy4h1mS8,UCiuaJiJZfrntFRe9A5uUePQ,2024-08-03T13:04:59Z,UgxU8UTaKy78jsF5c3x4AaABAg,중립
콘서트 티켓 8분 만에 전석 매진시킨다는 버추얼 아이돌 근황 / 스브스뉴스,스브스뉴스 SUBUSUNEWS,대댓글,@uzi7469,@kwon670페미는 빼자 게이랑 레즈까지는 취향이라고 이해할 순 있겠지만 페미는 일베랑 똑같거나 더심한수준임 게이랑 레즈는 이거처럼 취향차이지만 페미는 아님,0,2024-08-03T14:59:30Z,0,UgxU8UTaKy78jsF5c3x4AaABAg.A6Tjv-DxpVpA6g4C5at6NT,S1bcy4h1mS8,UC_fZznt3VD_7G4ayJtkiqWg,2024-08-03T15:01:52Z,UgxU8UTaKy78jsF5c3x4AaABAg,중립
콘서트 티켓 8분 만에 전석 매진시킨다는 버추얼 아이돌 근황 / 스브스뉴스,스브스뉴스 SUBUSUNEWS,최상위 댓글,@정연재-x6r,우리나라도 점점 pc화 되고 있네 글로벌한 세상,1,2023-09-29T09:49:22Z,0,UgwEhscamqVM6Uv-aCN4AaABAg,S1bcy4h1mS8,UCq34DpCw7G8vqv8yJM4dZzg,2023-09-29T09:49:22Z,,중립
콘서트 티켓 8분 만에 전석 매진시킨다는 버추얼 아이돌 근황 / 스브스뉴스,스브스뉴스 SUBUSUNEWS,최상위 댓글,@brokenmoon84,ㅂㅁㄱ,0,2023-09-30T06:34:37Z,0,UgyF1nXnrcDDjy0_Y-F4AaABAg,S1bcy4h1mS8,UCKK2oj9tVuY_RnspIoxMvlQ,2023-09-30T06:34:37Z,,중립
콘서트 티켓 8분 만에 전석 매진시킨다는 버추얼 아이돌 근황 / 스브스뉴스,스브스뉴스 SUBUSUNEWS,최상위 댓글,@김찬호-i9y,하 난 모르겠다,3,2023-10-05T05:10:33Z,0,Ugy3C890Y3SpNyDn8PN4AaABAg,S1bcy4h1mS8,UCX8FwMRpJAnVJGi4Vn-tHmg,2023-10-05T05:10:33Z,,중립
콘서트 티켓 8분 만에 전석 매진시킨다는 버추얼 아이돌 근황 / 스브스뉴스,스브스뉴스 SUBUSUNEWS,최상위 댓글,@apple_tree,K팝 덕후보다 그냥 10덕이 더 많다.,6,2023-11-30T07:12:28Z,0,UgxRmUgNMNqxMbIRext4AaABAg,S1bcy4h1mS8,UCwCfyaY5yp0hEW_t_EQHt0Q,2023-11-30T07:12:28Z,,중립
콘서트 티켓 8분 만에 전석 매진시킨다는 버추얼 아이돌 근황 / 스브스뉴스,스브스뉴스 SUBUSUNEWS,최상위 댓글,@Exorcider,배 아파서 미치려는 쿨찐이 많이 보이네.,1,2023-09-29T05:36:47Z,0,UgyQU5lwhdOk_NoLfpd4AaABAg,S1bcy4h1mS8,UClEft3B9HL630oKMWTzwliQ,2023-09-29T05:36:47Z,,중립
콘서트 티켓 8분 만에 전석 매진시킨다는 버추얼 아이돌 근황 / 스브스뉴스,스브스뉴스 SUBUSUNEWS,최상위 댓글,@고라니9_29,이세페는 진짜...미춋다...,3,2023-10-04T12:04:41Z,2,UgyMWrBq-5CrxcWUm8B4AaABAg,S1bcy4h1mS8,UCXQcS_nsgo7w5AMT98AE9BQ,2023-10-04T12:04:41Z,,중립
콘서트 티켓 8분 만에 전석 매진시킨다는 버추얼 아이돌 근황 / 스브스뉴스,스브스뉴스 SUBUSUNEWS,대댓글,@푸바오도축업자,ㅇㅇ 이세계 폐인 미쳤노...,1,2023-10-05T10:08:59Z,0,UgyMWrBq-5CrxcWUm8B4AaABAg.9vRzXgmbnkn9vUM5BiOMuk,S1bcy4h1mS8,UC4f8XCWOPzVR4wYJKsiIIuw,2023-10-05T10:08:59Z,UgyMWrBq-5CrxcWUm8B4AaABAg,중립
콘서트 티켓 8분 만에 전석 매진시킨다는 버추얼 아이돌 근황 / 스브스뉴스,스브스뉴스 SUBUSUNEWS,대댓글,@festiveredsky8548,​@푸바오도축업자야인 인생에 뭐가 불만이길래 댓글들 돌아다니면서 하나하나 정성껏 악플 달고 다니는걸까,3,2023-10-05T17:49:22Z,0,UgyMWrBq-5CrxcWUm8B4AaABAg.9vRzXgmbnkn9vVAm7v0Hin,S1bcy4h1mS8,UCRlyyq50olyXdR0uAK48fdg,2024-06-17T23:22:50Z,UgyMWrBq-5CrxcWUm8B4AaABAg,중립
콘서트 티켓 8분 만에 전석 매진시킨다는 버추얼 아이돌 근황 / 스브스뉴스,스브스뉴스 SUBUSUNEWS,최상위 댓글,@앙기모띠-v1r-y5o,지금 현실 아이돌들 보다 노래더 잘부르는건 사실ㅋㅋㅋㅋ,5,2024-08-10T07:48:42Z,3,UgwwQ0cmoqY1f1BtRDl4AaABAg,S1bcy4h1mS8,UCl8HGmRdK_LuYnk4PQEu-FA,2024-08-10T07:48:42Z,,중립
콘서트 티켓 8분 만에 전석 매진시킨다는 버추얼 아이돌 근황 / 스브스뉴스,스브스뉴스 SUBUSUNEWS,대댓글,@김민혁-x1e,아이네님은 음대 출신에 릴파님은 실제 아이돌이셨구요 아마 일반인은 주르르님 밖에 없을껄요? 다른 분들도 다 음악관련 일은 하셨던걸로 알아요,0,2024-11-30T18:06:29Z,0,UgwwQ0cmoqY1f1BtRDl4AaABAg.A6xKSw8HMHPABTpBoGSPJT,S1bcy4h1mS8,UCuEZCNHzClX-Zgf6dGUH-JQ,2024-11-30T18:06:29Z,UgwwQ0cmoqY1f1BtRDl4AaABAg,중립
콘서트 티켓 8분 만에 전석 매진시킨다는 버추얼 아이돌 근황 / 스브스뉴스,스브스뉴스 SUBUSUNEWS,대댓글,@시멘트-siment,근데 외모가 딸림,0,2025-04-07T10:16:33Z,0,UgwwQ0cmoqY1f1BtRDl4AaABAg.A6xKSw8HMHPAGb_9rUMJlo,S1bcy4h1mS8,UCQ4MwPCc2ami-DTlNDmVglA,2025-04-07T10:16:33Z,UgwwQ0cmoqY1f1BtRDl4AaABAg,중립
콘서트 티켓 8분 만에 전석 매진시킨다는 버추얼 아이돌 근황 / 스브스뉴스,스브스뉴스 SUBUSUNEWS,대댓글,@앙기모띠-v1r-y5o,@시멘트-siment 나머지는 잘 모르겠는데 릴파는 ㅈㄴ 예쁨,0,2025-04-07T11:50:27Z,0,UgwwQ0cmoqY1f1BtRDl4AaABAg.A6xKSw8HMHPAGbjugMBfGb,S1bcy4h1mS8,UCl8HGmRdK_LuYnk4PQEu-FA,2025-04-07T11:50:27Z,UgwwQ0cmoqY1f1BtRDl4AaABAg,중립
콘서트 티켓 8분 만에 전석 매진시킨다는 버추얼 아이돌 근황 / 스브스뉴스,스브스뉴스 SUBUSUNEWS,최상위 댓글,@김민주-i1u9x,이건 좀...,26,2023-09-29T08:13:46Z,20,Ugw8D3qpYor-bnyQPhV4AaABAg,S1bcy4h1mS8,UCjF1e3-Foiy0CBPCyyflfxQ,2023-09-29T08:13:46Z,,중립
콘서트 티켓 8분 만에 전석 매진시킨다는 버추얼 아이돌 근황 / 스브스뉴스,스브스뉴스 SUBUSUNEWS,대댓글,@김민주-i1u9x,그냥 음지에서 자기들끼리 놀았음 좋겠어.. 넘 씹덕같다,20,2023-09-29T08:19:12Z,0,Ugw8D3qpYor-bnyQPhV4AaABAg.9vEh83LXRlB9vEhkpEqAO3,S1bcy4h1mS8,UCjF1e3-Foiy0CBPCyyflfxQ,2023-09-29T08:19:12Z,Ugw8D3qpYor-bnyQPhV4AaABAg,중립
콘서트 티켓 8분 만에 전석 매진시킨다는 버추얼 아이돌 근황 / 스브스뉴스,스브스뉴스 SUBUSUNEWS,대댓글,@mwenggo,음지에서 놀고 있는데 대중이 양지로 올려주는걸 어떡하죠?,22,2023-09-29T08:21:02Z,0,Ugw8D3qpYor-bnyQPhV4AaABAg.9vEh83LXRlB9vEhyIDmtXz,S1bcy4h1mS8,UCbDdz-9KDLtRgHfzHOOP9yw,2023-09-29T08:21:02Z,Ugw8D3qpYor-bnyQPhV4AaABAg,중립
콘서트 티켓 8분 만에 전석 매진시킨다는 버추얼 아이돌 근황 / 스브스뉴스,스브스뉴스 SUBUSUNEWS,대댓글,@김민주-i1u9x,@mwenggo 난 이런 문화가 양지화 되는게 별로라는건데 이런 댓글을 다니까 더 역겨워진다고 생각해,11,2023-09-29T08:53:25Z,0,Ugw8D3qpYor-bnyQPhV4AaABAg.9vEh83LXRlB9vElfT9ZLcA,S1bcy4h1mS8,UCjF1e3-Foiy0CBPCyyflfxQ,2024-04-18T02:55:20Z,Ugw8D3qpYor-bnyQPhV4AaABAg,부정
콘서트 티켓 8분 만에 전석 매진시킨다는 버추얼 아이돌 근황 / 스브스뉴스,스브스뉴스 SUBUSUNEWS,대댓글,@1o-2o-3o,"​@김민주-i1u9x그냥 음지에서 놀다가 오프라인에서 만났더니 생각보다 많았구나 정도로 생각해주세요. 그리고 양지화 되어도 싫으면 안보면 되죠. 양지 아이돌도 안볼라면 안볼수 있고 예를들어 양지 대표 월클 중 하나인 BTS 등 이름만 알고 잘 모르는 사람도 얼마나 많은데요.
이세돌도 이름만 알고 더 이상 모르셔도 됩니다.",6,2023-09-29T08:59:46Z,0,Ugw8D3qpYor-bnyQPhV4AaABAg.9vEh83LXRlB9vEmP0ejG5V,S1bcy4h1mS8,UC7Ki8OKdhOXDAd1V50rgPcw,2024-06-18T02:23:52Z,Ugw8D3qpYor-bnyQPhV4AaABAg,중립
콘서트 티켓 8분 만에 전석 매진시킨다는 버추얼 아이돌 근황 / 스브스뉴스,스브스뉴스 SUBUSUNEWS,대댓글,@stone263e1a7,​@이성철-u2e망상이라 하기엔 지금도 멜론차트 30위권에 알박고 있고 월간차트에도 들어갈건데요.. 막 화나세요?,4,2023-09-29T09:04:14Z,0,Ugw8D3qpYor-bnyQPhV4AaABAg.9vEh83LXRlB9vEmuhgroft,S1bcy4h1mS8,UC7xSkQGOHUrnl0epmrBtX7g,2024-06-18T02:23:52Z,Ugw8D3qpYor-bnyQPhV4AaABAg,부정
콘서트 티켓 8분 만에 전석 매진시킨다는 버추얼 아이돌 근황 / 스브스뉴스,스브스뉴스 SUBUSUNEWS,최상위 댓글,@Yulmoo23,저 분들은 그럼 어디서 춤을 추고 노래를 하고 있고 그거를 모션을 따서 송출하고 그런 시스템인건가요?,2,2024-02-03T00:15:08Z,1,UgwWghbRKXNwiLSMV4t4AaABAg,S1bcy4h1mS8,UCs7J_0wGN0MAJPI5sr97LlA,2024-02-03T00:15:08Z,,중립
콘서트 티켓 8분 만에 전석 매진시킨다는 버추얼 아이돌 근황 / 스브스뉴스,스브스뉴스 SUBUSUNEWS,대댓글,@over_slept,작업자분들이 모션 따주시거나 모션캡쳐 옷 입고 춤 추는겁니다,0,2024-02-08T14:30:40Z,0,UgwWghbRKXNwiLSMV4t4AaABAg.A-KrJZg6sL-A-ZGC5oF7aH,S1bcy4h1mS8,UCmQ3XxGPxeEbZgYvMPDkErg,2024-02-08T14:30:40Z,UgwWghbRKXNwiLSMV4t4AaABAg,중립
콘서트 티켓 8분 만에 전석 매진시킨다는 버추얼 아이돌 근황 / 스브스뉴스,스브스뉴스 SUBUSUNEWS,최상위 댓글,@이한얼,근데 이게 결국에는 진정성이라는 벽을 깰려면 아바타라는 틈에서 결국 실물로 나와야만 소통이 더욱더 가능하고 인기가 더 커질것임....방탄이 만약 화면에만 나오는 아바타 였다면? 보이지 않는걸 좋아하지 않는 사람들이 전세계적으로 9할이 되기에 이세돌이 더 커지면 이런 딜레마에 빠질것 같음 근데 어짜피 왁가놈이 더 크게 안키울거라서 상관없긴 한데 ㅋㅋㅋㅋㅋ,2,2023-09-28T15:04:08Z,3,Ugx0jP_N5qn2eW7JhER4AaABAg,S1bcy4h1mS8,UC-bx66G1aeUHk1Cg4n-b9vg,2023-09-28T15:04:08Z,,긍정
콘서트 티켓 8분 만에 전석 매진시킨다는 버추얼 아이돌 근황 / 스브스뉴스,스브스뉴스 SUBUSUNEWS,대댓글,@뮬뮬-s5p,얼굴 궁금해할 사람은 별로 없을듯 ㅋ실물이랑 차이가 클수밖에없어서 사실,3,2023-09-28T15:05:47Z,0,Ugx0jP_N5qn2eW7JhER4AaABAg.9vCrIrrXM9m9vCrUxKf3Hu,S1bcy4h1mS8,UC4PdUIHNedG1ValpNUICysw,2023-09-28T15:05:47Z,Ugx0jP_N5qn2eW7JhER4AaABAg,부정
콘서트 티켓 8분 만에 전석 매진시킨다는 버추얼 아이돌 근황 / 스브스뉴스,스브스뉴스 SUBUSUNEWS,대댓글,@이한얼,​@뮬뮬-s5p정확하게는 관심이 없는게 크지 ㅋㅋㅋㅋㅋㅋ 실물 알아봤자 알빠노? 하면서 미디어 컨텐츠물만 소비할거기 때문에 ㅋㅋㅋㅋ,0,2023-09-28T15:07:47Z,0,Ugx0jP_N5qn2eW7JhER4AaABAg.9vCrIrrXM9m9vCriWxjlXB,S1bcy4h1mS8,UC-bx66G1aeUHk1Cg4n-b9vg,2024-06-17T21:39:09Z,Ugx0jP_N5qn2eW7JhER4AaABAg,중립
콘서트 티켓 8분 만에 전석 매진시킨다는 버추얼 아이돌 근황 / 스브스뉴스,스브스뉴스 SUBUSUNEWS,대댓글,@김태현-z7p2q,"이런 고민이 의미 없는게 사람마다 ""진정성""의 의미가 다름
애초에 아이돌 문화 자체도 호불호가 있는 판에 규모 더 키우려면 얼공해야 한다?
규모를 무슨 대선 출마로 잡지 않는 이상 불필요한 수준임",0,2023-10-01T15:21:10Z,0,Ugx0jP_N5qn2eW7JhER4AaABAg.9vCrIrrXM9m9vKbdCdeawt,S1bcy4h1mS8,UCJJ3RNFNgRmad4NiCe4PrnA,2023-10-01T15:21:10Z,Ugx0jP_N5qn2eW7JhER4AaABAg,중립
콘서트 티켓 8분 만에 전석 매진시킨다는 버추얼 아이돌 근황 / 스브스뉴스,스브스뉴스 SUBUSUNEWS,최상위 댓글,@zndn1002,"캬ㅑㅑㅑㅑㅑㅑㅑㅑㅑㅑㅑㅑㅑㅑ 그 어떤 말도 필요 없다 ""형은 신이야!""",2,2023-09-28T11:31:57Z,0,Ugz6T4RR4mtVNsI5zJp4AaABAg,S1bcy4h1mS8,UC0k2-YCWn5IoOCuW9AhpfCg,2023-09-28T11:31:57Z,,중립
콘서트 티켓 8분 만에 전석 매진시킨다는 버추얼 아이돌 근황 / 스브스뉴스,스브스뉴스 SUBUSUNEWS,최상위 댓글,@teacherHeo,킹아..킹애♡,2,2024-01-23T14:30:12Z,0,UgwoVf6eIR1Dqu5IdaB4AaABAg,S1bcy4h1mS8,UChJSBiXx_lShoSMlKZrU-tQ,2024-01-23T14:30:12Z,,중립
콘서트 티켓 8분 만에 전석 매진시킨다는 버추얼 아이돌 근황 / 스브스뉴스,스브스뉴스 SUBUSUNEWS,최상위 댓글,@hyun8722,왁굳님 보고계시나요 음방..큼큼..쿰,1,2024-03-18T06:53:02Z,0,UgzzN8AbBgvsMp0lwcR4AaABAg,S1bcy4h1mS8,UCKeKlU8W42mBPlNkpg-3_ag,2024-03-18T06:53:02Z,,중립
콘서트 티켓 8분 만에 전석 매진시킨다는 버추얼 아이돌 근황 / 스브스뉴스,스브스뉴스 SUBUSUNEWS,최상위 댓글,@DiptyqueOrpheon,이런 문화를 까면서 굳이 댓다는 애들은 결국 거북목겜충들아님??ㅋㅋㅋㅋ 더 한심한데ㅋㅋㅋㅋㅋ,6,2023-11-01T05:19:28Z,0,UgxRHyhdOKclnEuPp354AaABAg,S1bcy4h1mS8,UCugvMp5YOrJlgdX0PFdrRwg,2023-11-01T05:19:28Z,,중립
콘서트 티켓 8분 만에 전석 매진시킨다는 버추얼 아이돌 근황 / 스브스뉴스,스브스뉴스 SUBUSUNEWS,최상위 댓글,@선비-t4l,아무리 뭐 이세계아이돌이 뭐 양지어쩌구 인기많고 어쩌구 해도 난 걍 이쁜스트리머나 이쁜가수 좋아할래...,0,2023-10-01T01:58:36Z,0,Ugw97gYR0CahaoZTyPV4AaABAg,S1bcy4h1mS8,UCMelZrGIsMfwXAmTkDVO47Q,2023-10-01T01:58:36Z,,긍정
콘서트 티켓 8분 만에 전석 매진시킨다는 버추얼 아이돌 근황 / 스브스뉴스,스브스뉴스 SUBUSUNEWS,최상위 댓글,@상운정-u7v,한국 문화가 원래 음지였는데 이제 양지로 올라온거인데 욕하는 애들 이해못하겠음,0,2024-08-07T11:06:09Z,0,Ugyc4L4m02D8Oowklyh4AaABAg,S1bcy4h1mS8,UCrWEpgbactp9ssOzvJl44Eg,2024-08-07T11:06:09Z,,중립
콘서트 티켓 8분 만에 전석 매진시킨다는 버추얼 아이돌 근황 / 스브스뉴스,스브스뉴스 SUBUSUNEWS,최상위 댓글,@user-75319,어차피 아이돌은 가상의 이미지를 파는 상품이다,2,2023-09-28T13:09:12Z,0,UgyNlPh_ONyqH17B7ql4AaABAg,S1bcy4h1mS8,UC0PQ_t9oHHjdqWgJZw2tjzA,2023-09-28T13:09:12Z,,중립
콘서트 티켓 8분 만에 전석 매진시킨다는 버추얼 아이돌 근황 / 스브스뉴스,스브스뉴스 SUBUSUNEWS,최상위 댓글,@mawaec,나는 오영택 원맨쇼를 보고 싶다..,3,2023-10-13T04:41:47Z,0,UgwtYpeC6RQr7UWJQOh4AaABAg,S1bcy4h1mS8,UC_1b5L5FQKv1eSpIvLxS12Q,2023-10-13T04:41:47Z,,중립
콘서트 티켓 8분 만에 전석 매진시킨다는 버추얼 아이돌 근황 / 스브스뉴스,스브스뉴스 SUBUSUNEWS,최상위 댓글,@SSSSS221-s8g,"근데 다같이 즐기는 페스티벌인데 녹화영상 트는건 아무리봐도 좀... 기술력 문제라해도 노래는 라이브가 되는거 아닌가요? 
아이돌 아이돌 하시는데 아이돌 페스티벌에서 녹화영상만 쭉 틀었다는건 들어본적도 없어서;",8,2023-09-29T03:47:20Z,10,UgxkJgau_dU2Ot3nv414AaABAg,S1bcy4h1mS8,UCLpP70zPMnI-bINywhPeMkg,2023-09-29T03:47:20Z,,중립
콘서트 티켓 8분 만에 전석 매진시킨다는 버추얼 아이돌 근황 / 스브스뉴스,스브스뉴스 SUBUSUNEWS,대댓글,@똥-x4v,그래도 개인 단콘에서 실제로 라이브하면서 춤 추는거 보면 실력은 확실해요,0,2023-09-29T04:13:33Z,0,UgxkJgau_dU2Ot3nv414AaABAg.9vEDdbJ3D7r9vEGdd4GXPq,S1bcy4h1mS8,UCOZ3xOLOxcikoonXXugy38g,2023-09-29T04:13:33Z,UgxkJgau_dU2Ot3nv414AaABAg,중립
콘서트 티켓 8분 만에 전석 매진시킨다는 버추얼 아이돌 근황 / 스브스뉴스,스브스뉴스 SUBUSUNEWS,대댓글,@SSSSS221-s8g,@똥-x4v 그럼 더더욱 좀 의문이네요 실력도 되고 선례도 있었는데 페스티벌이라고 하는자리에선 더더욱 녹화영상인게,0,2023-09-29T04:16:51Z,0,UgxkJgau_dU2Ot3nv414AaABAg.9vEDdbJ3D7r9vEH0pZwgIS,S1bcy4h1mS8,UCLpP70zPMnI-bINywhPeMkg,2024-06-17T22:48:25Z,UgxkJgau_dU2Ot3nv414AaABAg,중립
콘서트 티켓 8분 만에 전석 매진시킨다는 버추얼 아이돌 근황 / 스브스뉴스,스브스뉴스 SUBUSUNEWS,대댓글,@플루-d9t,아직 프로페셔널은 아니니까요 몇년간 연습생기간을 거친것도 아니고 만나서 합을 맞춘적도 거의 없이 온라인상으로 하다보니까 더 가다듬어질 시간이 있어야죠,5,2023-09-29T05:14:14Z,0,UgxkJgau_dU2Ot3nv414AaABAg.9vEDdbJ3D7r9vENa874CGI,S1bcy4h1mS8,UC4GMmkDhPqKVYc6ykcNeizw,2023-09-29T05:14:14Z,UgxkJgau_dU2Ot3nv414AaABAg,중립
콘서트 티켓 8분 만에 전석 매진시킨다는 버추얼 아이돌 근황 / 스브스뉴스,스브스뉴스 SUBUSUNEWS,대댓글,@Exorcider,홀로라이브도 실시간 3D 라이브할 때는 온갖 사고가 터지는데 열악한 한국은 말도 못 합니다. 이세돌 단독 콘서트 때 발생한 트러블을 생각하면 오히려 패러블 측에서 라이브를 막지 않았을까 생각이 드네요.,2,2023-09-29T05:46:07Z,0,UgxkJgau_dU2Ot3nv414AaABAg.9vEDdbJ3D7r9vEREc_N4YB,S1bcy4h1mS8,UClEft3B9HL630oKMWTzwliQ,2023-09-29T05:46:07Z,UgxkJgau_dU2Ot3nv414AaABAg,중립
콘서트 티켓 8분 만에 전석 매진시킨다는 버추얼 아이돌 근황 / 스브스뉴스,스브스뉴스 SUBUSUNEWS,대댓글,@1o-2o-3o,노래는 라이브에요. 춤은 6명이서 동시에 싱크로 문제도 있고 트래커가 튈 수도 있고요. 실제 2명이서 움직임과 음성을 라이브로 온라인 콘서트 연 예시가 있는데 그 트래픽량 처리 문제 때문에 오류가 많이 났어요. 그래서 6명 움직임을 동시에 처리한다는거는 꿈도 못꾸죠.,0,2023-09-29T09:22:46Z,0,UgxkJgau_dU2Ot3nv414AaABAg.9vEDdbJ3D7r9vEp1QdgLfu,S1bcy4h1mS8,UC7Ki8OKdhOXDAd1V50rgPcw,2023-09-29T09:24:12Z,UgxkJgau_dU2Ot3nv414AaABAg,중립
콘서트 티켓 8분 만에 전석 매진시킨다는 버추얼 아이돌 근황 / 스브스뉴스,스브스뉴스 SUBUSUNEWS,최상위 댓글,@하아앙-d6q,요즘은 오프라인에서도 만나본답니다. 가끔씩 팬들과,4,2025-01-30T10:19:13Z,0,UgwVPUeaGgLsVPEdzGx4AaABAg,S1bcy4h1mS8,UCLqLW5VoK6iSvl5-aYlHzPg,2025-01-30T10:19:13Z,,중립
콘서트 티켓 8분 만에 전석 매진시킨다는 버추얼 아이돌 근황 / 스브스뉴스,스브스뉴스 SUBUSUNEWS,최상위 댓글,@Gada-ha,이파리에서 이를 빼버리니까 파리가 되버림,1,2023-09-29T12:56:39Z,2,UgxFsehI5suGUy5j1Ht4AaABAg,S1bcy4h1mS8,UCxVTqNS9bbji18bzEiteB9g,2023-09-29T12:56:39Z,,중립
콘서트 티켓 8분 만에 전석 매진시킨다는 버추얼 아이돌 근황 / 스브스뉴스,스브스뉴스 SUBUSUNEWS,대댓글,@Superddong-r3,"일부러 노리고 한 거에요.ㅋㅋㅋㅋ
해외 이파리는 해파리, 안티팬은 혐파리",4,2023-09-29T14:08:39Z,0,UgxFsehI5suGUy5j1Ht4AaABAg.9vFCVx9yT8Y9vFKkHhUPUR,S1bcy4h1mS8,UC_MFHpeNMbGeXMruJ3YJY9w,2023-09-29T14:08:39Z,UgxFsehI5suGUy5j1Ht4AaABAg,중립
콘서트 티켓 8분 만에 전석 매진시킨다는 버추얼 아이돌 근황 / 스브스뉴스,스브스뉴스 SUBUSUNEWS,대댓글,@집비둘기-s3q,+똥파리 ㅋㅋㅋ,0,2023-09-30T00:03:13Z,0,UgxFsehI5suGUy5j1Ht4AaABAg.9vFCVx9yT8Y9vGOn4p9Ow9,S1bcy4h1mS8,UCA-SgSLvNfo5lneJ2eOuIWw,2023-09-30T00:03:13Z,UgxFsehI5suGUy5j1Ht4AaABAg,중립
콘서트 티켓 8분 만에 전석 매진시킨다는 버추얼 아이돌 근황 / 스브스뉴스,스브스뉴스 SUBUSUNEWS,최상위 댓글,@stop886,우왁굳은 신이다.,0,2023-09-29T04:01:03Z,0,UgwJYtMx4e7vz_83lzV4AaABAg,S1bcy4h1mS8,UCgLt-qrtYJGk0ZgaeYJSPlw,2023-09-29T04:01:03Z,,중립
콘서트 티켓 8분 만에 전석 매진시킨다는 버추얼 아이돌 근황 / 스브스뉴스,스브스뉴스 SUBUSUNEWS,최상위 댓글,@소고기내놔라-v6w,"내가 이상한건가요? 
세상이 거꾸로 돌아가는것같다..
어지러워.. 이런게 인기있는것에..
이건좀..",21,2023-09-28T11:22:06Z,15,UgyTxGNEqct222xJgMJ4AaABAg,S1bcy4h1mS8,UCH7ekJMueSnB5AG1vLSTXFQ,2023-09-28T11:22:32Z,,중립
콘서트 티켓 8분 만에 전석 매진시킨다는 버추얼 아이돌 근황 / 스브스뉴스,스브스뉴스 SUBUSUNEWS,대댓글,@jhgyudfgd,거꾸로된 세상도 제법 살만하더라,11,2023-09-28T11:24:59Z,0,UgyTxGNEqct222xJgMJ4AaABAg.9vCStbwnluQ9vCTDlMXIv9,S1bcy4h1mS8,UCYiE20eamo7j-Pbq373e-tQ,2023-09-28T11:24:59Z,UgyTxGNEqct222xJgMJ4AaABAg,중립
콘서트 티켓 8분 만에 전석 매진시킨다는 버추얼 아이돌 근황 / 스브스뉴스,스브스뉴스 SUBUSUNEWS,대댓글,@nininimun11,너가 사회에서 도태된건아니고?😂,3,2023-09-28T11:30:19Z,0,UgyTxGNEqct222xJgMJ4AaABAg.9vCStbwnluQ9vCTpoxzQiM,S1bcy4h1mS8,UCcPkbV6e8xZrxF1oDF8tp5A,2023-09-28T11:30:19Z,UgyTxGNEqct222xJgMJ4AaABAg,중립
콘서트 티켓 8분 만에 전석 매진시킨다는 버추얼 아이돌 근황 / 스브스뉴스,스브스뉴스 SUBUSUNEWS,대댓글,@침묵-c4c,@nininimun11 ㅋㅋㅋ 이상한 놈이었네 이거,4,2023-09-28T11:31:48Z,0,UgyTxGNEqct222xJgMJ4AaABAg.9vCStbwnluQ9vCU-fT93hO,S1bcy4h1mS8,UCgrbYDDBceJy6wWoY5VDg9w,2024-06-18T02:01:18Z,UgyTxGNEqct222xJgMJ4AaABAg,중립
콘서트 티켓 8분 만에 전석 매진시킨다는 버추얼 아이돌 근황 / 스브스뉴스,스브스뉴스 SUBUSUNEWS,대댓글,@nininimun11,​@침묵-c4c그냥 한잔해~,1,2023-09-28T11:35:09Z,0,UgyTxGNEqct222xJgMJ4AaABAg.9vCStbwnluQ9vCUO9jR7dK,S1bcy4h1mS8,UCcPkbV6e8xZrxF1oDF8tp5A,2024-06-18T02:01:18Z,UgyTxGNEqct222xJgMJ4AaABAg,중립
콘서트 티켓 8분 만에 전석 매진시킨다는 버추얼 아이돌 근황 / 스브스뉴스,스브스뉴스 SUBUSUNEWS,대댓글,@nininimun11,​@user-cs3hx7wu9n그래그래 나라가 이상해진거라고 해줄께,1,2023-09-28T11:41:43Z,0,UgyTxGNEqct222xJgMJ4AaABAg.9vCStbwnluQ9vCV8F7NqVO,S1bcy4h1mS8,UCcPkbV6e8xZrxF1oDF8tp5A,2024-07-20T08:23:15Z,UgyTxGNEqct222xJgMJ4AaABAg,중립
콘서트 티켓 8분 만에 전석 매진시킨다는 버추얼 아이돌 근황 / 스브스뉴스,스브스뉴스 SUBUSUNEWS,최상위 댓글,@남경현-o9r,역시 디지털보다는 실물이다 권은비 만세 만세 만만세,9,2023-10-19T00:36:17Z,2,UgyP_iVkCG1TIdm4S2N4AaABAg,S1bcy4h1mS8,UCHGeCpE3tDtK2QmBzfdRNeg,2023-10-19T00:36:17Z,,중립
콘서트 티켓 8분 만에 전석 매진시킨다는 버추얼 아이돌 근황 / 스브스뉴스,스브스뉴스 SUBUSUNEWS,대댓글,@시청자-j2u,킹아!,2,2023-10-20T13:35:21Z,0,UgyP_iVkCG1TIdm4S2N4AaABAg.9w1NfuHRbiW9w5Lcn5jy6T,S1bcy4h1mS8,UC_I2s_X9EtbpIC-x-YUZMpw,2023-10-20T13:35:21Z,UgyP_iVkCG1TIdm4S2N4AaABAg,중립
콘서트 티켓 8분 만에 전석 매진시킨다는 버추얼 아이돌 근황 / 스브스뉴스,스브스뉴스 SUBUSUNEWS,대댓글,@user-pc8ox6xv7i,ㄹㅇㅋㅋ,1,2023-10-23T07:45:45Z,0,UgyP_iVkCG1TIdm4S2N4AaABAg.9w1NfuHRbiW9wCS-upqSVB,S1bcy4h1mS8,UCauwQiHs0KilNRGZFQ4XIKw,2023-10-23T07:45:45Z,UgyP_iVkCG1TIdm4S2N4AaABAg,중립
콘서트 티켓 8분 만에 전석 매진시킨다는 버추얼 아이돌 근황 / 스브스뉴스,스브스뉴스 SUBUSUNEWS,최상위 댓글,@user-br8qj3tl2z,일본아 일단 무릎부터 꿇고 이야기 하자,2,2023-12-14T10:23:23Z,0,Ugw31EdXPEJ3M73aBY14AaABAg,S1bcy4h1mS8,UCn9Dr96uty_kiTKLmp7RchA,2023-12-14T10:23:23Z,,중립
콘서트 티켓 8분 만에 전석 매진시킨다는 버추얼 아이돌 근황 / 스브스뉴스,스브스뉴스 SUBUSUNEWS,최상위 댓글,@Dd-xp8hf,노래는 좋아서 나오면 나오는대로 듣는데 팬들이 관련 주제 조금이라도 나오면 엄청 흥분해서 우다다 말하는게 너무 싫음 ㅋㅋ 빠가 까를 만드는 전형적인 표본의 팬들같음..,18,2023-09-29T06:39:27Z,9,UgzGoUfdeiEIyf4kEpx4AaABAg,S1bcy4h1mS8,UCffvntW6PUsdaTxRuOsTCrg,2023-09-29T06:39:27Z,,긍정
콘서트 티켓 8분 만에 전석 매진시킨다는 버추얼 아이돌 근황 / 스브스뉴스,스브스뉴스 SUBUSUNEWS,대댓글,@아잎-z7c,최근에 스갤한테 폭격맞았어서 더 예민해진것도 있음,3,2023-09-29T06:44:28Z,0,UgzGoUfdeiEIyf4kEpx4AaABAg.9vEXLLsTroW9vEXv-3rJO6,S1bcy4h1mS8,UCGVcr0vyQDvpwVcgHNYrm9A,2023-09-29T06:44:28Z,UgzGoUfdeiEIyf4kEpx4AaABAg,중립
콘서트 티켓 8분 만에 전석 매진시킨다는 버추얼 아이돌 근황 / 스브스뉴스,스브스뉴스 SUBUSUNEWS,대댓글,@요아정-t4e,이거 ㄹㅇ임 그냥 관심없어서 안보고싶은데 ㅈㄴ 퍼뜨리고다님 그래서 없던 비호감이 생길정도,7,2023-09-29T06:51:26Z,0,UgzGoUfdeiEIyf4kEpx4AaABAg.9vEXLLsTroW9vEYhzyZeHh,S1bcy4h1mS8,UC4YmyrOK3kjO9TiRuYhuY8w,2023-09-29T06:51:26Z,UgzGoUfdeiEIyf4kEpx4AaABAg,중립
콘서트 티켓 8분 만에 전석 매진시킨다는 버추얼 아이돌 근황 / 스브스뉴스,스브스뉴스 SUBUSUNEWS,대댓글,@nana-p6j2w,팬덤 대다수가 일반인이 아니라 그런듯,4,2023-09-29T07:29:56Z,0,UgzGoUfdeiEIyf4kEpx4AaABAg.9vEXLLsTroW9vEc727hFsp,S1bcy4h1mS8,UCLvsa94Em4sBhewNLHIPWLw,2023-09-29T07:29:56Z,UgzGoUfdeiEIyf4kEpx4AaABAg,중립
콘서트 티켓 8분 만에 전석 매진시킨다는 버추얼 아이돌 근황 / 스브스뉴스,스브스뉴스 SUBUSUNEWS,대댓글,@최K-l8d,굳이 댓글마다 따지러 가는거보면 그냥 티가나네요😂,3,2023-09-29T07:43:30Z,0,UgzGoUfdeiEIyf4kEpx4AaABAg.9vEXLLsTroW9vEdfS_u6Qa,S1bcy4h1mS8,UC4TU_JcUAbHFeDfTf31kgMA,2023-09-29T07:43:30Z,UgzGoUfdeiEIyf4kEpx4AaABAg,중립
콘서트 티켓 8분 만에 전석 매진시킨다는 버추얼 아이돌 근황 / 스브스뉴스,스브스뉴스 SUBUSUNEWS,대댓글,@stone263e1a7,손흥민 페이커 욕하는 사람들이 흔히 빠가 까를 만든다고 하던데 이세돌 흥하긴 했나보네 ㅋㅋㅋ;,1,2023-09-29T09:05:32Z,0,UgzGoUfdeiEIyf4kEpx4AaABAg.9vEXLLsTroW9vEn3BS5dWU,S1bcy4h1mS8,UC7xSkQGOHUrnl0epmrBtX7g,2023-09-29T09:05:32Z,UgzGoUfdeiEIyf4kEpx4AaABAg,중립
콘서트 티켓 8분 만에 전석 매진시킨다는 버추얼 아이돌 근황 / 스브스뉴스,스브스뉴스 SUBUSUNEWS,최상위 댓글,@dartgnan11,똥컴,0,2023-10-07T08:47:25Z,0,UgyltkW2-NRq2XGBkoJ4AaABAg,S1bcy4h1mS8,UC7yxaBQ4xafeHxls4LcqKFg,2023-10-07T08:47:25Z,,중립
콘서트 티켓 8분 만에 전석 매진시킨다는 버추얼 아이돌 근황 / 스브스뉴스,스브스뉴스 SUBUSUNEWS,최상위 댓글,@테르-t9o,뭐 좋아하든 싫어하든 알빠노인데 실제로 이쁘고 노래 잘하고 춤까지 잘 췄으면 어디든 데려가서 실물로 데뷔했겠지 가상 세계에서 저러고 있겠나,5,2024-03-02T07:06:55Z,12,Ugx9RYbB3FLRCinHYS94AaABAg,S1bcy4h1mS8,UC6Ngei8HBa_X4Jbd8U56PLA,2024-03-02T07:06:55Z,,중립
콘서트 티켓 8분 만에 전석 매진시킨다는 버추얼 아이돌 근황 / 스브스뉴스,스브스뉴스 SUBUSUNEWS,대댓글,@설치류,저게 더 돈 잘버니까 저러고있지 빡통이냐,1,2024-03-03T11:37:16Z,0,Ugx9RYbB3FLRCinHYS94AaABAg.A0Tgh4VMc0iA0WkQyi4LU1,S1bcy4h1mS8,UC-xv0ETvmI6yHgFMbU32IHw,2024-03-03T11:37:16Z,Ugx9RYbB3FLRCinHYS94AaABAg,중립
콘서트 티켓 8분 만에 전석 매진시킨다는 버추얼 아이돌 근황 / 스브스뉴스,스브스뉴스 SUBUSUNEWS,대댓글,@설치류,왠만한 중소아이돌보다 훨잘범,1,2024-03-03T11:37:44Z,0,Ugx9RYbB3FLRCinHYS94AaABAg.A0Tgh4VMc0iA0WkUO9OF4I,S1bcy4h1mS8,UC-xv0ETvmI6yHgFMbU32IHw,2024-03-03T11:37:44Z,Ugx9RYbB3FLRCinHYS94AaABAg,중립
콘서트 티켓 8분 만에 전석 매진시킨다는 버추얼 아이돌 근황 / 스브스뉴스,스브스뉴스 SUBUSUNEWS,대댓글,@테르-t9o,@설치류 네네 다음 육수,3,2024-03-04T06:37:50Z,0,Ugx9RYbB3FLRCinHYS94AaABAg.A0Tgh4VMc0iA0Ymxkb2Vur,S1bcy4h1mS8,UC6Ngei8HBa_X4Jbd8U56PLA,2024-04-18T01:38:37Z,Ugx9RYbB3FLRCinHYS94AaABAg,중립
콘서트 티켓 8분 만에 전석 매진시킨다는 버추얼 아이돌 근황 / 스브스뉴스,스브스뉴스 SUBUSUNEWS,대댓글,@chinoChino1212,​@테르-t9o네 다음 불편충,2,2024-03-07T10:34:51Z,0,Ugx9RYbB3FLRCinHYS94AaABAg.A0Tgh4VMc0iA0fwTRhCWF4,S1bcy4h1mS8,UCGU3XM7qxJlRjHflhgDj1-w,2024-04-18T01:38:37Z,Ugx9RYbB3FLRCinHYS94AaABAg,중립
콘서트 티켓 8분 만에 전석 매진시킨다는 버추얼 아이돌 근황 / 스브스뉴스,스브스뉴스 SUBUSUNEWS,대댓글,@정태욱-y8v,​@설치류 친구야 구독목록보니 어떤 삶을 살았는지 알겠다,0,2024-03-09T04:36:04Z,0,Ugx9RYbB3FLRCinHYS94AaABAg.A0Tgh4VMc0iA0kS-GB7l_A,S1bcy4h1mS8,UCknpK6qm_rci9qFSlcw9pIA,2024-04-18T01:38:37Z,Ugx9RYbB3FLRCinHYS94AaABAg,중립
콘서트 티켓 8분 만에 전석 매진시킨다는 버추얼 아이돌 근황 / 스브스뉴스,스브스뉴스 SUBUSUNEWS,최상위 댓글,@황밸쇼츠,덕후들이 행동력 하나는 오짐,0,2023-09-29T07:42:12Z,0,UgxmbGK6taWKar-3Odl4AaABAg,S1bcy4h1mS8,UCVg97N14q0hQPNhG9apN1yw,2023-09-29T07:42:12Z,,중립
콘서트 티켓 8분 만에 전석 매진시킨다는 버추얼 아이돌 근황 / 스브스뉴스,스브스뉴스 SUBUSUNEWS,최상위 댓글,@대황푸c6,뭐라 안할테니까 음지에서만 좀 놀아줘..,9,2023-09-30T07:00:16Z,0,UgyrbrqriZeb689VNGx4AaABAg,S1bcy4h1mS8,UCVoJjao9BpFaScPUkH4eYZA,2023-09-30T07:00:16Z,,중립
콘서트 티켓 8분 만에 전석 매진시킨다는 버추얼 아이돌 근황 / 스브스뉴스,스브스뉴스 SUBUSUNEWS,최상위 댓글,@loveenglish2705,처음에 많이모인거 보고 오.. 인기많구나 했는데 인터뷰하는 사람 얼굴보니깐 음? 네...,0,2024-08-02T13:30:01Z,0,UgykgdevWiaaKDNWh1h4AaABAg,S1bcy4h1mS8,UCFeiP4MiDyf5k_O-DwAon1A,2024-08-02T13:30:01Z,,중립
콘서트 티켓 8분 만에 전석 매진시킨다는 버추얼 아이돌 근황 / 스브스뉴스,스브스뉴스 SUBUSUNEWS,최상위 댓글,@allek5402,"정말 이해안되는데 이해하려고 노력해보니..
근데 뭐 나만해도 차은우가 
만질수 없는 판타지인데 뭐 
그거나 저거나 이쁘고 잘생기면 그만이네 ㅋㅋㅋㅋㅋㅋㅋ",2,2024-06-01T04:40:25Z,0,UgwBUEStgKnzPUYexBl4AaABAg,S1bcy4h1mS8,UCTUJUEmOjIxTCpVL0l57fMg,2024-06-01T04:40:25Z,,중립
콘서트 티켓 8분 만에 전석 매진시킨다는 버추얼 아이돌 근황 / 스브스뉴스,스브스뉴스 SUBUSUNEWS,최상위 댓글,@이한얼,"근데 한편으로는 ""보이지 않는것을 좋아하는것이 괜찮은 것인가?""에 대한 철학적 논쟁은 계속 있을것 같은 느낌이 듬",1,2023-09-28T15:23:06Z,5,UgzEOqU-qrA3gkReEvp4AaABAg,S1bcy4h1mS8,UC-bx66G1aeUHk1Cg4n-b9vg,2023-09-28T15:23:06Z,,긍정
콘서트 티켓 8분 만에 전석 매진시킨다는 버추얼 아이돌 근황 / 스브스뉴스,스브스뉴스 SUBUSUNEWS,대댓글,@mintttttttttttttt,이미 몇천년간 종교가 존재했는데 의미없는듯,21,2023-09-28T16:05:01Z,0,UgzEOqU-qrA3gkReEvp4AaABAg.9vCtTmPX_VB9vCyGhKwGrQ,S1bcy4h1mS8,UCPap8JOCgBGrF3wDzbm5eUw,2023-09-28T16:05:01Z,UgzEOqU-qrA3gkReEvp4AaABAg,중립
콘서트 티켓 8분 만에 전석 매진시킨다는 버추얼 아이돌 근황 / 스브스뉴스,스브스뉴스 SUBUSUNEWS,대댓글,@waawaah,뭘 그런걸 가지고 철학적 논쟁까지 가냐 그냥 취향차이인데ㅋㅋ,4,2023-09-28T16:23:50Z,0,UgzEOqU-qrA3gkReEvp4AaABAg.9vCtTmPX_VB9vD-QW34KOT,S1bcy4h1mS8,UCcIiqOqtad3iaom_uIuIvHA,2023-09-28T16:23:50Z,UgzEOqU-qrA3gkReEvp4AaABAg,중립
콘서트 티켓 8분 만에 전석 매진시킨다는 버추얼 아이돌 근황 / 스브스뉴스,스브스뉴스 SUBUSUNEWS,대댓글,@stone263e1a7,아이언맨은 로다주가 실제로 수트입고 날아다녀서 좋아하는거임?,2,2023-09-29T05:20:35Z,0,UgzEOqU-qrA3gkReEvp4AaABAg.9vCtTmPX_VB9vEOJaoYu0B,S1bcy4h1mS8,UC7xSkQGOHUrnl0epmrBtX7g,2023-09-29T05:20:35Z,UgzEOqU-qrA3gkReEvp4AaABAg,긍정
콘서트 티켓 8분 만에 전석 매진시킨다는 버추얼 아이돌 근황 / 스브스뉴스,스브스뉴스 SUBUSUNEWS,대댓글,@agroman712,그건 너무 이상한데? 내가 철학 소양이 부족해서 니 말을 이해 못 하는 거냐,3,2023-09-29T14:47:59Z,0,UgzEOqU-qrA3gkReEvp4AaABAg.9vCtTmPX_VB9vFPFNMjHvQ,S1bcy4h1mS8,UCU8pOkf0fa0S4etH0zTUmPg,2023-09-29T14:47:59Z,UgzEOqU-qrA3gkReEvp4AaABAg,중립
콘서트 티켓 8분 만에 전석 매진시킨다는 버추얼 아이돌 근황 / 스브스뉴스,스브스뉴스 SUBUSUNEWS,대댓글,@ururunururun,그냥 갑론을박이 있을거라 하면 되지 철학적 논쟁은 너무 간것 아님? ㅋㅋㅋㅋ,2,2023-10-06T07:22:00Z,0,UgzEOqU-qrA3gkReEvp4AaABAg.9vCtTmPX_VB9vWcm2fayLJ,S1bcy4h1mS8,UCc2ZoXEvzgqQPdFoAD0KLew,2023-10-06T07:22:00Z,UgzEOqU-qrA3gkReEvp4AaABAg,중립
콘서트 티켓 8분 만에 전석 매진시킨다는 버추얼 아이돌 근황 / 스브스뉴스,스브스뉴스 SUBUSUNEWS,최상위 댓글,@user-xm7le6bn9r,저런건 좀 따로 콘서트 열어서 해라 ㅋㅋㅋ 양지로 끌어 올리지말고,21,2023-09-29T12:31:21Z,3,UgwzmvBPZKFl8jhGvaJ4AaABAg,S1bcy4h1mS8,UCxMIoFwKMTz1OdcLgtX3_Xg,2023-09-29T12:31:21Z,,중립
콘서트 티켓 8분 만에 전석 매진시킨다는 버추얼 아이돌 근황 / 스브스뉴스,스브스뉴스 SUBUSUNEWS,대댓글,@kiyo.nya-ong,뉴스 나올정도면 양지 다 됐지 니만 못 받아들었다 문찐아ㅋㅋ,8,2023-09-29T12:51:57Z,0,UgwzmvBPZKFl8jhGvaJ4AaABAg.9vF9bix2ebt9vFByZmiz8t,S1bcy4h1mS8,UC1Sqp2WvIrZUu5juvy4w0rA,2023-09-29T12:51:57Z,UgwzmvBPZKFl8jhGvaJ4AaABAg,중립
콘서트 티켓 8분 만에 전석 매진시킨다는 버추얼 아이돌 근황 / 스브스뉴스,스브스뉴스 SUBUSUNEWS,대댓글,@user-xm7le6bn9r,@kiyo.nya-ong 10덕 캐릭터 못받이면 문찐은 뭔논리냐 ㅋㅋㅋㅋㅋㅋㅋ,13,2023-09-29T12:55:52Z,0,UgwzmvBPZKFl8jhGvaJ4AaABAg.9vF9bix2ebt9vFCQDGx_s2,S1bcy4h1mS8,UCxMIoFwKMTz1OdcLgtX3_Xg,2024-06-18T02:37:52Z,UgwzmvBPZKFl8jhGvaJ4AaABAg,중립
콘서트 티켓 8분 만에 전석 매진시킨다는 버추얼 아이돌 근황 / 스브스뉴스,스브스뉴스 SUBUSUNEWS,대댓글,@카제-k1o,​@user-xm7le6bn9r불편하면 그냥 무시하자.. 굳이 댓글 달면서 화낼필요가 있니,0,2023-09-29T13:47:06Z,0,UgwzmvBPZKFl8jhGvaJ4AaABAg.9vF9bix2ebt9vFIHQo6SYC,S1bcy4h1mS8,UCJbv3xnVJUWg9YGL1rAJo8A,2024-06-18T02:37:52Z,UgwzmvBPZKFl8jhGvaJ4AaABAg,중립
콘서트 티켓 8분 만에 전석 매진시킨다는 버추얼 아이돌 근황 / 스브스뉴스,스브스뉴스 SUBUSUNEWS,최상위 댓글,@셩샤인,버츄얼은 집에서 할텐데 팬들은 그거보러 가고 신기하네ㅋㅋ,3,2023-09-29T05:04:44Z,29,Ugy0ryCYIhHAPbZSwgV4AaABAg,S1bcy4h1mS8,UCrGK14sVZrt4x_-VSMWCXLg,2023-09-29T05:04:44Z,,중립
콘서트 티켓 8분 만에 전석 매진시킨다는 버추얼 아이돌 근황 / 스브스뉴스,스브스뉴스 SUBUSUNEWS,대댓글,@stone263e1a7,마블영화도 스튜디오에서 찍는데 보러가잖아,1,2023-09-29T05:17:04Z,0,Ugy0ryCYIhHAPbZSwgV4AaABAg.9vEMVbGLotl9vENuvuUCXM,S1bcy4h1mS8,UC7xSkQGOHUrnl0epmrBtX7g,2023-09-29T05:17:04Z,Ugy0ryCYIhHAPbZSwgV4AaABAg,중립
콘서트 티켓 8분 만에 전석 매진시킨다는 버추얼 아이돌 근황 / 스브스뉴스,스브스뉴스 SUBUSUNEWS,대댓글,@Exorcider,방안분이네. 스튜디오에서 할 때도 있는데 단편적인 것만 보고서 그것이 마치 진리인 양 지껄이는 게 마치 선민의식을 보는 것 같네.,3,2023-09-29T05:41:35Z,0,Ugy0ryCYIhHAPbZSwgV4AaABAg.9vEMVbGLotl9vEQiSsagTY,S1bcy4h1mS8,UClEft3B9HL630oKMWTzwliQ,2023-09-29T05:41:35Z,Ugy0ryCYIhHAPbZSwgV4AaABAg,중립
콘서트 티켓 8분 만에 전석 매진시킨다는 버추얼 아이돌 근황 / 스브스뉴스,스브스뉴스 SUBUSUNEWS,대댓글,@셩샤인,@Exorcider '할때도',0,2023-09-29T06:07:27Z,0,Ugy0ryCYIhHAPbZSwgV4AaABAg.9vEMVbGLotl9vETfvqgv9y,S1bcy4h1mS8,UCrGK14sVZrt4x_-VSMWCXLg,2024-06-18T01:28:13Z,Ugy0ryCYIhHAPbZSwgV4AaABAg,중립
콘서트 티켓 8분 만에 전석 매진시킨다는 버추얼 아이돌 근황 / 스브스뉴스,스브스뉴스 SUBUSUNEWS,대댓글,@셩샤인,@stone263e1a7 그거랑 같은거임?ㅋㅋ,0,2023-09-29T06:07:56Z,0,Ugy0ryCYIhHAPbZSwgV4AaABAg.9vEMVbGLotl9vETjVEi823,S1bcy4h1mS8,UCrGK14sVZrt4x_-VSMWCXLg,2024-06-18T01:28:13Z,Ugy0ryCYIhHAPbZSwgV4AaABAg,중립
콘서트 티켓 8분 만에 전석 매진시킨다는 버추얼 아이돌 근황 / 스브스뉴스,스브스뉴스 SUBUSUNEWS,대댓글,@hnl9351,​@셩샤인'할 때도' 띄어쓰기하는게 맞아요,0,2023-09-29T07:08:42Z,0,Ugy0ryCYIhHAPbZSwgV4AaABAg.9vEMVbGLotl9vE_gTEEVGo,S1bcy4h1mS8,UCRwKZqNwjis17h_9zJr4q4w,2024-06-18T01:28:13Z,Ugy0ryCYIhHAPbZSwgV4AaABAg,중립
콘서트 티켓 8분 만에 전석 매진시킨다는 버추얼 아이돌 근황 / 스브스뉴스,스브스뉴스 SUBUSUNEWS,최상위 댓글,@sohyun_cake,나 왜 인터뷰 보고 울어😂 잉잉,1,2023-10-10T00:17:48Z,0,UgzJX9baFLc8Hw4feNp4AaABAg,S1bcy4h1mS8,UCUE6y86L4QenGEtO8Wm7tkQ,2023-10-10T00:17:48Z,,중립
콘서트 티켓 8분 만에 전석 매진시킨다는 버추얼 아이돌 근황 / 스브스뉴스,스브스뉴스 SUBUSUNEWS,최상위 댓글,@hqw-t1z,"악플 달아봤자 딱히 소용없는게 거의 절대적인 쉴드가 있음
뭐 콘서트에 녹화영상을 트네, 실력이 의심되네, 개10덕같네 ㅋㅋㅋㅋㅋㅋㅋㅋㅋㅋ
악플러들 댓들보면 실제 대기업에서 관리하는 연예인, 아이돌을 상정하고 까고 있음 ㅋㅋㅋ
근데 이거 그냥 콘텐츠였어~
스트리머가 오늘 게임 뭐하지 하듯이 버츄얼로 아이돌이나 만들어볼까? 에서 시작한 콘텐츠 ㅋㅋㅋㅋㅋㅋ
극한으로 올려치기 당하는 거나 마찬가지
응 콘서트 아냐 팬카페에서 영상 만들고 놀던거 콘서트급이 된거뿐이야~",11,2023-09-29T06:21:17Z,4,UgzsPBT7TDRmDSRKS1t4AaABAg,S1bcy4h1mS8,UC6w6_G83hUPSZKXv7O-V-Jw,2023-09-29T06:21:17Z,,중립
콘서트 티켓 8분 만에 전석 매진시킨다는 버추얼 아이돌 근황 / 스브스뉴스,스브스뉴스 SUBUSUNEWS,대댓글,@밍밍-q9u,"느그 팬들은 실제 아이돌 취급하면서 뉴진스,에스파 그런 그룹이랑 그래픽그룹 저울질 중 ㅋ 아 그저...대단하다!!",2,2023-09-29T11:19:03Z,0,UgzsPBT7TDRmDSRKS1t4AaABAg.9vEVGCHlI649vF1L4SiAKd,S1bcy4h1mS8,UCbCiJbpMSO_NWWkanc-5ATA,2023-09-29T11:19:03Z,UgzsPBT7TDRmDSRKS1t4AaABAg,중립
콘서트 티켓 8분 만에 전석 매진시킨다는 버추얼 아이돌 근황 / 스브스뉴스,스브스뉴스 SUBUSUNEWS,대댓글,@linus3zetq,"@밍밍-q9u아니 우리 뉴진스 에스파랑 비교 안한다고... ""아이돌 컨셉 버츄얼 스트리머 그룹"" 좋아하는 거 인지하고 있는데 자꾸 우리 의지와 상관없이 일이 커진다고...",5,2023-09-29T17:07:30Z,0,UgzsPBT7TDRmDSRKS1t4AaABAg.9vEVGCHlI649vFeDFmAZMU,S1bcy4h1mS8,UCuqGwpJ7WftqBImD44UUH9Q,2024-04-18T01:15:15Z,UgzsPBT7TDRmDSRKS1t4AaABAg,긍정
콘서트 티켓 8분 만에 전석 매진시킨다는 버추얼 아이돌 근황 / 스브스뉴스,스브스뉴스 SUBUSUNEWS,대댓글,@hqw-t1z,@밍밍-q9u 이렇게 올려치기 함 ㅋㅋㅋㅋ 콘서트한 스트리머 얘기에 유명 걸그룹이 언급 됨 ㅋㅋㅋ,0,2023-09-29T20:24:04Z,0,UgzsPBT7TDRmDSRKS1t4AaABAg.9vEVGCHlI649vG-hweCAU6,S1bcy4h1mS8,UC6w6_G83hUPSZKXv7O-V-Jw,2024-04-18T01:15:15Z,UgzsPBT7TDRmDSRKS1t4AaABAg,중립
콘서트 티켓 8분 만에 전석 매진시킨다는 버추얼 아이돌 근황 / 스브스뉴스,스브스뉴스 SUBUSUNEWS,대댓글,@밍밍-q9u,user-vd9tm6fh2k 음 그래...우리 철민이 몇살..? 학교 애들이랑 이세돌 얘기 하면서 노나..?,0,2023-10-01T10:41:39Z,0,UgzsPBT7TDRmDSRKS1t4AaABAg.9vEVGCHlI649vK6dylGg0l,S1bcy4h1mS8,UCbCiJbpMSO_NWWkanc-5ATA,2024-04-18T01:15:15Z,UgzsPBT7TDRmDSRKS1t4AaABAg,중립
콘서트 티켓 8분 만에 전석 매진시킨다는 버추얼 아이돌 근황 / 스브스뉴스,스브스뉴스 SUBUSUNEWS,최상위 댓글,@mangomangojjj,흠 ㅋㅋ,0,2023-09-28T16:25:23Z,0,Ugx5ETVqLSJEdaEud3J4AaABAg,S1bcy4h1mS8,UCuv1zWBVIzpPlqN--6mJHkQ,2023-09-28T16:25:23Z,,중립
콘서트 티켓 8분 만에 전석 매진시킨다는 버추얼 아이돌 근황 / 스브스뉴스,스브스뉴스 SUBUSUNEWS,최상위 댓글,@bunner5907,음중 10위도 들었는데 가능할지도,1,2023-09-28T23:05:04Z,0,Ugw8pseiz6mRz3ylVbV4AaABAg,S1bcy4h1mS8,UCYWjP8ruTv7fJuJNPDHL27A,2023-09-28T23:05:04Z,,중립
콘서트 티켓 8분 만에 전석 매진시킨다는 버추얼 아이돌 근황 / 스브스뉴스,스브스뉴스 SUBUSUNEWS,최상위 댓글,@Kim_Ryan,그들만의 리그 ㄷㄷ,14,2023-09-28T14:59:03Z,7,UgxHeNXNYym4bM_7mPJ4AaABAg,S1bcy4h1mS8,UCk8NWzXP3BCFzUKRHPg6oHw,2023-09-28T14:59:03Z,,중립
콘서트 티켓 8분 만에 전석 매진시킨다는 버추얼 아이돌 근황 / 스브스뉴스,스브스뉴스 SUBUSUNEWS,대댓글,@뮬뮬-s5p,인기 개많쥬,1,2023-09-28T15:02:02Z,0,UgxHeNXNYym4bM_7mPJ4AaABAg.9vCqi_sAVlY9vCr3PbM5dH,S1bcy4h1mS8,UC4PdUIHNedG1ValpNUICysw,2023-09-28T15:02:02Z,UgxHeNXNYym4bM_7mPJ4AaABAg,중립
콘서트 티켓 8분 만에 전석 매진시킨다는 버추얼 아이돌 근황 / 스브스뉴스,스브스뉴스 SUBUSUNEWS,대댓글,@jinmavel9540,추석때 사촌동생들 한테 이세돌 얘기꺼냇다가 바둑기사가 먼저나오더라 ㅋㅋㅋㅋㅋㅋㅋㅋㅋㅋㅋㅋㅋ,4,2023-09-28T15:08:43Z,0,UgxHeNXNYym4bM_7mPJ4AaABAg.9vCqi_sAVlY9vCrpKwOrwl,S1bcy4h1mS8,UCLZO2PnrZ1tVcM_3OJES92g,2023-09-28T15:08:43Z,UgxHeNXNYym4bM_7mPJ4AaABAg,중립
콘서트 티켓 8분 만에 전석 매진시킨다는 버추얼 아이돌 근황 / 스브스뉴스,스브스뉴스 SUBUSUNEWS,대댓글,@Axiommen,그들만의 리그가 몇만명이라니... 이건 귀하군요,1,2023-09-28T15:40:15Z,0,UgxHeNXNYym4bM_7mPJ4AaABAg.9vCqi_sAVlY9vCvRMbVR0B,S1bcy4h1mS8,UCe3eASDsYw6h8acWIrr8HgA,2023-09-28T15:40:15Z,UgxHeNXNYym4bM_7mPJ4AaABAg,중립
콘서트 티켓 8분 만에 전석 매진시킨다는 버추얼 아이돌 근황 / 스브스뉴스,스브스뉴스 SUBUSUNEWS,대댓글,@user-uy6ul9vp2o,저정도 규모면 그들만의 리그 해도됨 ㅋㅋㅋㅋ 원래 모든 팬덤이 다 그들만의 리그야. 몰랐어?,3,2023-09-28T17:05:54Z,0,UgxHeNXNYym4bM_7mPJ4AaABAg.9vCqi_sAVlY9vD4EdDE5da,S1bcy4h1mS8,UCY7PJYK4XDNIFsll9_tW9lA,2023-09-28T17:05:54Z,UgxHeNXNYym4bM_7mPJ4AaABAg,중립
콘서트 티켓 8분 만에 전석 매진시킨다는 버추얼 아이돌 근황 / 스브스뉴스,스브스뉴스 SUBUSUNEWS,대댓글,@Kim_Ryan,많지는 않지만 그래도 서로 좋아하면 된거지 ㅋㅋ 이세돌 화이팅,0,2023-09-28T22:45:36Z,0,UgxHeNXNYym4bM_7mPJ4AaABAg.9vCqi_sAVlY9vDg6e9HQxx,S1bcy4h1mS8,UCk8NWzXP3BCFzUKRHPg6oHw,2023-09-28T22:45:36Z,UgxHeNXNYym4bM_7mPJ4AaABAg,긍정
콘서트 티켓 8분 만에 전석 매진시킨다는 버추얼 아이돌 근황 / 스브스뉴스,스브스뉴스 SUBUSUNEWS,최상위 댓글,@JOAAOD,"뭔지모르겟지만 좋네요
킹아",2,2023-09-28T11:26:01Z,0,UgxTdmDUbZRlAgawdsV4AaABAg,S1bcy4h1mS8,UCuZg1XYSGrtgbL1XDOvAnaQ,2023-09-28T11:26:01Z,,긍정
콘서트 티켓 8분 만에 전석 매진시킨다는 버추얼 아이돌 근황 / 스브스뉴스,스브스뉴스 SUBUSUNEWS,최상위 댓글,@user-kelkel12345,형 우리 음지아니야,2,2023-09-28T12:21:09Z,0,Ugxdr-vlHP4iWfeU9wd4AaABAg,S1bcy4h1mS8,UCnRPcnMkLOUv-kpJ9_NE-wg,2023-09-28T12:21:09Z,,중립
콘서트 티켓 8분 만에 전석 매진시킨다는 버추얼 아이돌 근황 / 스브스뉴스,스브스뉴스 SUBUSUNEWS,최상위 댓글,@short_dagger,정작 행사장 운영은 씹창났다며 ㅋㅋㅋ,8,2023-09-28T20:34:18Z,6,UgxLEsjzJ_ixl5_ztNV4AaABAg,S1bcy4h1mS8,UCa_TYtXZxZnx_WFK0XyySNg,2023-09-28T20:34:18Z,,중립
콘서트 티켓 8분 만에 전석 매진시킨다는 버추얼 아이돌 근황 / 스브스뉴스,스브스뉴스 SUBUSUNEWS,대댓글,@Muyo_cute,그건 쉴드 못침 ㅋㅋㅋㅋㅋ 쉴드로 패야함,3,2023-09-28T21:33:03Z,0,UgxLEsjzJ_ixl5_ztNV4AaABAg.9vDS5-c5_Vk9vDYoI6X_9x,S1bcy4h1mS8,UCTL0LnK0bwS8UqvmCFKNHVw,2023-09-28T21:33:03Z,UgxLEsjzJ_ixl5_ztNV4AaABAg,중립
콘서트 티켓 8분 만에 전석 매진시킨다는 버추얼 아이돌 근황 / 스브스뉴스,스브스뉴스 SUBUSUNEWS,대댓글,@lamir37,솔직히 페스티벌은 개망할 뻔 했는데 아티스트 분들이 살렸죠,13,2023-09-28T23:17:29Z,0,UgxLEsjzJ_ixl5_ztNV4AaABAg.9vDS5-c5_Vk9vDjlGvB5Np,S1bcy4h1mS8,UCpK_q8_x05YdPrqXM336GcA,2023-09-28T23:17:29Z,UgxLEsjzJ_ixl5_ztNV4AaABAg,중립
콘서트 티켓 8분 만에 전석 매진시킨다는 버추얼 아이돌 근황 / 스브스뉴스,스브스뉴스 SUBUSUNEWS,대댓글,@py_42,그건 ㄹㅇ임..,1,2023-09-29T00:27:37Z,0,UgxLEsjzJ_ixl5_ztNV4AaABAg.9vDS5-c5_Vk9vDrmxAo_hU,S1bcy4h1mS8,UCFXAXPMpKTX7B3Ka34VwPUw,2023-09-29T00:27:37Z,UgxLEsjzJ_ixl5_ztNV4AaABAg,중립
콘서트 티켓 8분 만에 전석 매진시킨다는 버추얼 아이돌 근황 / 스브스뉴스,스브스뉴스 SUBUSUNEWS,대댓글,@Exorcider,모든 이벤트는 운영으로 망한다.,0,2023-09-29T05:48:46Z,0,UgxLEsjzJ_ixl5_ztNV4AaABAg.9vDS5-c5_Vk9vERY-42Gl0,S1bcy4h1mS8,UClEft3B9HL630oKMWTzwliQ,2023-09-29T05:48:46Z,UgxLEsjzJ_ixl5_ztNV4AaABAg,중립
콘서트 티켓 8분 만에 전석 매진시킨다는 버추얼 아이돌 근황 / 스브스뉴스,스브스뉴스 SUBUSUNEWS,대댓글,@usergoatgg,이건 뭐 팩트라 할말이없네,0,2023-09-29T06:07:05Z,0,UgxLEsjzJ_ixl5_ztNV4AaABAg.9vDS5-c5_Vk9vETd9-h7bP,S1bcy4h1mS8,UCcvzHQyFen07y1OirRb7lfg,2023-09-29T06:07:05Z,UgxLEsjzJ_ixl5_ztNV4AaABAg,중립
콘서트 티켓 8분 만에 전석 매진시킨다는 버추얼 아이돌 근황 / 스브스뉴스,스브스뉴스 SUBUSUNEWS,최상위 댓글,@MESSPIAN,"비방이 아닌 순수 궁금해서 그런데 저들이 실제로 보이는 것도 아닌데 굳이 표까지 사서 갈 필요가 있나요?
폰으로 보나 저기서 전광판으로 보나 둘다 똑같은 것 같은데😅",10,2023-09-28T13:54:35Z,13,UgyRBX9o8GH7cCillGF4AaABAg,S1bcy4h1mS8,UC08tMFSXGPW-_N0Yoccl_lA,2023-09-28T13:54:35Z,,중립
콘서트 티켓 8분 만에 전석 매진시킨다는 버추얼 아이돌 근황 / 스브스뉴스,스브스뉴스 SUBUSUNEWS,대댓글,@user-cy5lw6mu8b,굿즈 때문도 있을듯?,9,2023-09-28T13:58:47Z,0,UgyRBX9o8GH7cCillGF4AaABAg.9vCjLQLwOPf9vCjp6qRtRK,S1bcy4h1mS8,UCuv5tEU5WBKEIbvZyW6AHdQ,2023-09-28T13:58:47Z,UgyRBX9o8GH7cCillGF4AaABAg,긍정
콘서트 티켓 8분 만에 전석 매진시킨다는 버추얼 아이돌 근황 / 스브스뉴스,스브스뉴스 SUBUSUNEWS,대댓글,@강우석-v5z,실제 무대뒤에서 한게 아닐까요?,1,2023-09-28T14:02:46Z,0,UgyRBX9o8GH7cCillGF4AaABAg.9vCjLQLwOPf9vCkHPRI5yK,S1bcy4h1mS8,UCa8-R3F9SwUUVWBJbUsAHrw,2023-09-28T14:02:46Z,UgyRBX9o8GH7cCillGF4AaABAg,중립
콘서트 티켓 8분 만에 전석 매진시킨다는 버추얼 아이돌 근황 / 스브스뉴스,스브스뉴스 SUBUSUNEWS,대댓글,@니인살-h1u,방송 10여명 시절부터 지켜보며 응원한 사람들이 2년만에 엄청 성장해서 팬미팅 비비는 비스무리한 느낌?(팬미팅은 아니지만 느낌상??)  녹화된 영상인거 알지만 팬으로서 추억 만들려고?,10,2023-09-28T14:03:09Z,0,UgyRBX9o8GH7cCillGF4AaABAg.9vCjLQLwOPf9vCkKB2oeyC,S1bcy4h1mS8,UC5OXN7spo4Mw6HvXnesd80g,2023-09-28T14:03:09Z,UgyRBX9o8GH7cCillGF4AaABAg,긍정
콘서트 티켓 8분 만에 전석 매진시킨다는 버추얼 아이돌 근황 / 스브스뉴스,스브스뉴스 SUBUSUNEWS,대댓글,@Sodam12,"다른 가수 대형 콘서트도 먼 자리 가면 실물 거의 못 봐요
다른 여러 이유로 가는거지",6,2023-09-28T14:03:47Z,0,UgyRBX9o8GH7cCillGF4AaABAg.9vCjLQLwOPf9vCkOr1wRGS,S1bcy4h1mS8,UCnFnnPAt970aXDuJrRuP7Xg,2023-09-28T14:03:47Z,UgyRBX9o8GH7cCillGF4AaABAg,중립
콘서트 티켓 8분 만에 전석 매진시킨다는 버추얼 아이돌 근황 / 스브스뉴스,스브스뉴스 SUBUSUNEWS,대댓글,@sanee1125,실제로 가보시면 다르다는게 쉽게 느껴져요.,0,2023-09-28T14:25:06Z,0,UgyRBX9o8GH7cCillGF4AaABAg.9vCjLQLwOPf9vCmpukxB7B,S1bcy4h1mS8,UCEu-bz1AjE_re55suM8xiVQ,2023-09-28T14:25:06Z,UgyRBX9o8GH7cCillGF4AaABAg,중립
콘서트 티켓 8분 만에 전석 매진시킨다는 버추얼 아이돌 근황 / 스브스뉴스,스브스뉴스 SUBUSUNEWS,최상위 댓글,@landdeutsch8859,오영택 그는 이세계의 신이다!!!,1,2023-09-28T14:52:11Z,0,UgwEkDg8sU6CeXywxKN4AaABAg,S1bcy4h1mS8,UCBBhlcDBfFsFUqakcXCyYIQ,2023-09-28T14:52:11Z,,중립
콘서트 티켓 8분 만에 전석 매진시킨다는 버추얼 아이돌 근황 / 스브스뉴스,스브스뉴스 SUBUSUNEWS,최상위 댓글,@JungSungMock,나는 꼰대다... 충격이네,0,2023-10-05T17:29:05Z,0,UgwU_MHhBNELIKHzP4V4AaABAg,S1bcy4h1mS8,UC29zkZlQouED7PvvftNa7QQ,2023-10-05T17:29:05Z,,중립
콘서트 티켓 8분 만에 전석 매진시킨다는 버추얼 아이돌 근황 / 스브스뉴스,스브스뉴스 SUBUSUNEWS,최상위 댓글,@leesund,우리는 이세계 아이돌의 시대를 살고 있다,1,2023-09-28T13:04:02Z,0,UgyQpblGLNGsBimmfvJ4AaABAg,S1bcy4h1mS8,UCYurXgRT1-vx4HCPTvL2BVw,2023-09-28T13:04:02Z,,중립
콘서트 티켓 8분 만에 전석 매진시킨다는 버추얼 아이돌 근황 / 스브스뉴스,스브스뉴스 SUBUSUNEWS,최상위 댓글,@Hyeobja,형 이러다가 교과서에 나오겠어... 진짜 웅장하다,6,2023-09-28T12:28:13Z,1,UgxrvtYmGOAmQqcfuu54AaABAg,S1bcy4h1mS8,UCb1gVN_ZIzk0-QLMZI958gw,2023-09-28T12:28:13Z,,중립
콘서트 티켓 8분 만에 전석 매진시킨다는 버추얼 아이돌 근황 / 스브스뉴스,스브스뉴스 SUBUSUNEWS,대댓글,@fxxk645,이미...,0,2023-09-28T14:37:19Z,0,UgxrvtYmGOAmQqcfuu54AaABAg.9vC_SoXkLSA9vCoESwBQts,S1bcy4h1mS8,UCl3gi5dcAolqOwFdTPI7tRA,2023-09-28T14:37:19Z,UgxrvtYmGOAmQqcfuu54AaABAg,중립
콘서트 티켓 8분 만에 전석 매진시킨다는 버추얼 아이돌 근황 / 스브스뉴스,스브스뉴스 SUBUSUNEWS,최상위 댓글,@고타마싯타르타-g3w,예전에 보컬로이드 하츠네 미쿠 콘서트 보는 일본인들 이해가 안 간다는 국민들 어디갔냐;;;,1,2023-10-01T04:30:00Z,0,Ugwo7tMJ_33g6cwBZp14AaABAg,S1bcy4h1mS8,UC8RgaNZOUwCB_0y84ifkKOA,2023-10-01T04:30:00Z,,중립
콘서트 티켓 8분 만에 전석 매진시킨다는 버추얼 아이돌 근황 / 스브스뉴스,스브스뉴스 SUBUSUNEWS,최상위 댓글,@daeb2046,마이너도 메이저에서 빛날수있는 그날이 오길,2,2023-09-28T13:34:55Z,0,UgztuakPd0kDBaU99ZF4AaABAg,S1bcy4h1mS8,UCb2KDYGnwknXyPhmOI_4bKQ,2023-09-28T13:34:55Z,,중립
콘서트 티켓 8분 만에 전석 매진시킨다는 버추얼 아이돌 근황 / 스브스뉴스,스브스뉴스 SUBUSUNEWS,최상위 댓글,@마린-z6c,홀로라이브가 더 낫다,0,2023-09-29T13:39:57Z,0,UgyYcnbIt27ulusUqvB4AaABAg,S1bcy4h1mS8,UCNgYTUjYDPC3dM-N7ppV5VQ,2023-09-29T13:39:57Z,,중립
콘서트 티켓 8분 만에 전석 매진시킨다는 버추얼 아이돌 근황 / 스브스뉴스,스브스뉴스 SUBUSUNEWS,최상위 댓글,@jin3stars,우리나라가 개쳐망한 이유가 뭐냐?? 차라리 게임을하던가 애니를봐라 이게 말이되냐?,10,2023-09-28T10:35:40Z,10,UgzDGPaNt5sARlnQmzp4AaABAg,S1bcy4h1mS8,UCt5vHxMjKUYTlZ_Yk0de59A,2023-09-28T10:35:40Z,,중립
콘서트 티켓 8분 만에 전석 매진시킨다는 버추얼 아이돌 근황 / 스브스뉴스,스브스뉴스 SUBUSUNEWS,대댓글,@nininimun11,하 텔견시치..,4,2023-09-28T11:16:47Z,0,UgzDGPaNt5sARlnQmzp4AaABAg.9vCN_X_mmaR9vCSHaVFYLu,S1bcy4h1mS8,UCcPkbV6e8xZrxF1oDF8tp5A,2023-09-28T11:16:47Z,UgzDGPaNt5sARlnQmzp4AaABAg,중립
콘서트 티켓 8분 만에 전석 매진시킨다는 버추얼 아이돌 근황 / 스브스뉴스,스브스뉴스 SUBUSUNEWS,대댓글,@jin3stars,​@nininimun11어 반갑고 찐따잼민아,1,2023-09-28T11:27:32Z,0,UgzDGPaNt5sARlnQmzp4AaABAg.9vCN_X_mmaR9vCTWQ3nIh8,S1bcy4h1mS8,UCt5vHxMjKUYTlZ_Yk0de59A,2024-06-18T01:08:24Z,UgzDGPaNt5sARlnQmzp4AaABAg,중립
콘서트 티켓 8분 만에 전석 매진시킨다는 버추얼 아이돌 근황 / 스브스뉴스,스브스뉴스 SUBUSUNEWS,대댓글,@nininimun11,​@jin3stars긁혔노 ㅋㅋ,1,2023-09-28T11:32:11Z,0,UgzDGPaNt5sARlnQmzp4AaABAg.9vCN_X_mmaR9vCU2QROVhm,S1bcy4h1mS8,UCcPkbV6e8xZrxF1oDF8tp5A,2024-06-18T01:08:24Z,UgzDGPaNt5sARlnQmzp4AaABAg,중립
콘서트 티켓 8분 만에 전석 매진시킨다는 버추얼 아이돌 근황 / 스브스뉴스,스브스뉴스 SUBUSUNEWS,대댓글,@jin3stars,"@nininimun11  이 채널 영상 댓글활동 20개 ,버타쿠 : 긁혔노ㅋㅋ      ??? 풉...",1,2023-09-28T11:37:41Z,0,UgzDGPaNt5sARlnQmzp4AaABAg.9vCN_X_mmaR9vCUfhh-zLV,S1bcy4h1mS8,UCt5vHxMjKUYTlZ_Yk0de59A,2024-06-18T01:08:24Z,UgzDGPaNt5sARlnQmzp4AaABAg,중립
콘서트 티켓 8분 만에 전석 매진시킨다는 버추얼 아이돌 근황 / 스브스뉴스,스브스뉴스 SUBUSUNEWS,대댓글,@jin3stars,​@nininimun11댓글들 보니까 ㅋㅋㅋ 열심히도 수호하셨네 멋있어요~~~다음부터는 버튜버를 무시하지않겠습니다 🤮,1,2023-09-28T11:46:15Z,0,UgzDGPaNt5sARlnQmzp4AaABAg.9vCN_X_mmaR9vCVeR2fBjs,S1bcy4h1mS8,UCt5vHxMjKUYTlZ_Yk0de59A,2024-06-18T01:08:24Z,UgzDGPaNt5sARlnQmzp4AaABAg,중립
콘서트 티켓 8분 만에 전석 매진시킨다는 버추얼 아이돌 근황 / 스브스뉴스,스브스뉴스 SUBUSUNEWS,최상위 댓글,@동겜-o9u,"흠... 이세돌 열심히 보다 그만둔 1인으로서 컨셉은 참신했지만 생각보다 진입장벽이 높았었고, 이를 극복했을 때의 쾌감도 높았지만, 과연 이들을 사람으로서 대해야 하는가에 대한 근본적인 의문이 들면서 현타가 오는 바람에 참....",2,2024-02-19T21:40:33Z,3,UgyJU8kNTU5GvCLKe2B4AaABAg,S1bcy4h1mS8,UCohh4smXGSRAJG3err59asw,2024-02-19T21:40:33Z,,중립
콘서트 티켓 8분 만에 전석 매진시킨다는 버추얼 아이돌 근황 / 스브스뉴스,스브스뉴스 SUBUSUNEWS,대댓글,@rianwhite-cr1ei,"꼭 실물사람이여야 합니까? 어차피 직접 만날일도 없는 화면 안에 있는 사람이란건 현실 아이돌도 마찬가지인데요.
그리고 사람으로 대해야하는가의 기준이 뭔지 모르겠네요 화면속에서만 만난다는 기준으로는 현실 아이돌과 다른점이 없어서…",1,2024-02-21T01:40:05Z,0,UgyJU8kNTU5GvCLKe2B4AaABAg.A00M8FVUVy2A03MLUQMaWK,S1bcy4h1mS8,UCaJ1sUGKVx9IFIm-xk0JXLg,2024-02-21T01:40:05Z,UgyJU8kNTU5GvCLKe2B4AaABAg,중립
콘서트 티켓 8분 만에 전석 매진시킨다는 버추얼 아이돌 근황 / 스브스뉴스,스브스뉴스 SUBUSUNEWS,대댓글,@y__kko,"⁠​⁠​⁠​⁠​⁠@rianwhite-cr1ei뭔소리지 ㅋㅋㅋ 팬미팅, 콘서트로 만날수있자나 아이돌은 ㅋㅋㅋ
팬미팅도 눈으로 볼수있는데 ㅋㅋㅋ
이세돌은 팬미팅하면 직접가도 영상으로 봐야하자나

그리고 갑자기 화면속에서라는 규정은 왜 정함 ㅋㅋㅋ
그리고 정햇다 해도 이세돌은 한번 더 꼬았는거자나

진심 이런애들 때문에 거부감 드는거야

본댓글자가 비난을 한것도 아니고 자기 경험을 말한건데
거기다가 주입식으로 허접한 논리로 가스라이팅 시키는게 맞니????

본인이 아무리 이세돌팬이지만 다들 별생각 없는 사람많아요 나 또한 걍 그렇구나 함

왜 아득바득 쉴드치려는거임 ㅋㅋㅋㅋ

저런거 본다고 욕하는 사람한테나 뭐라하세요",0,2024-02-28T05:53:41Z,0,UgyJU8kNTU5GvCLKe2B4AaABAg.A00M8FVUVy2A0Lpw1f_6SB,S1bcy4h1mS8,UC0QRtZh0U7ZQtvTj5VT0yNA,2024-06-18T00:38:48Z,UgyJU8kNTU5GvCLKe2B4AaABAg,중립
콘서트 티켓 8분 만에 전석 매진시킨다는 버추얼 아이돌 근황 / 스브스뉴스,스브스뉴스 SUBUSUNEWS,대댓글,@1o-2o-3o,얼굴 안깐 스트리머들인데 몰입도를 높이기 위해 거기에 캐릭터 붙인거죠. 제 생각엔 너무 철학적으로 깊이 생각하신 것 같아요. 가상 아이돌이다 뭐다 하는데 사실 단순한 거죠.,5,2024-03-01T17:53:28Z,0,UgyJU8kNTU5GvCLKe2B4AaABAg.A00M8FVUVy2A0SGtfA_ePc,S1bcy4h1mS8,UC7Ki8OKdhOXDAd1V50rgPcw,2024-03-01T17:53:28Z,UgyJU8kNTU5GvCLKe2B4AaABAg,중립
콘서트 티켓 8분 만에 전석 매진시킨다는 버추얼 아이돌 근황 / 스브스뉴스,스브스뉴스 SUBUSUNEWS,최상위 댓글,@Uclid,라이브도 아니고 녹화본을 돈주고 파는건 좀....에바아님? 기술력의 한계인가,13,2023-10-04T10:48:47Z,3,UgxeQ9O7F_Ei1p6QKN14AaABAg,S1bcy4h1mS8,UC_-u5ilWkRMg7Ge1__CjN9w,2023-10-04T10:48:47Z,,중립
콘서트 티켓 8분 만에 전석 매진시킨다는 버추얼 아이돌 근황 / 스브스뉴스,스브스뉴스 SUBUSUNEWS,대댓글,@subscribefordemocracyinchina,미국은 홀로그램으로라도 하던데 ㄹㅇ,0,2023-10-04T16:10:46Z,0,UgxeQ9O7F_Ei1p6QKN14AaABAg.9vRqqnXw-Hu9vSQh1vXlyd,S1bcy4h1mS8,UCv4M890blcBG0yHh1hxkq9Q,2023-10-04T16:10:46Z,UgxeQ9O7F_Ei1p6QKN14AaABAg,중립
콘서트 티켓 8분 만에 전석 매진시킨다는 버추얼 아이돌 근황 / 스브스뉴스,스브스뉴스 SUBUSUNEWS,대댓글,@Akil-k1s,춤못춤,3,2023-10-04T22:45:08Z,0,UgxeQ9O7F_Ei1p6QKN14AaABAg.9vRqqnXw-Hu9vT7pa10edk,S1bcy4h1mS8,UCP3o_6_SxoAaPsL3IjxboPA,2023-10-04T22:45:08Z,UgxeQ9O7F_Ei1p6QKN14AaABAg,중립
콘서트 티켓 8분 만에 전석 매진시킨다는 버추얼 아이돌 근황 / 스브스뉴스,스브스뉴스 SUBUSUNEWS,대댓글,@부릉부릉-s9v,ㅇㅇ 기술력 한계 맞음,2,2023-10-05T08:47:35Z,0,UgxeQ9O7F_Ei1p6QKN14AaABAg.9vRqqnXw-Hu9vUCm2ZGRSF,S1bcy4h1mS8,UCMTxj1sJp5hkPmr2lx_Iv3Q,2023-10-05T08:47:35Z,UgxeQ9O7F_Ei1p6QKN14AaABAg,중립
콘서트 티켓 8분 만에 전석 매진시킨다는 버추얼 아이돌 근황 / 스브스뉴스,스브스뉴스 SUBUSUNEWS,최상위 댓글,@mallangduck1,와꾸텽… 우리 어디까지가는거야…,2,2023-09-28T11:47:58Z,0,Ugxb7_otcMdubXFu9_t4AaABAg,S1bcy4h1mS8,UCKkQapW0-9j83D-irZ6JxWQ,2023-09-28T11:47:58Z,,중립
콘서트 티켓 8분 만에 전석 매진시킨다는 버추얼 아이돌 근황 / 스브스뉴스,스브스뉴스 SUBUSUNEWS,최상위 댓글,@줄없는번지점프,이거랑 물품보관소랑 다른게 뭐임?,10,2023-09-28T18:40:27Z,7,Ugx81Kjfvs-mXAqy6314AaABAg,S1bcy4h1mS8,UCsv68K0ZbAgE9SEGfGBZvXw,2023-09-28T18:40:27Z,,중립
콘서트 티켓 8분 만에 전석 매진시킨다는 버추얼 아이돌 근황 / 스브스뉴스,스브스뉴스 SUBUSUNEWS,대댓글,@파란스티치-j8g,"솔직히 다른거 없긴해 ㅋㅋㅋㅋㅋㅋ
거기도 팬들이 떼창하는 느낌이자늠",5,2023-09-28T22:47:06Z,0,Ugx81Kjfvs-mXAqy6314AaABAg.9vDF3DbDPJu9vDgHdu7N-C,S1bcy4h1mS8,UCOiPLHNomL7_u5GqWWIq94A,2023-09-28T22:47:06Z,Ugx81Kjfvs-mXAqy6314AaABAg,중립
콘서트 티켓 8분 만에 전석 매진시킨다는 버추얼 아이돌 근황 / 스브스뉴스,스브스뉴스 SUBUSUNEWS,대댓글,@성이름-g3i4t,​@hoduz너네는 물품보관소 비웃을 처지아닌듯 ㅋㅋㅋㅋ,7,2023-09-29T01:18:45Z,0,Ugx81Kjfvs-mXAqy6314AaABAg.9vDF3DbDPJu9vDxdLI0_bj,S1bcy4h1mS8,UCLToJgc7pDcSd-u6E1BvIFg,2025-12-08T01:57:41Z,Ugx81Kjfvs-mXAqy6314AaABAg,중립
콘서트 티켓 8분 만에 전석 매진시킨다는 버추얼 아이돌 근황 / 스브스뉴스,스브스뉴스 SUBUSUNEWS,대댓글,@부릉부릉-s9v,왜 같다고 생각함? ㅋㅋ 거기가 아이돌 콘서트장이라도 됐음? 비교를 뭔😅,0,2023-09-29T03:19:38Z,0,Ugx81Kjfvs-mXAqy6314AaABAg.9vDF3DbDPJu9vEATpJfWXA,S1bcy4h1mS8,UCMTxj1sJp5hkPmr2lx_Iv3Q,2023-09-29T03:19:38Z,Ugx81Kjfvs-mXAqy6314AaABAg,중립
콘서트 티켓 8분 만에 전석 매진시킨다는 버추얼 아이돌 근황 / 스브스뉴스,스브스뉴스 SUBUSUNEWS,대댓글,@파란스티치-j8g,그들만의 아이돌씹덕 콘서트인건 맞는데 뭔가 다름 ㅋㅋㅋ,1,2023-09-29T03:30:48Z,0,Ugx81Kjfvs-mXAqy6314AaABAg.9vDF3DbDPJu9vEBkZuYa50,S1bcy4h1mS8,UCOiPLHNomL7_u5GqWWIq94A,2023-09-29T03:31:03Z,Ugx81Kjfvs-mXAqy6314AaABAg,중립
콘서트 티켓 8분 만에 전석 매진시킨다는 버추얼 아이돌 근황 / 스브스뉴스,스브스뉴스 SUBUSUNEWS,대댓글,@성이름-g3i4t,@부릉부릉-s9v 이용자층이 거기서 거기라구요^^ 찐따들아 ㅋㅋㅋ,5,2023-09-29T03:58:05Z,0,Ugx81Kjfvs-mXAqy6314AaABAg.9vDF3DbDPJu9vEEsM7th0O,S1bcy4h1mS8,UCLToJgc7pDcSd-u6E1BvIFg,2024-06-17T23:53:09Z,Ugx81Kjfvs-mXAqy6314AaABAg,중립
콘서트 티켓 8분 만에 전석 매진시킨다는 버추얼 아이돌 근황 / 스브스뉴스,스브스뉴스 SUBUSUNEWS,최상위 댓글,@Arcterion_98,이세돌 진짜 월클됐네,1,2023-09-28T13:08:59Z,0,UgwvOR2KcaqjeYuhlRx4AaABAg,S1bcy4h1mS8,UChFPyQi3N_xGq80XqrlBXAg,2023-09-28T13:08:59Z,,중립
콘서트 티켓 8분 만에 전석 매진시킨다는 버추얼 아이돌 근황 / 스브스뉴스,스브스뉴스 SUBUSUNEWS,최상위 댓글,@jjeem닭,악플이 삭제 당하니까 대댓글에서 악플 달고 싸우고 있네요...이것까지 스브스가 관리하기 힘들겠지만 그래도 댓글이 깨끗하니까 좋네요😊,1,2023-09-28T13:11:11Z,0,UgziqRAZevIhGR7G54V4AaABAg,S1bcy4h1mS8,UC_hCwlgJfFafRQMOq2WeoxQ,2023-09-28T13:11:11Z,,긍정
콘서트 티켓 8분 만에 전석 매진시킨다는 버추얼 아이돌 근황 / 스브스뉴스,스브스뉴스 SUBUSUNEWS,최상위 댓글,@lIlIlIXD,처음 보시는분들 이게뭐야 왜 좋아해?  이러실수있으시겠지만 그래도 보시면서 이런 매력이있구나 하면서 봐주시면 좋겠습니다!! 다들 이쁘고 매력있는분들이니까 이런방송도 있구나 하면서 봐주시면 감사하겠습니다!!,10,2023-09-29T17:04:24Z,0,Ugwyz3E35SwNGWebzTB4AaABAg,S1bcy4h1mS8,UCkEsUt2mjZxnXS4dMN_24-A,2023-09-29T17:04:24Z,,긍정
콘서트 티켓 8분 만에 전석 매진시킨다는 버추얼 아이돌 근황 / 스브스뉴스,스브스뉴스 SUBUSUNEWS,최상위 댓글,@hatiseimei4856,우왁굳 그는 신이야!!,3,2023-09-30T04:02:37Z,0,Ugy_ccvhgjD2_3ykqt54AaABAg,S1bcy4h1mS8,UCJ7PzyxbLBuPzuNdOdhEzsA,2023-09-30T04:02:37Z,,중립
콘서트 티켓 8분 만에 전석 매진시킨다는 버추얼 아이돌 근황 / 스브스뉴스,스브스뉴스 SUBUSUNEWS,최상위 댓글,@냥냥-n9r,걍 이게 이제 인싸문화같음,4,2023-10-09T13:09:05Z,6,UgyUF-pZ8g0RWv_Z02t4AaABAg,S1bcy4h1mS8,UCxk_jvI-djBrk2Q9XuNVTjw,2023-10-09T13:09:05Z,,중립
콘서트 티켓 8분 만에 전석 매진시킨다는 버추얼 아이돌 근황 / 스브스뉴스,스브스뉴스 SUBUSUNEWS,대댓글,@fagwcgw,ㄴㄴ ㅈ도아님 쮠따련아,21,2023-10-11T07:42:13Z,0,UgyUF-pZ8g0RWv_Z02t4AaABAg.9vdysmbf9h19viY3Uv5oY8,S1bcy4h1mS8,UCv2Snlfq20l-x-fboiWPhbQ,2023-10-11T07:42:13Z,UgyUF-pZ8g0RWv_Z02t4AaABAg,중립
콘서트 티켓 8분 만에 전석 매진시킨다는 버추얼 아이돌 근황 / 스브스뉴스,스브스뉴스 SUBUSUNEWS,대댓글,@AzXen,@fagwcgwㅋㅋㅋㅋ 팩트로 조져버리네 ㅋㅋㅋㅋㅋ,2,2023-10-18T19:03:57Z,0,UgyUF-pZ8g0RWv_Z02t4AaABAg.9vdysmbf9h19w0mdpEj6Xr,S1bcy4h1mS8,UCn3B7xUp1iEwFzRxShKNkcg,2024-06-18T01:44:09Z,UgyUF-pZ8g0RWv_Z02t4AaABAg,중립
콘서트 티켓 8분 만에 전석 매진시킨다는 버추얼 아이돌 근황 / 스브스뉴스,스브스뉴스 SUBUSUNEWS,대댓글,@user-pc8ox6xv7i,이딴게 인싸문화?ㅋㅋㅋㅋㅋ,1,2023-10-23T07:40:27Z,0,UgyUF-pZ8g0RWv_Z02t4AaABAg.9vdysmbf9h19wCRP1l_RL9,S1bcy4h1mS8,UCauwQiHs0KilNRGZFQ4XIKw,2023-10-23T07:40:27Z,UgyUF-pZ8g0RWv_Z02t4AaABAg,중립
콘서트 티켓 8분 만에 전석 매진시킨다는 버추얼 아이돌 근황 / 스브스뉴스,스브스뉴스 SUBUSUNEWS,대댓글,@user-Sg7ok6ew71,야 그건 아니야.... 처음부터 우리끼리 즐기자고 만든건데 유명해져버린거야 솔직히 진입장벽 ㅈㄴ높은건 맞잖아,2,2023-10-23T12:12:19Z,0,UgyUF-pZ8g0RWv_Z02t4AaABAg.9vdysmbf9h19wCvWJY0Tk9,S1bcy4h1mS8,UCCaaBfqv6u3jwK64woMHhQQ,2023-10-23T12:12:19Z,UgyUF-pZ8g0RWv_Z02t4AaABAg,중립
콘서트 티켓 8분 만에 전석 매진시킨다는 버추얼 아이돌 근황 / 스브스뉴스,스브스뉴스 SUBUSUNEWS,대댓글,@HaHa-ng4vk,"솔직히 씹덕 ㅈㄴ많아진거 팩트맞긴한데 인싸, 양지취급은 멀었음 ㅋㅋ",0,2023-12-14T18:13:56Z,0,UgyUF-pZ8g0RWv_Z02t4AaABAg.9vdysmbf9h19yJTEHUHvry,S1bcy4h1mS8,UCdsLLmNw8mlnWwJ2OEE_zRA,2023-12-14T18:13:56Z,UgyUF-pZ8g0RWv_Z02t4AaABAg,중립
콘서트 티켓 8분 만에 전석 매진시킨다는 버추얼 아이돌 근황 / 스브스뉴스,스브스뉴스 SUBUSUNEWS,최상위 댓글,@써붕,근데 그냥 큰화면 보려고 콘서트가는거임??,6,2023-10-05T12:54:29Z,4,UgxwP42Lpzx1JqYq3cF4AaABAg,S1bcy4h1mS8,UCMYYhKbLdarr6bT5jUZymdA,2023-10-05T12:54:29Z,,중립
콘서트 티켓 8분 만에 전석 매진시킨다는 버추얼 아이돌 근황 / 스브스뉴스,스브스뉴스 SUBUSUNEWS,대댓글,@isegye4ever,"메인이 버추얼 무대긴 하지만 김장훈, 지올팍, 로꼬, 권은비, 멜로망스, 하이키, 프라우드먼같은 현실 무대공연 보는 맛도 있었음",7,2023-10-06T04:34:22Z,0,UgxwP42Lpzx1JqYq3cF4AaABAg.9vUe1KHqQKo9vWKaJAHcZK,S1bcy4h1mS8,UCvVm5-UYNSVMhyUwo3mk4kQ,2023-10-06T04:34:22Z,UgxwP42Lpzx1JqYq3cF4AaABAg,중립
콘서트 티켓 8분 만에 전석 매진시킨다는 버추얼 아이돌 근황 / 스브스뉴스,스브스뉴스 SUBUSUNEWS,대댓글,@flyingdog-11,"현실파트에서도 빅나티,로꼬,경서,멜로망스 등등 유명아티스트분들도 많았음",0,2023-10-07T09:15:16Z,0,UgxwP42Lpzx1JqYq3cF4AaABAg.9vUe1KHqQKo9vZPXYj9F6a,S1bcy4h1mS8,UCh7qWJLZg7vct8kDDTItJtg,2023-10-07T09:15:16Z,UgxwP42Lpzx1JqYq3cF4AaABAg,중립
콘서트 티켓 8분 만에 전석 매진시킨다는 버추얼 아이돌 근황 / 스브스뉴스,스브스뉴스 SUBUSUNEWS,대댓글,@준식이-b8v,떼창할라고,0,2023-10-09T10:47:01Z,0,UgxwP42Lpzx1JqYq3cF4AaABAg.9vUe1KHqQKo9vdicFiWphT,S1bcy4h1mS8,UCX99QrB_C9H2i4F3REvBXcw,2023-10-09T10:47:01Z,UgxwP42Lpzx1JqYq3cF4AaABAg,중립
콘서트 티켓 8분 만에 전석 매진시킨다는 버추얼 아이돌 근황 / 스브스뉴스,스브스뉴스 SUBUSUNEWS,대댓글,@타미-tami,현장감 쩔어서,0,2023-10-13T09:23:26Z,0,UgxwP42Lpzx1JqYq3cF4AaABAg.9vUe1KHqQKo9vnsEbJOsQA,S1bcy4h1mS8,UC-kC-j9g36Uzd_Ypw0RLGVQ,2023-10-13T09:23:26Z,UgxwP42Lpzx1JqYq3cF4AaABAg,중립
콘서트 티켓 8분 만에 전석 매진시킨다는 버추얼 아이돌 근황 / 스브스뉴스,스브스뉴스 SUBUSUNEWS,최상위 댓글,@nininimun11,아재들은 왜 골프영상하고 노브라영상좋아해요? 진짜모름..,3,2023-09-28T11:42:40Z,6,Ugzfb4ew6P8LWoMxDj14AaABAg,S1bcy4h1mS8,UCcPkbV6e8xZrxF1oDF8tp5A,2023-09-28T11:42:47Z,,긍정
콘서트 티켓 8분 만에 전석 매진시킨다는 버추얼 아이돌 근황 / 스브스뉴스,스브스뉴스 SUBUSUNEWS,대댓글,@nininimun11,아내도있을텐데 흠..,0,2023-09-28T11:43:05Z,0,Ugzfb4ew6P8LWoMxDj14AaABAg.9vCVFDL28Jv9vCVIFgqmNI,S1bcy4h1mS8,UCcPkbV6e8xZrxF1oDF8tp5A,2023-09-28T11:43:05Z,Ugzfb4ew6P8LWoMxDj14AaABAg,중립
콘서트 티켓 8분 만에 전석 매진시킨다는 버추얼 아이돌 근황 / 스브스뉴스,스브스뉴스 SUBUSUNEWS,대댓글,@14초5일,​@nininimun11니 아빠한테 물어봐라,3,2023-09-28T13:01:44Z,0,Ugzfb4ew6P8LWoMxDj14AaABAg.9vCVFDL28Jv9vCdIJWSQQs,S1bcy4h1mS8,UCGKBroWGB8bvtvSgdJQbCZA,2024-04-18T01:36:23Z,Ugzfb4ew6P8LWoMxDj14AaABAg,중립
콘서트 티켓 8분 만에 전석 매진시킨다는 버추얼 아이돌 근황 / 스브스뉴스,스브스뉴스 SUBUSUNEWS,대댓글,@추연아-s9g,"골프,노브라영상이 이거보다 건전한데?? 흠 사고방식이 다르구나 버타쿠들은",0,2023-09-29T03:52:48Z,0,Ugzfb4ew6P8LWoMxDj14AaABAg.9vCVFDL28Jv9vEEGlEsNnL,S1bcy4h1mS8,UC3zQIcGAs3nZoD8p7Hz8Edw,2023-09-29T03:52:48Z,Ugzfb4ew6P8LWoMxDj14AaABAg,중립
콘서트 티켓 8분 만에 전석 매진시킨다는 버추얼 아이돌 근황 / 스브스뉴스,스브스뉴스 SUBUSUNEWS,대댓글,@cn8d,긁적긁적 골프 유튜브보던 강동원은 뜬금없이 쳐맞노,0,2023-09-29T10:14:21Z,0,Ugzfb4ew6P8LWoMxDj14AaABAg.9vCVFDL28Jv9vEuwENFU0y,S1bcy4h1mS8,UC4ByOxJ8c7PIn-hkl178LTg,2023-09-29T10:14:21Z,Ugzfb4ew6P8LWoMxDj14AaABAg,중립
콘서트 티켓 8분 만에 전석 매진시킨다는 버추얼 아이돌 근황 / 스브스뉴스,스브스뉴스 SUBUSUNEWS,대댓글,@agroman712,골프랑 노브라가 몬상관,0,2023-09-29T15:09:50Z,0,Ugzfb4ew6P8LWoMxDj14AaABAg.9vCVFDL28Jv9vFRkP4l4pF,S1bcy4h1mS8,UCU8pOkf0fa0S4etH0zTUmPg,2023-09-29T15:09:50Z,Ugzfb4ew6P8LWoMxDj14AaABAg,중립
콘서트 티켓 8분 만에 전석 매진시킨다는 버추얼 아이돌 근황 / 스브스뉴스,스브스뉴스 SUBUSUNEWS,최상위 댓글,@GoYou-f4t,..ㅋㅋ,1,2023-09-28T12:38:34Z,0,UgxLO69zNOce8hbFMDt4AaABAg,S1bcy4h1mS8,UC2USAsACbRiJPmmwziBosHQ,2023-09-28T12:38:34Z,,중립
콘서트 티켓 8분 만에 전석 매진시킨다는 버추얼 아이돌 근황 / 스브스뉴스,스브스뉴스 SUBUSUNEWS,최상위 댓글,@Almond_Ai,엄...,0,2024-02-23T05:10:08Z,0,UgzVNuqzwtyZla5IlaJ4AaABAg,S1bcy4h1mS8,UCqpfs5vgZC2JjLj3SeAZUoA,2024-02-23T05:10:08Z,,중립
콘서트 티켓 8분 만에 전석 매진시킨다는 버추얼 아이돌 근황 / 스브스뉴스,스브스뉴스 SUBUSUNEWS,최상위 댓글,@손연욱-o5o,진짜 세상이 거꾸로 돌아가구나,13,2023-10-07T17:30:07Z,8,UgxR9yKnn4gXGQozTVt4AaABAg,S1bcy4h1mS8,UC-broaG9RgVjSnhnaZorZCA,2023-10-07T17:30:07Z,,중립
콘서트 티켓 8분 만에 전석 매진시킨다는 버추얼 아이돌 근황 / 스브스뉴스,스브스뉴스 SUBUSUNEWS,대댓글,@sxxxmxx,너가 거꾸로 서있는거야,47,2023-10-07T19:51:48Z,0,UgxR9yKnn4gXGQozTVt4AaABAg.9v_I9u8iMVC9v_YN_8RqP6,S1bcy4h1mS8,UCwesOhoWCL1nVOCmllLxS2Q,2023-10-07T19:51:48Z,UgxR9yKnn4gXGQozTVt4AaABAg,중립
콘서트 티켓 8분 만에 전석 매진시킨다는 버추얼 아이돌 근황 / 스브스뉴스,스브스뉴스 SUBUSUNEWS,대댓글,@트수핀구단,당신은 다름을 인정하는 법부터 좀 배우셔야겠네요,1,2023-10-08T13:09:22Z,0,UgxR9yKnn4gXGQozTVt4AaABAg.9v_I9u8iMVC9vbP6wS4ztC,S1bcy4h1mS8,UCFTS9KEiq-YOrqfHTLYa-Ng,2023-10-08T13:09:22Z,UgxR9yKnn4gXGQozTVt4AaABAg,중립
콘서트 티켓 8분 만에 전석 매진시킨다는 버추얼 아이돌 근황 / 스브스뉴스,스브스뉴스 SUBUSUNEWS,대댓글,@ding_ding_tang_tang_tang,그래서 천장에서 내려오시죠,3,2023-10-09T05:09:23Z,0,UgxR9yKnn4gXGQozTVt4AaABAg.9v_I9u8iMVC9vd6zOv3jRA,S1bcy4h1mS8,UCYRnKQJ65kaIhPGlVncdJ_w,2023-10-09T05:09:23Z,UgxR9yKnn4gXGQozTVt4AaABAg,중립
콘서트 티켓 8분 만에 전석 매진시킨다는 버추얼 아이돌 근황 / 스브스뉴스,스브스뉴스 SUBUSUNEWS,대댓글,@타미-tami,@sxxxmxx 개웃기네ㅋㅋㅋㅋ,1,2023-10-13T09:15:35Z,0,UgxR9yKnn4gXGQozTVt4AaABAg.9v_I9u8iMVC9vnrL1YWACr,S1bcy4h1mS8,UC-kC-j9g36Uzd_Ypw0RLGVQ,2024-06-18T03:57:11Z,UgxR9yKnn4gXGQozTVt4AaABAg,중립
콘서트 티켓 8분 만에 전석 매진시킨다는 버추얼 아이돌 근황 / 스브스뉴스,스브스뉴스 SUBUSUNEWS,대댓글,@MagicalHBG,"세상이 거꾸로 돌아간다는 표현, 이제 어르신들도 올드해보인다고 잘 안쓰는데, 
꼭~ 보면 나이 별로 많지도 않은 젊은 꼰머들이 이 표현 많이 쓰더라고 ㅋ",1,2023-10-15T09:07:43Z,0,UgxR9yKnn4gXGQozTVt4AaABAg.9v_I9u8iMVC9vt-18lXT4E,S1bcy4h1mS8,UCzC3jWuPfvK4unhjD6fnNcQ,2023-10-15T09:07:43Z,UgxR9yKnn4gXGQozTVt4AaABAg,부정
콘서트 티켓 8분 만에 전석 매진시킨다는 버추얼 아이돌 근황 / 스브스뉴스,스브스뉴스 SUBUSUNEWS,최상위 댓글,@gom941,모션캡처 오지는구만,1,2023-11-28T12:09:31Z,1,UgxcxPSmZCsLkvWLP9N4AaABAg,S1bcy4h1mS8,UCKbkSYJdRpZy14BEecJXSCA,2023-11-28T12:09:31Z,,중립
콘서트 티켓 8분 만에 전석 매진시킨다는 버추얼 아이돌 근황 / 스브스뉴스,스브스뉴스 SUBUSUNEWS,대댓글,@꿿뚧쒧-n5u,아니 아래 댓글이랑 자아분열 됐냐고 ㅋㅋㅋㅋㅋ,1,2024-01-04T17:08:34Z,0,UgxcxPSmZCsLkvWLP9N4AaABAg.9xeboBA8GGI9z9QRtsKBHM,S1bcy4h1mS8,UC9FBBgiFG_tNYOvdun7b6eg,2024-01-04T17:08:34Z,UgxcxPSmZCsLkvWLP9N4AaABAg,중립
콘서트 티켓 8분 만에 전석 매진시킨다는 버추얼 아이돌 근황 / 스브스뉴스,스브스뉴스 SUBUSUNEWS,최상위 댓글,@gr8ur866,박효신 인줄,0,2023-10-05T14:29:38Z,0,Ugz4wp__4PtPOzzXkpB4AaABAg,S1bcy4h1mS8,UCG2FFkwOnqrm_9jKRJrHXnA,2023-10-05T14:29:38Z,,중립
콘서트 티켓 8분 만에 전석 매진시킨다는 버추얼 아이돌 근황 / 스브스뉴스,스브스뉴스 SUBUSUNEWS,최상위 댓글,@이름없음-w3m,얘네 욕하면 명예훼손임?,2,2024-02-28T01:45:29Z,7,UgzF5MK_tG1Yl-hZiel4AaABAg,S1bcy4h1mS8,UCGhkqE7IxF6_Y5uswj8VbDw,2024-02-28T01:45:29Z,,중립
콘서트 티켓 8분 만에 전석 매진시킨다는 버추얼 아이돌 근황 / 스브스뉴스,스브스뉴스 SUBUSUNEWS,대댓글,@Ando-rmin,사람이 움직이는거라,1,2024-02-28T03:20:49Z,0,UgzF5MK_tG1Yl-hZiel4AaABAg.A0LOXDxxbIzA0LZRUobgRT,S1bcy4h1mS8,UC0uZNuP0f87UlvoEX9mXKQw,2024-02-28T03:20:49Z,UgzF5MK_tG1Yl-hZiel4AaABAg,중립
콘서트 티켓 8분 만에 전석 매진시킨다는 버추얼 아이돌 근황 / 스브스뉴스,스브스뉴스 SUBUSUNEWS,대댓글,@이름없음-w3m,@Ando-rmin그거랑 명예훼손이랑 뭔상관임? 특정성이 성립되냐고,4,2024-02-28T21:48:49Z,0,UgzF5MK_tG1Yl-hZiel4AaABAg.A0LOXDxxbIzA0NYEb_sxOw,S1bcy4h1mS8,UCGhkqE7IxF6_Y5uswj8VbDw,2024-06-17T23:30:38Z,UgzF5MK_tG1Yl-hZiel4AaABAg,중립
콘서트 티켓 8분 만에 전석 매진시킨다는 버추얼 아이돌 근황 / 스브스뉴스,스브스뉴스 SUBUSUNEWS,대댓글,@누구없음,"릴파,징버거는 과거 캠방했었고 인터넷 뒤지면 나오는터라 특정성 성립됨 다른 사람들은 찌라시뿐이라 힘들고",2,2024-02-28T22:36:39Z,0,UgzF5MK_tG1Yl-hZiel4AaABAg.A0LOXDxxbIzA0Nci-3Npvz,S1bcy4h1mS8,UC4WBkqGgybhrm7fU9l5VrMg,2024-02-28T22:41:12Z,UgzF5MK_tG1Yl-hZiel4AaABAg,중립
콘서트 티켓 8분 만에 전석 매진시킨다는 버추얼 아이돌 근황 / 스브스뉴스,스브스뉴스 SUBUSUNEWS,대댓글,@1o-2o-3o,실제로 성립되서 감빵가있는 놈 있다,5,2024-03-01T17:45:01Z,0,UgzF5MK_tG1Yl-hZiel4AaABAg.A0LOXDxxbIzA0SFvmfmjdq,S1bcy4h1mS8,UC7Ki8OKdhOXDAd1V50rgPcw,2024-03-01T17:45:01Z,UgzF5MK_tG1Yl-hZiel4AaABAg,중립
콘서트 티켓 8분 만에 전석 매진시킨다는 버추얼 아이돌 근황 / 스브스뉴스,스브스뉴스 SUBUSUNEWS,대댓글,@jhgyudfgd,충분히 특정성 성립되고 벌써 손가락 잘못 놀려서 실형받은 판례도 있으니 조심하자,5,2024-03-02T17:33:14Z,0,UgzF5MK_tG1Yl-hZiel4AaABAg.A0LOXDxxbIzA0UoNNZsOb_,S1bcy4h1mS8,UCYiE20eamo7j-Pbq373e-tQ,2024-03-02T17:33:14Z,UgzF5MK_tG1Yl-hZiel4AaABAg,중립
콘서트 티켓 8분 만에 전석 매진시킨다는 버추얼 아이돌 근황 / 스브스뉴스,스브스뉴스 SUBUSUNEWS,최상위 댓글,@안녕하세요오옷,이게 직접 추는게 아니고 전문댄서들이 모션 캡쳐한거지?,0,2024-05-15T04:01:25Z,2,UgxUxhOiKa55d7QQi2J4AaABAg,S1bcy4h1mS8,UCEX9-RrQd3RR-reQGkyprLw,2024-05-15T04:01:25Z,,중립
콘서트 티켓 8분 만에 전석 매진시킨다는 버추얼 아이돌 근황 / 스브스뉴스,스브스뉴스 SUBUSUNEWS,대댓글,@cherryart6120,맴버들 중에 전에 다른 아이돌 그룹 출신이였던 사람도 있고 그 외에도 춤 출줄 아는 사람이 두어명 있는걸로 아는데 그 분들이 주로 하고 전문직들도 서포트 해준걸로 알고 있음.,9,2024-05-15T06:57:01Z,0,UgxUxhOiKa55d7QQi2J4AaABAg.A3RuIBEygQWA3SDOJu2KvI,S1bcy4h1mS8,UC2mV3g-fX9oBxQZFsnphxJA,2024-05-15T06:57:01Z,UgxUxhOiKa55d7QQi2J4AaABAg,중립
콘서트 티켓 8분 만에 전석 매진시킨다는 버추얼 아이돌 근황 / 스브스뉴스,스브스뉴스 SUBUSUNEWS,대댓글,@K-electronic,콘서트에 나온 모션은 전문댄서. 공식 뮤비들은 멤버 중 몇몇이 직접 함,0,2024-05-26T05:54:32Z,0,UgxUxhOiKa55d7QQi2J4AaABAg.A3RuIBEygQWA3tQzFtu0fB,S1bcy4h1mS8,UCQEqa0v7LERN6vhF7xyL7WQ,2024-05-26T05:54:32Z,UgxUxhOiKa55d7QQi2J4AaABAg,중립
콘서트 티켓 8분 만에 전석 매진시킨다는 버추얼 아이돌 근황 / 스브스뉴스,스브스뉴스 SUBUSUNEWS,최상위 댓글,@kickin_,"이세계 아이돌 오디션 시작할 때만해도 
그전부터 우왁굳, 고멤(우왁굳 게임방송에 출연하는 VR 게임의 고정멤버들)이 있어서 친숙했어도 
버츄얼 유튜버라는 개념이 낯설고 생소했었던 시간들이 있었죠 ㅋㅋㅋ (그러다 다시 노래를 우연히 듣고 반하면서 다시 되돌아보게 되는 계기가 된 케이스랍니다~)
그런데 그런 진입장벽도 어떻게 바라보느냐의 시각에 달려 있다고 생각이 들더군요
어릴 때 한번 쯤은 꿈꾸던 만화 주인공이 살아있는 기분을 느껴보고 싶었고, 가상 인물이라곤 하지만 그 캐릭터 안에 진짜 사람이 있어서 소통하기 때문에
취향에 따라 다를 뿐! 더 아름다운 꿈이 이뤄지는 것 같았어요!!  지금 뉴스 영상보면서 감회가 새롭네요 ㅎㅎㅎ",2,2023-10-06T04:03:43Z,0,Ugyf8X2NZozFzTcHJeN4AaABAg,S1bcy4h1mS8,UCHCxMls7ZfHKeMyV_rPBetA,2023-10-06T04:03:43Z,,중립
콘서트 티켓 8분 만에 전석 매진시킨다는 버추얼 아이돌 근황 / 스브스뉴스,스브스뉴스 SUBUSUNEWS,최상위 댓글,@지구-d2e,생각해보니깐 이세돌님이 바둑... 아하!ㅋㅋㅋㅋ,0,2024-01-01T14:14:47Z,0,UgxJw3kGg-_3E5DR0fl4AaABAg,S1bcy4h1mS8,UC_UEM0wE3n9ZyOINemxeHNg,2024-01-01T14:14:47Z,,중립
콘서트 티켓 8분 만에 전석 매진시킨다는 버추얼 아이돌 근황 / 스브스뉴스,스브스뉴스 SUBUSUNEWS,최상위 댓글,@키윙,"와ㅏㅏ댓글싸움판이다ㅏㅏ 
싸움이남=안티팬이있음=사람이 많음=양지=이제 많이올라왔다...앞으로 게속올라 가즈아~",2,2023-09-28T15:41:18Z,0,Ugxp2XEOBrTt7zyo7Mh4AaABAg,S1bcy4h1mS8,UCb9H5Rdi_vd6McIG6qN7NXQ,2023-09-28T15:41:18Z,,중립
콘서트 티켓 8분 만에 전석 매진시킨다는 버추얼 아이돌 근황 / 스브스뉴스,스브스뉴스 SUBUSUNEWS,최상위 댓글,@honghong0099,오스트랄로 오타쿠쓰,0,2023-09-29T07:48:04Z,0,UgxCXYX0Tn57nA9HQAt4AaABAg,S1bcy4h1mS8,UC0kgK9O3puSgST0NDyOktDA,2023-09-29T07:48:04Z,,중립
콘서트 티켓 8분 만에 전석 매진시킨다는 버추얼 아이돌 근황 / 스브스뉴스,스브스뉴스 SUBUSUNEWS,최상위 댓글,@최고-w5s,역시 방송은 서울방송!!! 킹애!!! 주존사ㅏㅏㅏㅏ,1,2023-09-28T12:10:59Z,0,UgwW5W1vKbo32MeHXKF4AaABAg,S1bcy4h1mS8,UC_JJCc6MQCP_xZW70fMb4AQ,2023-09-28T12:10:59Z,,중립
콘서트 티켓 8분 만에 전석 매진시킨다는 버추얼 아이돌 근황 / 스브스뉴스,스브스뉴스 SUBUSUNEWS,최상위 댓글,@turneverythingintoart,이세돌이 개최한 게 아니라 초대된 걸로 알고 있는데요,0,2023-10-03T11:31:34Z,0,UgwG1gem9fJCdVXK27J4AaABAg,S1bcy4h1mS8,UCVLDlSTMhe0Jx1DBolNBJfQ,2023-10-03T11:31:34Z,,중립
콘서트 티켓 8분 만에 전석 매진시킨다는 버추얼 아이돌 근황 / 스브스뉴스,스브스뉴스 SUBUSUNEWS,최상위 댓글,@user-rq3wz9qp7k,진짜 씹 나라가 어떻게 되가는거냐 ㅋㅋㅋㅋㅋㅋㅋ 으 씹 ㅋㅋ,35,2023-09-29T14:16:47Z,5,UgwXKhUJnLfymDpAyg94AaABAg,S1bcy4h1mS8,UCceXPgq3Kg1Mo_daD-vZ9CQ,2023-09-29T14:16:47Z,,중립
콘서트 티켓 8분 만에 전석 매진시킨다는 버추얼 아이돌 근황 / 스브스뉴스,스브스뉴스 SUBUSUNEWS,대댓글,@agroman712,소수 음지 문화보고 근들갑은 ㅋㅋ 출산율 취업율 경제이슈엔 안놀라는 백수인가,5,2023-09-29T14:21:01Z,0,UgwXKhUJnLfymDpAyg94AaABAg.9vFLfuTfRR89vFM9svsXc6,S1bcy4h1mS8,UCU8pOkf0fa0S4etH0zTUmPg,2023-09-29T14:21:01Z,UgwXKhUJnLfymDpAyg94AaABAg,중립
콘서트 티켓 8분 만에 전석 매진시킨다는 버추얼 아이돌 근황 / 스브스뉴스,스브스뉴스 SUBUSUNEWS,대댓글,@성이름-g3i4t,"​@agroman712댓글 상태보니까 이파리 듁수찐따신거 같은데 이렇게 이세돌을 위한다고 키보드 배틀 할 시간에 본인 현생이나 신경쓰는게 어떨까요??

님같은 찐따가 아무리 이세돌 지킨다고 인터넷으로 되지도 않는 억쉴치는거보다는

잘나고 멋진 사람이 이세돌 시청하는걸 이세돌들도 더 좋아할거에요 ㅋㅋ",15,2023-09-29T16:12:30Z,0,UgwXKhUJnLfymDpAyg94AaABAg.9vFLfuTfRR89vFYvPfhJ5p,S1bcy4h1mS8,UCLToJgc7pDcSd-u6E1BvIFg,2024-06-18T00:31:03Z,UgwXKhUJnLfymDpAyg94AaABAg,긍정
콘서트 티켓 8분 만에 전석 매진시킨다는 버추얼 아이돌 근황 / 스브스뉴스,스브스뉴스 SUBUSUNEWS,대댓글,@isegye4ever,​@성이름-g3i4t악플러가 현생을 논하네 뭐 왁타버스 안에서 악플쓰는 새기가 붕신이지 왁타 밖은 우리가 손으로 못막는 범주긴 해~,4,2023-09-29T16:25:02Z,0,UgwXKhUJnLfymDpAyg94AaABAg.9vFLfuTfRR89vF_MECK54O,S1bcy4h1mS8,UCvVm5-UYNSVMhyUwo3mk4kQ,2024-06-18T00:31:03Z,UgwXKhUJnLfymDpAyg94AaABAg,중립
콘서트 티켓 8분 만에 전석 매진시킨다는 버추얼 아이돌 근황 / 스브스뉴스,스브스뉴스 SUBUSUNEWS,대댓글,@agroman712,"@성이름-g3i4t 메세지가 아닌 메신저를 건드시네요 그럼 제가 저것들 뒤에 숨어있는 얼굴은 못났을 거라고 쓴 댓글은 뭔가요? 시진핑 욕해도 된다고 지령받은 중국인 뭐 이런 건가요?ㅋㅋ
출산율 붕괴같은 체감 바로 되는 심각한 지표 냅두고 물품보관소 보고 나라 망한다고 근들갑 떠는게 백수 같아서 웃겼을 뿐입니다",2,2023-09-29T17:09:40Z,0,UgwXKhUJnLfymDpAyg94AaABAg.9vFLfuTfRR89vFeT5hna-r,S1bcy4h1mS8,UCU8pOkf0fa0S4etH0zTUmPg,2024-06-18T00:31:03Z,UgwXKhUJnLfymDpAyg94AaABAg,중립
콘서트 티켓 8분 만에 전석 매진시킨다는 버추얼 아이돌 근황 / 스브스뉴스,스브스뉴스 SUBUSUNEWS,대댓글,@flyingdog-11,@agroman712그냥 병먹금하라고...알잘딱하라고;;그걸 못참고 이리 와서 그러니...,0,2023-09-30T02:55:36Z,0,UgwXKhUJnLfymDpAyg94AaABAg.9vFLfuTfRR89vGhWd90XbJ,S1bcy4h1mS8,UCh7qWJLZg7vct8kDDTItJtg,2024-06-18T00:31:03Z,UgwXKhUJnLfymDpAyg94AaABAg,중립
콘서트 티켓 8분 만에 전석 매진시킨다는 버추얼 아이돌 근황 / 스브스뉴스,스브스뉴스 SUBUSUNEWS,최상위 댓글,@짬뽕-f6v,뭐..뭐노?,0,2023-10-05T11:50:36Z,0,UgzlP7uN1XlQl0WEqaZ4AaABAg,S1bcy4h1mS8,UCUcbpI2rqzRf1dGJZVEBYcw,2023-10-05T11:50:36Z,,중립
콘서트 티켓 8분 만에 전석 매진시킨다는 버추얼 아이돌 근황 / 스브스뉴스,스브스뉴스 SUBUSUNEWS,최상위 댓글,@우와아정구다아,이세돌 사랑해,2,2023-09-28T12:55:01Z,0,Ugz2xnSAroP-sZ0TVjd4AaABAg,S1bcy4h1mS8,UCKy_c7m2CqAfTMror4VR2Tw,2023-09-28T12:55:01Z,,긍정
콘서트 티켓 8분 만에 전석 매진시킨다는 버추얼 아이돌 근황 / 스브스뉴스,스브스뉴스 SUBUSUNEWS,최상위 댓글,@HjL8576,이래서 참전용사밈이 나온거구나,0,2024-08-17T15:10:00Z,0,UgwKsYk4RYOc3RzHhEZ4AaABAg,S1bcy4h1mS8,UCZ3DptokBFlhTM_TfXSUNZg,2024-08-17T15:10:00Z,,중립
콘서트 티켓 8분 만에 전석 매진시킨다는 버추얼 아이돌 근황 / 스브스뉴스,스브스뉴스 SUBUSUNEWS,최상위 댓글,@호야-i3z,이제 애니덕후 오타쿠들 욕할 필요없음. 버추얼 아이돌 좋아하는 것과 다를 바가 없음. 솔직히 이해는 안되지만 그냥 서로 존중합시다. 문제 일으키는 것도 아니고,2,2023-09-28T14:48:34Z,0,UgzGdK0AP1ZEKTwXcx94AaABAg,S1bcy4h1mS8,UCEXlHL-4dIa3kmZWzdaN7ww,2023-09-28T14:49:57Z,,긍정
콘서트 티켓 8분 만에 전석 매진시킨다는 버추얼 아이돌 근황 / 스브스뉴스,스브스뉴스 SUBUSUNEWS,최상위 댓글,@오타루-t7b,오타쿠같은거임?,6,2024-03-05T23:27:27Z,4,UgxX9BDptSxBQJ9JWWh4AaABAg,S1bcy4h1mS8,UC4rhQfj8L_t32FhanMhRniQ,2024-03-05T23:27:27Z,,중립
콘서트 티켓 8분 만에 전석 매진시킨다는 버추얼 아이돌 근황 / 스브스뉴스,스브스뉴스 SUBUSUNEWS,대댓글,@박시은-g8v,ㅇㅇ,4,2024-03-10T03:54:42Z,0,UgxX9BDptSxBQJ9JWWh4AaABAg.A0cAILbt7qAA0mx3ASSKv8,S1bcy4h1mS8,UCqvDc8Sxd96qs8llyxb_XwA,2024-03-10T03:54:42Z,UgxX9BDptSxBQJ9JWWh4AaABAg,중립
콘서트 티켓 8분 만에 전석 매진시킨다는 버추얼 아이돌 근황 / 스브스뉴스,스브스뉴스 SUBUSUNEWS,대댓글,@rollercoaster1,ㅇㅇ,4,2024-03-11T06:46:34Z,0,UgxX9BDptSxBQJ9JWWh4AaABAg.A0cAILbt7qAA0ppWq10qWT,S1bcy4h1mS8,UCZVDSK6DOKsR3SSG3W-u3NA,2024-03-11T06:46:34Z,UgxX9BDptSxBQJ9JWWh4AaABAg,중립
콘서트 티켓 8분 만에 전석 매진시킨다는 버추얼 아이돌 근황 / 스브스뉴스,스브스뉴스 SUBUSUNEWS,대댓글,@이파리-h2g,ㅎㅎ ㅇㅇ,2,2024-05-05T15:08:07Z,0,UgxX9BDptSxBQJ9JWWh4AaABAg.A0cAILbt7qAA33LdTkwDt7,S1bcy4h1mS8,UCF7qPQFwAUr4D-ymHrxYOrw,2024-05-05T15:08:07Z,UgxX9BDptSxBQJ9JWWh4AaABAg,중립
콘서트 티켓 8분 만에 전석 매진시킨다는 버추얼 아이돌 근황 / 스브스뉴스,스브스뉴스 SUBUSUNEWS,대댓글,@Alksjs-t5e,"뭐.. 맞긴하죠 오타쿠를 보통 안 좋은 의미로 사용하고는 있지만 그냥 어느 한 곳에 몰두한 사람이라는 뜻이니까 아이브 팬들도, 르세라핌 팬들도, 에스파 팬들도, 이세돌 팬들도 다 오타쿠는 맞죠",0,2024-06-22T14:18:49Z,0,UgxX9BDptSxBQJ9JWWh4AaABAg.A0cAILbt7qAA4zr9Ps9WUo,S1bcy4h1mS8,UCNY6SnHyt0ny_6K-iIvYGSg,2024-06-22T14:18:49Z,UgxX9BDptSxBQJ9JWWh4AaABAg,중립
콘서트 티켓 8분 만에 전석 매진시킨다는 버추얼 아이돌 근황 / 스브스뉴스,스브스뉴스 SUBUSUNEWS,최상위 댓글,@v_4378,버튜버가 양지화되냐..,1,2023-09-28T10:35:10Z,0,UgzcQx1gK0pOfDKxB254AaABAg,S1bcy4h1mS8,UC1g4yvBxigaSURHowaSBF-Q,2023-09-28T10:35:10Z,,중립
콘서트 티켓 8분 만에 전석 매진시킨다는 버추얼 아이돌 근황 / 스브스뉴스,스브스뉴스 SUBUSUNEWS,최상위 댓글,@TTaboong,세상이 미쳐가고있어..,23,2023-09-29T01:44:08Z,7,Ugw5drrMjXkfhz0fcvp4AaABAg,S1bcy4h1mS8,UCqEmoyi8hKWUW4sxP6HqlFg,2023-09-29T01:44:08Z,,중립
콘서트 티켓 8분 만에 전석 매진시킨다는 버추얼 아이돌 근황 / 스브스뉴스,스브스뉴스 SUBUSUNEWS,대댓글,@none-sadness,어쩔수없어 ㅋㅋ 즐기든가 그냥 무시하고 살든가 해야지뭐,15,2023-09-29T02:07:16Z,0,Ugw5drrMjXkfhz0fcvp4AaABAg.9vE-YJEW6Tz9vE2BktCeld,S1bcy4h1mS8,UCpt_y3h4TxsX735rqTF6H8g,2023-09-29T02:07:16Z,Ugw5drrMjXkfhz0fcvp4AaABAg,중립
콘서트 티켓 8분 만에 전석 매진시킨다는 버추얼 아이돌 근황 / 스브스뉴스,스브스뉴스 SUBUSUNEWS,대댓글,@뮬뮬-s5p,이거 보는게 뭐 문제라도?,0,2023-09-29T02:38:29Z,0,Ugw5drrMjXkfhz0fcvp4AaABAg.9vE-YJEW6Tz9vE5lQNsDTC,S1bcy4h1mS8,UC4PdUIHNedG1ValpNUICysw,2023-09-29T02:38:29Z,Ugw5drrMjXkfhz0fcvp4AaABAg,중립
콘서트 티켓 8분 만에 전석 매진시킨다는 버추얼 아이돌 근황 / 스브스뉴스,스브스뉴스 SUBUSUNEWS,대댓글,@aaa-mv9te,@뮬뮬-s5p 말투좀 어떻게 해봐라 없던 편견도 생기겠다,16,2023-09-29T03:45:56Z,0,Ugw5drrMjXkfhz0fcvp4AaABAg.9vE-YJEW6Tz9vEDUMkfkah,S1bcy4h1mS8,UCbNefim07-LVAJINxweyM5Q,2024-04-18T01:01:24Z,Ugw5drrMjXkfhz0fcvp4AaABAg,중립
콘서트 티켓 8분 만에 전석 매진시킨다는 버추얼 아이돌 근황 / 스브스뉴스,스브스뉴스 SUBUSUNEWS,대댓글,@sion1849,​@aaa-mv9teㄹㅇ....,0,2023-09-29T04:21:51Z,0,Ugw5drrMjXkfhz0fcvp4AaABAg.9vE-YJEW6Tz9vEHaQRqDrU,S1bcy4h1mS8,UCPwNQCTbDHju2Y91tYs7umw,2024-04-18T01:01:24Z,Ugw5drrMjXkfhz0fcvp4AaABAg,중립
콘서트 티켓 8분 만에 전석 매진시킨다는 버추얼 아이돌 근황 / 스브스뉴스,스브스뉴스 SUBUSUNEWS,대댓글,@플루-d9t,강한 인공지능 개발에 도달하는 것은 좋든 싫든 진행됨 버츄얼 기술도 마찬가지 왈가왈부하는 건 아무 의미가 없지,1,2023-09-29T04:28:03Z,0,Ugw5drrMjXkfhz0fcvp4AaABAg.9vE-YJEW6Tz9vEIIqCfF7X,S1bcy4h1mS8,UC4GMmkDhPqKVYc6ykcNeizw,2023-09-29T04:28:03Z,Ugw5drrMjXkfhz0fcvp4AaABAg,중립
콘서트 티켓 8분 만에 전석 매진시킨다는 버추얼 아이돌 근황 / 스브스뉴스,스브스뉴스 SUBUSUNEWS,최상위 댓글,@naekkeuda,여기가… 음지??,3,2023-10-03T17:26:20Z,1,Ugxd3ck1fK6PJeVRq3d4AaABAg,S1bcy4h1mS8,UCmZXsuGuo9tsTKp8y7u5Y7w,2023-10-03T17:26:20Z,,중립
콘서트 티켓 8분 만에 전석 매진시킨다는 버추얼 아이돌 근황 / 스브스뉴스,스브스뉴스 SUBUSUNEWS,대댓글,@kwon_hx,응 니프사 애니 보면 각 나온다 ㅋㅋ,0,2023-10-05T10:46:42Z,0,Ugxd3ck1fK6PJeVRq3d4AaABAg.9vPzYibejAn9vUQPU653_o,S1bcy4h1mS8,UCwu0bBKXaXgu2jO7ul1B-Sg,2023-10-05T10:46:42Z,Ugxd3ck1fK6PJeVRq3d4AaABAg,중립
콘서트 티켓 8분 만에 전석 매진시킨다는 버추얼 아이돌 근황 / 스브스뉴스,스브스뉴스 SUBUSUNEWS,최상위 댓글,@블링-f5w,첨엔 이게 뭐지하고 봤다가 요즘 티비보다 재미있긴 함,0,2023-09-29T01:58:42Z,0,UgwqvWiCKWxK3z5uT0d4AaABAg,S1bcy4h1mS8,UCbaagQd5GBLeUFQNswXNkGw,2023-09-29T01:58:42Z,,중립
콘서트 티켓 8분 만에 전석 매진시킨다는 버추얼 아이돌 근황 / 스브스뉴스,스브스뉴스 SUBUSUNEWS,최상위 댓글,@유튜브재밌어-t4c,우와...이거 보니시간 빠르네요 지금은 고척돔에서 했는데요...,3,2025-05-31T17:26:18Z,0,Ugzy58s3Otty9vXYQ2d4AaABAg,S1bcy4h1mS8,UCrvFURataUykAay8jPiEGCw,2025-05-31T17:26:18Z,,중립
콘서트 티켓 8분 만에 전석 매진시킨다는 버추얼 아이돌 근황 / 스브스뉴스,스브스뉴스 SUBUSUNEWS,최상위 댓글,@ame583,와 이건...,0,2023-12-31T08:17:01Z,0,UgzPsbiRlxXmeFVBFRN4AaABAg,S1bcy4h1mS8,UCV2kv_ozvS0gmk37O2CEhzQ,2023-12-31T08:17:01Z,,중립
콘서트 티켓 8분 만에 전석 매진시킨다는 버추얼 아이돌 근황 / 스브스뉴스,스브스뉴스 SUBUSUNEWS,최상위 댓글,@강우석-v5z,정확히 어떻게 하는겁니까?? 무대 뒤에서 영상을틀어놓고 라이브로 부르는 건가요?  아님 라이브로 모션캡쳐 슈트를입고 스튜디오에서 라이브로 촬영하는방식입니까? 요즘은 과학의 기술이 신기합니다..,0,2023-09-28T15:02:24Z,5,UgzpiCmE9xFhwKeCoQl4AaABAg,S1bcy4h1mS8,UCa8-R3F9SwUUVWBJbUsAHrw,2023-09-28T15:02:24Z,,중립
콘서트 티켓 8분 만에 전석 매진시킨다는 버추얼 아이돌 근황 / 스브스뉴스,스브스뉴스 SUBUSUNEWS,대댓글,@뮬뮬-s5p,슈트입고 춤추고 녹화하고 무대,2,2023-09-28T15:03:37Z,0,UgzpiCmE9xFhwKeCoQl4AaABAg.9vCr66z-AoY9vCrEyk2UZ3,S1bcy4h1mS8,UC4PdUIHNedG1ValpNUICysw,2023-09-28T15:03:37Z,UgzpiCmE9xFhwKeCoQl4AaABAg,중립
콘서트 티켓 8분 만에 전석 매진시킨다는 버추얼 아이돌 근황 / 스브스뉴스,스브스뉴스 SUBUSUNEWS,대댓글,@바밤바12341,그냥 다해놓고 트는거,1,2023-09-28T15:10:09Z,0,UgzpiCmE9xFhwKeCoQl4AaABAg.9vCr66z-AoY9vCrzrGGKYS,S1bcy4h1mS8,UCH33DvrkJJleGDYrDOUsK3A,2023-09-28T15:10:09Z,UgzpiCmE9xFhwKeCoQl4AaABAg,중립
콘서트 티켓 8분 만에 전석 매진시킨다는 버추얼 아이돌 근황 / 스브스뉴스,스브스뉴스 SUBUSUNEWS,대댓글,@강우석-v5z,아 녹화영상을 트는거군요,0,2023-09-28T15:17:56Z,0,UgzpiCmE9xFhwKeCoQl4AaABAg.9vCr66z-AoY9vCsss_XLDM,S1bcy4h1mS8,UCa8-R3F9SwUUVWBJbUsAHrw,2023-09-28T15:17:56Z,UgzpiCmE9xFhwKeCoQl4AaABAg,중립
콘서트 티켓 8분 만에 전석 매진시킨다는 버추얼 아이돌 근황 / 스브스뉴스,스브스뉴스 SUBUSUNEWS,대댓글,@blues_hole,현재 한국은 녹화수준. 일본은 실시간으로 한다고 함.,0,2023-09-28T15:22:39Z,0,UgzpiCmE9xFhwKeCoQl4AaABAg.9vCr66z-AoY9vCtQTdFGri,S1bcy4h1mS8,UCJT3JCSZwNbogz72jscN3iQ,2023-09-28T15:22:39Z,UgzpiCmE9xFhwKeCoQl4AaABAg,중립
콘서트 티켓 8분 만에 전석 매진시킨다는 버추얼 아이돌 근황 / 스브스뉴스,스브스뉴스 SUBUSUNEWS,대댓글,@flyingdog-11,@blues_hole아무래도 운영하는게 대기업이랑 거의 개인수준이니;;,0,2023-09-29T01:55:54Z,0,UgzpiCmE9xFhwKeCoQl4AaABAg.9vCr66z-AoY9vE0tRZfYcy,S1bcy4h1mS8,UCh7qWJLZg7vct8kDDTItJtg,2024-06-18T00:18:37Z,UgzpiCmE9xFhwKeCoQl4AaABAg,중립
콘서트 티켓 8분 만에 전석 매진시킨다는 버추얼 아이돌 근황 / 스브스뉴스,스브스뉴스 SUBUSUNEWS,최상위 댓글,@ChinaNo.195,솔짘히 AI캐 이세돌보다 AI를 이겨본 이세돌이 낫지 ㅋㅋㅋㅋ,5,2024-02-19T02:23:31Z,1,Ugza713grxIr46rE6Fp4AaABAg,S1bcy4h1mS8,UCoTtQTM6VvLg9gXWDD07fbg,2024-02-19T02:23:31Z,,중립
콘서트 티켓 8분 만에 전석 매진시킨다는 버추얼 아이돌 근황 / 스브스뉴스,스브스뉴스 SUBUSUNEWS,대댓글,@ChinaNo.195,@mano05x2 엄밀히 따지면 그게 맞긴 하죠.,0,2024-02-22T02:59:51Z,0,Ugza713grxIr46rE6Fp4AaABAg.A-zHiqmCnCQA064GbtPGD9,S1bcy4h1mS8,UCoTtQTM6VvLg9gXWDD07fbg,2024-06-18T02:53:23Z,Ugza713grxIr46rE6Fp4AaABAg,중립
콘서트 티켓 8분 만에 전석 매진시킨다는 버추얼 아이돌 근황 / 스브스뉴스,스브스뉴스 SUBUSUNEWS,최상위 댓글,@leeji1w,솔직히 버튜버는 일본에서 온거라 음지문화로 보인다고 생각함. 한국만의 버튜버 문화가 제대로 정착하면 좋을텐데. 한국 버튜버들 거의다 일본색 묻어있어서 거부감이 드는건 사실임. 그래도 요새는 일본색 전혀 안묻은 팀들도 나오더라.,1,2023-09-28T11:54:57Z,2,UgxbtnxmUGhULCM1Jip4AaABAg,S1bcy4h1mS8,UCPLRCyFs1oVvaOnG29OQGbQ,2023-09-28T11:54:57Z,,중립
콘서트 티켓 8분 만에 전석 매진시킨다는 버추얼 아이돌 근황 / 스브스뉴스,스브스뉴스 SUBUSUNEWS,대댓글,@flyingdog-11,이세돌이 대표적이죠,5,2023-09-28T13:03:15Z,0,UgxbtnxmUGhULCM1Jip4AaABAg.9vCWeFGo8Eh9vCdTV1EeVr,S1bcy4h1mS8,UCh7qWJLZg7vct8kDDTItJtg,2023-09-28T13:03:15Z,UgxbtnxmUGhULCM1Jip4AaABAg,중립
콘서트 티켓 8분 만에 전석 매진시킨다는 버추얼 아이돌 근황 / 스브스뉴스,스브스뉴스 SUBUSUNEWS,대댓글,@DdoANa,한국식 버튜버 그 자체가 이세돌임,0,2023-09-28T22:51:33Z,0,UgxbtnxmUGhULCM1Jip4AaABAg.9vCWeFGo8Eh9vDgnKJXTas,S1bcy4h1mS8,UCoU08JgEcKcCgq3MunaWuFQ,2023-09-28T22:51:33Z,UgxbtnxmUGhULCM1Jip4AaABAg,중립
콘서트 티켓 8분 만에 전석 매진시킨다는 버추얼 아이돌 근황 / 스브스뉴스,스브스뉴스 SUBUSUNEWS,최상위 댓글,@rarafell,2:00 전체적으로 따져봤을때는 아직 바둑기사 이세돌이 더 유명하지 않나??? 바둑기사라는 얘기가 나오는 게 그렇게 껄끄럽나??,7,2023-10-10T10:19:29Z,4,UgxEvE4Wis93eSSmPJV4AaABAg,S1bcy4h1mS8,UCjQA5BHdRiq6oyBHJEJjaSw,2023-10-10T10:19:29Z,,중립
콘서트 티켓 8분 만에 전석 매진시킨다는 버추얼 아이돌 근황 / 스브스뉴스,스브스뉴스 SUBUSUNEWS,대댓글,@박성진-u9s,바둑기사가 백배 천배 만배는 더 유명하쥬 ㅋㅋ,4,2023-10-11T12:48:11Z,0,UgxEvE4Wis93eSSmPJV4AaABAg.9vgFGTTcsp-9vj54QTmeBU,S1bcy4h1mS8,UCWXMtyMAnbbmUfTFkZSTA4A,2023-10-11T12:48:11Z,UgxEvE4Wis93eSSmPJV4AaABAg,중립
콘서트 티켓 8분 만에 전석 매진시킨다는 버추얼 아이돌 근황 / 스브스뉴스,스브스뉴스 SUBUSUNEWS,대댓글,@Leenuuuu,저게 어딜 봐서 껄끄러워 하는 거지 ㅋㅋ,8,2023-10-11T17:16:01Z,0,UgxEvE4Wis93eSSmPJV4AaABAg.9vgFGTTcsp-9vjZj4BW87o,S1bcy4h1mS8,UCxGN7Je_vln1NVC71P0_qbA,2023-10-11T17:16:01Z,UgxEvE4Wis93eSSmPJV4AaABAg,중립
콘서트 티켓 8분 만에 전석 매진시킨다는 버추얼 아이돌 근황 / 스브스뉴스,스브스뉴스 SUBUSUNEWS,대댓글,@user-e5m6f,일개 공중파 진출 따위가 전세계 상대로 역사 쓴 바둑기사 이세돌이랑 어케 비빔 ㅋㅋ 그거 자체가 존나 무례 아니냐 그냥,0,2023-11-10T03:15:23Z,0,UgxEvE4Wis93eSSmPJV4AaABAg.9vgFGTTcsp-9wvJNMoyjmG,S1bcy4h1mS8,UCRWoA1bRoO5b9HW_qmr_bwA,2023-11-10T03:15:23Z,UgxEvE4Wis93eSSmPJV4AaABAg,중립
콘서트 티켓 8분 만에 전석 매진시킨다는 버추얼 아이돌 근황 / 스브스뉴스,스브스뉴스 SUBUSUNEWS,대댓글,@겜하는냥2,"그 인터넷에 이세돌 검색해보고
댓글 써라 이세계아이돌이 더 상단이야",0,2023-11-30T10:28:50Z,0,UgxEvE4Wis93eSSmPJV4AaABAg.9vgFGTTcsp-9xj_sYTau1a,S1bcy4h1mS8,UClwJkJrAimUrfl17daahAUA,2023-11-30T10:28:50Z,UgxEvE4Wis93eSSmPJV4AaABAg,중립
콘서트 티켓 8분 만에 전석 매진시킨다는 버추얼 아이돌 근황 / 스브스뉴스,스브스뉴스 SUBUSUNEWS,최상위 댓글,@nameless4530,랄로의 그녀,0,2023-09-29T04:30:38Z,0,UgwXW1EhZRqxpL_7Cq94AaABAg,S1bcy4h1mS8,UC8NZr_PSSDwytESlBYfkf_w,2023-09-29T04:30:38Z,,중립
콘서트 티켓 8분 만에 전석 매진시킨다는 버추얼 아이돌 근황 / 스브스뉴스,스브스뉴스 SUBUSUNEWS,최상위 댓글,@비굴노놉,이쯤이면 공중파 예능이나 음악프로에 섭외 해야 하지 않을까나?...,0,2023-10-01T14:27:36Z,1,Ugy5tVsdYm7p12zcfnh4AaABAg,S1bcy4h1mS8,UCMo1WhhvGs-NO-VTCpDR6Pw,2023-10-01T14:27:36Z,,중립
콘서트 티켓 8분 만에 전석 매진시킨다는 버추얼 아이돌 근황 / 스브스뉴스,스브스뉴스 SUBUSUNEWS,대댓글,@F-u6g,섭외한다고 그냥 몸만 가면 되는게 아니라 또 모캡 입고 영상 만들고 복잡해져서 왁굳형이 안한다고 했음,5,2023-10-01T16:02:17Z,0,Ugy5tVsdYm7p12zcfnh4AaABAg.9vKWVvL-dEN9vKgLPvI4Du,S1bcy4h1mS8,UCD3QpnVGNcUwkdrGZq-ZrYg,2023-10-01T16:02:17Z,Ugy5tVsdYm7p12zcfnh4AaABAg,중립
콘서트 티켓 8분 만에 전석 매진시킨다는 버추얼 아이돌 근황 / 스브스뉴스,스브스뉴스 SUBUSUNEWS,최상위 댓글,@응애_523,세상이 말세긴 한듯 ㄹㅇ,17,2023-10-04T07:54:57Z,10,Ugzck0Bj6bTD_mZrsF54AaABAg,S1bcy4h1mS8,UCEUbmTJ_IHfbR5ScLgU2QpA,2023-10-04T07:54:57Z,,중립
콘서트 티켓 8분 만에 전석 매진시킨다는 버추얼 아이돌 근황 / 스브스뉴스,스브스뉴스 SUBUSUNEWS,대댓글,@xesmeteor,말세긴 하지 세상이 절정에 최고조로 달리는 중 ㅋㅋㅋㅋㅋㅋ,1,2023-10-04T08:41:56Z,0,Ugzck0Bj6bTD_mZrsF54AaABAg.9vRXxc7Llmb9vRcKk35uaV,S1bcy4h1mS8,UCp2IG8yflZeySOiCixZUS7g,2023-10-04T08:41:56Z,Ugzck0Bj6bTD_mZrsF54AaABAg,긍정
콘서트 티켓 8분 만에 전석 매진시킨다는 버추얼 아이돌 근황 / 스브스뉴스,스브스뉴스 SUBUSUNEWS,대댓글,@응애_523,@성이름-i9k5n ㅋㅋㅋ 패드립 바로 박는 게 얘는 진짜네 쏘큣,1,2023-10-04T14:02:36Z,0,Ugzck0Bj6bTD_mZrsF54AaABAg.9vRXxc7Llmb9vSC1Lfhy2s,S1bcy4h1mS8,UCEUbmTJ_IHfbR5ScLgU2QpA,2024-06-18T00:04:04Z,Ugzck0Bj6bTD_mZrsF54AaABAg,중립
콘서트 티켓 8분 만에 전석 매진시킨다는 버추얼 아이돌 근황 / 스브스뉴스,스브스뉴스 SUBUSUNEWS,대댓글,@benben33331,바뀌는 세상에 꼰대는  비난을 하고 현명한 사람은 적응하며 변화하는거임,0,2023-10-04T14:49:31Z,0,Ugzck0Bj6bTD_mZrsF54AaABAg.9vRXxc7Llmb9vSHP04Y8__,S1bcy4h1mS8,UCAbLq3JRqEfb9BcKgE7Tcvw,2023-10-04T14:49:31Z,Ugzck0Bj6bTD_mZrsF54AaABAg,중립
콘서트 티켓 8분 만에 전석 매진시킨다는 버추얼 아이돌 근황 / 스브스뉴스,스브스뉴스 SUBUSUNEWS,대댓글,@subscribefordemocracyinchina,@xesmeteor 브루노마스 넘었냐,0,2023-10-04T15:57:08Z,0,Ugzck0Bj6bTD_mZrsF54AaABAg.9vRXxc7Llmb9vSP8FdQ9Tw,S1bcy4h1mS8,UCv4M890blcBG0yHh1hxkq9Q,2024-06-18T00:04:04Z,Ugzck0Bj6bTD_mZrsF54AaABAg,중립
콘서트 티켓 8분 만에 전석 매진시킨다는 버추얼 아이돌 근황 / 스브스뉴스,스브스뉴스 SUBUSUNEWS,대댓글,@푸바오도축업자,@두돡굳 니덕에 ㅋㅋㅋㅋㅋㅋㅋㅋ,0,2023-10-05T10:11:05Z,0,Ugzck0Bj6bTD_mZrsF54AaABAg.9vRXxc7Llmb9vUMKcW8G4-,S1bcy4h1mS8,UC4f8XCWOPzVR4wYJKsiIIuw,2024-06-18T00:04:04Z,Ugzck0Bj6bTD_mZrsF54AaABAg,중립
콘서트 티켓 8분 만에 전석 매진시킨다는 버추얼 아이돌 근황 / 스브스뉴스,스브스뉴스 SUBUSUNEWS,최상위 댓글,@정윤호-m8e,와 근데 드론으로 저면 입덕을 안할수가없네,0,2023-09-28T14:13:20Z,0,UgzftZVl3AUMXCJjVc14AaABAg,S1bcy4h1mS8,UCcqEm9r0mLepvF0Xop3hX-g,2023-09-28T14:13:20Z,,중립
콘서트 티켓 8분 만에 전석 매진시킨다는 버추얼 아이돌 근황 / 스브스뉴스,스브스뉴스 SUBUSUNEWS,최상위 댓글,@나가이-l9d,"다양한 문화의 존중,관심과 배려가 필요한 세상이라고 생각합니다.
메타버스, 버츄얼 문화의 최전선에 있는 이세계아이돌과 왁타버스의 모든분들이 때론 비난받고 멸시받을수 있지만, 만약 2세대,3세대 메타버스가 생긴다면 그건 모두 이세돌과 왁타버스 덕분일겁니다.
언제나 좋은 문화를 만들어갈수 있도록 화이팅입니다!!",2,2023-09-28T10:26:13Z,0,UgwTYCyqBEBw3xEkYsZ4AaABAg,S1bcy4h1mS8,UCup4ickK7k_8VguzAIJ5KBw,2023-09-28T10:26:13Z,,중립
콘서트 티켓 8분 만에 전석 매진시킨다는 버추얼 아이돌 근황 / 스브스뉴스,스브스뉴스 SUBUSUNEWS,최상위 댓글,@Hoeng_Hoeng,"킹아 라는말은 삼가하시는게 좋아보여요.
너무너무 내수라서..",0,2023-09-29T05:41:27Z,1,UgzJF9GjFyhpKtEAAWB4AaABAg,S1bcy4h1mS8,UCDBp0PmlR4r4a9SXbDfwdTw,2023-09-29T05:41:27Z,,긍정
콘서트 티켓 8분 만에 전석 매진시킨다는 버추얼 아이돌 근황 / 스브스뉴스,스브스뉴스 SUBUSUNEWS,대댓글,@juwngdokja,키이이잉아ㅏ아아아,0,2023-09-30T02:46:37Z,0,UgzJF9GjFyhpKtEAAWB4AaABAg.9vEQhXSqT1r9vGgUo8QFUS,S1bcy4h1mS8,UCOj7qp_iJLd2A904yuxBvJg,2023-09-30T02:46:37Z,UgzJF9GjFyhpKtEAAWB4AaABAg,중립
콘서트 티켓 8분 만에 전석 매진시킨다는 버추얼 아이돌 근황 / 스브스뉴스,스브스뉴스 SUBUSUNEWS,최상위 댓글,@lastppta1934,"이런게 메타버스임. 지금은 저게 뭔가 싶을텐데 저 그래픽이 현실적이 되어서 도저히 사람하고 구별할 수 없는 수준으로 발전한 다음, 저 캐릭터가 하는 말, 행동, 컨텐츠가 모두 인공지능 AI 로 스스로 생성해 내고 만들어내져서 사람보다 훨씬 더 사람답고 더 뛰어나고 더 똑똑하고, 어떤 언어든 사용가능하고, 어떤 요청도 허용되고 어떤 실수도 없이 완벽한 모습을 보여줄 수가 있게 되는 거임. 당연히 연예인 보다도 더 예쁘고. 지금은 AI 가 많은 실수를 하지만 그 실수는 AI 가 발전할수록 매우 줄어 들어서 사람보다 훨씬 훨씬 실수가 줄어들게 됨. 물론 이 시점이 오게 될 쯤엔 AI 가 만들 사회 변화가 이런것과는 비교도 안되게 엄청나겠지만",5,2024-01-01T17:04:00Z,0,Ugz7q4p_Ge7JFz3BXM94AaABAg,S1bcy4h1mS8,UCuto0I6paZPFg48em1Ccgbg,2024-01-01T17:04:11Z,,긍정
콘서트 티켓 8분 만에 전석 매진시킨다는 버추얼 아이돌 근황 / 스브스뉴스,스브스뉴스 SUBUSUNEWS,최상위 댓글,@Ленин-ВЛ,"이세돌 뭐 아이돌 같은 성향으로 밀고 가는
우왁굳의 주력이라고 볼 수 있는데...
우왁굳 많은 팬층을 보유하고 있지만
정상적인 유저보다 못난 유저가 더 많아서... 으...",2,2024-03-08T11:22:45Z,0,Ugz_XzN-UfopJYwiH0V4AaABAg,S1bcy4h1mS8,UCvUh6ZOATibN-WdJSeImwfQ,2024-03-08T11:22:45Z,,중립
콘서트 티켓 8분 만에 전석 매진시킨다는 버추얼 아이돌 근황 / 스브스뉴스,스브스뉴스 SUBUSUNEWS,최상위 댓글,@oneGoood,20덕...,1,2023-10-07T01:05:29Z,0,UgxcmFyYFnUrUo-Roe54AaABAg,S1bcy4h1mS8,UC9U2WOKWeShTeLM5BnhSuzA,2023-10-07T01:05:29Z,,중립
콘서트 티켓 8분 만에 전석 매진시킨다는 버추얼 아이돌 근황 / 스브스뉴스,스브스뉴스 SUBUSUNEWS,최상위 댓글,@제리뽀-n9c,....이상해 ㅜ,6,2023-09-28T12:18:27Z,0,UgwhVTFv0oXADJNyjTZ4AaABAg,S1bcy4h1mS8,UC2Xm3ZL98cYVM7YAb60WC5w,2023-09-28T12:18:27Z,,중립
콘서트 티켓 8분 만에 전석 매진시킨다는 버추얼 아이돌 근황 / 스브스뉴스,스브스뉴스 SUBUSUNEWS,최상위 댓글,@알씨390,"몇 년 전에 하츠네미쿠 일본 공연하는거 보고 충격이였는데
한국에서 이런 공연을 하니까 지금은 무덤덤하네",0,2023-09-28T12:18:29Z,1,Ugz52Z_BMeJsClEGD114AaABAg,S1bcy4h1mS8,UC-JAGKSVZPGyvigqV8Otc_A,2023-09-28T12:18:29Z,,중립
콘서트 티켓 8분 만에 전석 매진시킨다는 버추얼 아이돌 근황 / 스브스뉴스,스브스뉴스 SUBUSUNEWS,대댓글,@대파-헬조선리전폼,하츠네 미쿠랑 다른 사람이에요 하쿠08이라고 이세돌이랑 같은 유튜버의 고정맴버로 달라요,0,2023-09-29T01:43:57Z,0,Ugz52Z_BMeJsClEGD114AaABAg.9vCZLYWOBzb9vE-WvaycLC,S1bcy4h1mS8,UCtKuVM4d-ZW5aLIesqHL0zg,2023-09-29T01:43:57Z,Ugz52Z_BMeJsClEGD114AaABAg,중립
콘서트 티켓 8분 만에 전석 매진시킨다는 버추얼 아이돌 근황 / 스브스뉴스,스브스뉴스 SUBUSUNEWS,최상위 댓글,@花樣年華GO,ㅋㅋㅋㅋㅋai들이 부끄부끄하니까 객귀엽노.. 나 이런취향인가?,0,2023-09-29T14:36:06Z,1,UgyLDQSTBGn7lTf9A7B4AaABAg,S1bcy4h1mS8,UC0mtViw5BPFF-7HkDjki3Yg,2023-09-29T14:36:06Z,,중립
콘서트 티켓 8분 만에 전석 매진시킨다는 버추얼 아이돌 근황 / 스브스뉴스,스브스뉴스 SUBUSUNEWS,대댓글,@안해용-c4f,다 실제 사람입니다,2,2023-09-29T16:33:21Z,0,UgyLDQSTBGn7lTf9A7B4AaABAg.9vFNtO8rgAU9vFaJ5Mj0sf,S1bcy4h1mS8,UCww7xxu5TwQhrkYYKbmnoZQ,2023-09-29T16:33:21Z,UgyLDQSTBGn7lTf9A7B4AaABAg,중립
콘서트 티켓 8분 만에 전석 매진시킨다는 버추얼 아이돌 근황 / 스브스뉴스,스브스뉴스 SUBUSUNEWS,최상위 댓글,@Hapen_8,어떻게 초대가수가 단독 굿즈랑 드론쇼 ㅋㅋㅋㅋㅋㅋ,0,2023-09-28T11:28:24Z,0,UgxRiWNdWjQNbShzmQV4AaABAg,S1bcy4h1mS8,UChFwhZj0lBZRNBxspm7R_GQ,2023-09-28T11:28:24Z,,긍정
콘서트 티켓 8분 만에 전석 매진시킨다는 버추얼 아이돌 근황 / 스브스뉴스,스브스뉴스 SUBUSUNEWS,최상위 댓글,@일리-g8w,이세계아이돌 이거 카카오에서 투표한 그거임?,0,2023-09-30T00:42:53Z,1,Ugyx9Gh-Z-pyYtrdYut4AaABAg,S1bcy4h1mS8,UCkJ9IEnUi_3rsC-OJ3SuaHw,2023-09-30T00:42:53Z,,중립
콘서트 티켓 8분 만에 전석 매진시킨다는 버추얼 아이돌 근황 / 스브스뉴스,스브스뉴스 SUBUSUNEWS,대댓글,@isegye4ever,"그거는 작년인가 올해 카카오에서 만든 소녀리버스(지금 그룹명은 피버스), 이세계아이돌은 스트리머 우왁굳이 2021년에 사이버아이돌 프로젝트라는 스트리머 육성 오디션으로 뽑아 만든 버추얼 걸그룹",1,2023-09-30T03:30:43Z,0,Ugyx9Gh-Z-pyYtrdYut4AaABAg.9vGTKaoKINe9vGlXqtNQfQ,S1bcy4h1mS8,UCvVm5-UYNSVMhyUwo3mk4kQ,2023-09-30T03:31:44Z,Ugyx9Gh-Z-pyYtrdYut4AaABAg,중립
콘서트 티켓 8분 만에 전석 매진시킨다는 버추얼 아이돌 근황 / 스브스뉴스,스브스뉴스 SUBUSUNEWS,최상위 댓글,@xkzdf-i5m1b,이건 쫌........,8,2023-09-28T11:20:04Z,0,UgwWLRgwvdmZHjmu71t4AaABAg,S1bcy4h1mS8,UCj3sumvmYVvEolo4SwyEXIA,2023-09-28T11:20:04Z,,중립
콘서트 티켓 8분 만에 전석 매진시킨다는 버추얼 아이돌 근황 / 스브스뉴스,스브스뉴스 SUBUSUNEWS,최상위 댓글,@user-sz7tn9xf9z,"그럼 저 사람들 실제 나이,얼굴도 모른채로 좋아하고 빨아주는거임?",7,2023-09-30T08:09:20Z,7,Ugz6_ztN7Veo8QNtq6Z4AaABAg,S1bcy4h1mS8,UCA3z3VhbXF-UTyxOK6FphpQ,2023-09-30T08:09:20Z,,긍정
콘서트 티켓 8분 만에 전석 매진시킨다는 버추얼 아이돌 근황 / 스브스뉴스,스브스뉴스 SUBUSUNEWS,대댓글,@땃쥐,아마 그렇지 않을까? 버츄얼방에 옛날에 궁금해서 들어갔다가 빨간약 질문하니까 시청자들한테 욕먹고 강퇴당했는데 그냥 순수하게 저 가상의 캐릭터가 좋아서 좋아하는게 아닐까 오타쿠들이 애니캐릭터 좋아하듯이,0,2023-09-30T08:26:29Z,0,Ugz6_ztN7Veo8QNtq6Z4AaABAg.9vHGQQ_yTnq9vHIO73zRTa,S1bcy4h1mS8,UCbAGD36WMA9APTkpV4JKYVw,2023-09-30T08:26:29Z,Ugz6_ztN7Veo8QNtq6Z4AaABAg,긍정
콘서트 티켓 8분 만에 전석 매진시킨다는 버추얼 아이돌 근황 / 스브스뉴스,스브스뉴스 SUBUSUNEWS,대댓글,@flyingdog-11,"다른 버튜버들과는 달리 이분들은 실제나이,생일 공개함
얼굴만 모를뿐이지 노캠방송이랑 비슷",16,2023-09-30T08:45:11Z,0,Ugz6_ztN7Veo8QNtq6Z4AaABAg.9vHGQQ_yTnq9vHKX-Zm9gb,S1bcy4h1mS8,UCh7qWJLZg7vct8kDDTItJtg,2023-09-30T08:45:11Z,Ugz6_ztN7Veo8QNtq6Z4AaABAg,중립
콘서트 티켓 8분 만에 전석 매진시킨다는 버추얼 아이돌 근황 / 스브스뉴스,스브스뉴스 SUBUSUNEWS,대댓글,@unhasu,@땃쥐 그런곳은 약간 일본풍에 가까워요 그 뭐냐 막 지옥에서 온 악마 이런거 있잖아요 이세돌은 그런거와는 많이 다릅니다 이세돌은 컨샙하나 없이 자신들의 본 모습을 시청자들에게 보여주며 소통하죠 그게 이세돌의 장점이라고도 할수 있습니다 그레서 저희들은 일반 버츄얼과 다르게 안에 있는 사람에게 매력을 가지고 좋아하는겁니다.  얼굴에 예쁘든 안이쁘든 뭐가 중요합니까? 이미 우리들은 얼굴 없이도 그사람들 덕분에 많이 행복했는데요,9,2023-09-30T09:12:43Z,0,Ugz6_ztN7Veo8QNtq6Z4AaABAg.9vHGQQ_yTnq9vHNffzalBb,S1bcy4h1mS8,UCxxEk6UiLHMctycWX4ZqTwA,2024-06-17T23:05:30Z,Ugz6_ztN7Veo8QNtq6Z4AaABAg,긍정
콘서트 티켓 8분 만에 전석 매진시킨다는 버추얼 아이돌 근황 / 스브스뉴스,스브스뉴스 SUBUSUNEWS,대댓글,@utreeu,"그럼 걸그룹 성격도 모르는데 왜 빨아줌?
얼빠임?",10,2023-09-30T23:36:01Z,0,Ugz6_ztN7Veo8QNtq6Z4AaABAg.9vHGQQ_yTnq9vIvTe-xHQ3,S1bcy4h1mS8,UCZgiq3tVztqCRA7JnYYwwSg,2023-09-30T23:36:01Z,Ugz6_ztN7Veo8QNtq6Z4AaABAg,중립
콘서트 티켓 8분 만에 전석 매진시킨다는 버추얼 아이돌 근황 / 스브스뉴스,스브스뉴스 SUBUSUNEWS,대댓글,@Kindactor,그것도 그렇고 케릭터 하나에 다수가 있을거같음,0,2023-09-30T23:52:24Z,0,Ugz6_ztN7Veo8QNtq6Z4AaABAg.9vHGQQ_yTnq9vIxLdYDtGN,S1bcy4h1mS8,UCZhFnDtkiUdb_8CYn0M3JTg,2023-09-30T23:52:24Z,Ugz6_ztN7Veo8QNtq6Z4AaABAg,중립
콘서트 티켓 8분 만에 전석 매진시킨다는 버추얼 아이돌 근황 / 스브스뉴스,스브스뉴스 SUBUSUNEWS,최상위 댓글,@HaHa-ng4vk,내 취향은 아니다 씹덕인데 버추얼은 오히려 반감이 들더라 마치 일본 아이돌 보는느낌 억지로 한손으로 볼 찌르며 카와이? 하는 느낌 걍 오글거리고 그런건 애니속에만 존재했으면 좋겠다는 취향,7,2023-12-14T18:05:28Z,0,UgwVjDWlJ8qS4UiLYxl4AaABAg,S1bcy4h1mS8,UCdsLLmNw8mlnWwJ2OEE_zRA,2023-12-14T18:06:27Z,,중립
콘서트 티켓 8분 만에 전석 매진시킨다는 버추얼 아이돌 근황 / 스브스뉴스,스브스뉴스 SUBUSUNEWS,최상위 댓글,@영규네,Braking news. Braking news.,1,2024-11-29T08:32:32Z,3,UgysW6vSuvr-GiA-XwR4AaABAg,S1bcy4h1mS8,UCk0gMdoDuuh5rzcurc0Fwsg,2024-11-29T08:32:32Z,,중립
콘서트 티켓 8분 만에 전석 매진시킨다는 버추얼 아이돌 근황 / 스브스뉴스,스브스뉴스 SUBUSUNEWS,대댓글,@영규네,"유튜브 새로고침 하다가 버튜버 나옴 : 무시하고 넘김
길가다 버튜버 콜라보 소식 마주함 : 뇌정지 옴
현실 페스티벌에서 버튜버 팀 나옴 : ㅈ망 tlqkf
어딜가도 버튜버 굿즈에 버튜버 페스티벌 소식 왕창 나옴 : 세계 종말이 찾아온거나 다름 없음",1,2024-11-29T08:45:17Z,0,UgysW6vSuvr-GiA-XwR4AaABAg.ABQDi5hMg-tABQFAWeM9Om,S1bcy4h1mS8,UCk0gMdoDuuh5rzcurc0Fwsg,2024-11-29T08:45:17Z,UgysW6vSuvr-GiA-XwR4AaABAg,긍정
콘서트 티켓 8분 만에 전석 매진시킨다는 버추얼 아이돌 근황 / 스브스뉴스,스브스뉴스 SUBUSUNEWS,대댓글,@김민혁-x1e,@영규네 ㅋㅋㅋㅋㅋ 하지만 안 망했죠?,3,2024-11-30T18:04:22Z,0,UgysW6vSuvr-GiA-XwR4AaABAg.ABQDi5hMg-tABToxJMqGhs,S1bcy4h1mS8,UCuEZCNHzClX-Zgf6dGUH-JQ,2024-11-30T18:04:22Z,UgysW6vSuvr-GiA-XwR4AaABAg,중립
콘서트 티켓 8분 만에 전석 매진시킨다는 버추얼 아이돌 근황 / 스브스뉴스,스브스뉴스 SUBUSUNEWS,대댓글,@앤드류-2class_agent,​@영규네 고척돔까지 돌파 : 님 세계만 무너졌지 우리 세계는 승승장구,0,2025-06-05T12:23:09Z,0,UgysW6vSuvr-GiA-XwR4AaABAg.ABQDi5hMg-tAIziYox5Jcs,S1bcy4h1mS8,UC20lZ2fjx68Edt6YvxHmY1g,2025-06-05T12:23:09Z,UgysW6vSuvr-GiA-XwR4AaABAg,중립
콘서트 티켓 8분 만에 전석 매진시킨다는 버추얼 아이돌 근황 / 스브스뉴스,스브스뉴스 SUBUSUNEWS,최상위 댓글,@남생이-m2y,김장훈형 예전 아듀콘서트 같은거 하던 월클이 어쩌다...,0,2023-09-29T18:39:29Z,0,UgzReY0628-LxNE5WbB4AaABAg,S1bcy4h1mS8,UCzBf95HMEFSf7KFZKPF6NIw,2023-09-29T18:39:29Z,,중립
콘서트 티켓 8분 만에 전석 매진시킨다는 버추얼 아이돌 근황 / 스브스뉴스,스브스뉴스 SUBUSUNEWS,최상위 댓글,@오리맨-w2b,나라 망했노...,13,2023-09-28T10:35:18Z,0,UgxY5lbRcKrHHaIVSi14AaABAg,S1bcy4h1mS8,UCmbczsbRgoDW9NNZ-Qz93eg,2023-09-28T10:35:18Z,,중립
콘서트 티켓 8분 만에 전석 매진시킨다는 버추얼 아이돌 근황 / 스브스뉴스,스브스뉴스 SUBUSUNEWS,최상위 댓글,@mey3336,콘서트 아니고 페스티벌인데 왜 콘서트인척 하는거임? 페스티벌 출연한 가수들 무시 비하 하는거임?,1,2023-09-29T20:59:08Z,5,UgwSg6sDWu5S2vMsfQR4AaABAg,S1bcy4h1mS8,UCB5zFHislZXclRtIG9TaRgQ,2023-09-29T20:59:08Z,,중립
콘서트 티켓 8분 만에 전석 매진시킨다는 버추얼 아이돌 근황 / 스브스뉴스,스브스뉴스 SUBUSUNEWS,대댓글,@INCHEONBUS-NO.1,뭐라하는 아니 영어 못하나,5,2023-09-30T00:50:12Z,0,UgwSg6sDWu5S2vMsfQR4AaABAg.9vG3iom1mPR9vGUA9oWotJ,S1bcy4h1mS8,UCOG8uHQ_f-KbM5qat7dQMrg,2023-09-30T00:50:12Z,UgwSg6sDWu5S2vMsfQR4AaABAg,중립
콘서트 티켓 8분 만에 전석 매진시킨다는 버추얼 아이돌 근황 / 스브스뉴스,스브스뉴스 SUBUSUNEWS,대댓글,@1o-2o-3o,이건뭐지?,1,2023-09-30T05:51:41Z,0,UgwSg6sDWu5S2vMsfQR4AaABAg.9vG3iom1mPR9vH0fMcJBdu,S1bcy4h1mS8,UC7Ki8OKdhOXDAd1V50rgPcw,2023-09-30T05:51:41Z,UgwSg6sDWu5S2vMsfQR4AaABAg,중립
콘서트 티켓 8분 만에 전석 매진시킨다는 버추얼 아이돌 근황 / 스브스뉴스,스브스뉴스 SUBUSUNEWS,대댓글,@얘들아던져,ㅋㅋ,0,2023-09-30T06:34:21Z,0,UgwSg6sDWu5S2vMsfQR4AaABAg.9vG3iom1mPR9vH5YozXQV6,S1bcy4h1mS8,UCTa4ZL6o4qyFmrsSgzYmAow,2023-09-30T06:34:21Z,UgwSg6sDWu5S2vMsfQR4AaABAg,중립
콘서트 티켓 8분 만에 전석 매진시킨다는 버추얼 아이돌 근황 / 스브스뉴스,스브스뉴스 SUBUSUNEWS,대댓글,@utreeu,무지능적 안티인가,0,2023-09-30T23:45:59Z,0,UgwSg6sDWu5S2vMsfQR4AaABAg.9vG3iom1mPR9vIwbisQ_eI,S1bcy4h1mS8,UCZgiq3tVztqCRA7JnYYwwSg,2023-09-30T23:45:59Z,UgwSg6sDWu5S2vMsfQR4AaABAg,중립
콘서트 티켓 8분 만에 전석 매진시킨다는 버추얼 아이돌 근황 / 스브스뉴스,스브스뉴스 SUBUSUNEWS,대댓글,@Image_ideal,ㅋㅋㅋㅋ,0,2023-10-04T08:24:45Z,0,UgwSg6sDWu5S2vMsfQR4AaABAg.9vG3iom1mPR9vRaMvABYMr,S1bcy4h1mS8,UCdmu7qRAFrgZ_llIu7ZLVpw,2023-10-04T08:24:45Z,UgwSg6sDWu5S2vMsfQR4AaABAg,중립
콘서트 티켓 8분 만에 전석 매진시킨다는 버추얼 아이돌 근황 / 스브스뉴스,스브스뉴스 SUBUSUNEWS,최상위 댓글,@samyjung232,돈받고 영상올리는애들은 무식하게 웃김 2만석이 매진이면 한국탑이네 내년이면 잠실주경기장채우겠다 인터뷰하는 애들 멘트가 웃김 교육받았냐 저나이처먹고 바로바로 이러고 앉아있네  2만석이라는데 굿즈는 안파나보네,1,2023-09-28T10:39:58Z,4,UgwOAkaEnbKfPRucqBl4AaABAg,S1bcy4h1mS8,UCjud8fDngqC7AWi91hDozeQ,2023-09-28T10:39:58Z,,긍정
콘서트 티켓 8분 만에 전석 매진시킨다는 버추얼 아이돌 근황 / 스브스뉴스,스브스뉴스 SUBUSUNEWS,대댓글,@머스타드-s4z,굿즈 팔앗는데용,10,2023-09-28T12:06:42Z,0,UgwOAkaEnbKfPRucqBl4AaABAg.9vCO402PDbN9vCY-EY5WVj,S1bcy4h1mS8,UC4CQKI_OLklawnEXxKh0J9A,2023-09-28T12:06:42Z,UgwOAkaEnbKfPRucqBl4AaABAg,긍정
콘서트 티켓 8분 만에 전석 매진시킨다는 버추얼 아이돌 근황 / 스브스뉴스,스브스뉴스 SUBUSUNEWS,대댓글,@Sodam12,진짜 이해가 안 가서 그러는데 혹시 문장을 못 쓰는 병이 있으세요?,8,2023-09-28T12:17:48Z,0,UgwOAkaEnbKfPRucqBl4AaABAg.9vCO402PDbN9vCZGb5pKEu,S1bcy4h1mS8,UCnFnnPAt970aXDuJrRuP7Xg,2023-09-28T12:17:48Z,UgwOAkaEnbKfPRucqBl4AaABAg,중립
콘서트 티켓 8분 만에 전석 매진시킨다는 버추얼 아이돌 근황 / 스브스뉴스,스브스뉴스 SUBUSUNEWS,대댓글,@대파-헬조선리전폼,"여러분 초졸에게 너무 뭐라하지마세요 글 ㅈㄴ못써서 개븅신 같을 수 도 있죠 작성자님 지금이라도 열심히 공부하세요!






님 지능이면 바뀌는건 없겠지만...",1,2023-09-29T01:50:20Z,0,UgwOAkaEnbKfPRucqBl4AaABAg.9vCO402PDbN9vE0Fl5fVT1,S1bcy4h1mS8,UCtKuVM4d-ZW5aLIesqHL0zg,2023-09-29T01:50:39Z,UgwOAkaEnbKfPRucqBl4AaABAg,중립
콘서트 티켓 8분 만에 전석 매진시킨다는 버추얼 아이돌 근황 / 스브스뉴스,스브스뉴스 SUBUSUNEWS,대댓글,@wbhhsjwwjjwkwwk7271,굿즈 줄 너무 길어서 8시간 줄서고 못 산사람들도 많았음,1,2023-09-29T08:59:01Z,0,UgwOAkaEnbKfPRucqBl4AaABAg.9vCO402PDbN9vEmJVyaahD,S1bcy4h1mS8,UCHkDNnIv50zD6_Qs4MGIXYw,2023-09-29T08:59:01Z,UgwOAkaEnbKfPRucqBl4AaABAg,긍정
콘서트 티켓 8분 만에 전석 매진시킨다는 버추얼 아이돌 근황 / 스브스뉴스,스브스뉴스 SUBUSUNEWS,최상위 댓글,@g8rir,머라노..,6,2023-10-07T10:29:13Z,1,Ugz8DG2fgfnMm-Aks5t4AaABAg,S1bcy4h1mS8,UCzhnP7X_Dh69dyotzAPMJpA,2023-10-07T10:29:13Z,,중립
콘서트 티켓 8분 만에 전석 매진시킨다는 버추얼 아이돌 근황 / 스브스뉴스,스브스뉴스 SUBUSUNEWS,대댓글,@ding_ding_tang_tang_tang,일배?,0,2023-10-09T05:09:35Z,0,Ugz8DG2fgfnMm-Aks5t4AaABAg.9vZY-AdxAEm9vd7-qObAKv,S1bcy4h1mS8,UCYRnKQJ65kaIhPGlVncdJ_w,2023-10-09T05:09:35Z,Ugz8DG2fgfnMm-Aks5t4AaABAg,중립
콘서트 티켓 8분 만에 전석 매진시킨다는 버추얼 아이돌 근황 / 스브스뉴스,스브스뉴스 SUBUSUNEWS,최상위 댓글,@안개바람-t6v,"메이브, 피버스는 성장이 더디네",0,2023-09-28T17:38:19Z,1,Ugx1a4MVeitMa_IGivN4AaABAg,S1bcy4h1mS8,UCYin-Cbq1VjUp0pN5umxgGQ,2023-09-28T17:38:19Z,,중립
콘서트 티켓 8분 만에 전석 매진시킨다는 버추얼 아이돌 근황 / 스브스뉴스,스브스뉴스 SUBUSUNEWS,대댓글,@flyingdog-11,아무래도 여기가 팬심이 남다르고 기술력도 그 팬심아니면 몇억은 꺠지는 수준이라 이세돌 아니면 힘들죠,5,2023-09-29T01:52:55Z,0,Ugx1a4MVeitMa_IGivN4AaABAg.9vD7x5XuRrD9vE0Ygpd_ix,S1bcy4h1mS8,UCh7qWJLZg7vct8kDDTItJtg,2023-09-29T01:52:55Z,Ugx1a4MVeitMa_IGivN4AaABAg,중립
콘서트 티켓 8분 만에 전석 매진시킨다는 버추얼 아이돌 근황 / 스브스뉴스,스브스뉴스 SUBUSUNEWS,최상위 댓글,@구수-h2i,엄,2,2023-10-04T08:41:24Z,0,UgyEviUt_dTi1NDdloZ4AaABAg,S1bcy4h1mS8,UCfUox-3cPSU8kNk3vDn5UAg,2023-10-04T08:41:24Z,,중립
콘서트 티켓 8분 만에 전석 매진시킨다는 버추얼 아이돌 근황 / 스브스뉴스,스브스뉴스 SUBUSUNEWS,최상위 댓글,@오리맨-w2b,진짜 정신차려라..,16,2023-09-28T10:59:09Z,20,UgxF8bWIEWhFhGjmiLx4AaABAg,S1bcy4h1mS8,UCmbczsbRgoDW9NNZ-Qz93eg,2023-09-28T10:59:09Z,,중립
콘서트 티켓 8분 만에 전석 매진시킨다는 버추얼 아이돌 근황 / 스브스뉴스,스브스뉴스 SUBUSUNEWS,대댓글,@뮬뮬-s5p,너부터,7,2023-09-28T11:03:21Z,0,UgxF8bWIEWhFhGjmiLx4AaABAg.9vCQGWPO0W79vCQkGyO-7S,S1bcy4h1mS8,UC4PdUIHNedG1ValpNUICysw,2023-09-28T11:03:21Z,UgxF8bWIEWhFhGjmiLx4AaABAg,중립
콘서트 티켓 8분 만에 전석 매진시킨다는 버추얼 아이돌 근황 / 스브스뉴스,스브스뉴스 SUBUSUNEWS,대댓글,@오리맨-w2b,@뮬뮬-s5p 아니 솔직히 이게 정상이에요?,6,2023-09-28T11:12:07Z,0,UgxF8bWIEWhFhGjmiLx4AaABAg.9vCQGWPO0W79vCRkPad1y-,S1bcy4h1mS8,UCmbczsbRgoDW9NNZ-Qz93eg,2024-06-17T23:14:55Z,UgxF8bWIEWhFhGjmiLx4AaABAg,중립
콘서트 티켓 8분 만에 전석 매진시킨다는 버추얼 아이돌 근황 / 스브스뉴스,스브스뉴스 SUBUSUNEWS,대댓글,@nininimun11,가입일 오늘이네? 아오 스갤시치 ㅋㅋ 텔견도 한잔해~,2,2023-09-28T11:15:55Z,0,UgxF8bWIEWhFhGjmiLx4AaABAg.9vCQGWPO0W79vCSBIkeBEM,S1bcy4h1mS8,UCcPkbV6e8xZrxF1oDF8tp5A,2023-09-28T11:15:55Z,UgxF8bWIEWhFhGjmiLx4AaABAg,중립
콘서트 티켓 8분 만에 전석 매진시킨다는 버추얼 아이돌 근황 / 스브스뉴스,스브스뉴스 SUBUSUNEWS,대댓글,@changjosinchikorita,적어도 1년된 계정을 가져오던가 46분전 생성 ㅋㅋㅋ...적어도 어디가 본진인진알겠네요,0,2023-09-28T11:20:38Z,0,UgxF8bWIEWhFhGjmiLx4AaABAg.9vCQGWPO0W79vCSir4jGwI,S1bcy4h1mS8,UCvTH4bAocqs06twRYoEBX9Q,2023-09-28T11:20:38Z,UgxF8bWIEWhFhGjmiLx4AaABAg,중립
콘서트 티켓 8분 만에 전석 매진시킨다는 버추얼 아이돌 근황 / 스브스뉴스,스브스뉴스 SUBUSUNEWS,대댓글,@오리맨-w2b,@changjosinchikorita 평소에 댓글 안쓰고 보다가 이건 좀 심한거 같아서 채널 만들고 쓴거에요,0,2023-09-28T11:23:02Z,0,UgxF8bWIEWhFhGjmiLx4AaABAg.9vCQGWPO0W79vCT-R_Owfa,S1bcy4h1mS8,UCmbczsbRgoDW9NNZ-Qz93eg,2024-06-17T23:14:55Z,UgxF8bWIEWhFhGjmiLx4AaABAg,중립
콘서트 티켓 8분 만에 전석 매진시킨다는 버추얼 아이돌 근황 / 스브스뉴스,스브스뉴스 SUBUSUNEWS,최상위 댓글,@sovietplus7503,알겠는데 제발 니들끼리 저기 숨어서 놀아라 왜 거부감 느끼는 사람들 상대로 자꾸 보라고 들추면서 수면위로 올라오냐,30,2023-09-29T18:26:46Z,5,UgxfzfzDUQvwN1V9_bx4AaABAg,S1bcy4h1mS8,UCSX-hn_uxJ61PlmE6GNWNQA,2023-09-29T18:26:46Z,,중립
콘서트 티켓 8분 만에 전석 매진시킨다는 버추얼 아이돌 근황 / 스브스뉴스,스브스뉴스 SUBUSUNEWS,대댓글,@jwp-h6z7g,정부가 메타버스 메타버스 하면서 자꾸 양지로 끌어 올린다.... 우린 아래에 있고싶었어,14,2023-09-29T18:47:09Z,0,UgxfzfzDUQvwN1V9_bx4AaABAg.9vFnHpLhQ4h9vFpc8vmQ-1,S1bcy4h1mS8,UCcs8t4fsXC9urwQVpQmcZGA,2023-09-29T18:47:09Z,UgxfzfzDUQvwN1V9_bx4AaABAg,중립
콘서트 티켓 8분 만에 전석 매진시킨다는 버추얼 아이돌 근황 / 스브스뉴스,스브스뉴스 SUBUSUNEWS,대댓글,@집비둘기-s3q,정보 주최측이 페러블 엔터고 저쪽 팬들의 행사 맞다,0,2023-09-29T23:35:37Z,0,UgxfzfzDUQvwN1V9_bx4AaABAg.9vFnHpLhQ4h9vGLcrS4Ma3,S1bcy4h1mS8,UCA-SgSLvNfo5lneJ2eOuIWw,2023-09-29T23:35:37Z,UgxfzfzDUQvwN1V9_bx4AaABAg,중립
콘서트 티켓 8분 만에 전석 매진시킨다는 버추얼 아이돌 근황 / 스브스뉴스,스브스뉴스 SUBUSUNEWS,대댓글,@76p_minus,ㄹㅇㅋㅋ 사장왈 음지로 가야한다함,0,2023-09-30T01:38:27Z,0,UgxfzfzDUQvwN1V9_bx4AaABAg.9vFnHpLhQ4h9vGZgX76mu3,S1bcy4h1mS8,UCdnTYn11VH7UwE5qluSi29Q,2023-09-30T01:38:36Z,UgxfzfzDUQvwN1V9_bx4AaABAg,중립
콘서트 티켓 8분 만에 전석 매진시킨다는 버추얼 아이돌 근황 / 스브스뉴스,스브스뉴스 SUBUSUNEWS,대댓글,@트수핀구단,대중들이 계속 양지로 끌어들여놓고 욕하는데 어쩌라는 걸까...,19,2023-09-30T01:49:01Z,0,UgxfzfzDUQvwN1V9_bx4AaABAg.9vFnHpLhQ4h9vG_u1Fa1zp,S1bcy4h1mS8,UCFTS9KEiq-YOrqfHTLYa-Ng,2023-09-30T01:49:01Z,UgxfzfzDUQvwN1V9_bx4AaABAg,중립
콘서트 티켓 8분 만에 전석 매진시킨다는 버추얼 아이돌 근황 / 스브스뉴스,스브스뉴스 SUBUSUNEWS,대댓글,@1o-2o-3o,영상 클릭한건 님 아닌가?,0,2023-09-30T05:52:59Z,0,UgxfzfzDUQvwN1V9_bx4AaABAg.9vFnHpLhQ4h9vH0olvnlcR,S1bcy4h1mS8,UC7Ki8OKdhOXDAd1V50rgPcw,2023-09-30T05:52:59Z,UgxfzfzDUQvwN1V9_bx4AaABAg,중립
콘서트 티켓 8분 만에 전석 매진시킨다는 버추얼 아이돌 근황 / 스브스뉴스,스브스뉴스 SUBUSUNEWS,최상위 댓글,@nicknamekr,💜💛💙🩷🩵💚,1,2025-04-06T05:04:34Z,0,UgxJEAEnRCoBd523piN4AaABAg,S1bcy4h1mS8,UCYBNI9fOJz4cGArmdzWViaw,2025-04-06T05:04:34Z,,중립
콘서트 티켓 8분 만에 전석 매진시킨다는 버추얼 아이돌 근황 / 스브스뉴스,스브스뉴스 SUBUSUNEWS,최상위 댓글,@rlwoem5474,난 진짜 모르겠다 ㅋㅋ~,1,2023-10-04T20:06:17Z,0,UgzL-uPdKCPtKXIybLR4AaABAg,S1bcy4h1mS8,UCyW9zaM7iwdLpQWViezpskQ,2023-10-04T20:06:17Z,,중립
콘서트 티켓 8분 만에 전석 매진시킨다는 버추얼 아이돌 근황 / 스브스뉴스,스브스뉴스 SUBUSUNEWS,최상위 댓글,@청중관중,인터뷰때 대답하는 건 진짜 사람이하나요?,3,2024-02-12T20:39:41Z,1,UgxUPGfGLy966x_5A614AaABAg,S1bcy4h1mS8,UCDQf6O-dZEAX3Vp4eLiKDaQ,2024-02-12T20:39:41Z,,중립
콘서트 티켓 8분 만에 전석 매진시킨다는 버추얼 아이돌 근황 / 스브스뉴스,스브스뉴스 SUBUSUNEWS,대댓글,@쓰껄할래-c5g,네,1,2024-02-14T09:45:58Z,0,UgxUPGfGLy966x_5A614AaABAg.A-jDbMJ64TmA-nCO8Rf0M0,S1bcy4h1mS8,UC1TOE3X7UW9vnusAwW2GYMA,2024-02-14T09:45:58Z,UgxUPGfGLy966x_5A614AaABAg,중립
콘서트 티켓 8분 만에 전석 매진시킨다는 버추얼 아이돌 근황 / 스브스뉴스,스브스뉴스 SUBUSUNEWS,최상위 댓글,@나라망함-t5d,평균나이 30대 아닌가 ㅋㅋ,1,2024-02-29T04:36:55Z,3,Ugwg_JKYGvZcDcqYRGt4AaABAg,S1bcy4h1mS8,UCYeKm9r3BOLYDV6mZV4mtqw,2024-02-29T04:36:55Z,,중립
콘서트 티켓 8분 만에 전석 매진시킨다는 버추얼 아이돌 근황 / 스브스뉴스,스브스뉴스 SUBUSUNEWS,대댓글,@py_42,평균이라는 뜻을 모르나 보네,10,2024-03-14T18:03:21Z,0,Ugwg_JKYGvZcDcqYRGt4AaABAg.A0OGweJ2gQwA0ylMRMPIqm,S1bcy4h1mS8,UCFXAXPMpKTX7B3Ka34VwPUw,2024-03-14T18:03:21Z,Ugwg_JKYGvZcDcqYRGt4AaABAg,중립
콘서트 티켓 8분 만에 전석 매진시킨다는 버추얼 아이돌 근황 / 스브스뉴스,스브스뉴스 SUBUSUNEWS,대댓글,@Goranidaaa,@py_42ㅇㅈ,2,2024-03-20T12:49:05Z,0,Ugwg_JKYGvZcDcqYRGt4AaABAg.A0OGweJ2gQwA1Ce9tB_rZd,S1bcy4h1mS8,UC9TF3luWSP4UlWHZskAQrPA,2024-06-18T01:44:03Z,Ugwg_JKYGvZcDcqYRGt4AaABAg,중립
콘서트 티켓 8분 만에 전석 매진시킨다는 버추얼 아이돌 근황 / 스브스뉴스,스브스뉴스 SUBUSUNEWS,대댓글,@tt-ct2xr,1명 빼고 20대인데 평균 뜻을 모르는거냐,2,2024-03-21T16:49:12Z,0,Ugwg_JKYGvZcDcqYRGt4AaABAg.A0OGweJ2gQwA1FeRSQTIFU,S1bcy4h1mS8,UCvTVJfu6RVuYiasYUdKB8Yw,2024-03-21T16:49:12Z,Ugwg_JKYGvZcDcqYRGt4AaABAg,중립
콘서트 티켓 8분 만에 전석 매진시킨다는 버추얼 아이돌 근황 / 스브스뉴스,스브스뉴스 SUBUSUNEWS,최상위 댓글,@hawee7890,궁금한게 잇는데 춤이랑 노래도 전부다 이세돌 분들이 직접 하신거에요?,0,2024-04-07T14:46:45Z,2,UgzWAKqPd8CX5D6m_jN4AaABAg,S1bcy4h1mS8,UCOsW62eTfOPirmNA9a10lCA,2024-04-07T14:46:45Z,,중립
콘서트 티켓 8분 만에 전석 매진시킨다는 버추얼 아이돌 근황 / 스브스뉴스,스브스뉴스 SUBUSUNEWS,대댓글,@nvdcxcv,노래는 다 하는거고 춤은 한명이 춰서 모션캡쳐 따서 스킨 입히거나 안무가들이 모션캡쳐따서 스킨씌우는거임,2,2024-04-08T14:37:04Z,0,UgzWAKqPd8CX5D6m_jN4AaABAg.A1wCwUmNh66A1ylcSF-anC,S1bcy4h1mS8,UC9jm0SGzON92SVUelCivr9w,2024-04-08T14:37:04Z,UgzWAKqPd8CX5D6m_jN4AaABAg,중립
콘서트 티켓 8분 만에 전석 매진시킨다는 버추얼 아이돌 근황 / 스브스뉴스,스브스뉴스 SUBUSUNEWS,대댓글,@gudrms0126,노래는 직접 개인 한명씩 다 부른거고 안무는 다른 안무가분들이 모션캡쳐입고 췄습니다,1,2024-04-17T16:25:13Z,0,UgzWAKqPd8CX5D6m_jN4AaABAg.A1wCwUmNh66A2L89SxII1e,S1bcy4h1mS8,UC2o_FbQKjt5WdcWR3SdU6SA,2024-04-17T16:25:13Z,UgzWAKqPd8CX5D6m_jN4AaABAg,중립
콘서트 티켓 8분 만에 전석 매진시킨다는 버추얼 아이돌 근황 / 스브스뉴스,스브스뉴스 SUBUSUNEWS,최상위 댓글,@illuminati465,이젠 나도 모르겠다.,3,2023-09-30T04:52:09Z,0,Ugw71xGgj4OU9GKSH6Z4AaABAg,S1bcy4h1mS8,UC609s-mYQFrbAzhbydfuSWg,2023-09-30T04:52:09Z,,중립
콘서트 티켓 8분 만에 전석 매진시킨다는 버추얼 아이돌 근황 / 스브스뉴스,스브스뉴스 SUBUSUNEWS,최상위 댓글,@sylphi135,캐릭을 좋아하는 거지 본모습이 어떻게 생겼는 지도 모르는 거 아님?,9,2023-09-30T00:44:15Z,4,UgzmoYsISF3Pxgo4g6B4AaABAg,S1bcy4h1mS8,UC65E4Cq2ATNKbtWTbW_RiAg,2023-09-30T00:44:39Z,,긍정
콘서트 티켓 8분 만에 전석 매진시킨다는 버추얼 아이돌 근황 / 스브스뉴스,스브스뉴스 SUBUSUNEWS,대댓글,@트수핀구단,사람을 좋아하는 데에 있어서 얼굴이 다가 아니니까요 그리고 대부분 밝혀졌는데 암묵적으로 모르는 척 하는 거죠,5,2023-09-30T01:48:06Z,0,UgzmoYsISF3Pxgo4g6B4AaABAg.9vGTUdzCODj9vG_nGOWCja,S1bcy4h1mS8,UCFTS9KEiq-YOrqfHTLYa-Ng,2023-09-30T01:48:06Z,UgzmoYsISF3Pxgo4g6B4AaABAg,긍정
콘서트 티켓 8분 만에 전석 매진시킨다는 버추얼 아이돌 근황 / 스브스뉴스,스브스뉴스 SUBUSUNEWS,대댓글,@jinsangmin-ee4oz,사실 몰라도됨 ㅋㅋ,0,2023-09-30T02:46:49Z,0,UgzmoYsISF3Pxgo4g6B4AaABAg.9vGTUdzCODj9vGgWGQRddL,S1bcy4h1mS8,UCbzsrkkflm8TxUG1vR0St7A,2023-09-30T02:46:49Z,UgzmoYsISF3Pxgo4g6B4AaABAg,중립
콘서트 티켓 8분 만에 전석 매진시킨다는 버추얼 아이돌 근황 / 스브스뉴스,스브스뉴스 SUBUSUNEWS,대댓글,@flyingdog-11,@트수핀구단음 이세돌만 쳐도 후두둑 나옴..모르는척 하는거지,0,2023-09-30T02:51:07Z,0,UgzmoYsISF3Pxgo4g6B4AaABAg.9vGTUdzCODj9vGh-poPoc6,S1bcy4h1mS8,UCh7qWJLZg7vct8kDDTItJtg,2024-04-18T02:18:35Z,UgzmoYsISF3Pxgo4g6B4AaABAg,중립
콘서트 티켓 8분 만에 전석 매진시킨다는 버추얼 아이돌 근황 / 스브스뉴스,스브스뉴스 SUBUSUNEWS,대댓글,@utreeu,"아이돌 얼굴만 보고 좋아하는 얼빠도 있고,
개인방송, 유튜브 보면서 성격빠도 있는거죠",1,2023-09-30T23:44:24Z,0,UgzmoYsISF3Pxgo4g6B4AaABAg.9vGTUdzCODj9vIwR9aT_Yi,S1bcy4h1mS8,UCZgiq3tVztqCRA7JnYYwwSg,2023-09-30T23:44:24Z,UgzmoYsISF3Pxgo4g6B4AaABAg,긍정
콘서트 티켓 8분 만에 전석 매진시킨다는 버추얼 아이돌 근황 / 스브스뉴스,스브스뉴스 SUBUSUNEWS,최상위 댓글,@이하-i9e,뭘 좋아하든 자유지만 앵간하면 이런건 수면위로 가져오지 마라ㅋㅋㅋ,21,2023-09-30T00:38:37Z,2,UgwwqAiRCb4mawi2v-N4AaABAg,S1bcy4h1mS8,UCHFduy8KZXUZWDG4E4MHH5w,2023-09-30T00:38:37Z,,긍정
콘서트 티켓 8분 만에 전석 매진시킨다는 버추얼 아이돌 근황 / 스브스뉴스,스브스뉴스 SUBUSUNEWS,대댓글,@juwngdokja,음지에서 놀았는데 자꾸 끌어올리잖아ㅋㅋㅋㅋㅋㅋㅋㅋ,17,2023-09-30T02:32:43Z,0,UgwwqAiRCb4mawi2v-N4AaABAg.9vGSqIuTlq99vGeu2BvhVZ,S1bcy4h1mS8,UCOj7qp_iJLd2A904yuxBvJg,2023-09-30T02:32:43Z,UgwwqAiRCb4mawi2v-N4AaABAg,중립
콘서트 티켓 8분 만에 전석 매진시킨다는 버추얼 아이돌 근황 / 스브스뉴스,스브스뉴스 SUBUSUNEWS,대댓글,@tabutabu98,⁠@juwngdokjaㄹㅇㅋㅋ,0,2023-09-30T07:49:25Z,0,UgwwqAiRCb4mawi2v-N4AaABAg.9vGSqIuTlq99vHE8aM3IG5,S1bcy4h1mS8,UCb7meL1vFGEJALucj-DVovg,2024-06-18T00:04:31Z,UgwwqAiRCb4mawi2v-N4AaABAg,중립
콘서트 티켓 8분 만에 전석 매진시킨다는 버추얼 아이돌 근황 / 스브스뉴스,스브스뉴스 SUBUSUNEWS,최상위 댓글,@삼-y1c,비난하는 글들은 무시하고 열심히 덕질합시다! 그런 애들은 관심 줄 필요없어요❤ 이세돌 화이팅🎉💞,0,2023-09-28T14:45:51Z,0,UgwDJz8E5y787PovbuF4AaABAg,S1bcy4h1mS8,UCfKRcdaEpTSI7yZU0pWYOBw,2023-09-28T14:45:51Z,,중립
콘서트 티켓 8분 만에 전석 매진시킨다는 버추얼 아이돌 근황 / 스브스뉴스,스브스뉴스 SUBUSUNEWS,최상위 댓글,@EvennowIstilldreamofthosedays,아니 그냥 싫으면 조용히 하면 될것을 굳이 댓글까지 다는게 진짜 킹받아 죽겠어… 저런 꼬인마인드 가지고 멀쩡히 사회생활 하는척 하는게 진짜 갓반인 코스프레 아니야? 이세돌 파이팅!!! 슈퍼히어로 노래 너무너무 좋앗다,5,2023-09-28T17:18:46Z,0,UgyqiaGE_mO6J9edp_14AaABAg,S1bcy4h1mS8,UC5hMAPb_LoDqzA4VDahx6EA,2023-09-28T17:18:46Z,,중립
콘서트 티켓 8분 만에 전석 매진시킨다는 버추얼 아이돌 근황 / 스브스뉴스,스브스뉴스 SUBUSUNEWS,최상위 댓글,@gyugyu_1,어 왁타버스야~~!,9,2024-04-10T05:45:00Z,2,UgzCRxUqIzqKOFrZJx54AaABAg,S1bcy4h1mS8,UC_lEcU8wHNzUlXFXk7fqz8w,2024-04-10T05:45:00Z,,중립
콘서트 티켓 8분 만에 전석 매진시킨다는 버추얼 아이돌 근황 / 스브스뉴스,스브스뉴스 SUBUSUNEWS,대댓글,@지성-f2j,잠수준비,2,2024-04-12T09:24:38Z,0,UgzCRxUqIzqKOFrZJx54AaABAg.A21yKF7BwZ3A27W2bJegmE,S1bcy4h1mS8,UCVJ0JNArNRy85uTCyfwmd0w,2024-04-12T09:24:38Z,UgzCRxUqIzqKOFrZJx54AaABAg,중립
콘서트 티켓 8분 만에 전석 매진시킨다는 버추얼 아이돌 근황 / 스브스뉴스,스브스뉴스 SUBUSUNEWS,대댓글,@rollercoaster1,@지성-f2j 기이픈바다소옥~,1,2024-04-30T17:41:04Z,0,UgzCRxUqIzqKOFrZJx54AaABAg.A21yKF7BwZ3A2rkAJTYZ3e,S1bcy4h1mS8,UCZVDSK6DOKsR3SSG3W-u3NA,2024-04-30T17:41:04Z,UgzCRxUqIzqKOFrZJx54AaABAg,중립
콘서트 티켓 8분 만에 전석 매진시킨다는 버추얼 아이돌 근황 / 스브스뉴스,스브스뉴스 SUBUSUNEWS,최상위 댓글,@노리터-s3b,제발 현실을 살자,14,2023-09-28T12:47:09Z,6,Ugx2hcM7Cjjbfb-_mJh4AaABAg,S1bcy4h1mS8,UCcwEhTHjtND1g0oJdaxTWdw,2023-09-28T12:47:09Z,,중립
콘서트 티켓 8분 만에 전석 매진시킨다는 버추얼 아이돌 근황 / 스브스뉴스,스브스뉴스 SUBUSUNEWS,대댓글,@성이름-g5s9k,현실이지 머야 그럼,19,2023-09-28T12:50:54Z,0,Ugx2hcM7Cjjbfb-_mJh4AaABAg.9vCbcWa0nr59vCc30HFGeS,S1bcy4h1mS8,UCAFu_RE5ZmQmOF615j8fBoA,2023-09-28T12:50:54Z,Ugx2hcM7Cjjbfb-_mJh4AaABAg,중립
콘서트 티켓 8분 만에 전석 매진시킨다는 버추얼 아이돌 근황 / 스브스뉴스,스브스뉴스 SUBUSUNEWS,대댓글,@xesmeteor,이세계 아이돌이 현실이자 미래지ㅋㅋㄱㄱㄲ,3,2023-09-28T13:19:10Z,0,Ugx2hcM7Cjjbfb-_mJh4AaABAg.9vCbcWa0nr59vCfI3HbMub,S1bcy4h1mS8,UCp2IG8yflZeySOiCixZUS7g,2023-09-28T13:19:10Z,Ugx2hcM7Cjjbfb-_mJh4AaABAg,중립
콘서트 티켓 8분 만에 전석 매진시킨다는 버추얼 아이돌 근황 / 스브스뉴스,스브스뉴스 SUBUSUNEWS,대댓글,@wnqnrlwlwjqjrc,가수들 콘서트 보러가는 건 현실이고? 이건 비현실이고? 뭐가 다른지 모르겠네,9,2023-09-28T13:19:40Z,0,Ugx2hcM7Cjjbfb-_mJh4AaABAg.9vCbcWa0nr59vCfLhH8K9w,S1bcy4h1mS8,UCJPlmUd3Sjaed4NQWqIXO5Q,2023-09-28T13:19:40Z,Ugx2hcM7Cjjbfb-_mJh4AaABAg,중립
콘서트 티켓 8분 만에 전석 매진시킨다는 버추얼 아이돌 근황 / 스브스뉴스,스브스뉴스 SUBUSUNEWS,대댓글,@nyanyaneo7080,저 캐릭터 뒤에 진짜 사람 있다~,5,2023-09-28T14:22:19Z,0,Ugx2hcM7Cjjbfb-_mJh4AaABAg.9vCbcWa0nr59vCmWYT5kVM,S1bcy4h1mS8,UC-yyYMole-yaiZFnJw5o7VA,2023-09-28T14:22:19Z,Ugx2hcM7Cjjbfb-_mJh4AaABAg,중립
콘서트 티켓 8분 만에 전석 매진시킨다는 버추얼 아이돌 근황 / 스브스뉴스,스브스뉴스 SUBUSUNEWS,대댓글,@little_spicy_topokki,너가 부정한다고 현실이 아니게 되나? 제발 현실을 살자ㅋㅋ,2,2023-09-28T17:59:59Z,0,Ugx2hcM7Cjjbfb-_mJh4AaABAg.9vCbcWa0nr59vDAQnt1-LD,S1bcy4h1mS8,UChx9tSeUGPjMTSj_0ajW-Vw,2023-09-28T17:59:59Z,Ugx2hcM7Cjjbfb-_mJh4AaABAg,중립
콘서트 티켓 8분 만에 전석 매진시킨다는 버추얼 아이돌 근황 / 스브스뉴스,스브스뉴스 SUBUSUNEWS,최상위 댓글,@Shady.H,킹아~~,0,2023-09-28T14:21:28Z,0,UgwdOj70LtObj_H_i9p4AaABAg,S1bcy4h1mS8,UCsDlrFd5ChwdUSHSMkmXF4A,2023-09-28T14:21:28Z,,중립
콘서트 티켓 8분 만에 전석 매진시킨다는 버추얼 아이돌 근황 / 스브스뉴스,스브스뉴스 SUBUSUNEWS,최상위 댓글,@이동관-n8l,도태되어야 할 열등유전자들이 뉴스도타고 세상이 미쳐돌아가는구나 저 캐릭터들은 왜 눈이 기괴하게 크고 코랑 귀가 없냐? 아이돌이라면서 사람같이 생겨먹질 않았네 진짜 나라가 망했구나,34,2023-09-29T10:38:03Z,10,UgxTd1XYkuXc7DL8c4p4AaABAg,S1bcy4h1mS8,UCUmteQ2Gn-9TJ3bQUexj-fQ,2023-09-29T10:38:11Z,,중립
콘서트 티켓 8분 만에 전석 매진시킨다는 버추얼 아이돌 근황 / 스브스뉴스,스브스뉴스 SUBUSUNEWS,대댓글,@09둘기,사람같음,0,2023-09-29T10:40:51Z,0,UgxTd1XYkuXc7DL8c4p4AaABAg.9vExdp7ICUD9vExyOOhSki,S1bcy4h1mS8,UCecwkwU7CbbMefs5zhiMjtw,2023-09-29T10:40:51Z,UgxTd1XYkuXc7DL8c4p4AaABAg,중립
콘서트 티켓 8분 만에 전석 매진시킨다는 버추얼 아이돌 근황 / 스브스뉴스,스브스뉴스 SUBUSUNEWS,대댓글,@user-grayfacese,님은 고정관념좀 깨셔야할듯,1,2023-09-29T10:44:28Z,0,UgxTd1XYkuXc7DL8c4p4AaABAg.9vExdp7ICUD9vEyNm9EdQ4,S1bcy4h1mS8,UCozDuQDJmIN0SZKnW-uHG0w,2023-09-29T10:44:28Z,UgxTd1XYkuXc7DL8c4p4AaABAg,중립
콘서트 티켓 8분 만에 전석 매진시킨다는 버추얼 아이돌 근황 / 스브스뉴스,스브스뉴스 SUBUSUNEWS,대댓글,@흐루쇼프의머리털,곧 삭제될 댓글입니다.,1,2023-09-29T10:48:28Z,0,UgxTd1XYkuXc7DL8c4p4AaABAg.9vExdp7ICUD9vEyq7_EPhc,S1bcy4h1mS8,UCMiocw3auaOS-3WeLxW08sg,2023-09-29T10:48:28Z,UgxTd1XYkuXc7DL8c4p4AaABAg,중립
콘서트 티켓 8분 만에 전석 매진시킨다는 버추얼 아이돌 근황 / 스브스뉴스,스브스뉴스 SUBUSUNEWS,대댓글,@09둘기,​@흐루쇼프의머리털과연....,0,2023-09-29T10:49:19Z,0,UgxTd1XYkuXc7DL8c4p4AaABAg.9vExdp7ICUD9vEywL5af1W,S1bcy4h1mS8,UCecwkwU7CbbMefs5zhiMjtw,2024-06-18T02:01:19Z,UgxTd1XYkuXc7DL8c4p4AaABAg,중립
콘서트 티켓 8분 만에 전석 매진시킨다는 버추얼 아이돌 근황 / 스브스뉴스,스브스뉴스 SUBUSUNEWS,대댓글,@fantasticBull,동관이 와꾸 좀 보고 싶노ㅋㅋㅋㅋ,1,2023-09-29T11:04:11Z,0,UgxTd1XYkuXc7DL8c4p4AaABAg.9vExdp7ICUD9vF-dCJwgh2,S1bcy4h1mS8,UC2Dfo-GlseRwduX4LCplFgQ,2023-09-29T11:04:11Z,UgxTd1XYkuXc7DL8c4p4AaABAg,중립
콘서트 티켓 8분 만에 전석 매진시킨다는 버추얼 아이돌 근황 / 스브스뉴스,스브스뉴스 SUBUSUNEWS,최상위 댓글,@바이올렛에버가든1,전부다 이세돌을 보기위해 모인 자들,0,2023-09-28T10:05:34Z,0,Ugyc4DWjTDAGei7P6wN4AaABAg,S1bcy4h1mS8,UCjOTTNkn0yI4xjEvovJ79OQ,2023-09-28T10:05:34Z,,중립
콘서트 티켓 8분 만에 전석 매진시킨다는 버추얼 아이돌 근황 / 스브스뉴스,스브스뉴스 SUBUSUNEWS,최상위 댓글,@대왕노종,저런거 왜하긴 돈이되니까 하지ㅋㅋㅋ 월 억씩 버니까 베알꼴린놈들이 많네,7,2024-03-09T09:27:36Z,0,Ugy1FfvMPVF69vsorz54AaABAg,S1bcy4h1mS8,UCoeiZkP87U0LLaL-CHkTvtQ,2024-03-09T09:27:36Z,,중립
콘서트 티켓 8분 만에 전석 매진시킨다는 버추얼 아이돌 근황 / 스브스뉴스,스브스뉴스 SUBUSUNEWS,최상위 댓글,@Jade-0w8,ㅅㅂ 신상이라도 좀 깠으면 이해 되겠는데 ㄹㅇ 가면 속에 어떤 사람이 있을지 몰라서 빠는 사람들 이해가 안가네..,21,2023-09-29T18:13:27Z,9,Ugxl73mPdRpwa-dP3ON4AaABAg,S1bcy4h1mS8,UCIepL-kZQhcb2URkozfuH4Q,2023-09-29T18:13:27Z,,중립
콘서트 티켓 8분 만에 전석 매진시킨다는 버추얼 아이돌 근황 / 스브스뉴스,스브스뉴스 SUBUSUNEWS,대댓글,@집비둘기-s3q,?? 일반 여성 스트리머 한태 신상을 왜 까라 강요함? 때가 어느땐댇ㄷㄷ,22,2023-09-29T23:30:13Z,0,Ugxl73mPdRpwa-dP3ON4AaABAg.9vFllDdHmv89vGL0Nvm3RG,S1bcy4h1mS8,UCA-SgSLvNfo5lneJ2eOuIWw,2023-09-29T23:30:13Z,Ugxl73mPdRpwa-dP3ON4AaABAg,중립
콘서트 티켓 8분 만에 전석 매진시킨다는 버추얼 아이돌 근황 / 스브스뉴스,스브스뉴스 SUBUSUNEWS,대댓글,@juwngdokja,지는 방송하면 집주소까지 까려는건가ㅋㅋㅋㅋ,4,2023-09-30T02:33:58Z,0,Ugxl73mPdRpwa-dP3ON4AaABAg.9vFllDdHmv89vGf2BuWBN1,S1bcy4h1mS8,UCOj7qp_iJLd2A904yuxBvJg,2023-09-30T02:33:58Z,Ugxl73mPdRpwa-dP3ON4AaABAg,중립
콘서트 티켓 8분 만에 전석 매진시킨다는 버추얼 아이돌 근황 / 스브스뉴스,스브스뉴스 SUBUSUNEWS,대댓글,@Jade-0w8,@집비둘기-s3q 내가 언제 강요했니.. ㅋ,1,2023-09-30T08:39:30Z,0,Ugxl73mPdRpwa-dP3ON4AaABAg.9vFllDdHmv89vHJsNQVTwb,S1bcy4h1mS8,UCIepL-kZQhcb2URkozfuH4Q,2024-06-18T00:18:53Z,Ugxl73mPdRpwa-dP3ON4AaABAg,중립
콘서트 티켓 8분 만에 전석 매진시킨다는 버추얼 아이돌 근황 / 스브스뉴스,스브스뉴스 SUBUSUNEWS,대댓글,@unhasu,저도 신상안까고 적는 님댓글이 전혀 이해가 안되네요 ㅎㅎ 신상 까시면 이해 해드림,12,2023-09-30T09:15:45Z,0,Ugxl73mPdRpwa-dP3ON4AaABAg.9vFllDdHmv89vHO0torpRA,S1bcy4h1mS8,UCxxEk6UiLHMctycWX4ZqTwA,2023-09-30T09:15:45Z,Ugxl73mPdRpwa-dP3ON4AaABAg,중립
콘서트 티켓 8분 만에 전석 매진시킨다는 버추얼 아이돌 근황 / 스브스뉴스,스브스뉴스 SUBUSUNEWS,대댓글,@utreeu,"그럼 얼굴만보고 아이돌 좋아하는사람 들은 이해 되나요?

욕이 일상이고 문담피 양아치같은 성격 아이돌일지도 모르는데 얼굴만보고 왜 좋아하는지는 이해됨?",0,2023-09-30T23:48:18Z,0,Ugxl73mPdRpwa-dP3ON4AaABAg.9vFllDdHmv89vIwsd5KDyo,S1bcy4h1mS8,UCZgiq3tVztqCRA7JnYYwwSg,2023-09-30T23:48:18Z,Ugxl73mPdRpwa-dP3ON4AaABAg,긍정
콘서트 티켓 8분 만에 전석 매진시킨다는 버추얼 아이돌 근황 / 스브스뉴스,스브스뉴스 SUBUSUNEWS,최상위 댓글,@LKKVMD,"VR 케릭터라는거에 아직까진 진입장벽이 좀 있죠 주위 시선들도 곱지만은 않구요 
그래도 몇년전에 비하면 비약적으로 인식들이 개선되었네요",0,2023-09-28T13:10:10Z,0,Ugyb6KRVg_mAYyRTO494AaABAg,S1bcy4h1mS8,UCnR6X17-8dPsw0jxieJ9qeg,2023-09-28T13:10:10Z,,중립
콘서트 티켓 8분 만에 전석 매진시킨다는 버추얼 아이돌 근황 / 스브스뉴스,스브스뉴스 SUBUSUNEWS,최상위 댓글,@oatmeal3644,"진짜 솔직히 노래는 좋긴함
근데 2D를 좋아하는거면
차라리 이해를 하겠음 

근데 2D뒤에 실제 사람이 있는ㄷ
그 사람을 좋아하는거 자체가 ㅋㅋ
스푼라디오 디제이 좋아하는거랑 
뭔 차이누😅😅",8,2023-10-12T18:55:27Z,13,Ugxza8D-Sg3P-kTELdh4AaABAg,S1bcy4h1mS8,UC7GDVDRpX62XWaeZHUZmBxg,2023-10-12T18:55:27Z,,긍정
콘서트 티켓 8분 만에 전석 매진시킨다는 버추얼 아이돌 근황 / 스브스뉴스,스브스뉴스 SUBUSUNEWS,대댓글,@AAA-i8u7w,노캠 스트리머 보는거랑 같은 이치지,6,2023-10-13T20:12:25Z,0,Ugxza8D-Sg3P-kTELdh4AaABAg.9vmJuH5KSoD9vp1VtcH3Yi,S1bcy4h1mS8,UCIIuyqpVkrXPpv-xVAeB2_A,2023-10-13T20:12:25Z,Ugxza8D-Sg3P-kTELdh4AaABAg,중립
콘서트 티켓 8분 만에 전석 매진시킨다는 버추얼 아이돌 근황 / 스브스뉴스,스브스뉴스 SUBUSUNEWS,대댓글,@영원-g8y,"얼굴안깐 유튜버 좋아하는 거랑 비슷하죠
근데 실시간 소통이랑 표정 제스처까지 훨씬 잘보이는 이점이 있음",0,2023-10-14T02:35:00Z,0,Ugxza8D-Sg3P-kTELdh4AaABAg.9vmJuH5KSoD9vpiI2OU8-X,S1bcy4h1mS8,UCOBUSp7jvHjybaxX_Fmfpfw,2023-10-14T02:35:00Z,Ugxza8D-Sg3P-kTELdh4AaABAg,긍정
콘서트 티켓 8분 만에 전석 매진시킨다는 버추얼 아이돌 근황 / 스브스뉴스,스브스뉴스 SUBUSUNEWS,대댓글,@MagicalHBG,"근데 스푼라디오 같은 인방 BJ, 스트리머 좋아하면 안되는거임?
2D를 좋아해도, 성우를 좋아하는 사람도 있고, 2D 캐릭터 자체를 좋아하는 사람도 있는건데,
캐릭터를 연기하는 연기자가 있다고, 그걸 왜 좋아하는지 모르겠다고 선을 그어버리냐? ;",5,2023-10-15T08:59:45Z,0,Ugxza8D-Sg3P-kTELdh4AaABAg.9vmJuH5KSoD9vsz6vWh49m,S1bcy4h1mS8,UCzC3jWuPfvK4unhjD6fnNcQ,2023-10-15T08:59:45Z,Ugxza8D-Sg3P-kTELdh4AaABAg,긍정
콘서트 티켓 8분 만에 전석 매진시킨다는 버추얼 아이돌 근황 / 스브스뉴스,스브스뉴스 SUBUSUNEWS,대댓글,@2개월남음,"관점의 차이지 님의 시선도 이해가 가긴함

근데 님말대로 노래는 좋다하셨잖음?

 근데 노래가 나오려면 애초에 사람이 있어야하죠? 
그럼  어떻게 2d만 좋아할까요? 2d뒤에 사람이 있어야 노래도 나오고 하는건데..?",0,2023-10-15T10:09:09Z,0,Ugxza8D-Sg3P-kTELdh4AaABAg.9vmJuH5KSoD9vt63Ag589F,S1bcy4h1mS8,UCTlvW0H99w_C-lDuT9BgCOg,2023-10-15T10:11:06Z,Ugxza8D-Sg3P-kTELdh4AaABAg,긍정
콘서트 티켓 8분 만에 전석 매진시킨다는 버추얼 아이돌 근황 / 스브스뉴스,스브스뉴스 SUBUSUNEWS,대댓글,@oatmeal3644,"@MagicalHBG 
아니지 근데 스푼라디오나 디제이 빨아주면
고나리질 ㅈㄴ게 해대면서 자기들은 아닌것 처럼
행동 하는게 걍 아니꼬운거임",0,2023-10-17T11:06:47Z,0,Ugxza8D-Sg3P-kTELdh4AaABAg.9vmJuH5KSoD9vyMF4W02Yd,S1bcy4h1mS8,UC7GDVDRpX62XWaeZHUZmBxg,2024-06-18T00:55:04Z,Ugxza8D-Sg3P-kTELdh4AaABAg,중립
콘서트 티켓 8분 만에 전석 매진시킨다는 버추얼 아이돌 근황 / 스브스뉴스,스브스뉴스 SUBUSUNEWS,최상위 댓글,@devilttv_,그저... 킹아,0,2023-09-28T10:28:51Z,0,Ugy9rEj0gtdNMO5KoBJ4AaABAg,S1bcy4h1mS8,UCj7ZlGIEpAIFOYyQiq2zsrg,2023-09-28T10:28:51Z,,중립
콘서트 티켓 8분 만에 전석 매진시킨다는 버추얼 아이돌 근황 / 스브스뉴스,스브스뉴스 SUBUSUNEWS,최상위 댓글,@베리베리-d6d,"근데 저게 진짜 저렇게 방송할만한 아이돌인가..?

저걸 한국 노래라고 소개하고 저 캐릭터가 가수라고 다른 나라에 소개 할 수 있음??",9,2023-10-06T15:47:40Z,12,Ugx-TUKBYLAVXz1O15N4AaABAg,S1bcy4h1mS8,UCOvnCRUakJYlEsWQNBsnvmA,2023-10-06T15:47:40Z,,중립
콘서트 티켓 8분 만에 전석 매진시킨다는 버추얼 아이돌 근황 / 스브스뉴스,스브스뉴스 SUBUSUNEWS,대댓글,@isegye4ever,글로벌판은 국내에서 3~4만명보는 이세돌보다 더 큰 기업들이 수두룩해서 외국애들은 오히려 긍정적으로 댓글달거나 리뷰영상 만드니 ㄱㅊ,7,2023-10-06T16:54:13Z,0,Ugx-TUKBYLAVXz1O15N4AaABAg.9vXXdiUmq_c9vXeG6PFVrB,S1bcy4h1mS8,UCvVm5-UYNSVMhyUwo3mk4kQ,2023-10-06T17:15:36Z,Ugx-TUKBYLAVXz1O15N4AaABAg,중립
콘서트 티켓 8분 만에 전석 매진시킨다는 버추얼 아이돌 근황 / 스브스뉴스,스브스뉴스 SUBUSUNEWS,대댓글,@burninglime9960,"당장 방송 플랫폼 규모가 큰 미국, 일본만 보더라도 저런 캐릭터들 뒤지게 많고
유튜브 수익 순위 보면 다 저런 '캐릭터' 들이 꿰차고 있으니 걱정ㄴㄴ",4,2023-10-07T03:40:28Z,0,Ugx-TUKBYLAVXz1O15N4AaABAg.9vXXdiUmq_c9vYoDM1FLBX,S1bcy4h1mS8,UC7Iic5UMQiO9h44G5w4X1tA,2023-10-07T03:40:28Z,Ugx-TUKBYLAVXz1O15N4AaABAg,중립
콘서트 티켓 8분 만에 전석 매진시킨다는 버추얼 아이돌 근황 / 스브스뉴스,스브스뉴스 SUBUSUNEWS,대댓글,@손연욱-o5o,아이돌적인 부분은 모르겠는데 요즘 한국 음악 방향성이 이상한 건 팩트인듯 안 그래도 아이돌들이 가면효과로 밀어내는 시기에 애네도 탑승해서 흥한듯 ㅇㅇ,1,2023-10-07T17:33:47Z,0,Ugx-TUKBYLAVXz1O15N4AaABAg.9vXXdiUmq_c9v_I_oDrRAQ,S1bcy4h1mS8,UC-broaG9RgVjSnhnaZorZCA,2023-10-07T17:33:47Z,Ugx-TUKBYLAVXz1O15N4AaABAg,중립
콘서트 티켓 8분 만에 전석 매진시킨다는 버추얼 아이돌 근황 / 스브스뉴스,스브스뉴스 SUBUSUNEWS,대댓글,@박도원-s7u,미국은 커녕 일본도 음지취급하고 인정 안해줌,0,2023-10-08T04:52:40Z,0,Ugx-TUKBYLAVXz1O15N4AaABAg.9vXXdiUmq_c9vaWH2nv93u,S1bcy4h1mS8,UCfNPRn9L7AawKwJZUs1bRpA,2023-10-08T04:52:40Z,Ugx-TUKBYLAVXz1O15N4AaABAg,중립
콘서트 티켓 8분 만에 전석 매진시킨다는 버추얼 아이돌 근황 / 스브스뉴스,스브스뉴스 SUBUSUNEWS,대댓글,@ding_ding_tang_tang_tang,@박도원-s7u 일본이랑 미국이 버츄얼 시장계를 만든나라들인데 음지 이러네 뇌피셜 하지마렴,7,2023-10-09T05:10:47Z,0,Ugx-TUKBYLAVXz1O15N4AaABAg.9vXXdiUmq_c9vd78cMXLmp,S1bcy4h1mS8,UCYRnKQJ65kaIhPGlVncdJ_w,2024-06-18T02:03:38Z,Ugx-TUKBYLAVXz1O15N4AaABAg,중립
콘서트 티켓 8분 만에 전석 매진시킨다는 버추얼 아이돌 근황 / 스브스뉴스,스브스뉴스 SUBUSUNEWS,최상위 댓글,@stix3945,2년만에 고척돔에서 기술발전과 댄스 보컬실력까지 확실히 성장한게 보여서 눈이 즐거웠습니다. 앞으로도 한명의 이파리로 응원하겠습니다.,3,2025-05-20T13:53:09Z,0,UgyF8ICVlgEenmvoHr14AaABAg,S1bcy4h1mS8,UCDpp35AGMPmJs9vuuIuxzyQ,2025-05-20T13:53:09Z,,긍정
콘서트 티켓 8분 만에 전석 매진시킨다는 버추얼 아이돌 근황 / 스브스뉴스,스브스뉴스 SUBUSUNEWS,최상위 댓글,@madurai1017,"느그들 빠는 아이돌 새로 나올때 욕하던 발라드, 힙합, 락 팬들 다 누그러짐. 니들도 곧이다. 😂",0,2024-08-05T19:20:35Z,0,UgzYU6fPPhnK_-WQMLF4AaABAg,S1bcy4h1mS8,UCA80AMAGaVjtp03wFFvKFUg,2024-08-05T19:20:35Z,,중립
콘서트 티켓 8분 만에 전석 매진시킨다는 버추얼 아이돌 근황 / 스브스뉴스,스브스뉴스 SUBUSUNEWS,최상위 댓글,@lang655,우리 이세돌 최고다!,0,2023-09-28T12:49:37Z,0,UgynHcwNrlOZXb7wl6Z4AaABAg,S1bcy4h1mS8,UC2HsYr_w65tm7cuRd9A1JfA,2023-09-28T12:49:37Z,,긍정
콘서트 티켓 8분 만에 전석 매진시킨다는 버추얼 아이돌 근황 / 스브스뉴스,스브스뉴스 SUBUSUNEWS,최상위 댓글,@droid05,킹아~!,0,2023-09-28T10:29:14Z,0,UgwW-cN2PSKLMzNFi5t4AaABAg,S1bcy4h1mS8,UCv2G1DPKhrJEo7lFnU2Yizw,2023-09-28T10:31:37Z,,중립
콘서트 티켓 8분 만에 전석 매진시킨다는 버추얼 아이돌 근황 / 스브스뉴스,스브스뉴스 SUBUSUNEWS,최상위 댓글,@usr-gi8ed3gy9f,각각 맴버 성우 보면 아마 탈덕하지 않으까? ㅋㅋㅋ,1,2023-09-29T14:25:10Z,8,UgypWQI0S6ObTpqGpj54AaABAg,S1bcy4h1mS8,UCUskQy9Hp9dDoU-ea3jCWWA,2023-09-29T14:25:10Z,,중립
콘서트 티켓 8분 만에 전석 매진시킨다는 버추얼 아이돌 근황 / 스브스뉴스,스브스뉴스 SUBUSUNEWS,대댓글,@Hypocrites94,그게 중요한 사람들은 팬이 아닐 확률이 높음 그냥 비얼공 인터넷 방송인? 크리에이터? 라 생각하면됨,12,2023-09-29T14:31:12Z,0,UgypWQI0S6ObTpqGpj54AaABAg.9vFMdFrIg-09vFNKTYha4G,S1bcy4h1mS8,UCj8PmupxUKKHBYpK9LNmKJQ,2023-09-29T14:31:20Z,UgypWQI0S6ObTpqGpj54AaABAg,중립
콘서트 티켓 8분 만에 전석 매진시킨다는 버추얼 아이돌 근황 / 스브스뉴스,스브스뉴스 SUBUSUNEWS,대댓글,@트수핀구단,성우는 연기하는 사람이고... 저분들은 그냥 본인 모습 자체로 방송하시는 분들임 그리고 빨간약이 철저하게 비공개인줄 아나 까여도 모른 척 하는 거지 버튜버한테 그런 부분은 중요하지 않음,6,2023-09-29T14:48:22Z,0,UgypWQI0S6ObTpqGpj54AaABAg.9vFMdFrIg-09vFPIEp75OW,S1bcy4h1mS8,UCFTS9KEiq-YOrqfHTLYa-Ng,2023-09-29T14:48:22Z,UgypWQI0S6ObTpqGpj54AaABAg,중립
콘서트 티켓 8분 만에 전석 매진시킨다는 버추얼 아이돌 근황 / 스브스뉴스,스브스뉴스 SUBUSUNEWS,대댓글,@미역이,성우가 뭔지 모르는구나,1,2023-09-29T15:35:32Z,0,UgypWQI0S6ObTpqGpj54AaABAg.9vFMdFrIg-09vFUghT_tkv,S1bcy4h1mS8,UCA3K89OVz_UzPMEA8_-T2ow,2023-09-29T15:35:32Z,UgypWQI0S6ObTpqGpj54AaABAg,중립
콘서트 티켓 8분 만에 전석 매진시킨다는 버추얼 아이돌 근황 / 스브스뉴스,스브스뉴스 SUBUSUNEWS,대댓글,@장두-h5f,저 분들은 성우가 아닌데,1,2023-09-30T06:16:17Z,0,UgypWQI0S6ObTpqGpj54AaABAg.9vFMdFrIg-09vH3UQA-hht,S1bcy4h1mS8,UC0s_g3iTXHaAVAukO-_cJzw,2023-09-30T06:16:17Z,UgypWQI0S6ObTpqGpj54AaABAg,중립
콘서트 티켓 8분 만에 전석 매진시킨다는 버추얼 아이돌 근황 / 스브스뉴스,스브스뉴스 SUBUSUNEWS,대댓글,@tabutabu98,버튜버 신상이 왜 궁금한거야 ㄹㅇㅋㅋ,1,2023-09-30T08:14:15Z,0,UgypWQI0S6ObTpqGpj54AaABAg.9vFMdFrIg-09vHGzVCComp,S1bcy4h1mS8,UCb7meL1vFGEJALucj-DVovg,2023-09-30T08:14:15Z,UgypWQI0S6ObTpqGpj54AaABAg,중립
콘서트 티켓 8분 만에 전석 매진시킨다는 버추얼 아이돌 근황 / 스브스뉴스,스브스뉴스 SUBUSUNEWS,최상위 댓글,@memeforkr,어휴 ;;,5,2023-09-28T16:37:23Z,0,UgyLrAtIW7ucDIlrCTp4AaABAg,S1bcy4h1mS8,UCm3FQw614Fa29v6XpFvwLug,2023-09-28T16:37:23Z,,중립
콘서트 티켓 8분 만에 전석 매진시킨다는 버추얼 아이돌 근황 / 스브스뉴스,스브스뉴스 SUBUSUNEWS,최상위 댓글,@반짝반짝-67,이세돌.. 킹아!,0,2023-09-28T12:55:25Z,0,UgxzfxRCmYSp-q_H2ud4AaABAg,S1bcy4h1mS8,UCAqlB713ZpaSuPnQHPqTvRQ,2023-09-28T12:55:25Z,,중립
콘서트 티켓 8분 만에 전석 매진시킨다는 버추얼 아이돌 근황 / 스브스뉴스,스브스뉴스 SUBUSUNEWS,최상위 댓글,@yeongson1303,미쳤습니까 휴먼?,4,2023-09-30T20:37:16Z,0,UgxcotJNgCSBbx040sp4AaABAg,S1bcy4h1mS8,UCAg-ThkpLrBuRU1SrjK9ahg,2023-09-30T20:37:16Z,,중립
콘서트 티켓 8분 만에 전석 매진시킨다는 버추얼 아이돌 근황 / 스브스뉴스,스브스뉴스 SUBUSUNEWS,최상위 댓글,@보라보라해-v5n4p,"어그로 좀 그만 끄세요..
실력 부족이고 그냥 부족하세요😡😡😡",2,2025-11-24T14:54:40Z,0,UgzCwYShZ5PTCTVJjZN4AaABAg,S1bcy4h1mS8,UCXzylS2xZ9vaaADyEDpnERA,2025-11-24T14:54:40Z,,중립
콘서트 티켓 8분 만에 전석 매진시킨다는 버추얼 아이돌 근황 / 스브스뉴스,스브스뉴스 SUBUSUNEWS,최상위 댓글,@숲-g9f,실제 사람이 훨 이쁘지 않나? 엄청난 고퀼이면 모를까.....일단 퀼이 별로 안이뻐 그냥 그래,10,2023-11-09T08:03:44Z,6,UgyzHDm1KgJsdvNGneR4AaABAg,S1bcy4h1mS8,UC7GnxAxESce77KLi45iZ-4w,2023-11-09T08:03:44Z,,부정
콘서트 티켓 8분 만에 전석 매진시킨다는 버추얼 아이돌 근황 / 스브스뉴스,스브스뉴스 SUBUSUNEWS,대댓글,@GiveLuckToYou,그랭,2,2023-11-11T09:05:01Z,0,UgyzHDm1KgJsdvNGneR4AaABAg.9wtF_RKgzhM9wyWB-puYLW,S1bcy4h1mS8,UC4vmvXMlyQs3c5sIiP1wLsA,2023-11-11T09:05:01Z,UgyzHDm1KgJsdvNGneR4AaABAg,중립
콘서트 티켓 8분 만에 전석 매진시킨다는 버추얼 아이돌 근황 / 스브스뉴스,스브스뉴스 SUBUSUNEWS,대댓글,@GiveLuckToYou,@재킥 ㅋㅋㅋㅋㅋㅋ,1,2023-12-31T04:16:02Z,0,UgyzHDm1KgJsdvNGneR4AaABAg.9wtF_RKgzhM9yyjrAnv3aV,S1bcy4h1mS8,UC4vmvXMlyQs3c5sIiP1wLsA,2024-06-18T03:29:11Z,UgyzHDm1KgJsdvNGneR4AaABAg,중립
콘서트 티켓 8분 만에 전석 매진시킨다는 버추얼 아이돌 근황 / 스브스뉴스,스브스뉴스 SUBUSUNEWS,대댓글,@숲-g9f,@재킥 유치하게 노네 일단 딱봐도 파는 연령대 낮을거 같긴해.....,0,2023-12-31T10:44:47Z,0,UgyzHDm1KgJsdvNGneR4AaABAg.9wtF_RKgzhM9yzRLSlIj6K,S1bcy4h1mS8,UC7GnxAxESce77KLi45iZ-4w,2024-06-18T03:29:11Z,UgyzHDm1KgJsdvNGneR4AaABAg,중립
콘서트 티켓 8분 만에 전석 매진시킨다는 버추얼 아이돌 근황 / 스브스뉴스,스브스뉴스 SUBUSUNEWS,대댓글,@숲-g9f,@재킥 뭐가 긁혀? 왜 내말에 긁혔니? 잼민이 딴데 가서 놀아요 이상한 소리좀 하지말고,0,2023-12-31T12:22:06Z,0,UgyzHDm1KgJsdvNGneR4AaABAg.9wtF_RKgzhM9yzbULVkn0X,S1bcy4h1mS8,UC7GnxAxESce77KLi45iZ-4w,2024-06-18T03:29:11Z,UgyzHDm1KgJsdvNGneR4AaABAg,중립
콘서트 티켓 8분 만에 전석 매진시킨다는 버추얼 아이돌 근황 / 스브스뉴스,스브스뉴스 SUBUSUNEWS,대댓글,@뚤기-v5v,캐릭터 빠는게 아니라 각자 멤버 성격(?) 이 마음에 들어서 파는사람이 대부분임,0,2024-02-03T15:12:34Z,0,UgyzHDm1KgJsdvNGneR4AaABAg.9wtF_RKgzhMA-MT0aPVOUl,S1bcy4h1mS8,UCfaibqDvMbj1x7_sO5Mdv0g,2024-02-03T15:12:34Z,UgyzHDm1KgJsdvNGneR4AaABAg,중립
콘서트 티켓 8분 만에 전석 매진시킨다는 버추얼 아이돌 근황 / 스브스뉴스,스브스뉴스 SUBUSUNEWS,최상위 댓글,@jjk3238,AI가 있어서 편해지고 좋아지긴 하는데 이걸 보니 가수라는 자리를 빼앗을 수도 있겠다!,2,2024-03-12T22:24:18Z,2,UgywWjGZauDQ4gTusFF4AaABAg,S1bcy4h1mS8,UC4zsUY7fuMufGLdRzMUvo-A,2024-03-12T22:24:18Z,,긍정
콘서트 티켓 8분 만에 전석 매진시킨다는 버추얼 아이돌 근황 / 스브스뉴스,스브스뉴스 SUBUSUNEWS,대댓글,@두더지-o4r,저건 ai가 아니고 실제 사람이에요,19,2024-03-15T04:21:37Z,0,UgywWjGZauDQ4gTusFF4AaABAg.A0u4cyRafsQA0zs6mxqJAn,S1bcy4h1mS8,UC1uo8thJwjy4nmVH-SjZTvQ,2024-03-15T04:21:37Z,UgywWjGZauDQ4gTusFF4AaABAg,중립
콘서트 티켓 8분 만에 전석 매진시킨다는 버추얼 아이돌 근황 / 스브스뉴스,스브스뉴스 SUBUSUNEWS,대댓글,@서나루-q7n,저분들은 ai가 아니고 펭구처럼 사람이긴해요 근데 ai로 만든 커버곡은 이미 음원과 동일하다해도 무방하네요 옥냥이님 ai 노래 들어보세요,2,2024-04-06T06:17:21Z,0,UgywWjGZauDQ4gTusFF4AaABAg.A0u4cyRafsQA1siqe32VS0,S1bcy4h1mS8,UC7hYG2VNNq1fcN-KbV5baMw,2024-04-07T06:30:16Z,UgywWjGZauDQ4gTusFF4AaABAg,중립
콘서트 티켓 8분 만에 전석 매진시킨다는 버추얼 아이돌 근황 / 스브스뉴스,스브스뉴스 SUBUSUNEWS,최상위 댓글,@웅뀨-k5z,얘네들끼리 즐기는거니까 그냥 양지로 안올리오게 해줘…진짜 이거 좋아하는 애들 어디서 사상 교육받은거 같음 뭔가에 세뇌되었는거 같음,14,2023-10-02T09:10:59Z,8,Ugz_ulDpL5PLmTMehxN4AaABAg,S1bcy4h1mS8,UCFUIlO1VlhgIhnJb979epgg,2023-10-02T09:15:17Z,,긍정
콘서트 티켓 8분 만에 전석 매진시킨다는 버추얼 아이돌 근황 / 스브스뉴스,스브스뉴스 SUBUSUNEWS,대댓글,@헬조센,이미 빌보드 ㅅㄱ,0,2023-10-02T09:56:06Z,0,Ugz_ulDpL5PLmTMehxN4AaABAg.9vMX3k9PuRm9vMbE97TfOw,S1bcy4h1mS8,UC0s_zfYyUBrMcGfz7zDuIow,2023-10-02T09:56:06Z,Ugz_ulDpL5PLmTMehxN4AaABAg,중립
콘서트 티켓 8분 만에 전석 매진시킨다는 버추얼 아이돌 근황 / 스브스뉴스,스브스뉴스 SUBUSUNEWS,대댓글,@subscribefordemocracyinchina,​@헬조센빌보드 코리아잖아 ㅋㅋㅋㅋㅋ,2,2023-10-02T17:13:31Z,0,Ugz_ulDpL5PLmTMehxN4AaABAg.9vMX3k9PuRm9vNOHwNyycN,S1bcy4h1mS8,UCv4M890blcBG0yHh1hxkq9Q,2024-04-18T02:12:40Z,Ugz_ulDpL5PLmTMehxN4AaABAg,중립
콘서트 티켓 8분 만에 전석 매진시킨다는 버추얼 아이돌 근황 / 스브스뉴스,스브스뉴스 SUBUSUNEWS,대댓글,@qqwweewwqq632,양지로 올려달라고 다른 커뮤에 깽판친적 없고 지들끼리 신나서 놀고있는데 같이 노는 규모가 수만명이라서 이제 남들눈에 띄는걸 뭐 어떡하라는거지?,25,2023-10-03T00:50:37Z,0,Ugz_ulDpL5PLmTMehxN4AaABAg.9vMX3k9PuRm9vOCapbJ6MF,S1bcy4h1mS8,UCOHO9S81ItxZviDqhN_LhEg,2023-10-03T00:50:37Z,Ugz_ulDpL5PLmTMehxN4AaABAg,중립
콘서트 티켓 8분 만에 전석 매진시킨다는 버추얼 아이돌 근황 / 스브스뉴스,스브스뉴스 SUBUSUNEWS,대댓글,@benben33331,"@subscribefordemocracyinchina 빌보드 코리아면 한국 3등이란 소리인데ㅋㅋㅋ
우리게이 눈에는 장범준도 아이유도 다 ㅈ밥이엿노?",0,2023-10-04T14:53:15Z,0,Ugz_ulDpL5PLmTMehxN4AaABAg.9vMX3k9PuRm9vSHpJUvI6M,S1bcy4h1mS8,UCAbLq3JRqEfb9BcKgE7Tcvw,2024-04-18T02:12:40Z,Ugz_ulDpL5PLmTMehxN4AaABAg,중립
콘서트 티켓 8분 만에 전석 매진시킨다는 버추얼 아이돌 근황 / 스브스뉴스,스브스뉴스 SUBUSUNEWS,대댓글,@subscribefordemocracyinchina,@benben33331 이세돌 이세돌 신나는 노래 나도 한번 불러본다,0,2023-10-04T15:55:17Z,0,Ugz_ulDpL5PLmTMehxN4AaABAg.9vMX3k9PuRm9vSOvgVmtWN,S1bcy4h1mS8,UCv4M890blcBG0yHh1hxkq9Q,2024-04-18T02:12:40Z,Ugz_ulDpL5PLmTMehxN4AaABAg,중립
콘서트 티켓 8분 만에 전석 매진시킨다는 버추얼 아이돌 근황 / 스브스뉴스,스브스뉴스 SUBUSUNEWS,최상위 댓글,@fffgggs866,하….,0,2024-02-08T14:47:09Z,0,UgzaekCybfE6jP5gXlZ4AaABAg,S1bcy4h1mS8,UC9pfnRWObfX3A2A0OORTSPg,2024-02-08T14:47:09Z,,중립
콘서트 티켓 8분 만에 전석 매진시킨다는 버추얼 아이돌 근황 / 스브스뉴스,스브스뉴스 SUBUSUNEWS,최상위 댓글,@더위보단추위,"이해도 안 되고
매우 혼란스럽다",5,2023-10-05T16:24:03Z,0,UgywWJvrPSER0D5XQfp4AaABAg,S1bcy4h1mS8,UCNXxJYK6ND3JAMOcdiwDZag,2023-10-05T16:24:03Z,,중립
콘서트 티켓 8분 만에 전석 매진시킨다는 버추얼 아이돌 근황 / 스브스뉴스,스브스뉴스 SUBUSUNEWS,최상위 댓글,@first_blackcow,존나 씹덕 같은게 아니라 씹덕 맞아요 ㅋㅋㅋㅋㅋㅋㅋㅋㅋㅋㅋㅋㅋㅋ,8,2024-02-13T04:08:24Z,2,UgzWxpnvPf4gyXRqKxJ4AaABAg,S1bcy4h1mS8,UCEJeYpKxUd9QmGQa7EN7A9w,2024-02-13T04:08:24Z,,중립
콘서트 티켓 8분 만에 전석 매진시킨다는 버추얼 아이돌 근황 / 스브스뉴스,스브스뉴스 SUBUSUNEWS,대댓글,@뮬뮬-s5p,어쩔ㅋ,1,2024-02-16T14:05:31Z,0,UgzWxpnvPf4gyXRqKxJ4AaABAg.A-k0xnQiFoYA-sofnujGF3,S1bcy4h1mS8,UC4PdUIHNedG1ValpNUICysw,2024-02-16T14:05:31Z,UgzWxpnvPf4gyXRqKxJ4AaABAg,중립
콘서트 티켓 8분 만에 전석 매진시킨다는 버추얼 아이돌 근황 / 스브스뉴스,스브스뉴스 SUBUSUNEWS,대댓글,@사일칠-417,네~맞아여,1,2024-04-13T13:05:41Z,0,UgzWxpnvPf4gyXRqKxJ4AaABAg.A-k0xnQiFoYA2AU8RecbbR,S1bcy4h1mS8,UC2E3A-dWLWiluxiRAzMx__Q,2024-04-13T13:05:41Z,UgzWxpnvPf4gyXRqKxJ4AaABAg,중립
콘서트 티켓 8분 만에 전석 매진시킨다는 버추얼 아이돌 근황 / 스브스뉴스,스브스뉴스 SUBUSUNEWS,최상위 댓글,@아잉-u8w2w,말세다 말세야 어지럽네 진짜,4,2023-09-30T11:22:48Z,0,UgwOrj0eD4jR7FAviqV4AaABAg,S1bcy4h1mS8,UCbgCOL2gOEMbCoON3_dpJ-A,2023-09-30T11:22:48Z,,중립
콘서트 티켓 8분 만에 전석 매진시킨다는 버추얼 아이돌 근황 / 스브스뉴스,스브스뉴스 SUBUSUNEWS,최상위 댓글,@minos780,한번 뉴스 떳다고 다 몰려와서 무지성 홍보하는거 보니까 좀 소름돋음.. 일반 아이돌 팬덤도 이정도는 아닌거 같은데 먼 종교를 보는거 같네 ㅋㅋ..,15,2023-10-06T04:02:20Z,8,UgzdfBPdcXXv0V49yE94AaABAg,S1bcy4h1mS8,UCwpRNnb0boVCZX5UMvMVG7Q,2023-10-06T04:02:20Z,,중립
콘서트 티켓 8분 만에 전석 매진시킨다는 버추얼 아이돌 근황 / 스브스뉴스,스브스뉴스 SUBUSUNEWS,대댓글,@I_want_to_go_home_0811,방탄도 비슷하잖아?ㅋㅋ,0,2023-10-06T07:38:16Z,0,UgzdfBPdcXXv0V49yE94AaABAg.9vWGvefHkxd9vWedERUiYk,S1bcy4h1mS8,UC8BykP5nlVNl2aiNRf6n5dg,2023-10-06T07:38:16Z,UgzdfBPdcXXv0V49yE94AaABAg,중립
콘서트 티켓 8분 만에 전석 매진시킨다는 버추얼 아이돌 근황 / 스브스뉴스,스브스뉴스 SUBUSUNEWS,대댓글,@minos780,"@I_want_to_go_home_0811 내 생각엔 안비슷함 방탄,블핑 영상 댓글보면 그냥 팬으로써의 사랑이 느껴지는데, 얘내는 댓글 좀 보니까 그냥 온세상 사람들이 반드시 알아야되는거마냥 먼가 포교 강박증에 사로잡힌 사이비들 같음 ㅋㅋㅋ 나같은 사람들은 그냥 거부감부터 듬",9,2023-10-06T18:21:47Z,0,UgzdfBPdcXXv0V49yE94AaABAg.9vWGvefHkxd9vXoHRW81d5,S1bcy4h1mS8,UCwpRNnb0boVCZX5UMvMVG7Q,2024-06-18T02:08:11Z,UgzdfBPdcXXv0V49yE94AaABAg,긍정
콘서트 티켓 8분 만에 전석 매진시킨다는 버추얼 아이돌 근황 / 스브스뉴스,스브스뉴스 SUBUSUNEWS,대댓글,@qakwi1,종교?ㅋㅋ .. 티난다,4,2023-10-06T23:59:47Z,0,UgzdfBPdcXXv0V49yE94AaABAg.9vWGvefHkxd9vYPy22-hIr,S1bcy4h1mS8,UC0ETJPNT9-v7jDyYGmpyNTw,2023-10-06T23:59:47Z,UgzdfBPdcXXv0V49yE94AaABAg,중립
콘서트 티켓 8분 만에 전석 매진시킨다는 버추얼 아이돌 근황 / 스브스뉴스,스브스뉴스 SUBUSUNEWS,대댓글,@트수핀구단,"그런 모습을 종교라고 표현하는 것 자체가... ㅋㅋㅋ 단순히 같은 그룹을 좋아하고, 그 팬덤이 점점 커져나가는 것뿐인데 누군가를 좋아한다는 이유만으로 남을 까내리는 사상이 더 잘못되었다는 생각까진 못 미처본걸까",14,2023-10-08T13:11:21Z,0,UgzdfBPdcXXv0V49yE94AaABAg.9vWGvefHkxd9vbPLVTh77l,S1bcy4h1mS8,UCFTS9KEiq-YOrqfHTLYa-Ng,2023-10-08T13:11:21Z,UgzdfBPdcXXv0V49yE94AaABAg,긍정
콘서트 티켓 8분 만에 전석 매진시킨다는 버추얼 아이돌 근황 / 스브스뉴스,스브스뉴스 SUBUSUNEWS,대댓글,@KangBrui,좋아하는 아이돌 소개하는 영상이니까 몰려온건 당연한거 아닌가,0,2023-10-08T19:33:52Z,0,UgzdfBPdcXXv0V49yE94AaABAg.9vWGvefHkxd9vc578QwHkO,S1bcy4h1mS8,UCVIwu2CCaJGWxQpUqfqS1_Q,2023-10-08T19:33:52Z,UgzdfBPdcXXv0V49yE94AaABAg,긍정
콘서트 티켓 8분 만에 전석 매진시킨다는 버추얼 아이돌 근황 / 스브스뉴스,스브스뉴스 SUBUSUNEWS,최상위 댓글,@Texgotcombo,이런걸 좋아하는게 이해가 안되네...,24,2023-09-28T14:29:46Z,3,Ugy4nQOwgzbkOG49oUF4AaABAg,S1bcy4h1mS8,UCIHtVw1N-3gbAN4LzwtngWg,2023-09-28T14:29:46Z,,긍정
콘서트 티켓 8분 만에 전석 매진시킨다는 버추얼 아이돌 근황 / 스브스뉴스,스브스뉴스 SUBUSUNEWS,대댓글,@Axiommen,한번만 잡숴보셈 ㄹㅇ 뽕감,4,2023-09-28T15:41:14Z,0,Ugy4nQOwgzbkOG49oUF4AaABAg.9vCnN6j3G3m9vCvYXVFnSS,S1bcy4h1mS8,UCe3eASDsYw6h8acWIrr8HgA,2023-09-28T15:41:14Z,Ugy4nQOwgzbkOG49oUF4AaABAg,중립
콘서트 티켓 8분 만에 전석 매진시킨다는 버추얼 아이돌 근황 / 스브스뉴스,스브스뉴스 SUBUSUNEWS,대댓글,@이희윤-m4w,​@Axiommenㄹㅇ ㅋㅋ,1,2023-09-28T17:57:59Z,0,Ugy4nQOwgzbkOG49oUF4AaABAg.9vCnN6j3G3m9vDACB06YFP,S1bcy4h1mS8,UCJ2GKst0GS0LPCx0EXa9qHQ,2024-06-17T21:27:07Z,Ugy4nQOwgzbkOG49oUF4AaABAg,중립
콘서트 티켓 8분 만에 전석 매진시킨다는 버추얼 아이돌 근황 / 스브스뉴스,스브스뉴스 SUBUSUNEWS,대댓글,@jony503,​@Axiommenㄹㅇㅋㅋ,0,2023-09-29T00:21:46Z,0,Ugy4nQOwgzbkOG49oUF4AaABAg.9vCnN6j3G3m9vDr70Gf4Ct,S1bcy4h1mS8,UCklVWmffHMTrvM23VF2kk3A,2024-06-17T21:27:07Z,Ugy4nQOwgzbkOG49oUF4AaABAg,중립
콘서트 티켓 8분 만에 전석 매진시킨다는 버추얼 아이돌 근황 / 스브스뉴스,스브스뉴스 SUBUSUNEWS,최상위 댓글,@silrus77,근데 진짜 이건 정신병같음,22,2023-10-09T00:25:33Z,10,Ugxx1ZIg1rWwSDYNxrh4AaABAg,S1bcy4h1mS8,UCOodqF9TK4kHW1RPbNRrAUw,2023-10-09T00:25:33Z,,중립
콘서트 티켓 8분 만에 전석 매진시킨다는 버추얼 아이돌 근황 / 스브스뉴스,스브스뉴스 SUBUSUNEWS,대댓글,@세상-z1r,나도 1년전엔 너와 같은생각했었다,23,2023-10-09T04:30:29Z,0,Ugxx1ZIg1rWwSDYNxrh4AaABAg.9vcbVVTGT3S9vd2XV50eTM,S1bcy4h1mS8,UCmGsTErlDg_tNLXCyx541oA,2023-10-09T04:30:29Z,Ugxx1ZIg1rWwSDYNxrh4AaABAg,중립
콘서트 티켓 8분 만에 전석 매진시킨다는 버추얼 아이돌 근황 / 스브스뉴스,스브스뉴스 SUBUSUNEWS,대댓글,@isegye4ever,게임도 정신병 맞죠? 그쵸?,13,2023-10-09T10:54:29Z,0,Ugxx1ZIg1rWwSDYNxrh4AaABAg.9vcbVVTGT3S9vdjTykM9vR,S1bcy4h1mS8,UCvVm5-UYNSVMhyUwo3mk4kQ,2023-10-09T10:54:29Z,Ugxx1ZIg1rWwSDYNxrh4AaABAg,중립
콘서트 티켓 8분 만에 전석 매진시킨다는 버추얼 아이돌 근황 / 스브스뉴스,스브스뉴스 SUBUSUNEWS,대댓글,@최수민-k7m,@isegye4ever그럼 정신병자 들이 금메달 딴거네 ㅎㄷㄷ,6,2023-10-09T21:09:58Z,0,Ugxx1ZIg1rWwSDYNxrh4AaABAg.9vcbVVTGT3S9vepusCXS6E,S1bcy4h1mS8,UCkRYmLYDmxW6CQyn3fJI0tA,2024-06-18T03:58:17Z,Ugxx1ZIg1rWwSDYNxrh4AaABAg,중립
콘서트 티켓 8분 만에 전석 매진시킨다는 버추얼 아이돌 근황 / 스브스뉴스,스브스뉴스 SUBUSUNEWS,대댓글,@taedo-1947,입덕 부정기 킹아~,3,2023-10-10T15:31:10Z,0,Ugxx1ZIg1rWwSDYNxrh4AaABAg.9vcbVVTGT3S9vgnwMT1XdS,S1bcy4h1mS8,UCSZkwiYAUkKtVB_GjLHX24A,2023-10-10T15:31:10Z,Ugxx1ZIg1rWwSDYNxrh4AaABAg,중립
콘서트 티켓 8분 만에 전석 매진시킨다는 버추얼 아이돌 근황 / 스브스뉴스,스브스뉴스 SUBUSUNEWS,대댓글,@alclsfkfma,​@최수민-k7m그러러게요 저사람 논리대로면 게임도 정신병인데 정신병자들이 올림픽 메달도 따고... 참 세상이 말세네요...,5,2023-10-10T17:37:50Z,0,Ugxx1ZIg1rWwSDYNxrh4AaABAg.9vcbVVTGT3S9vh1R1sFJlZ,S1bcy4h1mS8,UCD9tulWgf7ncS5KfY4_f8Kg,2024-06-18T03:58:17Z,Ugxx1ZIg1rWwSDYNxrh4AaABAg,중립
콘서트 티켓 8분 만에 전석 매진시킨다는 버추얼 아이돌 근황 / 스브스뉴스,스브스뉴스 SUBUSUNEWS,최상위 댓글,@롤링라스,미쿠 콘서트 욕하더만 결국 그걸 따라가네 ㅋㅋ,2,2024-01-17T10:41:20Z,0,UgySFBJEEDSTV47kcoF4AaABAg,S1bcy4h1mS8,UCuuUoyG-Y0WGLjvz7tSq8cA,2024-01-17T10:41:20Z,,중립
콘서트 티켓 8분 만에 전석 매진시킨다는 버추얼 아이돌 근황 / 스브스뉴스,스브스뉴스 SUBUSUNEWS,최상위 댓글,@TVhongkacola,바둑기사 이세돌님 자기 이름 오염돼서 상당히 빡치시겠네 네이버나 구글에 검색할 때도 이딴거 ㅈㄴ 나올텐데,13,2023-09-28T12:53:44Z,10,UgyhlDNy5E2fGIZ-AYx4AaABAg,S1bcy4h1mS8,UC6is4mJntEBCljdBToSifkw,2023-09-28T12:53:44Z,,중립
콘서트 티켓 8분 만에 전석 매진시킨다는 버추얼 아이돌 근황 / 스브스뉴스,스브스뉴스 SUBUSUNEWS,대댓글,@jjeem닭,바둑 기사님도 이세계 아이돌 알고있고 기분이 나쁘다고 하지도 않아요~ 정보 좀 찾아보고 댓글 다세요~ 킹아~!,21,2023-09-28T13:08:20Z,0,UgyhlDNy5E2fGIZ-AYx4AaABAg.9vCcNkhlWfU9vCe2eeY685,S1bcy4h1mS8,UC_hCwlgJfFafRQMOq2WeoxQ,2023-09-28T13:08:20Z,UgyhlDNy5E2fGIZ-AYx4AaABAg,부정
콘서트 티켓 8분 만에 전석 매진시킨다는 버추얼 아이돌 근황 / 스브스뉴스,스브스뉴스 SUBUSUNEWS,대댓글,@TVhongkacola,@jjeem닭 멀쩡히 잘 돌아가는 대한민국 망했다는 ^친중or친일 뿔테안경고도비만거북유방도태남^ 말은 안 듣는다,3,2023-09-28T13:13:21Z,0,UgyhlDNy5E2fGIZ-AYx4AaABAg.9vCcNkhlWfU9vCecQ9bHyr,S1bcy4h1mS8,UC6is4mJntEBCljdBToSifkw,2024-04-18T02:19:50Z,UgyhlDNy5E2fGIZ-AYx4AaABAg,중립
콘서트 티켓 8분 만에 전석 매진시킨다는 버추얼 아이돌 근황 / 스브스뉴스,스브스뉴스 SUBUSUNEWS,대댓글,@배우현-x5o,​@TVhongkacolaㅋㅋㅋㅋㅋ 진짜 개웃기네 지만 모르는거봐 ㅋㅋㅋ,14,2023-09-28T13:15:33Z,0,UgyhlDNy5E2fGIZ-AYx4AaABAg.9vCcNkhlWfU9vCesX6JocI,S1bcy4h1mS8,UCbv_Ji5d6ok4A8zjB-15phg,2024-04-18T02:19:50Z,UgyhlDNy5E2fGIZ-AYx4AaABAg,중립
콘서트 티켓 8분 만에 전석 매진시킨다는 버추얼 아이돌 근황 / 스브스뉴스,스브스뉴스 SUBUSUNEWS,대댓글,@isegye4ever,"https://youtube.com/shorts/7Du48i-4Oew?si=6UFYs0oksEEZtiWI
바둑기사님은 처음부터 알고계셨는데 자신이 이해하기 쉽지않은 문화지만 뭐 그런갑다하고 넘긴다네요~ 걱정할 정돈 아닌듯ㅎㅎ",3,2023-09-28T14:15:27Z,0,UgyhlDNy5E2fGIZ-AYx4AaABAg.9vCcNkhlWfU9vCljD1T_0o,S1bcy4h1mS8,UCvVm5-UYNSVMhyUwo3mk4kQ,2023-09-28T14:15:27Z,UgyhlDNy5E2fGIZ-AYx4AaABAg,중립
콘서트 티켓 8분 만에 전석 매진시킨다는 버추얼 아이돌 근황 / 스브스뉴스,스브스뉴스 SUBUSUNEWS,대댓글,@nyanyaneo7080,"네~ 바둑기사 이세돌님 이미 인터뷰 하셨어요^^
아니 그리고 아이즈원 닉 달고 이딴 댓 좀 쓰지마 나도 위즈원이었음...",2,2023-09-28T14:21:43Z,0,UgyhlDNy5E2fGIZ-AYx4AaABAg.9vCcNkhlWfU9vCmS5m2rcc,S1bcy4h1mS8,UC-yyYMole-yaiZFnJw5o7VA,2023-09-28T14:24:02Z,UgyhlDNy5E2fGIZ-AYx4AaABAg,중립
콘서트 티켓 8분 만에 전석 매진시킨다는 버추얼 아이돌 근황 / 스브스뉴스,스브스뉴스 SUBUSUNEWS,최상위 댓글,@yang7440,쟤네 군인 비하한 애들 아님?,13,2023-09-30T13:47:38Z,7,UgyJxmIgoMpcoCI1eRF4AaABAg,S1bcy4h1mS8,UC70Mv65NiM-dYp-XM5eKp3A,2023-09-30T13:47:38Z,,중립
콘서트 티켓 8분 만에 전석 매진시킨다는 버추얼 아이돌 근황 / 스브스뉴스,스브스뉴스 SUBUSUNEWS,대댓글,@jhgyudfgd,그 떡밥 식은지 오래여,5,2023-09-30T16:29:42Z,0,UgyJxmIgoMpcoCI1eRF4AaABAg.9vHs8FRy8XJ9vI9gHyQ0Zb,S1bcy4h1mS8,UCYiE20eamo7j-Pbq373e-tQ,2023-09-30T16:29:42Z,UgyJxmIgoMpcoCI1eRF4AaABAg,중립
콘서트 티켓 8분 만에 전석 매진시킨다는 버추얼 아이돌 근황 / 스브스뉴스,스브스뉴스 SUBUSUNEWS,대댓글,@isegye4ever,"팩트: 군인 비하가 아니라 군인생활의 처지가 궁금해서 말을 하기 시작함. 옛날 군대월급보다 많이 받으니 예전보다 군대생활이 좀더 윤택해지지 않을까하는 뉘앙스였지만, 본인 생각과 달리 상황이 다르게 흘러가고 있음을 인지하고 군인에 대한 사과와 앞으로 그러지 않겠다는 글을 올림. 그로부터 며칠동안은 입도 뻥끗 안하고 조용히 지냈음. 작년 말부터 커버곡과 뉴아바타로 활동을 제대로 다시 하면서 1년간 재발이 생기지 않음. 그때부터 1년간 왁타버스 내에서 사건사고,논란까지 있었지만 주르르님은 그 사이에 뭘 일으킨적 한번도 없음.
그리고 그사이에 이세계아이돌은 군인이 뽑은 군인픽 걸그룹 중 네번째 그룹이 되었다.",21,2023-09-30T18:44:09Z,0,UgyJxmIgoMpcoCI1eRF4AaABAg.9vHs8FRy8XJ9vIP435v8bW,S1bcy4h1mS8,UCvVm5-UYNSVMhyUwo3mk4kQ,2023-09-30T18:45:43Z,UgyJxmIgoMpcoCI1eRF4AaABAg,중립
콘서트 티켓 8분 만에 전석 매진시킨다는 버추얼 아이돌 근황 / 스브스뉴스,스브스뉴스 SUBUSUNEWS,대댓글,@슈프림-b3e,음습하다 음습해 ㅋㅋ,2,2023-09-30T20:10:23Z,0,UgyJxmIgoMpcoCI1eRF4AaABAg.9vHs8FRy8XJ9vIYwdxRYwc,S1bcy4h1mS8,UC1QopDxjhlWeQNWPvWHtL8A,2023-09-30T20:10:23Z,UgyJxmIgoMpcoCI1eRF4AaABAg,중립
콘서트 티켓 8분 만에 전석 매진시킨다는 버추얼 아이돌 근황 / 스브스뉴스,스브스뉴스 SUBUSUNEWS,대댓글,@utreeu,"사람 죽이는 사이버렉카 여기있네..

월급40만원 받다가 200만원 받으면 괜찮은거 아니에요?

그래도 안가?, 아 그렇구나 <이거였는데 이게 비하로 느껴지면 얼마나 열등감에 찌들어있는거냐..",14,2023-09-30T23:31:54Z,0,UgyJxmIgoMpcoCI1eRF4AaABAg.9vHs8FRy8XJ9vIv-XcR8_S,S1bcy4h1mS8,UCZgiq3tVztqCRA7JnYYwwSg,2023-09-30T23:31:54Z,UgyJxmIgoMpcoCI1eRF4AaABAg,중립
콘서트 티켓 8분 만에 전석 매진시킨다는 버추얼 아이돌 근황 / 스브스뉴스,스브스뉴스 SUBUSUNEWS,대댓글,@utreeu,"@user-dq8ls6jm3b ? 보통 어른이나 나이 많은분이 요즘 군대 얼마받나? 이러면 40만원 받는다하면 나올때 학비는 되겠네 이런 소리 하시는데 그것도 정색하고 지금 무슨 말하시는거에요? 이래야함?

그냥 몰라서 몰어본건데
200만원이면 재대할때 2천만원이 넘는데..
그래도 안가냐고 물어보는거에 바들바들 거리네",6,2023-10-01T01:41:37Z,0,UgyJxmIgoMpcoCI1eRF4AaABAg.9vHs8FRy8XJ9vJ8qedMw9D,S1bcy4h1mS8,UCZgiq3tVztqCRA7JnYYwwSg,2024-04-18T01:41:15Z,UgyJxmIgoMpcoCI1eRF4AaABAg,중립
콘서트 티켓 8분 만에 전석 매진시킨다는 버추얼 아이돌 근황 / 스브스뉴스,스브스뉴스 SUBUSUNEWS,최상위 댓글,@grillonyou,"1:29 가상의 인물 아닙니다
본인이 이름과 외견만 바꿔서 자신으로 활동을 해나가시는겁니다

보통 가상인물이라면 일본버튜버처럼 개인정보전체가 설정 픽션인 경우로 스토리작가도 따로있어 해당 버튜버 캐릭터를 연기하는 성우 성격이 크지만

이세돌은 본인의 개인정보와 과거를 기반으로 자기 능력껏 방송활동을 끌고가는 분들입니다",5,2023-09-28T17:04:49Z,6,UgxFtp_QGfIv3Q5HR3l4AaABAg,S1bcy4h1mS8,UCasO52q8Khe0bpbbY73dQzg,2023-09-28T17:04:49Z,,중립
콘서트 티켓 8분 만에 전석 매진시킨다는 버추얼 아이돌 근황 / 스브스뉴스,스브스뉴스 SUBUSUNEWS,대댓글,@줄없는번지점프,그게 가상의 인물이라는거임 자기를 모티브로 해도 현실에 존재하지 않잖아?,4,2023-09-28T17:47:40Z,0,UgxFtp_QGfIv3Q5HR3l4AaABAg.9vD46gS1Wg59vD90WvOT3e,S1bcy4h1mS8,UCsv68K0ZbAgE9SEGfGBZvXw,2023-09-28T17:47:40Z,UgxFtp_QGfIv3Q5HR3l4AaABAg,중립
콘서트 티켓 8분 만에 전석 매진시킨다는 버추얼 아이돌 근황 / 스브스뉴스,스브스뉴스 SUBUSUNEWS,대댓글,@grillonyou,"아무래도 가상인물 한단어로는 마치
 AI사이버가수 아담 취급될거같아서 

달리 설명해보고 싶었어요

결국 실존인물 개인들이 자기판단으로 활동하는거다보니",1,2023-09-28T19:24:43Z,0,UgxFtp_QGfIv3Q5HR3l4AaABAg.9vD46gS1Wg59vDK7M22_hh,S1bcy4h1mS8,UCasO52q8Khe0bpbbY73dQzg,2023-09-28T19:24:43Z,UgxFtp_QGfIv3Q5HR3l4AaABAg,중립
콘서트 티켓 8분 만에 전석 매진시킨다는 버추얼 아이돌 근황 / 스브스뉴스,스브스뉴스 SUBUSUNEWS,대댓글,@Dd-xp8hf,개인정보와 과거를 기반으로 하지만 그것들은 본인들 외에는 모르지 않나요? 그 과거를 거짓으로 얘기할 수도 있는거구요. 결국 직접 드러내지 않는 한 '가상의 인물'을 연기함은 틀린 말이 아니라고 생각하는데요.. 외견도 다르고 이름도 다르고 본인의 과거나 개인정보도 혼자만 알고 있다면  '가상의 인물'이라고 표현하는게 문제가 있어 보이진 않습니다.,0,2023-09-29T06:42:07Z,0,UgxFtp_QGfIv3Q5HR3l4AaABAg.9vD46gS1Wg59vEXdrqqEMF,S1bcy4h1mS8,UCffvntW6PUsdaTxRuOsTCrg,2023-09-29T06:42:07Z,UgxFtp_QGfIv3Q5HR3l4AaABAg,중립
콘서트 티켓 8분 만에 전석 매진시킨다는 버추얼 아이돌 근황 / 스브스뉴스,스브스뉴스 SUBUSUNEWS,대댓글,@ilovesonny777,저분들 얼공하셨나요??? 인터넷에 이세돌 빨간약 치니까 나오긴하던데...,0,2023-09-29T07:16:26Z,0,UgxFtp_QGfIv3Q5HR3l4AaABAg.9vD46gS1Wg59vEa_ACEN3i,S1bcy4h1mS8,UCEzWVtUU0jghrjncrMQ5wmQ,2023-09-29T07:16:26Z,UgxFtp_QGfIv3Q5HR3l4AaABAg,중립
콘서트 티켓 8분 만에 전석 매진시킨다는 버추얼 아이돌 근황 / 스브스뉴스,스브스뉴스 SUBUSUNEWS,대댓글,@달처럼별처럼,​@ilovesonny777얼공안하셧습니다 일부 무례한분들이 억지로 퍼날르는 사진이라 모아서 저분들이 신고하면 처벌밭는걸로 알고있어요,0,2023-09-29T09:44:02Z,0,UgxFtp_QGfIv3Q5HR3l4AaABAg.9vD46gS1Wg59vErTFB0wYK,S1bcy4h1mS8,UCSwp944US7VPvwFdIqYXezA,2024-06-18T00:04:50Z,UgxFtp_QGfIv3Q5HR3l4AaABAg,긍정
콘서트 티켓 8분 만에 전석 매진시킨다는 버추얼 아이돌 근황 / 스브스뉴스,스브스뉴스 SUBUSUNEWS,최상위 댓글,@user-pc8ox6xv7i,씹덕들 이게 인싸문화라거 생각하는거 개웃김,21,2023-10-23T07:44:38Z,9,UgxJRrLbB0CbXrmpoUZ4AaABAg,S1bcy4h1mS8,UCauwQiHs0KilNRGZFQ4XIKw,2023-10-23T07:44:38Z,,중립
콘서트 티켓 8분 만에 전석 매진시킨다는 버추얼 아이돌 근황 / 스브스뉴스,스브스뉴스 SUBUSUNEWS,대댓글,@user-Sg7ok6ew71,아무도 그렇게 생각안함. 이파리들도 이거 씹덕같은거인거 알고있음 분탕ㄴㄴ,37,2023-10-23T12:06:06Z,0,UgxJRrLbB0CbXrmpoUZ4AaABAg.9wCRsfTk0MZ9wCunmwgGli,S1bcy4h1mS8,UCCaaBfqv6u3jwK64woMHhQQ,2023-10-23T12:06:06Z,UgxJRrLbB0CbXrmpoUZ4AaABAg,중립
콘서트 티켓 8분 만에 전석 매진시킨다는 버추얼 아이돌 근황 / 스브스뉴스,스브스뉴스 SUBUSUNEWS,대댓글,@휘파람-d1r,ㄹㅇㅋㅋ,3,2023-10-29T01:44:39Z,0,UgxJRrLbB0CbXrmpoUZ4AaABAg.9wCRsfTk0MZ9wRFSJ_pd8p,S1bcy4h1mS8,UCxT-H7jHxj_K8OeDofj4a9A,2023-10-29T01:44:39Z,UgxJRrLbB0CbXrmpoUZ4AaABAg,중립
콘서트 티켓 8분 만에 전석 매진시킨다는 버추얼 아이돌 근황 / 스브스뉴스,스브스뉴스 SUBUSUNEWS,대댓글,@goggumaa,버츄얼 아이돌이 어떻게 인싸 문화야 임마 ㅋㅋㅋㅋㅋㅋ 우리들끼리 신나게 놀아도 모자랄 판에,15,2023-10-31T20:22:03Z,0,UgxJRrLbB0CbXrmpoUZ4AaABAg.9wCRsfTk0MZ9wYOvAqxe2b,S1bcy4h1mS8,UCxi1G6ZUIjP_DNr95Lk0E8A,2023-10-31T20:22:03Z,UgxJRrLbB0CbXrmpoUZ4AaABAg,중립
콘서트 티켓 8분 만에 전석 매진시킨다는 버추얼 아이돌 근황 / 스브스뉴스,스브스뉴스 SUBUSUNEWS,대댓글,@king-a8282,우리끼리 노는 음지문화,2,2023-11-08T10:55:15Z,0,UgxJRrLbB0CbXrmpoUZ4AaABAg.9wCRsfTk0MZ9wqzPqtDuta,S1bcy4h1mS8,UCdppmOWa6Jit2IM_tDT4lbg,2023-11-08T10:55:15Z,UgxJRrLbB0CbXrmpoUZ4AaABAg,중립
콘서트 티켓 8분 만에 전석 매진시킨다는 버추얼 아이돌 근황 / 스브스뉴스,스브스뉴스 SUBUSUNEWS,대댓글,@스노우-u6i,인싸문화거 되길 바라는거지 그렇게 생각 안해 ㅋㅋㅋㅋ,0,2024-01-06T16:05:20Z,0,UgxJRrLbB0CbXrmpoUZ4AaABAg.9wCRsfTk0MZ9zESnaaRXqC,S1bcy4h1mS8,UCZpqYUHatHtZAstiLe6XCIg,2024-01-06T16:05:20Z,UgxJRrLbB0CbXrmpoUZ4AaABAg,중립
콘서트 티켓 8분 만에 전석 매진시킨다는 버추얼 아이돌 근황 / 스브스뉴스,스브스뉴스 SUBUSUNEWS,최상위 댓글,@벽오름,이세돌은 거부감 없는데 그 팬덤이 역함,6,2023-09-30T03:30:38Z,0,Ugz5rjQvE7GJxvvxgr94AaABAg,S1bcy4h1mS8,UCPEcJqH4Nrd2_NbPy2Rk6Uw,2023-09-30T03:30:38Z,,중립
콘서트 티켓 8분 만에 전석 매진시킨다는 버추얼 아이돌 근황 / 스브스뉴스,스브스뉴스 SUBUSUNEWS,최상위 댓글,@水着-l8c,모두 잠수준비,8,2024-03-27T01:52:15Z,0,UgypDN_jQxs0-TWW-x94AaABAg,S1bcy4h1mS8,UCifbyrmhMDxWHFHhDVSh4mw,2024-03-27T01:52:15Z,,중립
콘서트 티켓 8분 만에 전석 매진시킨다는 버추얼 아이돌 근황 / 스브스뉴스,스브스뉴스 SUBUSUNEWS,최상위 댓글,@지나가던사람,진짜 이해 안가네;,7,2023-12-11T07:27:24Z,1,UgxesqSIix8B88c0IxJ4AaABAg,S1bcy4h1mS8,UCKzbllAqMR5ZjlQ7lFgGVvw,2023-12-11T07:27:24Z,,중립
콘서트 티켓 8분 만에 전석 매진시킨다는 버추얼 아이돌 근황 / 스브스뉴스,스브스뉴스 SUBUSUNEWS,대댓글,@오오옹오옹,계속 하지 마시길 바랍니다! ㅎ,8,2023-12-30T01:56:43Z,0,UgxesqSIix8B88c0IxJ4AaABAg.9yA_rP8Ey089yvv6vx2o5p,S1bcy4h1mS8,UCPVPG7PXycYStMuBwlvVeIQ,2023-12-30T01:56:43Z,UgxesqSIix8B88c0IxJ4AaABAg,중립
콘서트 티켓 8분 만에 전석 매진시킨다는 버추얼 아이돌 근황 / 스브스뉴스,스브스뉴스 SUBUSUNEWS,최상위 댓글,@강주호-h6k,음악 프로그램에는 안나오면 좋겠다,15,2023-10-07T14:23:36Z,7,UgzizxXkP2IK3bvq_hp4AaABAg,S1bcy4h1mS8,UCsigAI7bvF4LM5GozyMThOQ,2023-10-07T14:23:36Z,,중립
콘서트 티켓 8분 만에 전석 매진시킨다는 버추얼 아이돌 근황 / 스브스뉴스,스브스뉴스 SUBUSUNEWS,대댓글,@xesmeteor,이미 나왔고 ㅋㅋㅋㅋㅋ앞으로 계속 나올예정,4,2023-10-10T11:51:44Z,0,UgzizxXkP2IK3bvq_hp4AaABAg.9vZxokc66L49vgPp7t_Rho,S1bcy4h1mS8,UCp2IG8yflZeySOiCixZUS7g,2023-10-10T11:51:44Z,UgzizxXkP2IK3bvq_hp4AaABAg,중립
콘서트 티켓 8분 만에 전석 매진시킨다는 버추얼 아이돌 근황 / 스브스뉴스,스브스뉴스 SUBUSUNEWS,대댓글,@타미-tami,이미 나왔는걸..,2,2023-10-13T09:15:54Z,0,UgzizxXkP2IK3bvq_hp4AaABAg.9vZxokc66L49vnrNOMtuNV,S1bcy4h1mS8,UC-kC-j9g36Uzd_Ypw0RLGVQ,2023-10-13T09:15:54Z,UgzizxXkP2IK3bvq_hp4AaABAg,중립
콘서트 티켓 8분 만에 전석 매진시킨다는 버추얼 아이돌 근황 / 스브스뉴스,스브스뉴스 SUBUSUNEWS,대댓글,@세균단-c4s,이미 나왔쥬,2,2023-10-15T02:57:07Z,0,UgzizxXkP2IK3bvq_hp4AaABAg.9vZxokc66L49vsKbtQaMah,S1bcy4h1mS8,UCUtZaeA3I1aV8UdMpeXSM2Q,2023-10-15T02:57:07Z,UgzizxXkP2IK3bvq_hp4AaABAg,중립
콘서트 티켓 8분 만에 전석 매진시킨다는 버추얼 아이돌 근황 / 스브스뉴스,스브스뉴스 SUBUSUNEWS,대댓글,@tanicham,틀니 압수 ^^,1,2023-10-16T16:53:24Z,0,UgzizxXkP2IK3bvq_hp4AaABAg.9vZxokc66L49vwP6tV-wbx,S1bcy4h1mS8,UC2fP8iLziZxEohpYvkbmRNQ,2023-10-16T16:53:24Z,UgzizxXkP2IK3bvq_hp4AaABAg,중립
콘서트 티켓 8분 만에 전석 매진시킨다는 버추얼 아이돌 근황 / 스브스뉴스,스브스뉴스 SUBUSUNEWS,대댓글,@Kimdoyoungsasangfan,어 나왔고 킹애^^,1,2023-10-27T13:38:32Z,0,UgzizxXkP2IK3bvq_hp4AaABAg.9vZxokc66L49wNNZGCEdju,S1bcy4h1mS8,UCoFNdqY7yLBb060Sup6-lFQ,2023-10-27T13:38:32Z,UgzizxXkP2IK3bvq_hp4AaABAg,중립
콘서트 티켓 8분 만에 전석 매진시킨다는 버추얼 아이돌 근황 / 스브스뉴스,스브스뉴스 SUBUSUNEWS,최상위 댓글,@kwon670,"푸바오 중국반환할때 울고 뭐 어쩌구 저쩌구 나라망했니 하면서 
이거보면 그냥 다 거기서 거기인거 아니냐? ㅋㅋㅋ",0,2024-08-03T12:33:49Z,3,Ugw79VhiyB8OSXxvB1x4AaABAg,S1bcy4h1mS8,UCy3wcga1XsDt2FlMrri4QzQ,2024-08-03T12:33:49Z,,중립
콘서트 티켓 8분 만에 전석 매진시킨다는 버추얼 아이돌 근황 / 스브스뉴스,스브스뉴스 SUBUSUNEWS,대댓글,@uzi7469,갑자기 뜬금없이 푸바오가 왜 나오노?,7,2024-08-03T14:56:06Z,0,Ugw79VhiyB8OSXxvB1x4AaABAg.A6foX6iT1z4A6g3oBuzLvo,S1bcy4h1mS8,UC_fZznt3VD_7G4ayJtkiqWg,2024-08-03T14:56:06Z,Ugw79VhiyB8OSXxvB1x4AaABAg,중립
콘서트 티켓 8분 만에 전석 매진시킨다는 버추얼 아이돌 근황 / 스브스뉴스,스브스뉴스 SUBUSUNEWS,대댓글,@user-bu1wt1zp7t,논점을 못 잡은 사람,5,2024-08-07T08:24:08Z,0,Ugw79VhiyB8OSXxvB1x4AaABAg.A6foX6iT1z4A6pf7rKeKVj,S1bcy4h1mS8,UCAn9z1tUBsi6C2kEUv-4z5A,2024-08-07T08:24:08Z,Ugw79VhiyB8OSXxvB1x4AaABAg,중립
콘서트 티켓 8분 만에 전석 매진시킨다는 버추얼 아이돌 근황 / 스브스뉴스,스브스뉴스 SUBUSUNEWS,대댓글,@tmwmfks3345,국어 몇등급 나오냐 너?ㅋㅋㅋ,0,2025-02-12T08:50:48Z,0,Ugw79VhiyB8OSXxvB1x4AaABAg.A6foX6iT1z4AERNQaMAIRc,S1bcy4h1mS8,UCYPWgljh5EMQTvqfddclOtA,2025-02-12T08:50:48Z,Ugw79VhiyB8OSXxvB1x4AaABAg,중립
콘서트 티켓 8분 만에 전석 매진시킨다는 버추얼 아이돌 근황 / 스브스뉴스,스브스뉴스 SUBUSUNEWS,최상위 댓글,@Kotomi_1,와 이게 대한민국 수준이냐... 진심 역하다,16,2023-10-04T13:04:20Z,6,UgwJ4NWJLCUatboBIjF4AaABAg,S1bcy4h1mS8,UCkHW2S9Te6ki5rZjxNPd0Bg,2023-10-04T13:04:20Z,,중립
콘서트 티켓 8분 만에 전석 매진시킨다는 버추얼 아이돌 근황 / 스브스뉴스,스브스뉴스 SUBUSUNEWS,대댓글,@리다메박,굳이 이영상보면서 악플다는 니가 더 역한게 아닐까 그리고 대한민국수준이 뭐?원래 손가락으로 유명인들 죽여온 민족이  수준 이러고있네 ㅋㅋㅋ니들 악플로 사람 한둘죽였냐 ㅋㅋㅋㅋㅋ,20,2023-10-04T14:51:23Z,0,UgwJ4NWJLCUatboBIjF4AaABAg.9vS5MamXflC9vSHbfLn-JE,S1bcy4h1mS8,UCKj4aMFgy_8nGJ_vzzrYSTA,2023-10-04T14:51:23Z,UgwJ4NWJLCUatboBIjF4AaABAg,중립
콘서트 티켓 8분 만에 전석 매진시킨다는 버추얼 아이돌 근황 / 스브스뉴스,스브스뉴스 SUBUSUNEWS,대댓글,@언덕-d8c,죄송하지만 파겨님 프사걸고 이런댓글은 조금 보기 안좋은거같아요,7,2023-10-04T15:22:16Z,0,UgwJ4NWJLCUatboBIjF4AaABAg.9vS5MamXflC9vSL8uC_qmo,S1bcy4h1mS8,UCv3Wew-MNAigidMUQTuJk0A,2023-10-04T15:22:16Z,UgwJ4NWJLCUatboBIjF4AaABAg,부정
콘서트 티켓 8분 만에 전석 매진시킨다는 버추얼 아이돌 근황 / 스브스뉴스,스브스뉴스 SUBUSUNEWS,대댓글,@이제는덕질없다,프사씹ㅋㅋ,0,2023-10-05T08:31:57Z,0,UgwJ4NWJLCUatboBIjF4AaABAg.9vS5MamXflC9vUAzWVu-ye,S1bcy4h1mS8,UCJM8XUL6Su9VL54HVLFIqiQ,2023-10-05T08:31:57Z,UgwJ4NWJLCUatboBIjF4AaABAg,중립
콘서트 티켓 8분 만에 전석 매진시킨다는 버추얼 아이돌 근황 / 스브스뉴스,스브스뉴스 SUBUSUNEWS,대댓글,@kwon_hx,니 프사랑 재생목록 시팔ㅋㅋㅋㅋ,4,2023-10-05T10:42:52Z,0,UgwJ4NWJLCUatboBIjF4AaABAg.9vS5MamXflC9vUPyMeyUQf,S1bcy4h1mS8,UCwu0bBKXaXgu2jO7ul1B-Sg,2023-10-05T10:42:52Z,UgwJ4NWJLCUatboBIjF4AaABAg,긍정
콘서트 티켓 8분 만에 전석 매진시킨다는 버추얼 아이돌 근황 / 스브스뉴스,스브스뉴스 SUBUSUNEWS,대댓글,@kim-fq6pz,ㅋㅋㅋ,0,2023-10-05T11:34:02Z,0,UgwJ4NWJLCUatboBIjF4AaABAg.9vS5MamXflC9vUVp8cZPON,S1bcy4h1mS8,UCddyFON8Ewepq6AvNm6I8TA,2023-10-05T11:34:02Z,UgwJ4NWJLCUatboBIjF4AaABAg,중립
콘서트 티켓 8분 만에 전석 매진시킨다는 버추얼 아이돌 근황 / 스브스뉴스,스브스뉴스 SUBUSUNEWS,최상위 댓글,@이세돌은전설이다,대 세 돌,3,2024-12-23T01:56:09Z,0,UgyjDsts-_ArY_RuXMN4AaABAg,S1bcy4h1mS8,UCWagzaVXNtz39ejgIZ3CgWQ,2024-12-23T01:56:09Z,,중립
콘서트 티켓 8분 만에 전석 매진시킨다는 버추얼 아이돌 근황 / 스브스뉴스,스브스뉴스 SUBUSUNEWS,최상위 댓글,@군밤-n8e,나도 일반인은 아닌데 저건 거른다,11,2023-09-30T12:10:00Z,3,UgxUWGGjVnvWwHHKQLl4AaABAg,S1bcy4h1mS8,UC2o_EYewxXT2jgi9NBZBqcQ,2023-09-30T12:10:00Z,,중립
콘서트 티켓 8분 만에 전석 매진시킨다는 버추얼 아이돌 근황 / 스브스뉴스,스브스뉴스 SUBUSUNEWS,대댓글,@슈프림-b3e,네가 주변사람들한테 걸러진것처럼? ㅋㅋ,0,2023-09-30T20:13:52Z,0,UgxUWGGjVnvWwHHKQLl4AaABAg.9vHgyDBUT859vIZL8dMO5I,S1bcy4h1mS8,UC1QopDxjhlWeQNWPvWHtL8A,2023-09-30T20:13:52Z,UgxUWGGjVnvWwHHKQLl4AaABAg,중립
콘서트 티켓 8분 만에 전석 매진시킨다는 버추얼 아이돌 근황 / 스브스뉴스,스브스뉴스 SUBUSUNEWS,대댓글,@이불개기,@슈프림-b3e적발,2,2023-10-01T01:14:42Z,0,UgxUWGGjVnvWwHHKQLl4AaABAg.9vHgyDBUT859vJ5lSNVkEu,S1bcy4h1mS8,UCnA82y7LUQLlr7ISO-7nF6A,2024-06-18T02:01:38Z,UgxUWGGjVnvWwHHKQLl4AaABAg,중립
콘서트 티켓 8분 만에 전석 매진시킨다는 버추얼 아이돌 근황 / 스브스뉴스,스브스뉴스 SUBUSUNEWS,대댓글,@CodePsy-2001,일반인이 아니라면 입덕 지금바로 쌉가능,0,2023-10-05T14:02:20Z,0,UgxUWGGjVnvWwHHKQLl4AaABAg.9vHgyDBUT859vUlnLXfuYS,S1bcy4h1mS8,UCGRimKHem4dY78ElbRjY1Ng,2023-10-05T14:02:20Z,UgxUWGGjVnvWwHHKQLl4AaABAg,중립
콘서트 티켓 8분 만에 전석 매진시킨다는 버추얼 아이돌 근황 / 스브스뉴스,스브스뉴스 SUBUSUNEWS,최상위 댓글,@bboguni,뭐지 이떤걸왜 좋아하는거지 개웃기네,12,2023-09-28T13:00:32Z,2,UgzpOydny2o6uGzD7WF4AaABAg,S1bcy4h1mS8,UCQHAAxwM8grZg3J68cTzfcw,2023-09-28T13:00:32Z,,긍정
콘서트 티켓 8분 만에 전석 매진시킨다는 버추얼 아이돌 근황 / 스브스뉴스,스브스뉴스 SUBUSUNEWS,대댓글,@Axiommen,한번만 봐봐 푹 빠지게 될걸?,0,2023-09-28T15:43:19Z,0,UgzpOydny2o6uGzD7WF4AaABAg.9vCd9ZxWoTj9vCvmk84E2B,S1bcy4h1mS8,UCe3eASDsYw6h8acWIrr8HgA,2023-09-28T15:43:19Z,UgzpOydny2o6uGzD7WF4AaABAg,중립
콘서트 티켓 8분 만에 전석 매진시킨다는 버추얼 아이돌 근황 / 스브스뉴스,스브스뉴스 SUBUSUNEWS,대댓글,@little_spicy_topokki,그냥 얼굴 공개 안하고 방송하는 듀라한 스트리머에다 표정 인식 가능한 껍데기 씌우고 노래랑 안무도 한다고 생각하면 됨 일본처럼 컨셉잡고 연기하는 버츄얼이 아님,0,2023-09-28T17:55:17Z,0,UgzpOydny2o6uGzD7WF4AaABAg.9vCd9ZxWoTj9vD9tP79TAk,S1bcy4h1mS8,UChx9tSeUGPjMTSj_0ajW-Vw,2023-09-28T17:55:17Z,UgzpOydny2o6uGzD7WF4AaABAg,중립
콘서트 티켓 8분 만에 전석 매진시킨다는 버추얼 아이돌 근황 / 스브스뉴스,스브스뉴스 SUBUSUNEWS,최상위 댓글,@AzXen,이러다가 나중에 대학교축제에도 이런 버튜버 아이돌들 올까봐 두렵다.. 난 ai가 아니라 사람을 보고싶다고 ㅋㅋㅋ,5,2023-10-18T19:11:57Z,3,Ugz-boRR8HzcEy5p9yB4AaABAg,S1bcy4h1mS8,UCn3B7xUp1iEwFzRxShKNkcg,2023-10-18T19:11:57Z,,중립
콘서트 티켓 8분 만에 전석 매진시킨다는 버추얼 아이돌 근황 / 스브스뉴스,스브스뉴스 SUBUSUNEWS,대댓글,@Kimdoyoungsasangfan,안에 사람이 있어요!!!,4,2023-10-27T13:29:49Z,0,Ugz-boRR8HzcEy5p9yB4AaABAg.9w0nZOAvegE9wNMZQm0odY,S1bcy4h1mS8,UCoFNdqY7yLBb060Sup6-lFQ,2023-10-27T13:29:49Z,Ugz-boRR8HzcEy5p9yB4AaABAg,중립
콘서트 티켓 8분 만에 전석 매진시킨다는 버추얼 아이돌 근황 / 스브스뉴스,스브스뉴스 SUBUSUNEWS,대댓글,@HaHa-ng4vk,아죠씨가 뒤에서 춤추고 있음,0,2023-12-14T18:09:36Z,0,Ugz-boRR8HzcEy5p9yB4AaABAg.9w0nZOAvegE9yJSjWYyvGi,S1bcy4h1mS8,UCdsLLmNw8mlnWwJ2OEE_zRA,2023-12-14T18:09:36Z,Ugz-boRR8HzcEy5p9yB4AaABAg,중립
콘서트 티켓 8분 만에 전석 매진시킨다는 버추얼 아이돌 근황 / 스브스뉴스,스브스뉴스 SUBUSUNEWS,대댓글,@gom_poong-A,​@HaHa-ng4vk 아조씨 아니에영ㅋ,1,2023-12-26T13:51:10Z,0,Ugz-boRR8HzcEy5p9yB4AaABAg.9w0nZOAvegE9ymthHvwtGn,S1bcy4h1mS8,UC3SEdVNYPgC53dHmpQSbSvQ,2024-04-18T01:17:25Z,Ugz-boRR8HzcEy5p9yB4AaABAg,중립
콘서트 티켓 8분 만에 전석 매진시킨다는 버추얼 아이돌 근황 / 스브스뉴스,스브스뉴스 SUBUSUNEWS,최상위 댓글,@-pk-7787,열광하는팬들 하더니 두명만 폴짝폴짝뛰고 조아하구먼ㅋㄱㅋㅋ  과대포장,1,2023-10-06T20:51:07Z,4,Ugx1PALDyu83hB66ZLN4AaABAg,S1bcy4h1mS8,UCpxC4H6CULmb-NhP4rwsNvA,2023-10-06T20:51:07Z,,중립
콘서트 티켓 8분 만에 전석 매진시킨다는 버추얼 아이돌 근황 / 스브스뉴스,스브스뉴스 SUBUSUNEWS,대댓글,@BlanchedSprouts,궁금하면 풀버전가서 보셈 편집된거 보고 판단하지말고😂,10,2023-10-08T08:07:09Z,0,Ugx1PALDyu83hB66ZLN4AaABAg.9vY4NARIAtz9varXWluzv3,S1bcy4h1mS8,UCSIh3OKXG8LRc03JwlnI-Ug,2023-10-08T08:07:09Z,Ugx1PALDyu83hB66ZLN4AaABAg,중립
콘서트 티켓 8분 만에 전석 매진시킨다는 버추얼 아이돌 근황 / 스브스뉴스,스브스뉴스 SUBUSUNEWS,대댓글,@MagicalHBG,"과대포장이요?? ㅋㅋㅋㅋ
두 명 폴짝폴짝 뛴 장면 앞 뒤로 환호하고 카메라로 찍어대고 꽃가루 날리고 하는건 시각에서 차단하셨나요? ㅋㅋ",1,2023-10-15T09:17:59Z,0,Ugx1PALDyu83hB66ZLN4AaABAg.9vY4NARIAtz9vt0CSYYe_2,S1bcy4h1mS8,UCzC3jWuPfvK4unhjD6fnNcQ,2023-10-15T09:17:59Z,Ugx1PALDyu83hB66ZLN4AaABAg,중립
콘서트 티켓 8분 만에 전석 매진시킨다는 버추얼 아이돌 근황 / 스브스뉴스,스브스뉴스 SUBUSUNEWS,대댓글,@ururunururun,폴짝폴짝뛰고 좋아해야만 열광하는거냐? ㅋㅋㅋㅋㅋ 과대포장 ㅇㅈㄹ 하네,0,2023-10-16T04:41:09Z,0,Ugx1PALDyu83hB66ZLN4AaABAg.9vY4NARIAtz9vv5Jii_y-B,S1bcy4h1mS8,UCc2ZoXEvzgqQPdFoAD0KLew,2023-10-16T04:41:09Z,Ugx1PALDyu83hB66ZLN4AaABAg,긍정
콘서트 티켓 8분 만에 전석 매진시킨다는 버추얼 아이돌 근황 / 스브스뉴스,스브스뉴스 SUBUSUNEWS,대댓글,@tanicham,틀니 압수 ^^,0,2023-10-16T16:54:21Z,0,Ugx1PALDyu83hB66ZLN4AaABAg.9vY4NARIAtz9vwPDq-Ks3A,S1bcy4h1mS8,UC2fP8iLziZxEohpYvkbmRNQ,2023-10-16T16:54:21Z,Ugx1PALDyu83hB66ZLN4AaABAg,중립
콘서트 티켓 8분 만에 전석 매진시킨다는 버추얼 아이돌 근황 / 스브스뉴스,스브스뉴스 SUBUSUNEWS,최상위 댓글,@improvement569,그냥 실제로 얼마나 노답이건 빻았건 애니 캐릭터 좋아하듯 좋아하는거네 ㅋㅋ,5,2023-09-30T04:26:48Z,2,UgxsLFJiZgHR7srhuj94AaABAg,S1bcy4h1mS8,UCvZbJri-LNANEgKyXmWIXpQ,2023-09-30T04:26:48Z,,긍정
콘서트 티켓 8분 만에 전석 매진시킨다는 버추얼 아이돌 근황 / 스브스뉴스,스브스뉴스 SUBUSUNEWS,대댓글,@utreeu,"그건아님 애니는 캐릭터고
저건 개인방송, 생방송하는 스트리머 겸 유튜브니까",0,2023-09-30T23:37:45Z,0,UgxsLFJiZgHR7srhuj94AaABAg.9vGrxbQkZqM9vIvfMVR3P0,S1bcy4h1mS8,UCZgiq3tVztqCRA7JnYYwwSg,2023-09-30T23:37:45Z,UgxsLFJiZgHR7srhuj94AaABAg,중립
콘서트 티켓 8분 만에 전석 매진시킨다는 버추얼 아이돌 근황 / 스브스뉴스,스브스뉴스 SUBUSUNEWS,대댓글,@flyingdog-11,그냥 스트리머 좋아하는거지..,0,2023-10-01T01:07:08Z,0,UgxsLFJiZgHR7srhuj94AaABAg.9vGrxbQkZqM9vJ4u-pSj-2,S1bcy4h1mS8,UCh7qWJLZg7vct8kDDTItJtg,2023-10-01T01:07:08Z,UgxsLFJiZgHR7srhuj94AaABAg,긍정
콘서트 티켓 8분 만에 전석 매진시킨다는 버추얼 아이돌 근황 / 스브스뉴스,스브스뉴스 SUBUSUNEWS,최상위 댓글,@파란스티치-j8g,"친구따라 이세페 cgv가봣는데 도대체 이게 뭐하는건가 싶더라. 아직 시기상조인듯
그래도 포스터는 비싸게 잘팔아먹어서 돈은 아깝지 않았음 ㅋㅋㅋ개꿀",11,2023-09-28T22:58:38Z,6,Ugy8-Evm_tLjZBlI4tF4AaABAg,S1bcy4h1mS8,UCOiPLHNomL7_u5GqWWIq94A,2023-09-28T22:58:38Z,,중립
콘서트 티켓 8분 만에 전석 매진시킨다는 버추얼 아이돌 근황 / 스브스뉴스,스브스뉴스 SUBUSUNEWS,대댓글,@lamir37,아오 리셀 제발...,0,2023-09-28T23:14:35Z,0,Ugy8-Evm_tLjZBlI4tF4AaABAg.9vDhbBYIxIg9vDjQy_ENUI,S1bcy4h1mS8,UCpK_q8_x05YdPrqXM336GcA,2023-09-28T23:14:35Z,Ugy8-Evm_tLjZBlI4tF4AaABAg,중립
콘서트 티켓 8분 만에 전석 매진시킨다는 버추얼 아이돌 근황 / 스브스뉴스,스브스뉴스 SUBUSUNEWS,대댓글,@파란스티치-j8g,ㅈㄴ 눈버렷는데 그거라도 가져와야지 ㅋㅋ그래도 씹덕들덕에 잘팔리드라 ㅋㅋ,9,2023-09-29T03:31:51Z,0,Ugy8-Evm_tLjZBlI4tF4AaABAg.9vDhbBYIxIg9vEBsHi_e6Z,S1bcy4h1mS8,UCOiPLHNomL7_u5GqWWIq94A,2023-09-29T05:04:37Z,Ugy8-Evm_tLjZBlI4tF4AaABAg,중립
콘서트 티켓 8분 만에 전석 매진시킨다는 버추얼 아이돌 근황 / 스브스뉴스,스브스뉴스 SUBUSUNEWS,대댓글,@취미,​@파란스티치-j8gㅋㅋㅋㅋㅋㅋㅋㅋㅋㅋㅋㅋ,3,2023-09-29T04:58:47Z,0,Ugy8-Evm_tLjZBlI4tF4AaABAg.9vDhbBYIxIg9vELowVn0pz,S1bcy4h1mS8,UChbibjK5fizAEPolqjYceRg,2024-04-18T00:34:04Z,Ugy8-Evm_tLjZBlI4tF4AaABAg,중립
콘서트 티켓 8분 만에 전석 매진시킨다는 버추얼 아이돌 근황 / 스브스뉴스,스브스뉴스 SUBUSUNEWS,대댓글,@아이스쵸코,캬 ㅋㅋㅋㅋㅋㅋㅋㅋㅋㅋㅋ,2,2023-09-29T05:10:12Z,0,Ugy8-Evm_tLjZBlI4tF4AaABAg.9vDhbBYIxIg9vEN7bWNC2v,S1bcy4h1mS8,UCrPLSFNHXKW9OambQvNFwDQ,2023-09-29T05:10:12Z,Ugy8-Evm_tLjZBlI4tF4AaABAg,중립
콘서트 티켓 8분 만에 전석 매진시킨다는 버추얼 아이돌 근황 / 스브스뉴스,스브스뉴스 SUBUSUNEWS,대댓글,@user-grayfacese,오우..,0,2023-09-29T11:12:50Z,0,Ugy8-Evm_tLjZBlI4tF4AaABAg.9vDhbBYIxIg9vF0c_52xpo,S1bcy4h1mS8,UCozDuQDJmIN0SZKnW-uHG0w,2023-09-29T11:12:50Z,Ugy8-Evm_tLjZBlI4tF4AaABAg,중립
콘서트 티켓 8분 만에 전석 매진시킨다는 버추얼 아이돌 근황 / 스브스뉴스,스브스뉴스 SUBUSUNEWS,최상위 댓글,@푸바오도축업자,얼굴이 딸리니까 버츄얼 하는거 아니노 ㅋㅋ,13,2023-10-05T10:20:25Z,19,UgyBQZ5F-NiwjP4Aycx4AaABAg,S1bcy4h1mS8,UC4f8XCWOPzVR4wYJKsiIIuw,2023-10-05T10:20:25Z,,중립
콘서트 티켓 8분 만에 전석 매진시킨다는 버추얼 아이돌 근황 / 스브스뉴스,스브스뉴스 SUBUSUNEWS,대댓글,@kwon_hx,이미 전직 아이돌 있음 ㅋㅋ,7,2023-10-05T10:36:47Z,0,UgyBQZ5F-NiwjP4Aycx4AaABAg.9vUNOvM4Jcs9vUPGlDbyC_,S1bcy4h1mS8,UCwu0bBKXaXgu2jO7ul1B-Sg,2023-10-05T10:36:47Z,UgyBQZ5F-NiwjP4Aycx4AaABAg,중립
콘서트 티켓 8분 만에 전석 매진시킨다는 버추얼 아이돌 근황 / 스브스뉴스,스브스뉴스 SUBUSUNEWS,대댓글,@kwon_hx,느그보단 안딸림,4,2023-10-05T10:36:55Z,0,UgyBQZ5F-NiwjP4Aycx4AaABAg.9vUNOvM4Jcs9vUPHp9wwe0,S1bcy4h1mS8,UCwu0bBKXaXgu2jO7ul1B-Sg,2023-10-05T10:36:55Z,UgyBQZ5F-NiwjP4Aycx4AaABAg,중립
콘서트 티켓 8분 만에 전석 매진시킨다는 버추얼 아이돌 근황 / 스브스뉴스,스브스뉴스 SUBUSUNEWS,대댓글,@푸바오도축업자,@kwon_hx 전직 아이돌 ㅋㅋㅋㅋㅋㅋㅋㅋㅋㅋㅋㅋㅋㅋㅋㅋㅋㅋㅋ 웃고 갑니다,6,2023-10-05T11:25:21Z,0,UgyBQZ5F-NiwjP4Aycx4AaABAg.9vUNOvM4Jcs9vUUpVOib92,S1bcy4h1mS8,UC4f8XCWOPzVR4wYJKsiIIuw,2024-06-17T22:49:36Z,UgyBQZ5F-NiwjP4Aycx4AaABAg,중립
콘서트 티켓 8분 만에 전석 매진시킨다는 버추얼 아이돌 근황 / 스브스뉴스,스브스뉴스 SUBUSUNEWS,대댓글,@김성민-i2u9k,인성이 딸리니까 이런 댓글 다는거 아니노 ㅋㅋ,11,2023-10-05T12:52:54Z,0,UgyBQZ5F-NiwjP4Aycx4AaABAg.9vUNOvM4Jcs9vUdqhMbr60,S1bcy4h1mS8,UCCdrV_sKGIkIEoqu8k_tOBw,2023-10-05T12:52:54Z,UgyBQZ5F-NiwjP4Aycx4AaABAg,중립
콘서트 티켓 8분 만에 전석 매진시킨다는 버추얼 아이돌 근황 / 스브스뉴스,스브스뉴스 SUBUSUNEWS,대댓글,@써붕,@푸바오도축업자메이위시 효인,0,2023-10-05T12:53:28Z,0,UgyBQZ5F-NiwjP4Aycx4AaABAg.9vUNOvM4Jcs9vUduyFWAD6,S1bcy4h1mS8,UCMYYhKbLdarr6bT5jUZymdA,2024-06-17T22:49:36Z,UgyBQZ5F-NiwjP4Aycx4AaABAg,중립
콘서트 티켓 8분 만에 전석 매진시킨다는 버추얼 아이돌 근황 / 스브스뉴스,스브스뉴스 SUBUSUNEWS,최상위 댓글,@08AMcreative,이세돌 영원히 뱅온해! 킹애!✨✨,0,2023-09-28T13:27:07Z,0,Ugx-gztxVGIk7KUwm3Z4AaABAg,S1bcy4h1mS8,UC5FHImLI88tt-DM86yojudQ,2023-09-28T13:27:07Z,,중립
콘서트 티켓 8분 만에 전석 매진시킨다는 버추얼 아이돌 근황 / 스브스뉴스,스브스뉴스 SUBUSUNEWS,최상위 댓글,@zero-xs9wb,제발 유튜브 쇼츠에 안나왔으면.. 좀 무지성으로 ㅈㄴ 많이 나옴,12,2023-09-30T01:04:12Z,2,UgxcZc5yeZ61RibY-0Z4AaABAg,S1bcy4h1mS8,UCPhKKBbfeEZ2DeK_gNxFQAw,2023-09-30T01:04:12Z,,중립
콘서트 티켓 8분 만에 전석 매진시킨다는 버추얼 아이돌 근황 / 스브스뉴스,스브스뉴스 SUBUSUNEWS,대댓글,@1o-2o-3o,나올 때마다 관심없음 누르면 안나와요.,1,2023-09-30T05:48:42Z,0,UgxcZc5yeZ61RibY-0Z4AaABAg.9vGVlkbHwVx9vH0KR49vv_,S1bcy4h1mS8,UC7Ki8OKdhOXDAd1V50rgPcw,2023-09-30T05:48:42Z,UgxcZc5yeZ61RibY-0Z4AaABAg,중립
콘서트 티켓 8분 만에 전석 매진시킨다는 버추얼 아이돌 근황 / 스브스뉴스,스브스뉴스 SUBUSUNEWS,대댓글,@utreeu,뜰때마다 보니까 계속 뜨지,3,2023-09-30T23:42:57Z,0,UgxcZc5yeZ61RibY-0Z4AaABAg.9vGVlkbHwVx9vIwGRIjvuL,S1bcy4h1mS8,UCZgiq3tVztqCRA7JnYYwwSg,2023-09-30T23:42:57Z,UgxcZc5yeZ61RibY-0Z4AaABAg,중립
콘서트 티켓 8분 만에 전석 매진시킨다는 버추얼 아이돌 근황 / 스브스뉴스,스브스뉴스 SUBUSUNEWS,최상위 댓글,@ahahahahah-g5l,이게 요즘 사람들 트랜드임??? 요즘진짜 나라가 망하고 있네,4,2024-02-13T06:01:50Z,11,UgxJf2gi5OeTXZ2g8914AaABAg,S1bcy4h1mS8,UCfHXg_f5JdrkcOKe3KJwGkQ,2024-02-13T06:02:45Z,,중립
콘서트 티켓 8분 만에 전석 매진시킨다는 버추얼 아이돌 근황 / 스브스뉴스,스브스뉴스 SUBUSUNEWS,대댓글,@ahahahahah-g5l,당연히 전연령 트랜드 아님????,15,2024-02-13T06:02:33Z,0,UgxJf2gi5OeTXZ2g8914AaABAg.A-kDwe2kTLIA-kE0uSITQC,S1bcy4h1mS8,UCfHXg_f5JdrkcOKe3KJwGkQ,2024-02-13T06:02:33Z,UgxJf2gi5OeTXZ2g8914AaABAg,중립
콘서트 티켓 8분 만에 전석 매진시킨다는 버추얼 아이돌 근황 / 스브스뉴스,스브스뉴스 SUBUSUNEWS,대댓글,@네잎클로버-y5b,킹아,1,2024-02-15T12:32:18Z,0,UgxJf2gi5OeTXZ2g8914AaABAg.A-kDwe2kTLIA-q4DAyvDbw,S1bcy4h1mS8,UCmkh9ykLf7VPCFkKcBjqzKQ,2024-02-15T12:32:18Z,UgxJf2gi5OeTXZ2g8914AaABAg,중립
콘서트 티켓 8분 만에 전석 매진시킨다는 버추얼 아이돌 근황 / 스브스뉴스,스브스뉴스 SUBUSUNEWS,대댓글,@xyyoutube,뭔 나라가 망하냐 그러면 애니메이션 좋아하는 저어기 일본은 이미 망했겠네? ㅋㅋㅋㅋㅋ,2,2024-02-16T05:00:27Z,0,UgxJf2gi5OeTXZ2g8914AaABAg.A-kDwe2kTLIA-rqI_qSK1j,S1bcy4h1mS8,UC2S-t9b-J0CTg9lxPjFYqUw,2024-02-16T05:00:27Z,UgxJf2gi5OeTXZ2g8914AaABAg,긍정
콘서트 티켓 8분 만에 전석 매진시킨다는 버추얼 아이돌 근황 / 스브스뉴스,스브스뉴스 SUBUSUNEWS,대댓글,@ahahahahah-g5l,"@xyyoutube 저는 아군입니다... 오인사격    
하시면 어떡해요",0,2024-02-16T05:18:12Z,0,UgxJf2gi5OeTXZ2g8914AaABAg.A-kDwe2kTLIA-rsKhVKkhg,S1bcy4h1mS8,UCfHXg_f5JdrkcOKe3KJwGkQ,2024-04-18T02:58:38Z,UgxJf2gi5OeTXZ2g8914AaABAg,중립
콘서트 티켓 8분 만에 전석 매진시킨다는 버추얼 아이돌 근황 / 스브스뉴스,스브스뉴스 SUBUSUNEWS,대댓글,@Goranidaaa,@xyyoutube아군이다! 엄호해!,1,2024-02-16T10:16:09Z,0,UgxJf2gi5OeTXZ2g8914AaABAg.A-kDwe2kTLIA-sPQxuS1y6,S1bcy4h1mS8,UC9TF3luWSP4UlWHZskAQrPA,2024-04-18T02:58:38Z,UgxJf2gi5OeTXZ2g8914AaABAg,중립
콘서트 티켓 8분 만에 전석 매진시킨다는 버추얼 아이돌 근황 / 스브스뉴스,스브스뉴스 SUBUSUNEWS,최상위 댓글,@bingbing137,보다가 뇌정지온다 인간이 미쳐가는시대야 ㅇㅇ..,12,2025-03-24T09:38:41Z,10,UgwpGTXT8EOpqQQ6bu94AaABAg,S1bcy4h1mS8,UCrcc86oKtCZA9_lIa8iqwzw,2025-03-24T09:38:41Z,,중립
콘서트 티켓 8분 만에 전석 매진시킨다는 버추얼 아이돌 근황 / 스브스뉴스,스브스뉴스 SUBUSUNEWS,대댓글,@이은빈-c8h,왜지,2,2025-03-25T00:35:25Z,0,UgwpGTXT8EOpqQQ6bu94AaABAg.AG2ShGVThSiAG43KDp1MxQ,S1bcy4h1mS8,UCZVemBFjRtVvGd9NoIFUvfA,2025-03-25T00:35:25Z,UgwpGTXT8EOpqQQ6bu94AaABAg,중립
콘서트 티켓 8분 만에 전석 매진시킨다는 버추얼 아이돌 근황 / 스브스뉴스,스브스뉴스 SUBUSUNEWS,대댓글,@핸들이핸들이지뭐_321,이해하려고 해보세여...이번에 고척돔에서 공연하거덩여...,4,2025-03-25T09:13:45Z,0,UgwpGTXT8EOpqQQ6bu94AaABAg.AG2ShGVThSiAG4zdb9LHTy,S1bcy4h1mS8,UCDF_7TpeROVfhG9S9s_yflA,2025-03-25T09:13:45Z,UgwpGTXT8EOpqQQ6bu94AaABAg,중립
콘서트 티켓 8분 만에 전석 매진시킨다는 버추얼 아이돌 근황 / 스브스뉴스,스브스뉴스 SUBUSUNEWS,대댓글,@시온ISD,시대에 뒤쳐지지말고 살아라 그러다 왕따딘다 ㅋㅋ,2,2025-03-29T02:55:56Z,0,UgwpGTXT8EOpqQQ6bu94AaABAg.AG2ShGVThSiAGEb_s6vazc,S1bcy4h1mS8,UClL4zzGbJUsUJFWTyUV4YGg,2025-03-29T02:55:56Z,UgwpGTXT8EOpqQQ6bu94AaABAg,중립
콘서트 티켓 8분 만에 전석 매진시킨다는 버추얼 아이돌 근황 / 스브스뉴스,스브스뉴스 SUBUSUNEWS,대댓글,@J.S.feeling,절대로 부산 굴포차를 검색하지 마🥶,0,2025-04-02T07:07:58Z,0,UgwpGTXT8EOpqQQ6bu94AaABAg.AG2ShGVThSiAGPMbFhXpEL,S1bcy4h1mS8,UCPcaLzM_hkTH_od3ygHCNHg,2025-04-02T07:07:58Z,UgwpGTXT8EOpqQQ6bu94AaABAg,중립
콘서트 티켓 8분 만에 전석 매진시킨다는 버추얼 아이돌 근황 / 스브스뉴스,스브스뉴스 SUBUSUNEWS,대댓글,@시멘트-siment,"정상인임
육수들이 아무리 악을 써봤자
쌉음지 씹덕 그래픽버전 여캠임 ㅇㅇ",4,2025-04-07T10:12:02Z,0,UgwpGTXT8EOpqQQ6bu94AaABAg.AG2ShGVThSiAGbZdlba58U,S1bcy4h1mS8,UCQ4MwPCc2ami-DTlNDmVglA,2025-04-07T10:12:02Z,UgwpGTXT8EOpqQQ6bu94AaABAg,중립
콘서트 티켓 8분 만에 전석 매진시킨다는 버추얼 아이돌 근황 / 스브스뉴스,스브스뉴스 SUBUSUNEWS,최상위 댓글,@Korea6841,난 처음에 이세돌이라해서 한국에 바둑 붐이 일어나는 구나 했지.. 근데 욕 처먹고 찾아보니까 홀로라이브를 견제하기 위해 만든 거라고 하더라 ㅋㅋㅋ,1,2023-09-29T09:51:09Z,11,UgzD_hmIVedA-eCNGK94AaABAg,S1bcy4h1mS8,UCD-Oea05GjYISJ7Cmh3yt9Q,2023-09-29T09:51:09Z,,중립
콘서트 티켓 8분 만에 전석 매진시킨다는 버추얼 아이돌 근황 / 스브스뉴스,스브스뉴스 SUBUSUNEWS,대댓글,@6luckly468,ㄹㄱㄴ,0,2023-09-29T10:08:27Z,0,UgzD_hmIVedA-eCNGK94AaABAg.9vEsHIwnKjZ9vEuG5h6HLR,S1bcy4h1mS8,UCuajWR5L4Ml_CLLPav1drcw,2023-09-29T10:08:27Z,UgzD_hmIVedA-eCNGK94AaABAg,중립
콘서트 티켓 8분 만에 전석 매진시킨다는 버추얼 아이돌 근황 / 스브스뉴스,스브스뉴스 SUBUSUNEWS,대댓글,@1o-2o-3o,견제 목적은 아니에요,12,2023-09-29T10:19:12Z,0,UgzD_hmIVedA-eCNGK94AaABAg.9vEsHIwnKjZ9vEvUpwN1fR,S1bcy4h1mS8,UC7Ki8OKdhOXDAd1V50rgPcw,2023-09-29T10:19:12Z,UgzD_hmIVedA-eCNGK94AaABAg,중립
콘서트 티켓 8분 만에 전석 매진시킨다는 버추얼 아이돌 근황 / 스브스뉴스,스브스뉴스 SUBUSUNEWS,대댓글,@marangf,저도 처음엔 바둑기사 이세돌이 노래를 냈다고? 하면서 찾아보기 시작했었는데 ㅋㅋㅋㅋ,0,2023-09-29T10:24:09Z,0,UgzD_hmIVedA-eCNGK94AaABAg.9vEsHIwnKjZ9vEw301MlTP,S1bcy4h1mS8,UCFhKpV--hGVjC6h33JZMXXw,2023-09-29T10:24:09Z,UgzD_hmIVedA-eCNGK94AaABAg,중립
콘서트 티켓 8분 만에 전석 매진시킨다는 버추얼 아이돌 근황 / 스브스뉴스,스브스뉴스 SUBUSUNEWS,대댓글,@지오435,우리끼리 아이돌 만든건데 홀로는 왜 끌고와요,22,2023-09-29T10:28:04Z,0,UgzD_hmIVedA-eCNGK94AaABAg.9vEsHIwnKjZ9vEwVgsAhfT,S1bcy4h1mS8,UCYnMKlCQ47FWs5rlvmc_xmw,2023-09-29T10:28:04Z,UgzD_hmIVedA-eCNGK94AaABAg,중립
콘서트 티켓 8분 만에 전석 매진시킨다는 버추얼 아이돌 근황 / 스브스뉴스,스브스뉴스 SUBUSUNEWS,대댓글,@후니햄나가신다,홀로 견제는 무슨 ㅋㅋㅋㅋ,4,2023-09-29T10:31:38Z,0,UgzD_hmIVedA-eCNGK94AaABAg.9vEsHIwnKjZ9vEwutrwuB8,S1bcy4h1mS8,UCu9-yk5qnwanfjIevv_8IaA,2023-09-29T10:31:38Z,UgzD_hmIVedA-eCNGK94AaABAg,중립
콘서트 티켓 8분 만에 전석 매진시킨다는 버추얼 아이돌 근황 / 스브스뉴스,스브스뉴스 SUBUSUNEWS,최상위 댓글,@푸푸로포루,음지는 음지로 갑시다 자꾸 양지에 나오지말고..,13,2023-10-07T14:28:52Z,6,UgxgMxNGI2gC-Hl5doh4AaABAg,S1bcy4h1mS8,UC8HGhz1SWlzLfuLt9jBaj-w,2023-10-07T14:28:52Z,,중립
콘서트 티켓 8분 만에 전석 매진시킨다는 버추얼 아이돌 근황 / 스브스뉴스,스브스뉴스 SUBUSUNEWS,대댓글,@alclsfkfma,양지에 잠깐 나왔던건데 이렇게 될줄은 저희도 몰랐어요...,3,2023-10-10T17:38:47Z,0,UgxgMxNGI2gC-Hl5doh4AaABAg.9vZyQMFO_Ar9vh1Y2eXZAx,S1bcy4h1mS8,UCD9tulWgf7ncS5KfY4_f8Kg,2023-10-10T17:38:47Z,UgxgMxNGI2gC-Hl5doh4AaABAg,중립
콘서트 티켓 8분 만에 전석 매진시킨다는 버추얼 아이돌 근황 / 스브스뉴스,스브스뉴스 SUBUSUNEWS,대댓글,@세균단-c4s,사실 양지가 음지인데요,0,2023-10-15T02:56:58Z,0,UgxgMxNGI2gC-Hl5doh4AaABAg.9vZyQMFO_Ar9vsKaloAr2v,S1bcy4h1mS8,UCUtZaeA3I1aV8UdMpeXSM2Q,2023-10-15T02:56:58Z,UgxgMxNGI2gC-Hl5doh4AaABAg,중립
콘서트 티켓 8분 만에 전석 매진시킨다는 버추얼 아이돌 근황 / 스브스뉴스,스브스뉴스 SUBUSUNEWS,대댓글,@üsaschie,저희도 예상치 못했습니다.. ㅋㅋㅋㅋㅋㅋㅋ,2,2023-10-15T03:52:57Z,0,UgxgMxNGI2gC-Hl5doh4AaABAg.9vZyQMFO_Ar9vsR-nmt5kC,S1bcy4h1mS8,UColS-NuTev9haaheRpVyRWw,2023-10-15T03:53:09Z,UgxgMxNGI2gC-Hl5doh4AaABAg,중립
콘서트 티켓 8분 만에 전석 매진시킨다는 버추얼 아이돌 근황 / 스브스뉴스,스브스뉴스 SUBUSUNEWS,대댓글,@Whiteolive43,@세균단-c4s 이건 또 뭔말이야. 양지는 양지고 음지는 음지지. 깔려고 하는 말 아닌데 솔직히 버츄얼 이해 못하겠음. 현실성 떨어지니까,0,2023-12-19T04:59:32Z,0,UgxgMxNGI2gC-Hl5doh4AaABAg.9vZyQMFO_Ar9yUvIGWTa7u,S1bcy4h1mS8,UCMv-W5Pim6Dft_TUXGQqGEw,2024-04-18T01:04:57Z,UgxgMxNGI2gC-Hl5doh4AaABAg,중립
콘서트 티켓 8분 만에 전석 매진시킨다는 버추얼 아이돌 근황 / 스브스뉴스,스브스뉴스 SUBUSUNEWS,대댓글,@t1goseguman,니네가 머리끄댕이 잡아다가 끌어 당기고있잖아..,0,2024-01-14T14:26:45Z,0,UgxgMxNGI2gC-Hl5doh4AaABAg.9vZyQMFO_Ar9zYssV6CnI-,S1bcy4h1mS8,UCzWEFLlavqYrJOKFJYX9kGw,2024-01-14T14:26:45Z,UgxgMxNGI2gC-Hl5doh4AaABAg,중립
콘서트 티켓 8분 만에 전석 매진시킨다는 버추얼 아이돌 근황 / 스브스뉴스,스브스뉴스 SUBUSUNEWS,최상위 댓글,@goldstarit,세상이 😂,0,2023-11-08T10:40:33Z,0,Ugy364kh7PF74RZCUQR4AaABAg,S1bcy4h1mS8,UCIBEByUY3d9PkJu3LvmnXYg,2023-11-08T10:40:33Z,,중립
콘서트 티켓 8분 만에 전석 매진시킨다는 버추얼 아이돌 근황 / 스브스뉴스,스브스뉴스 SUBUSUNEWS,최상위 댓글,@30년묵은상,댓글 육수땀냄새 진동하네,5,2023-10-01T02:06:47Z,0,UgwVwCS3ZSG2ByZehot4AaABAg,S1bcy4h1mS8,UCkGusOCuuKMpM8LEez2mkpg,2023-10-01T02:06:47Z,,중립
콘서트 티켓 8분 만에 전석 매진시킨다는 버추얼 아이돌 근황 / 스브스뉴스,스브스뉴스 SUBUSUNEWS,최상위 댓글,@PPoshill,뒤에서 손가락빨면서 영상처띄우는게 정상이냐??,14,2024-01-20T10:19:16Z,7,Ugxg9BIsVfcPoraX7IV4AaABAg,S1bcy4h1mS8,UCbAEgYKHlgdszy_LZzXlAEA,2024-01-20T10:19:16Z,,중립
콘서트 티켓 8분 만에 전석 매진시킨다는 버추얼 아이돌 근황 / 스브스뉴스,스브스뉴스 SUBUSUNEWS,대댓글,@JBA-tw3ug,냅두셈 내가 우왁굳이라도 저렇게 운영함 ㅋㅋㅋ 수요가 있는데 저렇게 하는건 당연한거지,7,2024-01-22T18:42:18Z,0,Ugxg9BIsVfcPoraX7IV4AaABAg.9zmtK6j-Phj9zswUFTTYwz,S1bcy4h1mS8,UCtfDdSjjzoL6pYPqH7z3Oeg,2024-01-22T18:42:18Z,Ugxg9BIsVfcPoraX7IV4AaABAg,중립
콘서트 티켓 8분 만에 전석 매진시킨다는 버추얼 아이돌 근황 / 스브스뉴스,스브스뉴스 SUBUSUNEWS,대댓글,@검상돌기-w3u,방구석 키보드 워리어인 너보단 많이 벌어 ㅋㅋ,1,2024-01-28T16:20:00Z,0,Ugxg9BIsVfcPoraX7IV4AaABAg.9zmtK6j-PhjA-77yB4H73H,S1bcy4h1mS8,UCE7F-MB7WcW6FtZf4I_9DZw,2024-01-28T16:20:00Z,Ugxg9BIsVfcPoraX7IV4AaABAg,중립
콘서트 티켓 8분 만에 전석 매진시킨다는 버추얼 아이돌 근황 / 스브스뉴스,스브스뉴스 SUBUSUNEWS,대댓글,@무명-m1d,​@검상돌기-w3u 거기서 돈이 왜나옴ㅋㅋㅋ,0,2024-02-02T11:10:44Z,0,Ugxg9BIsVfcPoraX7IV4AaABAg.9zmtK6j-PhjA-JSYVSd4EH,S1bcy4h1mS8,UCFtKCIZUoaQRQzXwA0U2XMA,2024-06-17T22:51:12Z,Ugxg9BIsVfcPoraX7IV4AaABAg,중립
콘서트 티켓 8분 만에 전석 매진시킨다는 버추얼 아이돌 근황 / 스브스뉴스,스브스뉴스 SUBUSUNEWS,대댓글,@검상돌기-w3u,"@무명-m1d 한국인 특 아님?
본인보다 잘난사람 까내리는거",1,2024-02-02T13:04:10Z,0,Ugxg9BIsVfcPoraX7IV4AaABAg.9zmtK6j-PhjA-JeXJBFzw6,S1bcy4h1mS8,UCE7F-MB7WcW6FtZf4I_9DZw,2024-06-17T22:51:12Z,Ugxg9BIsVfcPoraX7IV4AaABAg,중립
콘서트 티켓 8분 만에 전석 매진시킨다는 버추얼 아이돌 근황 / 스브스뉴스,스브스뉴스 SUBUSUNEWS,대댓글,@무명-m1d,@검상돌기-w3u 어휴..,0,2024-02-02T14:41:47Z,0,Ugxg9BIsVfcPoraX7IV4AaABAg.9zmtK6j-PhjA-JphGGAndg,S1bcy4h1mS8,UCFtKCIZUoaQRQzXwA0U2XMA,2024-06-17T22:51:12Z,Ugxg9BIsVfcPoraX7IV4AaABAg,중립
콘서트 티켓 8분 만에 전석 매진시킨다는 버추얼 아이돌 근황 / 스브스뉴스,스브스뉴스 SUBUSUNEWS,최상위 댓글,@denmenf4n,ㅋㅋㅋㅋㅋ 이정도로 유명하면 그냥 얼굴공개하자 너무 오타쿠다,1,2024-07-31T08:56:25Z,1,Ugy6GZD3-5Kv2-qagnh4AaABAg,S1bcy4h1mS8,UCERwihPwJeIUK43CNzdk7_Q,2024-07-31T08:56:25Z,,중립
콘서트 티켓 8분 만에 전석 매진시킨다는 버추얼 아이돌 근황 / 스브스뉴스,스브스뉴스 SUBUSUNEWS,대댓글,@멍청이랑싸우지말기,버츄얼유튜버로 유명해졌는데 얼굴까랜다 ㅋㅋ 혹시 고향이?,0,2024-10-26T00:30:13Z,0,Ugy6GZD3-5Kv2-qagnh4AaABAg.A6YhG9_qqJyAA1oUqkKrlc,S1bcy4h1mS8,UCD3XqqOlpjCvQFmrpps9CvQ,2024-10-26T00:30:13Z,Ugy6GZD3-5Kv2-qagnh4AaABAg,중립
콘서트 티켓 8분 만에 전석 매진시킨다는 버추얼 아이돌 근황 / 스브스뉴스,스브스뉴스 SUBUSUNEWS,최상위 댓글,@정순-y5n,진짜 우와 신기하다 모지리들 많구나 에휴,4,2024-07-28T01:57:09Z,2,UgwnQjr_AIdDhB9kGWp4AaABAg,S1bcy4h1mS8,UCQD3CSOjlfDHdfk7Avgo-Bw,2024-07-28T01:57:09Z,,중립
콘서트 티켓 8분 만에 전석 매진시킨다는 버추얼 아이돌 근황 / 스브스뉴스,스브스뉴스 SUBUSUNEWS,대댓글,@대파-헬조선리전폼,"진짜 우와 신기하다라니 문장을 쓰는 법을 모르는군요
님이더 모자란거 같아요 힘내요!",5,2024-07-30T16:55:50Z,0,UgwnQjr_AIdDhB9kGWp4AaABAg.A6QDtlt43gaA6WzKYEaAqx,S1bcy4h1mS8,UCtKuVM4d-ZW5aLIesqHL0zg,2024-07-30T16:55:50Z,UgwnQjr_AIdDhB9kGWp4AaABAg,중립
콘서트 티켓 8분 만에 전석 매진시킨다는 버추얼 아이돌 근황 / 스브스뉴스,스브스뉴스 SUBUSUNEWS,대댓글,@KKKudong,어머나 시대가 변하면서 생기는 새로운 문화를 모지리라고 표현하는 님이 더 모지리같아요!ㅎㅎ,1,2024-08-11T10:49:03Z,0,UgwnQjr_AIdDhB9kGWp4AaABAg.A6QDtlt43gaA7-DtkK0E_k,S1bcy4h1mS8,UC_LymYYHZV4CIb9CylOVf2g,2024-08-11T10:49:03Z,UgwnQjr_AIdDhB9kGWp4AaABAg,중립
콘서트 티켓 8분 만에 전석 매진시킨다는 버추얼 아이돌 근황 / 스브스뉴스,스브스뉴스 SUBUSUNEWS,최상위 댓글,@Werb193_12,노래가 좋은것도 잘부르는것도 아닌데 왤케 인기가 많음?,13,2023-10-08T12:57:25Z,8,UgwD5XJ2g47-n100gX54AaABAg,S1bcy4h1mS8,UCilE5DU8wZDtzci4Nhb3k_g,2023-10-08T12:57:25Z,,중립
콘서트 티켓 8분 만에 전석 매진시킨다는 버추얼 아이돌 근황 / 스브스뉴스,스브스뉴스 SUBUSUNEWS,대댓글,@트수핀구단,노래가 좋으니까 사람들이 많이 듣겠죠? 그냥 본인 취향에 안 맞는 게 아닐까 싶습니다! 사람들 취향은 제각기 다른 거니까요,19,2023-10-08T13:08:55Z,0,UgwD5XJ2g47-n100gX54AaABAg.9vbNkQnnNgN9vbP3fcDAwz,S1bcy4h1mS8,UCFTS9KEiq-YOrqfHTLYa-Ng,2023-10-08T13:08:55Z,UgwD5XJ2g47-n100gX54AaABAg,중립
콘서트 티켓 8분 만에 전석 매진시킨다는 버추얼 아이돌 근황 / 스브스뉴스,스브스뉴스 SUBUSUNEWS,대댓글,@세상-z1r,노래좋고 잘부르고 다른아이돌은 팬들이랑 소통을해도 잘못하는데 트위치로 소통가능한게 좋고 팬들이랑 게임할수도있고 다양한부분에서 메리트가있는장르라고 생각합니다,9,2023-10-09T04:32:27Z,0,UgwD5XJ2g47-n100gX54AaABAg.9vbNkQnnNgN9vd2kpMTzBI,S1bcy4h1mS8,UCmGsTErlDg_tNLXCyx541oA,2023-10-09T04:32:27Z,UgwD5XJ2g47-n100gX54AaABAg,중립
콘서트 티켓 8분 만에 전석 매진시킨다는 버추얼 아이돌 근황 / 스브스뉴스,스브스뉴스 SUBUSUNEWS,대댓글,@theblues1905,"사실 이노래들 아이브,뉴진스가 불렀음 1위했을곡들임.ㅋㅋ 이세계 에 대해 나도 접근방식이 어렵지만 취향들 존중하고 노래는 너무좋아서 자주듣는중",7,2023-10-12T05:28:04Z,0,UgwD5XJ2g47-n100gX54AaABAg.9vbNkQnnNgN9vksVqoxrOl,S1bcy4h1mS8,UCsPwdlZ5FPOCh3jb6cF70SA,2023-10-12T05:28:04Z,UgwD5XJ2g47-n100gX54AaABAg,긍정
콘서트 티켓 8분 만에 전석 매진시킨다는 버추얼 아이돌 근황 / 스브스뉴스,스브스뉴스 SUBUSUNEWS,대댓글,@세균단-c4s,소통의 맛을 모르노 ㅋㅋ,2,2023-10-15T02:56:19Z,0,UgwD5XJ2g47-n100gX54AaABAg.9vbNkQnnNgN9vsKX07qlnj,S1bcy4h1mS8,UCUtZaeA3I1aV8UdMpeXSM2Q,2023-10-15T02:56:19Z,UgwD5XJ2g47-n100gX54AaABAg,중립
콘서트 티켓 8분 만에 전석 매진시킨다는 버추얼 아이돌 근황 / 스브스뉴스,스브스뉴스 SUBUSUNEWS,대댓글,@tanicham,틀니 압수,4,2023-10-16T16:52:42Z,0,UgwD5XJ2g47-n100gX54AaABAg.9vbNkQnnNgN9vwP1lRWyOz,S1bcy4h1mS8,UC2fP8iLziZxEohpYvkbmRNQ,2023-10-16T16:52:42Z,UgwD5XJ2g47-n100gX54AaABAg,중립
콘서트 티켓 8분 만에 전석 매진시킨다는 버추얼 아이돌 근황 / 스브스뉴스,스브스뉴스 SUBUSUNEWS,최상위 댓글,@성이름-g3i4t,기자가 굴파리,1,2025-11-03T13:39:47Z,1,UgxRr1xSre9quq_dGBR4AaABAg,S1bcy4h1mS8,UCLToJgc7pDcSd-u6E1BvIFg,2025-11-03T13:39:47Z,,중립
콘서트 티켓 8분 만에 전석 매진시킨다는 버추얼 아이돌 근황 / 스브스뉴스,스브스뉴스 SUBUSUNEWS,대댓글,@박기명-r7f,기자가 세계 최고의 정상인,1,2025-12-12T14:39:54Z,0,UgxRr1xSre9quq_dGBR4AaABAg.AP3fMDDY9u8AQdCEXd0V8h,S1bcy4h1mS8,UCFHmAvGBc6HLPMV-KF3_G9g,2025-12-12T14:39:54Z,UgxRr1xSre9quq_dGBR4AaABAg,긍정
콘서트 티켓 8분 만에 전석 매진시킨다는 버추얼 아이돌 근황 / 스브스뉴스,스브스뉴스 SUBUSUNEWS,최상위 댓글,@user-pullbang,"다.. 좋은데..
나중에 오타게 같은.. 자기 겨드랑이 문지르는 동작만 안한다면.. 수용 가능할듯..
이세계아이돌이 걱정인게 아니라.. 팬들이 오타쿠가 되는게 한순간이라..",0,2023-09-29T21:01:16Z,2,UgzkQfID9AccJDMYt8Z4AaABAg,S1bcy4h1mS8,UCbqGaZvzuB9_QbIXWFiKhKA,2023-09-29T21:01:16Z,,중립
콘서트 티켓 8분 만에 전석 매진시킨다는 버추얼 아이돌 근황 / 스브스뉴스,스브스뉴스 SUBUSUNEWS,대댓글,@1o-2o-3o,오타게는 민폐행위로 취급되고 있어요. 근데 오타게가 겨드랑이 문지르는거였어요? 개더럽네요.,5,2023-09-30T05:51:01Z,0,UgzkQfID9AccJDMYt8Z4AaABAg.9vG3ySrgtbg9vH0aQNIEnp,S1bcy4h1mS8,UC7Ki8OKdhOXDAd1V50rgPcw,2023-09-30T05:51:01Z,UgzkQfID9AccJDMYt8Z4AaABAg,중립
콘서트 티켓 8분 만에 전석 매진시킨다는 버추얼 아이돌 근황 / 스브스뉴스,스브스뉴스 SUBUSUNEWS,대댓글,@잘부탁드려요-k5b,저희도 상식은 제대로 박혀있습니다. 이세돌에서도 공연 전에 그런 행동 하지 말라고 신신당부하기도 했고요.,0,2023-12-19T15:14:13Z,0,UgzkQfID9AccJDMYt8Z4AaABAg.9vG3ySrgtbg9yW0dOm6dKO,S1bcy4h1mS8,UCrO0s18dOvxPeueMEQuXdsQ,2023-12-19T15:14:13Z,UgzkQfID9AccJDMYt8Z4AaABAg,중립
콘서트 티켓 8분 만에 전석 매진시킨다는 버추얼 아이돌 근황 / 스브스뉴스,스브스뉴스 SUBUSUNEWS,최상위 댓글,@user-joteacher,수익은 우왁굿이 다들고가는건가요? ㅋㅋㅋ,0,2023-10-05T01:12:32Z,3,UgySRQbJoKgaUfLS8Gl4AaABAg,S1bcy4h1mS8,UCaYKOTQel3p5Shut08FkyUA,2023-10-05T01:12:32Z,,긍정
콘서트 티켓 8분 만에 전석 매진시킨다는 버추얼 아이돌 근황 / 스브스뉴스,스브스뉴스 SUBUSUNEWS,대댓글,@AroU_,아뇨 각자도생입니다 페스티벌은 패러블이 열어서 패러블이 가져가고 이세돌은 출연료만 각자받는거고 우왁굳님이 이세돌분들 수익을 떼가지는않아용,1,2023-10-05T03:33:21Z,0,UgySRQbJoKgaUfLS8Gl4AaABAg.9vTOh5KBv_S9vTdoXqNJGW,S1bcy4h1mS8,UC8GZyFFEuvGNRMxyMNSfGpw,2023-10-05T03:33:21Z,UgySRQbJoKgaUfLS8Gl4AaABAg,중립
콘서트 티켓 8분 만에 전석 매진시킨다는 버추얼 아이돌 근황 / 스브스뉴스,스브스뉴스 SUBUSUNEWS,대댓글,@alclsfkfma,우왁굳은 자기가 성장시켜놓고 수익은 떼가지 않는게 이해가 가지 않는다는 소리만 수백번은 더 들은 사람인데요,1,2023-10-10T17:43:34Z,0,UgySRQbJoKgaUfLS8Gl4AaABAg.9vTOh5KBv_S9vh25-vXzTd,S1bcy4h1mS8,UCD9tulWgf7ncS5KfY4_f8Kg,2023-10-10T17:43:34Z,UgySRQbJoKgaUfLS8Gl4AaABAg,중립
콘서트 티켓 8분 만에 전석 매진시킨다는 버추얼 아이돌 근황 / 스브스뉴스,스브스뉴스 SUBUSUNEWS,대댓글,@세균단-c4s,굿은 뭐냐 ㅋㅋ,0,2023-10-15T02:59:54Z,0,UgySRQbJoKgaUfLS8Gl4AaABAg.9vTOh5KBv_S9vsKwH1g2BI,S1bcy4h1mS8,UCUtZaeA3I1aV8UdMpeXSM2Q,2023-10-15T02:59:54Z,UgySRQbJoKgaUfLS8Gl4AaABAg,긍정
콘서트 티켓 8분 만에 전석 매진시킨다는 버추얼 아이돌 근황 / 스브스뉴스,스브스뉴스 SUBUSUNEWS,최상위 댓글,@user-pc8ox6xv7i,스브스 드디어 미친건가?,6,2023-11-19T08:59:04Z,4,UgxQSPQ7yT1rrv3xJ7R4AaABAg,S1bcy4h1mS8,UCauwQiHs0KilNRGZFQ4XIKw,2023-11-19T08:59:04Z,,중립
콘서트 티켓 8분 만에 전석 매진시킨다는 버추얼 아이돌 근황 / 스브스뉴스,스브스뉴스 SUBUSUNEWS,대댓글,@user-pc8ox6xv7i,@fycatwi 내 생각에 니들이 더 미친거 같음 ㅋ,1,2024-01-18T17:36:34Z,0,UgxQSPQ7yT1rrv3xJ7R4AaABAg.9xI5rRXOh4A9ziWmGLKTMN,S1bcy4h1mS8,UCauwQiHs0KilNRGZFQ4XIKw,2024-06-17T23:10:00Z,UgxQSPQ7yT1rrv3xJ7R4AaABAg,중립
콘서트 티켓 8분 만에 전석 매진시킨다는 버추얼 아이돌 근황 / 스브스뉴스,스브스뉴스 SUBUSUNEWS,대댓글,@김가은-n5v,에휴 ㅉ,0,2024-02-13T17:47:49Z,0,UgxQSPQ7yT1rrv3xJ7R4AaABAg.9xI5rRXOh4AA-lUjM0Yar7,S1bcy4h1mS8,UCEoW1PQ68b6tjBElOnRzIPQ,2024-02-13T17:47:49Z,UgxQSPQ7yT1rrv3xJ7R4AaABAg,중립
콘서트 티켓 8분 만에 전석 매진시킨다는 버추얼 아이돌 근황 / 스브스뉴스,스브스뉴스 SUBUSUNEWS,대댓글,@user-pc8ox6xv7i,@fycatwi 너가 미쳤겠지 ㅋ,1,2024-02-14T02:58:52Z,0,UgxQSPQ7yT1rrv3xJ7R4AaABAg.9xI5rRXOh4AA-mTnNQRtPy,S1bcy4h1mS8,UCauwQiHs0KilNRGZFQ4XIKw,2024-06-17T23:10:00Z,UgxQSPQ7yT1rrv3xJ7R4AaABAg,중립
콘서트 티켓 8분 만에 전석 매진시킨다는 버추얼 아이돌 근황 / 스브스뉴스,스브스뉴스 SUBUSUNEWS,대댓글,@호올린,뭐가 미쳤다는거?,0,2024-03-09T18:22:18Z,0,UgxQSPQ7yT1rrv3xJ7R4AaABAg.9xI5rRXOh4AA0lvYt4D_R6,S1bcy4h1mS8,UCoKd1DUnSFQasbp9Gu7xnLQ,2024-03-09T18:22:18Z,UgxQSPQ7yT1rrv3xJ7R4AaABAg,중립
콘서트 티켓 8분 만에 전석 매진시킨다는 버추얼 아이돌 근황 / 스브스뉴스,스브스뉴스 SUBUSUNEWS,최상위 댓글,@user-eoeimzllqq,처음에는 그래 뭐 그러고 응원도 한 사람임 캐릭터 안에 사람들이 웃기고 그러니까 그랬는데 여러 버추얼그룹들 생기는거 보니까 미래에 대한민국이 바추얼 아이돌로 뒤덮힐까봐 두렵다 솔직히.... 케이팝이 그냥 캐릭터들로 뒤덮히는 거잖아 그건 싫어.. 직접 실물을 보는게 좋지... 이세돌이랑 고멤 왁타버스 개인적으로 1년넘게 판 사람인데 진짜 사람이 있어야좋지... 요샌 정말 이런 생각듦.,3,2023-10-21T05:17:19Z,0,UgyU6FxrkPfmvFt3EfF4AaABAg,S1bcy4h1mS8,UCHYMVTiGsv2wpKMq3Ye6IiQ,2023-10-21T05:17:19Z,,중립
콘서트 티켓 8분 만에 전석 매진시킨다는 버추얼 아이돌 근황 / 스브스뉴스,스브스뉴스 SUBUSUNEWS,최상위 댓글,@imoly,혼란스럽다,0,2023-09-30T18:26:42Z,0,UgyUv3FUZhecgocU_FV4AaABAg,S1bcy4h1mS8,UCEOA5ZNqBFr9KU9Bb9Wm3nA,2023-09-30T18:26:42Z,,중립
콘서트 티켓 8분 만에 전석 매진시킨다는 버추얼 아이돌 근황 / 스브스뉴스,스브스뉴스 SUBUSUNEWS,최상위 댓글,@user-ih3io5cp4i,죄송하지만 박효진님 그... 뢴트게늄님인줄....,0,2023-09-28T10:16:29Z,0,UgxnNkiml99_i0Z8PQh4AaABAg,S1bcy4h1mS8,UChmNd64_QkjkGbdidrAAvuQ,2023-09-28T10:16:29Z,,중립
콘서트 티켓 8분 만에 전석 매진시킨다는 버추얼 아이돌 근황 / 스브스뉴스,스브스뉴스 SUBUSUNEWS,최상위 댓글,@ffoogg4678,일본의 음침하고 나쁜문화를 가져올 이유가 있나싶네,14,2023-09-30T01:56:48Z,2,Ugw4RfzFUlWUTokMQDd4AaABAg,S1bcy4h1mS8,UCqcJmgiHCJsVe5zD9L7LJWw,2023-09-30T01:56:48Z,,중립
콘서트 티켓 8분 만에 전석 매진시킨다는 버추얼 아이돌 근황 / 스브스뉴스,스브스뉴스 SUBUSUNEWS,대댓글,@명봉-s4c,수요가 많은게 이유지,0,2023-09-30T02:07:21Z,0,Ugw4RfzFUlWUTokMQDd4AaABAg.9vGamzB4sdq9vGc-Ds7csG,S1bcy4h1mS8,UCRvh1LlrYKtGmVVnC7_tlRw,2023-09-30T02:07:21Z,Ugw4RfzFUlWUTokMQDd4AaABAg,중립
콘서트 티켓 8분 만에 전석 매진시킨다는 버추얼 아이돌 근황 / 스브스뉴스,스브스뉴스 SUBUSUNEWS,대댓글,@dontscratchyourhip,어떤 부분에서 음침하고 나쁜건지 모르겠다 그냥 씹덕감성에 이상한 요소 덕지덕지한 애니 이런거랑 같이비춰보는 것 같은데,0,2023-10-03T17:47:48Z,0,Ugw4RfzFUlWUTokMQDd4AaABAg.9vGamzB4sdq9vQ1-ytJsaI,S1bcy4h1mS8,UCl_CVBMhVA4thXxd4GT1S9Q,2023-10-03T17:47:48Z,Ugw4RfzFUlWUTokMQDd4AaABAg,중립
콘서트 티켓 8분 만에 전석 매진시킨다는 버추얼 아이돌 근황 / 스브스뉴스,스브스뉴스 SUBUSUNEWS,최상위 댓글,@nhatrang10139,"성우 좀 썼으면 한다. 하츠네미쿠는 목소리랑 캐릭터가 맞는데,
한국 브이튜버는 목소리랑 캐릭터 사이에 괴리감이 느껴진다.",3,2023-09-29T03:19:46Z,4,Ugxq6nzRGZiNbV2IHMF4AaABAg,S1bcy4h1mS8,UCdAV80iCAwr0pj36Ezv7e1w,2023-09-29T03:19:46Z,,중립
콘서트 티켓 8분 만에 전석 매진시킨다는 버추얼 아이돌 근황 / 스브스뉴스,스브스뉴스 SUBUSUNEWS,대댓글,@Exorcider,열도로 가세요.,11,2023-09-29T05:46:36Z,0,Ugxq6nzRGZiNbV2IHMF4AaABAg.9vEAUlLj0YV9vERI9sLZ8n,S1bcy4h1mS8,UClEft3B9HL630oKMWTzwliQ,2023-09-29T05:46:36Z,Ugxq6nzRGZiNbV2IHMF4AaABAg,중립
콘서트 티켓 8분 만에 전석 매진시킨다는 버추얼 아이돌 근황 / 스브스뉴스,스브스뉴스 SUBUSUNEWS,대댓글,@stone263e1a7,단어짜깁기로 노래만드는 일본식 버튜버 볼거면 일본사이트 가시거나 님이 만드세요,0,2023-09-29T09:08:26Z,0,Ugxq6nzRGZiNbV2IHMF4AaABAg.9vEAUlLj0YV9vEnOU-LndW,S1bcy4h1mS8,UC7xSkQGOHUrnl0epmrBtX7g,2023-09-29T09:08:26Z,Ugxq6nzRGZiNbV2IHMF4AaABAg,중립
콘서트 티켓 8분 만에 전석 매진시킨다는 버추얼 아이돌 근황 / 스브스뉴스,스브스뉴스 SUBUSUNEWS,대댓글,@6luckly468,그걸 우리는 익숙해졌다고 해요,0,2023-09-29T10:12:32Z,0,Ugxq6nzRGZiNbV2IHMF4AaABAg.9vEAUlLj0YV9vEuivvY7iB,S1bcy4h1mS8,UCuajWR5L4Ml_CLLPav1drcw,2023-09-29T10:12:32Z,Ugxq6nzRGZiNbV2IHMF4AaABAg,중립
콘서트 티켓 8분 만에 전석 매진시킨다는 버추얼 아이돌 근황 / 스브스뉴스,스브스뉴스 SUBUSUNEWS,대댓글,@user-grayfacese,당연히 미쿠같은 ai로 맞추면 안어울리는 목소리가 나올수가있냐?,0,2023-09-29T11:08:39Z,0,Ugxq6nzRGZiNbV2IHMF4AaABAg.9vEAUlLj0YV9vF08vgdmEk,S1bcy4h1mS8,UCozDuQDJmIN0SZKnW-uHG0w,2023-09-29T11:08:39Z,Ugxq6nzRGZiNbV2IHMF4AaABAg,중립
콘서트 티켓 8분 만에 전석 매진시킨다는 버추얼 아이돌 근황 / 스브스뉴스,스브스뉴스 SUBUSUNEWS,최상위 댓글,@망소이,AI가 실시간으로 농담도 하고 웃으면서 사투리까지 구현한다면 그건 그것 나름대로 대단하고 소름돋겠다,0,2023-09-28T10:31:55Z,7,UgyDn4DeB1FeK-wxLrB4AaABAg,S1bcy4h1mS8,UCjxiHM2N-GoCJfRlm3wy04g,2023-09-29T02:20:49Z,,중립
콘서트 티켓 8분 만에 전석 매진시킨다는 버추얼 아이돌 근황 / 스브스뉴스,스브스뉴스 SUBUSUNEWS,대댓글,@user-lowpwkmd66dj,얘네 사람이야..,5,2023-09-28T10:38:15Z,0,UgyDn4DeB1FeK-wxLrB4AaABAg.9vCN8z6iUqv9vCNsQoUnuV,S1bcy4h1mS8,UC5L3WGjLWHDcvTeiAs20IPA,2023-09-28T10:38:15Z,UgyDn4DeB1FeK-wxLrB4AaABAg,중립
콘서트 티켓 8분 만에 전석 매진시킨다는 버추얼 아이돌 근황 / 스브스뉴스,스브스뉴스 SUBUSUNEWS,대댓글,@Numdtjtdgw-j1g,복면가왕처럼 그냥 아바타 쓴 사람임....,2,2023-09-28T10:42:44Z,0,UgyDn4DeB1FeK-wxLrB4AaABAg.9vCN8z6iUqv9vCOOE3tB3O,S1bcy4h1mS8,UCFoVvm6oeHVBqkhOmCCracw,2023-09-28T10:42:44Z,UgyDn4DeB1FeK-wxLrB4AaABAg,중립
콘서트 티켓 8분 만에 전석 매진시킨다는 버추얼 아이돌 근황 / 스브스뉴스,스브스뉴스 SUBUSUNEWS,대댓글,@nininimun11,사람이야 ㅋㅋ,0,2023-09-28T11:17:15Z,0,UgyDn4DeB1FeK-wxLrB4AaABAg.9vCN8z6iUqv9vCSL2CLWkb,S1bcy4h1mS8,UCcPkbV6e8xZrxF1oDF8tp5A,2023-09-28T11:17:15Z,UgyDn4DeB1FeK-wxLrB4AaABAg,중립
콘서트 티켓 8분 만에 전석 매진시킨다는 버추얼 아이돌 근황 / 스브스뉴스,스브스뉴스 SUBUSUNEWS,대댓글,@망소이,?,0,2023-09-28T11:26:12Z,0,UgyDn4DeB1FeK-wxLrB4AaABAg.9vCN8z6iUqv9vCTMYGm0t9,S1bcy4h1mS8,UCjxiHM2N-GoCJfRlm3wy04g,2023-09-28T11:26:12Z,UgyDn4DeB1FeK-wxLrB4AaABAg,중립
콘서트 티켓 8분 만에 전석 매진시킨다는 버추얼 아이돌 근황 / 스브스뉴스,스브스뉴스 SUBUSUNEWS,대댓글,@zndn1002,안에 사람있어요!!!,0,2023-09-28T11:41:44Z,0,UgyDn4DeB1FeK-wxLrB4AaABAg.9vCN8z6iUqv9vCV8MO3ZsL,S1bcy4h1mS8,UC0k2-YCWn5IoOCuW9AhpfCg,2023-09-28T11:41:44Z,UgyDn4DeB1FeK-wxLrB4AaABAg,중립
콘서트 티켓 8분 만에 전석 매진시킨다는 버추얼 아이돌 근황 / 스브스뉴스,스브스뉴스 SUBUSUNEWS,최상위 댓글,@user-jf4if7fz4r,한국 버츄얼은 좀 ㅋㅋㅋ,9,2023-10-19T05:14:28Z,4,UgxKB4SAMBRH6VVvnSJ4AaABAg,S1bcy4h1mS8,UCHh7-R8hpoWa1TrbcHufhSg,2023-10-19T05:14:28Z,,중립
콘서트 티켓 8분 만에 전석 매진시킨다는 버추얼 아이돌 근황 / 스브스뉴스,스브스뉴스 SUBUSUNEWS,대댓글,@시청자-j2u,킹아!,5,2023-10-20T13:35:12Z,0,UgxKB4SAMBRH6VVvnSJ4AaABAg.9w1sWM7LMNQ9w5LbeU0PPy,S1bcy4h1mS8,UC_I2s_X9EtbpIC-x-YUZMpw,2023-10-20T13:35:12Z,UgxKB4SAMBRH6VVvnSJ4AaABAg,중립
콘서트 티켓 8분 만에 전석 매진시킨다는 버추얼 아이돌 근황 / 스브스뉴스,스브스뉴스 SUBUSUNEWS,대댓글,@user-pc8ox6xv7i,​@시청자-j2u넌 좀 그만 나와라,0,2023-11-19T09:00:42Z,0,UgxKB4SAMBRH6VVvnSJ4AaABAg.9w1sWM7LMNQ9xI62SzZXuB,S1bcy4h1mS8,UCauwQiHs0KilNRGZFQ4XIKw,2024-06-18T01:13:08Z,UgxKB4SAMBRH6VVvnSJ4AaABAg,중립
콘서트 티켓 8분 만에 전석 매진시킨다는 버추얼 아이돌 근황 / 스브스뉴스,스브스뉴스 SUBUSUNEWS,대댓글,@t1goseguman,일본 버츄얼은 좋냐 그럼,0,2024-01-14T14:20:14Z,0,UgxKB4SAMBRH6VVvnSJ4AaABAg.9w1sWM7LMNQ9zYs7jIJTfR,S1bcy4h1mS8,UCzWEFLlavqYrJOKFJYX9kGw,2024-01-14T14:20:14Z,UgxKB4SAMBRH6VVvnSJ4AaABAg,중립
콘서트 티켓 8분 만에 전석 매진시킨다는 버추얼 아이돌 근황 / 스브스뉴스,스브스뉴스 SUBUSUNEWS,대댓글,@user-pc8ox6xv7i,@fycatwi 난 잘 하고 있으니 너나 잘하시죠,0,2024-01-18T17:36:00Z,0,UgxKB4SAMBRH6VVvnSJ4AaABAg.9w1sWM7LMNQ9ziWi2kV1SO,S1bcy4h1mS8,UCauwQiHs0KilNRGZFQ4XIKw,2024-06-18T01:13:08Z,UgxKB4SAMBRH6VVvnSJ4AaABAg,중립
콘서트 티켓 8분 만에 전석 매진시킨다는 버추얼 아이돌 근황 / 스브스뉴스,스브스뉴스 SUBUSUNEWS,최상위 댓글,@Kind514-x6h,대한민국은 망했다,17,2023-09-28T13:31:40Z,12,UgzhbV-SziW0p4nz2ll4AaABAg,S1bcy4h1mS8,UCh4Zzf4IUNl-iHHMerkA7Pg,2023-09-28T13:31:40Z,,중립
콘서트 티켓 8분 만에 전석 매진시킨다는 버추얼 아이돌 근황 / 스브스뉴스,스브스뉴스 SUBUSUNEWS,대댓글,@TVhongkacola,"님과 나 그리고 침묵하는 대다수의 애국자들이 훨씬 많기에 언젠가 기회가 생겼을때 응우옌 투l기+선족+종북극좌+얘네들 다 쓸어버리면 그만임 
나라는 그리 쉽게 안 망함 멍청하게 기회란 기회를 다 놓쳐야 망하지
그런 기회가 찾아올 날은 내 생각에 그리 머지 않았음",1,2023-09-28T13:36:49Z,0,UgzhbV-SziW0p4nz2ll4AaABAg.9vCgiZJT4qI9vChJHUbmQx,S1bcy4h1mS8,UC6is4mJntEBCljdBToSifkw,2023-09-28T13:36:49Z,UgzhbV-SziW0p4nz2ll4AaABAg,중립
콘서트 티켓 8분 만에 전석 매진시킨다는 버추얼 아이돌 근황 / 스브스뉴스,스브스뉴스 SUBUSUNEWS,대댓글,@두돡굳,본인이 더 빨리 망했다,0,2023-09-28T14:16:54Z,0,UgzhbV-SziW0p4nz2ll4AaABAg.9vCgiZJT4qI9vClttXcjD1,S1bcy4h1mS8,UC0JnP52x-I4SfgjNO6Tx9NQ,2023-09-28T14:16:54Z,UgzhbV-SziW0p4nz2ll4AaABAg,중립
콘서트 티켓 8분 만에 전석 매진시킨다는 버추얼 아이돌 근황 / 스브스뉴스,스브스뉴스 SUBUSUNEWS,대댓글,@nyanyaneo7080,빨리 따라와라 도태된다,0,2023-09-28T14:18:28Z,0,UgzhbV-SziW0p4nz2ll4AaABAg.9vCgiZJT4qI9vCm4LRT_nF,S1bcy4h1mS8,UC-yyYMole-yaiZFnJw5o7VA,2023-09-28T14:18:28Z,UgzhbV-SziW0p4nz2ll4AaABAg,중립
콘서트 티켓 8분 만에 전석 매진시킨다는 버추얼 아이돌 근황 / 스브스뉴스,스브스뉴스 SUBUSUNEWS,대댓글,@뮬뮬-s5p,너때문에 망할위기임,1,2023-09-28T14:58:40Z,0,UgzhbV-SziW0p4nz2ll4AaABAg.9vCgiZJT4qI9vCqfoTFwch,S1bcy4h1mS8,UC4PdUIHNedG1ValpNUICysw,2023-09-28T14:58:40Z,UgzhbV-SziW0p4nz2ll4AaABAg,중립
콘서트 티켓 8분 만에 전석 매진시킨다는 버추얼 아이돌 근황 / 스브스뉴스,스브스뉴스 SUBUSUNEWS,대댓글,@우럭다,니떼메ㅋㅋ,1,2023-09-28T15:23:40Z,0,UgzhbV-SziW0p4nz2ll4AaABAg.9vCgiZJT4qI9vCtXowmmQw,S1bcy4h1mS8,UCMGlMJ46GIn1znn09o89MmQ,2023-09-28T15:23:40Z,UgzhbV-SziW0p4nz2ll4AaABAg,중립
콘서트 티켓 8분 만에 전석 매진시킨다는 버추얼 아이돌 근황 / 스브스뉴스,스브스뉴스 SUBUSUNEWS,최상위 댓글,@ijjj-v6b,일본을 20년 이상 꿈을 꾸지 않는 국가로 만들어서 망가뜨렸는데 이제 한국 차례네. 하츠네미쿠에 열광하는 일본을 한심한 눈초리로 바라보던 한국인들이 이제 본인들이 그 상황에 쳐했는데 아무런 저항도 하지 않고 받아드리고 있다는 ㄷㄷ,7,2023-10-04T19:26:14Z,2,Ugz61EJtuVKc-_wn2Dl4AaABAg,S1bcy4h1mS8,UCKsEYjaV7gYLybZgRsOXFDw,2023-10-04T19:26:14Z,,중립
콘서트 티켓 8분 만에 전석 매진시킨다는 버추얼 아이돌 근황 / 스브스뉴스,스브스뉴스 SUBUSUNEWS,대댓글,@준식이-b8v,보수적인 한국스~ 개처돌랐쥬,0,2023-10-09T10:56:02Z,0,Ugz61EJtuVKc-_wn2Dl4AaABAg.9vSm3l51xAw9vdjeHHa4df,S1bcy4h1mS8,UCX99QrB_C9H2i4F3REvBXcw,2023-10-09T10:56:02Z,Ugz61EJtuVKc-_wn2Dl4AaABAg,중립
콘서트 티켓 8분 만에 전석 매진시킨다는 버추얼 아이돌 근황 / 스브스뉴스,스브스뉴스 SUBUSUNEWS,대댓글,@잘부탁드려요-k5b,미국 같은 곳에서도 이미 다 있는데요? 그럼 Shylily는 뭡니까?,0,2023-12-19T14:48:41Z,0,Ugz61EJtuVKc-_wn2Dl4AaABAg.9vSm3l51xAw9yVyiN7eVbq,S1bcy4h1mS8,UCrO0s18dOvxPeueMEQuXdsQ,2023-12-19T14:48:41Z,Ugz61EJtuVKc-_wn2Dl4AaABAg,중립
콘서트 티켓 8분 만에 전석 매진시킨다는 버추얼 아이돌 근황 / 스브스뉴스,스브스뉴스 SUBUSUNEWS,최상위 댓글,@Ddoongddangeee,어지럽노 그냥 ㅋㅋㅋㅋㅋ,11,2024-01-25T01:12:22Z,0,UgwNUH8XOPL0zt_nX-t4AaABAg,S1bcy4h1mS8,UCh1WEyAhSvLkGOaqQyeeP2A,2024-01-25T01:12:22Z,,중립
콘서트 티켓 8분 만에 전석 매진시킨다는 버추얼 아이돌 근황 / 스브스뉴스,스브스뉴스 SUBUSUNEWS,최상위 댓글,@user-og6il6cd6u,와 이런걸 보는 애들이있네ㅋㅋ차라리 연예인이 낫지 와꾸 후달려서 하는 유튜버를,13,2023-09-28T13:37:10Z,6,UgzKmwLC9BHiHSMKKap4AaABAg,S1bcy4h1mS8,UCx50610XPyiEQlb2UIVBTXg,2023-09-28T13:37:10Z,,중립
콘서트 티켓 8분 만에 전석 매진시킨다는 버추얼 아이돌 근황 / 스브스뉴스,스브스뉴스 SUBUSUNEWS,대댓글,@Axiommen,당신도 보게 될 겁니다...,2,2023-09-28T15:42:14Z,0,UgzKmwLC9BHiHSMKKap4AaABAg.9vChLoZEFoK9vCveo6gYsz,S1bcy4h1mS8,UCe3eASDsYw6h8acWIrr8HgA,2023-09-28T15:42:14Z,UgzKmwLC9BHiHSMKKap4AaABAg,중립
콘서트 티켓 8분 만에 전석 매진시킨다는 버추얼 아이돌 근황 / 스브스뉴스,스브스뉴스 SUBUSUNEWS,대댓글,@부릉부릉-s9v,대체 얼굴 못생겨서 버튜버한다는 건 어디서 나온 사상임?,1,2023-09-28T16:13:18Z,0,UgzKmwLC9BHiHSMKKap4AaABAg.9vChLoZEFoK9vCzDLmFIAQ,S1bcy4h1mS8,UCMTxj1sJp5hkPmr2lx_Iv3Q,2023-09-28T16:13:18Z,UgzKmwLC9BHiHSMKKap4AaABAg,중립
콘서트 티켓 8분 만에 전석 매진시킨다는 버추얼 아이돌 근황 / 스브스뉴스,스브스뉴스 SUBUSUNEWS,대댓글,@user-vg6uo9cj1b,멤버중 실제 아이돌 데뷔하셨던 분도 있습니다 선입견 좀 버리세요ㅋㅋ 성공한 이유는 이유가 있음,7,2023-09-28T17:33:37Z,0,UgzKmwLC9BHiHSMKKap4AaABAg.9vChLoZEFoK9vD7Pe0x7O2,S1bcy4h1mS8,UCrkq3BBDacdeChGFHINC9Nw,2023-09-28T17:33:37Z,UgzKmwLC9BHiHSMKKap4AaABAg,중립
콘서트 티켓 8분 만에 전석 매진시킨다는 버추얼 아이돌 근황 / 스브스뉴스,스브스뉴스 SUBUSUNEWS,대댓글,@kimnerget,@부릉부릉-s9v 수많은 버튜가 그렇다 멍청한놈아 내가 본 듀라한부터 버튜버 거의 대부분의 방송인들은 얼굴이 빻았었다 알고는있냐?,1,2023-09-28T17:40:29Z,0,UgzKmwLC9BHiHSMKKap4AaABAg.9vChLoZEFoK9vD8C-YRkvr,S1bcy4h1mS8,UCFvmmbwA0tcdZ7JhZZfghew,2024-06-17T23:05:50Z,UgzKmwLC9BHiHSMKKap4AaABAg,중립
콘서트 티켓 8분 만에 전석 매진시킨다는 버추얼 아이돌 근황 / 스브스뉴스,스브스뉴스 SUBUSUNEWS,대댓글,@Musikl0ve,​@user-vg6uo9cj1b이건 팩트죠,1,2023-09-28T22:24:11Z,0,UgzKmwLC9BHiHSMKKap4AaABAg.9vChLoZEFoK9vDder0Eogo,S1bcy4h1mS8,UC2swGjr4t7dtJDGrCuAqX1g,2024-06-17T23:05:50Z,UgzKmwLC9BHiHSMKKap4AaABAg,중립
콘서트 티켓 8분 만에 전석 매진시킨다는 버추얼 아이돌 근황 / 스브스뉴스,스브스뉴스 SUBUSUNEWS,최상위 댓글,@Qwertyzxcvuiop,솔직히 할말은 많은데.. 흠,6,2023-09-28T12:42:58Z,3,Ugyn8007ibpCWff4Byt4AaABAg,S1bcy4h1mS8,UCqeIaSVZMhAd9UgAXjF2vnw,2023-09-28T12:42:58Z,,중립
콘서트 티켓 8분 만에 전석 매진시킨다는 버추얼 아이돌 근황 / 스브스뉴스,스브스뉴스 SUBUSUNEWS,대댓글,@성이름-g5s9k,해보쇼,3,2023-09-28T12:50:44Z,0,Ugyn8007ibpCWff4Byt4AaABAg.9vCb8vyNuii9vCc1nMszYd,S1bcy4h1mS8,UCAFu_RE5ZmQmOF615j8fBoA,2023-09-28T12:50:44Z,Ugyn8007ibpCWff4Byt4AaABAg,중립
콘서트 티켓 8분 만에 전석 매진시킨다는 버추얼 아이돌 근황 / 스브스뉴스,스브스뉴스 SUBUSUNEWS,대댓글,@DdoANa,너도 얼굴 안보이는 파카 빨잖아 ㅋㅋ,1,2023-09-28T22:51:00Z,0,Ugyn8007ibpCWff4Byt4AaABAg.9vCb8vyNuii9vDgjD16Z37,S1bcy4h1mS8,UCoU08JgEcKcCgq3MunaWuFQ,2023-09-28T22:51:00Z,Ugyn8007ibpCWff4Byt4AaABAg,중립
콘서트 티켓 8분 만에 전석 매진시킨다는 버추얼 아이돌 근황 / 스브스뉴스,스브스뉴스 SUBUSUNEWS,대댓글,@추연아-s9g,@DdoANa 버타쿠 돌평 ㅋㅋㅋㅋㅋㅋ  2D여자버튜버빨면서딸치는 니들이랑같냐?,1,2023-09-29T03:51:56Z,0,Ugyn8007ibpCWff4Byt4AaABAg.9vCb8vyNuii9vEEAIZDLsb,S1bcy4h1mS8,UC3zQIcGAs3nZoD8p7Hz8Edw,2024-04-18T01:12:34Z,Ugyn8007ibpCWff4Byt4AaABAg,중립
콘서트 티켓 8분 만에 전석 매진시킨다는 버추얼 아이돌 근황 / 스브스뉴스,스브스뉴스 SUBUSUNEWS,최상위 댓글,@user-cd7hi7po5u,불쌍하네요,5,2023-09-30T04:15:05Z,0,UgxA3NK0xjFObO6u1gd4AaABAg,S1bcy4h1mS8,UCTzbJ3d-oYBzWTyDZrmUgcg,2023-09-30T04:15:05Z,,중립
콘서트 티켓 8분 만에 전석 매진시킨다는 버추얼 아이돌 근황 / 스브스뉴스,스브스뉴스 SUBUSUNEWS,최상위 댓글,@zero-xs9wb,와 진짜 이해가 안된다... ㄹㅇ,9,2023-09-30T01:02:22Z,1,Ugyc5t8OOOS3zNKMmOZ4AaABAg,S1bcy4h1mS8,UCPhKKBbfeEZ2DeK_gNxFQAw,2023-09-30T01:02:22Z,,중립
콘서트 티켓 8분 만에 전석 매진시킨다는 버추얼 아이돌 근황 / 스브스뉴스,스브스뉴스 SUBUSUNEWS,대댓글,@슈프림-b3e,굳이 너를 이해 시켜야할까? 니가 뭐라고 ㅋㅋ,0,2023-09-30T20:15:44Z,0,Ugyc5t8OOOS3zNKMmOZ4AaABAg.9vGVZJZiWU89vIZYoVazmX,S1bcy4h1mS8,UC1QopDxjhlWeQNWPvWHtL8A,2023-09-30T20:15:44Z,Ugyc5t8OOOS3zNKMmOZ4AaABAg,중립
콘서트 티켓 8분 만에 전석 매진시킨다는 버추얼 아이돌 근황 / 스브스뉴스,스브스뉴스 SUBUSUNEWS,최상위 댓글,@퓨기,이런건 일본에서나 있는건줄 알았는데 진짜 나라 꼴 레전드네 동영상 틀어주는 콘서트ㅋㅋ 참 가지가지한다,9,2023-09-30T17:25:20Z,0,UgzkAU3h1CRcOPI7eQZ4AaABAg,S1bcy4h1mS8,UCABM_QHLFQ9urE6BJiMeYpQ,2023-09-30T17:25:20Z,,중립
콘서트 티켓 8분 만에 전석 매진시킨다는 버추얼 아이돌 근황 / 스브스뉴스,스브스뉴스 SUBUSUNEWS,최상위 댓글,@아나조요,이세계 페미돌 잘봤습니다.^^...허버허버,12,2023-10-03T21:27:52Z,10,Ugw3xmCBuRbtIl2T1kt4AaABAg,S1bcy4h1mS8,UCh005SdBXRnk8iiilD-5LtA,2023-10-03T21:27:52Z,,중립
콘서트 티켓 8분 만에 전석 매진시킨다는 버추얼 아이돌 근황 / 스브스뉴스,스브스뉴스 SUBUSUNEWS,대댓글,@INCHEONBUS-NO.1,"ㅈㄹ ㄴ
그리고 허버허버가 원래 예능이나 채널에서도 사용됬었고
입틀막이나 놀랐을때 용도 였을터
어느날부터 변질되서 
이거 쓰면 ㅅㅂ 페미되버림
남자가 허버써도 페미냐? ㅋ
그럼 허버쓴 방송프로도 다 페미겠네",6,2023-10-03T22:31:40Z,0,Ugw3xmCBuRbtIl2T1kt4AaABAg.9vQQBfBEBMy9vQXV4s_mXv,S1bcy4h1mS8,UCOG8uHQ_f-KbM5qat7dQMrg,2023-10-03T22:32:04Z,Ugw3xmCBuRbtIl2T1kt4AaABAg,중립
콘서트 티켓 8분 만에 전석 매진시킨다는 버추얼 아이돌 근황 / 스브스뉴스,스브스뉴스 SUBUSUNEWS,대댓글,@IamLazy141,옥수니?,0,2023-10-04T02:39:22Z,0,Ugw3xmCBuRbtIl2T1kt4AaABAg.9vQQBfBEBMy9vQyqGdTZy7,S1bcy4h1mS8,UCrIEC-ciXBU4CXA-WrFlDEA,2023-10-04T02:39:22Z,Ugw3xmCBuRbtIl2T1kt4AaABAg,중립
콘서트 티켓 8분 만에 전석 매진시킨다는 버추얼 아이돌 근황 / 스브스뉴스,스브스뉴스 SUBUSUNEWS,대댓글,@DdoANa,​@INCHEONBUS-NO.1이건 아니야... 비응신아 허버허버는 여초 용어 맞음 페미 용어가 아닐 뿐이지,0,2023-10-04T23:02:57Z,0,Ugw3xmCBuRbtIl2T1kt4AaABAg.9vQQBfBEBMy9vT9rz30Bdb,S1bcy4h1mS8,UCoU08JgEcKcCgq3MunaWuFQ,2024-06-17T22:31:56Z,Ugw3xmCBuRbtIl2T1kt4AaABAg,중립
콘서트 티켓 8분 만에 전석 매진시킨다는 버추얼 아이돌 근황 / 스브스뉴스,스브스뉴스 SUBUSUNEWS,대댓글,@INCHEONBUS-NO.1,@DdoANa dpd 그럼 방송에서 쓴건 뭐여????,0,2023-10-04T23:50:56Z,0,Ugw3xmCBuRbtIl2T1kt4AaABAg.9vQQBfBEBMy9vTFMSOD5uJ,S1bcy4h1mS8,UCOG8uHQ_f-KbM5qat7dQMrg,2024-06-17T22:31:56Z,Ugw3xmCBuRbtIl2T1kt4AaABAg,중립
콘서트 티켓 8분 만에 전석 매진시킨다는 버추얼 아이돌 근황 / 스브스뉴스,스브스뉴스 SUBUSUNEWS,대댓글,@DdoANa,@INCHEONBUS-NO.1 방송판이 여초판 이니까 작가들이 쓰는거지,0,2023-10-05T00:39:31Z,0,Ugw3xmCBuRbtIl2T1kt4AaABAg.9vQQBfBEBMy9vTKvJVwu4x,S1bcy4h1mS8,UCoU08JgEcKcCgq3MunaWuFQ,2024-06-17T22:31:56Z,Ugw3xmCBuRbtIl2T1kt4AaABAg,중립
콘서트 티켓 8분 만에 전석 매진시킨다는 버추얼 아이돌 근황 / 스브스뉴스,스브스뉴스 SUBUSUNEWS,최상위 댓글,@kshani1109,오유에서 왔습니다. 정말 이상한 콘서트네요,10,2023-09-28T15:33:11Z,0,UgxvfNQ1j7h_DVwjtKZ4AaABAg,S1bcy4h1mS8,UCrNQsoseSwZgT57PP25UCOA,2023-09-28T15:33:11Z,,중립
콘서트 티켓 8분 만에 전석 매진시킨다는 버추얼 아이돌 근황 / 스브스뉴스,스브스뉴스 SUBUSUNEWS,최상위 댓글,@Ka-ke_15,@ㅐ미,4,2024-08-27T06:11:05Z,1,UgxkNbPR4b7OneWikol4AaABAg,S1bcy4h1mS8,UCqPB1ZH8ZWAdL3No_syAzDQ,2024-08-27T06:11:05Z,,중립
콘서트 티켓 8분 만에 전석 매진시킨다는 버추얼 아이돌 근황 / 스브스뉴스,스브스뉴스 SUBUSUNEWS,대댓글,@Alele00-h,그리워?,4,2024-08-29T03:09:12Z,0,UgxkNbPR4b7OneWikol4AaABAg.A7cvnwLFRw2A7hk_WMgaDl,S1bcy4h1mS8,UCCqBojEd3poDi4976nApzdg,2024-08-29T03:09:12Z,UgxkNbPR4b7OneWikol4AaABAg,중립
콘서트 티켓 8분 만에 전석 매진시킨다는 버추얼 아이돌 근황 / 스브스뉴스,스브스뉴스 SUBUSUNEWS,최상위 댓글,@김성찬-z3d,이딴게 양지로 왜 올라오냐 역겹다는 댓글:비정상 이런댓글에 풀발하고 발끈하는 이세돌 팬들:비정상   음 새롭네:정상   조용히보거나 기뻐하는 이세돌 팬들:정상,5,2023-09-28T15:34:50Z,2,Ugx_U_TAeS3JUWyi4W94AaABAg,S1bcy4h1mS8,UCZLT79E5eCPDxI29zcBpRNA,2023-09-28T15:34:50Z,,중립
콘서트 티켓 8분 만에 전석 매진시킨다는 버추얼 아이돌 근황 / 스브스뉴스,스브스뉴스 SUBUSUNEWS,대댓글,@ent-s3l,전부 정상인데,2,2023-09-28T19:28:33Z,0,Ugx_U_TAeS3JUWyi4W94AaABAg.9vCuoh7oH_u9vDKZNwti0Z,S1bcy4h1mS8,UC6cp1Sm1A8BbfAGVrzZi8eQ,2023-09-28T19:28:33Z,Ugx_U_TAeS3JUWyi4W94AaABAg,중립
콘서트 티켓 8분 만에 전석 매진시킨다는 버추얼 아이돌 근황 / 스브스뉴스,스브스뉴스 SUBUSUNEWS,대댓글,@aaa-mv9te,lgbt랑 페미도 이해해주면 안될까...?,1,2023-09-29T03:48:12Z,0,Ugx_U_TAeS3JUWyi4W94AaABAg.9vCuoh7oH_u9vEDk-wpHJe,S1bcy4h1mS8,UCbNefim07-LVAJINxweyM5Q,2023-09-29T03:48:12Z,Ugx_U_TAeS3JUWyi4W94AaABAg,중립
콘서트 티켓 8분 만에 전석 매진시킨다는 버추얼 아이돌 근황 / 스브스뉴스,스브스뉴스 SUBUSUNEWS,최상위 댓글,@27hiyo,신기하네 저런거에 열광하는게,0,2024-02-11T14:40:08Z,0,UgznN2NwMrRxDJoxr994AaABAg,S1bcy4h1mS8,UC4eJq64trJnBuJkGl3kMMtg,2024-02-11T14:40:08Z,,중립
콘서트 티켓 8분 만에 전석 매진시킨다는 버추얼 아이돌 근황 / 스브스뉴스,스브스뉴스 SUBUSUNEWS,최상위 댓글,@madridreal-mp6eh,다좋은데 밀지마라 발언 군인비하한 보라색머리는좀 빼자,14,2023-09-29T17:07:47Z,9,Ugw4IeGsvRdVmPp5AcB4AaABAg,S1bcy4h1mS8,UC0wy2YcdjLW1ICcFao69kvA,2023-09-29T17:07:47Z,,중립
콘서트 티켓 8분 만에 전석 매진시킨다는 버추얼 아이돌 근황 / 스브스뉴스,스브스뉴스 SUBUSUNEWS,대댓글,@utreeu,그게 어찌 비하말언일안말인가.. 얼마나 사회에 찌들었으면...,1,2023-09-30T23:49:09Z,0,Ugw4IeGsvRdVmPp5AcB4AaABAg.9vFeFN_irDB9vIwyvLZadA,S1bcy4h1mS8,UCZgiq3tVztqCRA7JnYYwwSg,2023-09-30T23:49:09Z,Ugw4IeGsvRdVmPp5AcB4AaABAg,중립
콘서트 티켓 8분 만에 전석 매진시킨다는 버추얼 아이돌 근황 / 스브스뉴스,스브스뉴스 SUBUSUNEWS,대댓글,@madridreal-mp6eh,"@utreeu 님처럼 씹덕들만 비하로 생각안함
밀지마라도 실드쳐보셈",0,2023-10-01T01:54:46Z,0,Ugw4IeGsvRdVmPp5AcB4AaABAg.9vFeFN_irDB9vJALxMxnqB,S1bcy4h1mS8,UC0wy2YcdjLW1ICcFao69kvA,2024-06-18T03:54:41Z,Ugw4IeGsvRdVmPp5AcB4AaABAg,중립
콘서트 티켓 8분 만에 전석 매진시킨다는 버추얼 아이돌 근황 / 스브스뉴스,스브스뉴스 SUBUSUNEWS,대댓글,@뚜껑이최고,어어 그떡밥 다 알고있는거 보면 우리게이 스갤에 몸 좀 담근거 같은데ㅋㅋㅋㅋㅋ 하루종일 갤질만 할거같은게 분탕 치겠답시고 이런말하니깐 좀 웃기노ㅋㅋㅋㅋㅋㅋㅋ,5,2023-10-01T09:18:33Z,0,Ugw4IeGsvRdVmPp5AcB4AaABAg.9vFeFN_irDB9vJy8KbNb9W,S1bcy4h1mS8,UC6yUrhHQxI2p6ljyi3fDsWQ,2023-10-01T09:18:33Z,Ugw4IeGsvRdVmPp5AcB4AaABAg,중립
콘서트 티켓 8분 만에 전석 매진시킨다는 버추얼 아이돌 근황 / 스브스뉴스,스브스뉴스 SUBUSUNEWS,대댓글,@utreeu,"@madridreal-mp6eh  밀지마라 랄로? 라는 사람 유튜브 밖에 안나오는데
유행어 따라 하는건데 뭔 실드 타령임?",0,2023-10-01T09:24:03Z,0,Ugw4IeGsvRdVmPp5AcB4AaABAg.9vFeFN_irDB9vJyldIGY__,S1bcy4h1mS8,UCZgiq3tVztqCRA7JnYYwwSg,2024-04-18T01:35:11Z,Ugw4IeGsvRdVmPp5AcB4AaABAg,중립
콘서트 티켓 8분 만에 전석 매진시킨다는 버추얼 아이돌 근황 / 스브스뉴스,스브스뉴스 SUBUSUNEWS,대댓글,@utreeu,@뚜껑이최고 밀지마라 랄로님 유행어 아니였음? 찐은 처음보네,0,2023-10-01T09:24:55Z,0,Ugw4IeGsvRdVmPp5AcB4AaABAg.9vFeFN_irDB9vJyrzn1kmr,S1bcy4h1mS8,UCZgiq3tVztqCRA7JnYYwwSg,2024-04-18T01:35:11Z,Ugw4IeGsvRdVmPp5AcB4AaABAg,긍정
콘서트 티켓 8분 만에 전석 매진시킨다는 버추얼 아이돌 근황 / 스브스뉴스,스브스뉴스 SUBUSUNEWS,최상위 댓글,@Haram___,소두우왁굳미칫다..,0,2023-09-28T14:52:20Z,0,UgxFnKAB7fepitvo-ch4AaABAg,S1bcy4h1mS8,UCt7-2Jq08o0sdhZa6sZx4ww,2023-09-28T14:52:20Z,,중립
콘서트 티켓 8분 만에 전석 매진시킨다는 버추얼 아이돌 근황 / 스브스뉴스,스브스뉴스 SUBUSUNEWS,최상위 댓글,@montero2179,미쳐돌아가네,3,2023-09-30T12:25:57Z,0,UgwPjxNULMHXmT83AjF4AaABAg,S1bcy4h1mS8,UCUS_lX5IYsmehX_MHc7qf4A,2023-09-30T12:25:57Z,,중립
콘서트 티켓 8분 만에 전석 매진시킨다는 버추얼 아이돌 근황 / 스브스뉴스,스브스뉴스 SUBUSUNEWS,최상위 댓글,@Piching-u5n,쩝.. 그래 뭐 니들이 물품보관소 보단 선녀다 ㅎㅎ;;,2,2023-09-30T07:10:23Z,0,UgxbC4bmIu_TIm2JyHZ4AaABAg,S1bcy4h1mS8,UCxPSSJnFGsPQP1xruQjtE2g,2023-09-30T07:10:23Z,,중립
콘서트 티켓 8분 만에 전석 매진시킨다는 버추얼 아이돌 근황 / 스브스뉴스,스브스뉴스 SUBUSUNEWS,최상위 댓글,@holidayy77,군발언 영상 보고 어우야 했는데..해명됬나요?,2,2024-03-10T18:32:15Z,3,UgwdA6RZGplS_OXkJgt4AaABAg,S1bcy4h1mS8,UCCSkN6ieQgdZLzyXA3_BWlA,2024-03-10T18:32:15Z,,중립
콘서트 티켓 8분 만에 전석 매진시킨다는 버추얼 아이돌 근황 / 스브스뉴스,스브스뉴스 SUBUSUNEWS,대댓글,@isegye4ever,"사과문을 팬카페, 유튭 커뮤니티에 두번이나 올렸고 군대 관련 발언으로는 언급 조심하고 있고 군대갈 팬, 군대에 있을 팬에게도 계속 잘해드리고 있답니다. 너무 걱정하지 마세요^^",15,2024-03-14T20:09:39Z,0,UgwdA6RZGplS_OXkJgt4AaABAg.A0oWUcZT2ZBA0yzoW_Qz1F,S1bcy4h1mS8,UCvVm5-UYNSVMhyUwo3mk4kQ,2024-03-14T20:09:39Z,UgwdA6RZGplS_OXkJgt4AaABAg,중립
콘서트 티켓 8분 만에 전석 매진시킨다는 버추얼 아이돌 근황 / 스브스뉴스,스브스뉴스 SUBUSUNEWS,대댓글,@abouttime2569,좀 경솔 했던 발언인건 맞는데 그렇게 큰 잘못도 아니였음. 군인 비하 했다고 말 하는 사람들은 그냥 생각을 못 하는 사람들이고.,7,2024-04-28T02:05:15Z,0,UgwdA6RZGplS_OXkJgt4AaABAg.A0oWUcZT2ZBA2kvUTzLOsj,S1bcy4h1mS8,UCaZyE2wgvyGwobDPq75QuGQ,2024-04-28T02:05:15Z,UgwdA6RZGplS_OXkJgt4AaABAg,중립
콘서트 티켓 8분 만에 전석 매진시킨다는 버추얼 아이돌 근황 / 스브스뉴스,스브스뉴스 SUBUSUNEWS,대댓글,@이세돌은전설이다,"해명했음,사과문 올림,팬들도 별 대수롭지 않게 넘어갔음= 해결됨",0,2024-12-23T02:01:12Z,0,UgwdA6RZGplS_OXkJgt4AaABAg.A0oWUcZT2ZBACNK-vUtMRh,S1bcy4h1mS8,UCWagzaVXNtz39ejgIZ3CgWQ,2024-12-23T02:01:12Z,UgwdA6RZGplS_OXkJgt4AaABAg,중립
콘서트 티켓 8분 만에 전석 매진시킨다는 버추얼 아이돌 근황 / 스브스뉴스,스브스뉴스 SUBUSUNEWS,최상위 댓글,@elen196,"프리터, 오타쿠, n포 일본의 저성장 전철을 그대로 따라가는 킹한민국 ㅋㅋ",3,2023-09-30T00:42:38Z,1,UgxkWeHNr-FQJLftzzF4AaABAg,S1bcy4h1mS8,UCCujQU41-iFIl3wFiDoVoPA,2023-09-30T00:42:38Z,,중립
콘서트 티켓 8분 만에 전석 매진시킨다는 버추얼 아이돌 근황 / 스브스뉴스,스브스뉴스 SUBUSUNEWS,대댓글,@ooxn6489,쓰바라시~,0,2023-10-02T15:57:50Z,0,UgxkWeHNr-FQJLftzzF4AaABAg.9vGTIo4t-_T9vNFcbxnGno,S1bcy4h1mS8,UCD46WHCKgE-UnCDzWoK6rqg,2023-10-02T15:57:50Z,UgxkWeHNr-FQJLftzzF4AaABAg,중립
콘서트 티켓 8분 만에 전석 매진시킨다는 버추얼 아이돌 근황 / 스브스뉴스,스브스뉴스 SUBUSUNEWS,최상위 댓글,@gomk1998,"에효...90년대부터 일본베껴서 어중간하고 이쁘장한 애들 아이돌이랍시고 가수 대접해준거부터가 잘못된거임
작곡은 커녕커녕 악기연주, 보컬도 제대로 못하는 애들이 회사 투자받고 '나 아이돌이요' 랍시고 남한테서 노래, 춤,  컨셉까지 받아 꼭두각시같이 따라하는 애들이
이젠 하다하다 그래픽 쪼가리에 숨어 자기자신마저 전면에 내세우지도 못하고 활동을 하네...
아이돌음악산업은 진짜 이해가 안간다. 아티스트 본인의 개성과 창조성이 전무한 예술이고 순수히 자본빨로 굴러가는 회사의 상품이라 생각되네
그리고 이세돌은 대체 뭔 죄임? 지들 바이럴할려고 이름 훔친 격인데 ㅋㅋㅋ",9,2023-09-28T10:35:19Z,41,UgzEgsplFAjIH0fp3nt4AaABAg,S1bcy4h1mS8,UCqoEyZ7sOBnCu-LOxAwAICQ,2023-09-28T10:35:19Z,,중립
콘서트 티켓 8분 만에 전석 매진시킨다는 버추얼 아이돌 근황 / 스브스뉴스,스브스뉴스 SUBUSUNEWS,대댓글,@yeop__,30대 무직 백수의 일침 ㄷㄷ,1,2023-09-28T10:38:11Z,0,UgzEgsplFAjIH0fp3nt4AaABAg.9vCNY026t7w9vCNru0ICDK,S1bcy4h1mS8,UClPhyuQA6G5BXQWxZnhOzbw,2023-09-28T10:38:11Z,UgzEgsplFAjIH0fp3nt4AaABAg,중립
콘서트 티켓 8분 만에 전석 매진시킨다는 버추얼 아이돌 근황 / 스브스뉴스,스브스뉴스 SUBUSUNEWS,대댓글,@Aurel_22,와 어떻게 맞는 말이 하나도 없지,17,2023-09-28T10:38:53Z,0,UgzEgsplFAjIH0fp3nt4AaABAg.9vCNY026t7w9vCNx1Ell5s,S1bcy4h1mS8,UCq59BLXAGQaSYN0mJLEGRqw,2023-09-28T10:38:53Z,UgzEgsplFAjIH0fp3nt4AaABAg,중립
콘서트 티켓 8분 만에 전석 매진시킨다는 버추얼 아이돌 근황 / 스브스뉴스,스브스뉴스 SUBUSUNEWS,대댓글,@정의구현-m6s,스텔견수준,0,2023-09-28T10:46:39Z,0,UgzEgsplFAjIH0fp3nt4AaABAg.9vCNY026t7w9vCOq-D8sfc,S1bcy4h1mS8,UCT_dUX0IP8D7tPKOIXy59WQ,2023-09-28T10:46:39Z,UgzEgsplFAjIH0fp3nt4AaABAg,중립
콘서트 티켓 8분 만에 전석 매진시킨다는 버추얼 아이돌 근황 / 스브스뉴스,스브스뉴스 SUBUSUNEWS,대댓글,@Numdtjtdgw-j1g,"그, 일단 이세돌을 만든건 회사가 아니라서 그걸 전제로 말씀하신거에 어떤 것도 해당되는 부분이 전혀 없습니다.",14,2023-09-28T10:49:05Z,0,UgzEgsplFAjIH0fp3nt4AaABAg.9vCNY026t7w9vCP6hsOAUt,S1bcy4h1mS8,UCFoVvm6oeHVBqkhOmCCracw,2023-09-28T10:49:05Z,UgzEgsplFAjIH0fp3nt4AaABAg,중립
콘서트 티켓 8분 만에 전석 매진시킨다는 버추얼 아이돌 근황 / 스브스뉴스,스브스뉴스 SUBUSUNEWS,대댓글,@구리구리copper,사이버가수 아담 형님이 웁니다 형님,0,2023-09-28T10:56:17Z,0,UgzEgsplFAjIH0fp3nt4AaABAg.9vCNY026t7w9vCPwXc7nNr,S1bcy4h1mS8,UC49uF-wR_U37NwGOonKcaDA,2023-09-28T10:56:17Z,UgzEgsplFAjIH0fp3nt4AaABAg,중립
콘서트 티켓 8분 만에 전석 매진시킨다는 버추얼 아이돌 근황 / 스브스뉴스,스브스뉴스 SUBUSUNEWS,최상위 댓글,@BW_CHA,ㅅㅂ 저건 미쿠 아니냐,3,2023-10-01T14:16:20Z,9,UgyAffi8-VSamKeuejB4AaABAg,S1bcy4h1mS8,UCLCmJImlbYhLv6QxE0dD01g,2023-10-01T14:16:20Z,,중립
콘서트 티켓 8분 만에 전석 매진시킨다는 버추얼 아이돌 근황 / 스브스뉴스,스브스뉴스 SUBUSUNEWS,대댓글,@isegye4ever,굳이 따지자면 복면가왕에 가까워요,2,2023-10-01T17:54:15Z,0,UgyAffi8-VSamKeuejB4AaABAg.9vKVDPQUdUS9vKt9NeBAmt,S1bcy4h1mS8,UCvVm5-UYNSVMhyUwo3mk4kQ,2023-10-01T17:54:15Z,UgyAffi8-VSamKeuejB4AaABAg,중립
콘서트 티켓 8분 만에 전석 매진시킨다는 버추얼 아이돌 근황 / 스브스뉴스,스브스뉴스 SUBUSUNEWS,대댓글,@user-jejfkejwo,미쿠가 뭔가 해서 검색해봤더니 미쿠를 아는 당신이 더 씹덕같음..ㄹㅇ😅,1,2023-10-02T00:49:11Z,0,UgyAffi8-VSamKeuejB4AaABAg.9vKVDPQUdUS9vLcdPwfIF1,S1bcy4h1mS8,UCBCIcCLXx0kZdBNhzOxwCHw,2023-10-02T00:49:11Z,UgyAffi8-VSamKeuejB4AaABAg,중립
콘서트 티켓 8분 만에 전석 매진시킨다는 버추얼 아이돌 근황 / 스브스뉴스,스브스뉴스 SUBUSUNEWS,대댓글,@웅뀨-k5z,@user-jejfkejwo굳이 따지면 미쿠가 더 유명하지 않냐?ㅋㅋㅋㅋ,1,2023-10-02T08:24:37Z,0,UgyAffi8-VSamKeuejB4AaABAg.9vKVDPQUdUS9vMRl6QAfLh,S1bcy4h1mS8,UCFUIlO1VlhgIhnJb979epgg,2024-06-17T23:15:06Z,UgyAffi8-VSamKeuejB4AaABAg,중립
콘서트 티켓 8분 만에 전석 매진시킨다는 버추얼 아이돌 근황 / 스브스뉴스,스브스뉴스 SUBUSUNEWS,대댓글,@user-jejfkejwo,"@웅뀨-k5z 요새 뜨는게 보컬로이드보단 이세계아이돌 버츄얼 이런게 먼저 뜨는데, 직접 검색해보지 않는 이상 모르겠던데요??",0,2023-10-02T08:59:35Z,0,UgyAffi8-VSamKeuejB4AaABAg.9vKVDPQUdUS9vMVlE6A8b2,S1bcy4h1mS8,UCBCIcCLXx0kZdBNhzOxwCHw,2024-06-17T23:15:06Z,UgyAffi8-VSamKeuejB4AaABAg,중립
콘서트 티켓 8분 만에 전석 매진시킨다는 버추얼 아이돌 근황 / 스브스뉴스,스브스뉴스 SUBUSUNEWS,대댓글,@푸딩-y2e,@user-jejfkejwo 어이 혐팬치 나대지마,4,2023-10-02T09:50:34Z,0,UgyAffi8-VSamKeuejB4AaABAg.9vKVDPQUdUS9vMaadq8nCn,S1bcy4h1mS8,UCg6uYchF7fQnasZfVFXY91g,2024-06-17T23:15:06Z,UgyAffi8-VSamKeuejB4AaABAg,중립
콘서트 티켓 8분 만에 전석 매진시킨다는 버추얼 아이돌 근황 / 스브스뉴스,스브스뉴스 SUBUSUNEWS,최상위 댓글,@user-jc5mn6ms5d,혼란스럽다..이게뭔데 그래서. 진짜 사람아이돌인데 몸만 그래픽인거임 아님 성우가 대신 하는거임 진짜 몰라서그럼,4,2024-02-18T11:06:52Z,3,UgwRf-9jbTM9nQrrXhV4AaABAg,S1bcy4h1mS8,UCuHuDMsHzYzPyz4GhKAGeuA,2024-02-18T11:06:52Z,,중립
콘서트 티켓 8분 만에 전석 매진시킨다는 버추얼 아이돌 근황 / 스브스뉴스,스브스뉴스 SUBUSUNEWS,대댓글,@insam1311,"실제 사람인데 몸은 그래픽, 아이돌이라 보긴 힘들고 아이돌컨셉이라고 보는게 좋음",1,2024-02-25T17:48:51Z,0,UgwRf-9jbTM9nQrrXhV4AaABAg.A-xdp4OTkTQA0FOOU-43Hh,S1bcy4h1mS8,UCBBYEhssl62haBAfGgvX3ng,2024-02-25T17:48:51Z,UgwRf-9jbTM9nQrrXhV4AaABAg,중립
콘서트 티켓 8분 만에 전석 매진시킨다는 버추얼 아이돌 근황 / 스브스뉴스,스브스뉴스 SUBUSUNEWS,대댓글,@바바바-j7f,@ok-hq4pl 릴파는 이쁘긴해,0,2024-03-11T16:04:11Z,0,UgwRf-9jbTM9nQrrXhV4AaABAg.A-xdp4OTkTQA0qpKx7DET7,S1bcy4h1mS8,UCaSrHr4cupewmltKP4TstJQ,2024-07-30T09:29:33Z,UgwRf-9jbTM9nQrrXhV4AaABAg,중립
콘서트 티켓 8분 만에 전석 매진시킨다는 버추얼 아이돌 근황 / 스브스뉴스,스브스뉴스 SUBUSUNEWS,대댓글,@hmmmnnn,영화 촬영 처럼 진짜 사람들이 센서 달린 슈트 입고 촬영하는거임 그걸 그래픽으로 구현해서 디스플레이에 띄운거 저거 구독료만 연 천만원 정도 한다던데,0,2024-04-01T22:11:19Z,0,UgwRf-9jbTM9nQrrXhV4AaABAg.A-xdp4OTkTQA1hZ2O-qWIZ,S1bcy4h1mS8,UC4oJXa5s5y4a9X9OwhHJfFQ,2024-04-01T22:11:19Z,UgwRf-9jbTM9nQrrXhV4AaABAg,중립
콘서트 티켓 8분 만에 전석 매진시킨다는 버추얼 아이돌 근황 / 스브스뉴스,스브스뉴스 SUBUSUNEWS,최상위 댓글,@user-zu7ks2mt9q,신천지 10만 수료회 보는거같네ㅋㅋㅋㅋ,5,2023-10-04T21:18:42Z,0,UgzCECUN7aKvIPRKLmh4AaABAg,S1bcy4h1mS8,UCSmH-guOJGb-4plhnf3jVVA,2023-10-04T21:18:42Z,,중립
콘서트 티켓 8분 만에 전석 매진시킨다는 버추얼 아이돌 근황 / 스브스뉴스,스브스뉴스 SUBUSUNEWS,최상위 댓글,@lynessa9335,"다 제쳐두고 궁금한게 이세돌 사칭으로 어그로 빨고 떠놓고선 이제와서 이세돌 바둑기사 연상하지 말라고 하는건 대체 뭔 심보임???
이세돌은 얘네들 볼때마다 기분 ㅈㄴ더러울듯 ㅋㅋ
다른건 상관없는데 이름 사칭해서 유명세 편승 노린게 너무 뻔해서 비호감임",3,2023-09-30T12:34:50Z,8,Ugx0v_1flSyxY0NNsd54AaABAg,S1bcy4h1mS8,UCbBt6vXHx_SPtYrR6xtZW0A,2023-09-30T12:34:50Z,,중립
콘서트 티켓 8분 만에 전석 매진시킨다는 버추얼 아이돌 근황 / 스브스뉴스,스브스뉴스 SUBUSUNEWS,대댓글,@user-bj9rv3qi4y,이름 사칭해서 유명해진게 아니라 원래부터 우왁굳 팬이 많아서 처음부터 좀 높게 시작한 거임ㅇㅇ 바둑기사 연상해서 어케 뜨는데,16,2023-09-30T14:52:09Z,0,Ugx0v_1flSyxY0NNsd54AaABAg.9vHjo3mhqUh9vHzWkO2p4E,S1bcy4h1mS8,UCDBN0_80p99b95buJj9oWrg,2023-09-30T14:52:09Z,Ugx0v_1flSyxY0NNsd54AaABAg,중립
콘서트 티켓 8분 만에 전석 매진시킨다는 버추얼 아이돌 근황 / 스브스뉴스,스브스뉴스 SUBUSUNEWS,대댓글,@odoken477,이세돌 피셜) 알빠노?,0,2023-09-30T16:00:18Z,0,Ugx0v_1flSyxY0NNsd54AaABAg.9vHjo3mhqUh9vI6JzNcAIf,S1bcy4h1mS8,UCgIljoBVSihtasHC7tOxzmQ,2023-09-30T16:00:18Z,Ugx0v_1flSyxY0NNsd54AaABAg,중립
콘서트 티켓 8분 만에 전석 매진시킨다는 버추얼 아이돌 근황 / 스브스뉴스,스브스뉴스 SUBUSUNEWS,대댓글,@isegye4ever,"https://youtube.com/shorts/7Du48i-4Oew?si=4FDEa3vw7c0FgXnz
바둑기사님 직접 피셜 내렸어요ㅎㅎㅎ",6,2023-09-30T17:58:30Z,0,Ugx0v_1flSyxY0NNsd54AaABAg.9vHjo3mhqUh9vIJqdgW_et,S1bcy4h1mS8,UCvVm5-UYNSVMhyUwo3mk4kQ,2023-09-30T17:58:56Z,Ugx0v_1flSyxY0NNsd54AaABAg,중립
콘서트 티켓 8분 만에 전석 매진시킨다는 버추얼 아이돌 근황 / 스브스뉴스,스브스뉴스 SUBUSUNEWS,대댓글,@Tader-,"뭐라고 떠들려면 100%확실히 아는 말만 해라
그냥~지 가 아는 능지가 세상의 전부라고 생각하는인간",1,2023-09-30T19:17:18Z,0,Ugx0v_1flSyxY0NNsd54AaABAg.9vHjo3mhqUh9vISrqLOch2,S1bcy4h1mS8,UC2pFcoQKhcL-kkr_5bdYBoA,2023-09-30T19:17:18Z,Ugx0v_1flSyxY0NNsd54AaABAg,중립
콘서트 티켓 8분 만에 전석 매진시킨다는 버추얼 아이돌 근황 / 스브스뉴스,스브스뉴스 SUBUSUNEWS,대댓글,@슈프림-b3e,뭔 지 뇌피셜을 사실인것마냥 적어놨냐 ㅋㅋㅋ 맞는말이 하나도 없네 ㅋㅋㅋㅋ,16,2023-09-30T20:11:40Z,0,Ugx0v_1flSyxY0NNsd54AaABAg.9vHjo3mhqUh9vIZ4zEm4Vo,S1bcy4h1mS8,UC1QopDxjhlWeQNWPvWHtL8A,2023-09-30T20:11:40Z,Ugx0v_1flSyxY0NNsd54AaABAg,중립
콘서트 티켓 8분 만에 전석 매진시킨다는 버추얼 아이돌 근황 / 스브스뉴스,스브스뉴스 SUBUSUNEWS,최상위 댓글,@울산팬-바위게,우리 우왁굳이형이 대한민국 노래 살렸다..,1,2023-10-04T13:57:45Z,0,UgzjeSXEb0vBg4yt5w14AaABAg,S1bcy4h1mS8,UCGU3fdQyfIJbfMc4a0V13dA,2023-10-04T13:57:45Z,,중립
콘서트 티켓 8분 만에 전석 매진시킨다는 버추얼 아이돌 근황 / 스브스뉴스,스브스뉴스 SUBUSUNEWS,최상위 댓글,@플리커-k5t,"아프리카 상단에 그렇게 올라와도 진짜 단한번도 본적없다 ㅋㅋ 
1020대 초반은 뭐이해함 나도 그땐 야한 미연시 한참하다보면 빠져서 실제인물 같고 그랬던 시절이 있었지
20대초반에 그때까지 나왔던 유명한 명작 일본애니들 계속 찾아보고 먹고자고 그때 재밌었는데 잠시나마 
시간이 많고 자유로울수록 외부와 차단되면서 그 세계에 완전히 빠지기 좋음 
난 군대가서 사람들이랑 하도 부대끼다보니까 전역하고서는 애니 미연시같은거 완전히 안보게되던데
그게 벌써 10년이 넘었네 예전에 채팅도 많이 해보고 게임 클랜생활도 빠져서 해봤지만 난 사이버세상에서 맺는 관계같은건 결국엔 허무하고 무의미하다고 생각함..
콘서트까지 하는거보고 함성소리도 크길래 신기해서 뉴스 한번찾아봤다",5,2024-10-15T02:48:24Z,12,UgzbmTu-SP5NK-sLxGZ4AaABAg,S1bcy4h1mS8,UC98RUwP5eqNcaTcKOghV3oQ,2024-10-15T02:48:24Z,,긍정
콘서트 티켓 8분 만에 전석 매진시킨다는 버추얼 아이돌 근황 / 스브스뉴스,스브스뉴스 SUBUSUNEWS,대댓글,@멍청이랑싸우지말기,누물보?,1,2024-10-26T00:28:04Z,0,UgzbmTu-SP5NK-sLxGZ4AaABAg.A9ajZDtvqxBAA1oF620E9H,S1bcy4h1mS8,UCD3XqqOlpjCvQFmrpps9CvQ,2024-10-26T00:28:04Z,UgzbmTu-SP5NK-sLxGZ4AaABAg,중립
콘서트 티켓 8분 만에 전석 매진시킨다는 버추얼 아이돌 근황 / 스브스뉴스,스브스뉴스 SUBUSUNEWS,대댓글,@whwRkTlqkf0901,네 아저씨...,3,2024-11-02T09:18:27Z,0,UgzbmTu-SP5NK-sLxGZ4AaABAg.A9ajZDtvqxBAAKmVlQ3eC7,S1bcy4h1mS8,UC7C9hjCw64cZdOHIftay_iw,2024-11-02T09:18:27Z,UgzbmTu-SP5NK-sLxGZ4AaABAg,중립
콘서트 티켓 8분 만에 전석 매진시킨다는 버추얼 아이돌 근황 / 스브스뉴스,스브스뉴스 SUBUSUNEWS,대댓글,@뭉뭉-p2m,"시대에 뒤쳐져 따라갈래도 따라갈수없어서 ,라떼도 그랬던적이 있었다며 부정적인 눈으로 보는 당신
그인생도 응원합니다. 못따라오신다는데요 어떡해요..ㅎ_ㅎ그렇게 사셔야지",1,2024-11-18T19:01:38Z,0,UgzbmTu-SP5NK-sLxGZ4AaABAg.A9ajZDtvqxBAB-0yEcfKgs,S1bcy4h1mS8,UCH_hIV_KtYI_6Nxx9s3lZ9g,2024-11-18T19:01:38Z,UgzbmTu-SP5NK-sLxGZ4AaABAg,긍정
콘서트 티켓 8분 만에 전석 매진시킨다는 버추얼 아이돌 근황 / 스브스뉴스,스브스뉴스 SUBUSUNEWS,대댓글,@aatrox999,사이버 세계가 허무하다고?,1,2024-11-29T11:00:49Z,0,UgzbmTu-SP5NK-sLxGZ4AaABAg.A9ajZDtvqxBABQUgBZPkxD,S1bcy4h1mS8,UC4LF1kV29EPkwI6RKLTAGJg,2024-11-29T11:00:49Z,UgzbmTu-SP5NK-sLxGZ4AaABAg,중립
콘서트 티켓 8분 만에 전석 매진시킨다는 버추얼 아이돌 근황 / 스브스뉴스,스브스뉴스 SUBUSUNEWS,대댓글,@aatrox999,"사이버 세상이 허무하다고 느낀건 어설프게 파서 그래
어짜피 세상의 모든건 허상이다 의식이라는 개념이 허상이니깐 우리가 느끼는 세상은 가짜일수밖에 없는거지

허상에게 허상은 실체나 다름이
없다 
내 마음이 가장 오랬동안 즐길수 있는게 가장 의미가 있는거지",1,2024-11-29T11:25:51Z,0,UgzbmTu-SP5NK-sLxGZ4AaABAg.A9ajZDtvqxBABQXYbAvzN_,S1bcy4h1mS8,UC4LF1kV29EPkwI6RKLTAGJg,2024-11-29T11:25:51Z,UgzbmTu-SP5NK-sLxGZ4AaABAg,중립
콘서트 티켓 8분 만에 전석 매진시킨다는 버추얼 아이돌 근황 / 스브스뉴스,스브스뉴스 SUBUSUNEWS,최상위 댓글,@정운태-b5x,가짜들이지 얼공은 싫고 돈은 벌고싶고,8,2024-02-11T13:24:09Z,8,UgzrkRd-jRjyED6EUGx4AaABAg,S1bcy4h1mS8,UC-jixzVWYrZJk7xvUW6rCoQ,2024-02-11T13:24:09Z,,중립
콘서트 티켓 8분 만에 전석 매진시킨다는 버추얼 아이돌 근황 / 스브스뉴스,스브스뉴스 SUBUSUNEWS,대댓글,@ahahahahah-g5l,너는 둘다 못하네,38,2024-02-13T05:59:06Z,0,UgzrkRd-jRjyED6EUGx4AaABAg.A-fryYsqKHuA-kDc_mzUXD,S1bcy4h1mS8,UCfHXg_f5JdrkcOKe3KJwGkQ,2024-02-13T05:59:06Z,UgzrkRd-jRjyED6EUGx4AaABAg,중립
콘서트 티켓 8분 만에 전석 매진시킨다는 버추얼 아이돌 근황 / 스브스뉴스,스브스뉴스 SUBUSUNEWS,대댓글,@xyyoutube,​@ahahahahah-g5lㄹㅇㅋㅋ 팩폭 킹아~,4,2024-02-16T05:02:49Z,0,UgzrkRd-jRjyED6EUGx4AaABAg.A-fryYsqKHuA-rq_2nvXIq,S1bcy4h1mS8,UC2S-t9b-J0CTg9lxPjFYqUw,2024-06-18T04:29:52Z,UgzrkRd-jRjyED6EUGx4AaABAg,중립
콘서트 티켓 8분 만에 전석 매진시킨다는 버추얼 아이돌 근황 / 스브스뉴스,스브스뉴스 SUBUSUNEWS,대댓글,@ahahahahah-g5l,user-yq3zl8cn7h 얘가 얼공도 못하고 돈도 못버는것도 팩트아님?,8,2024-02-16T09:39:39Z,0,UgzrkRd-jRjyED6EUGx4AaABAg.A-fryYsqKHuA-sLFVYf-d6,S1bcy4h1mS8,UCfHXg_f5JdrkcOKe3KJwGkQ,2024-06-18T04:29:52Z,UgzrkRd-jRjyED6EUGx4AaABAg,중립
콘서트 티켓 8분 만에 전석 매진시킨다는 버추얼 아이돌 근황 / 스브스뉴스,스브스뉴스 SUBUSUNEWS,대댓글,@1o-2o-3o,user-yq3zl8cn7h 얼굴을 가려서 더 잘된 케이슨데? 저 중 한명 얼공 걸그룹 출신임.,0,2024-03-01T17:56:30Z,0,UgzrkRd-jRjyED6EUGx4AaABAg.A-fryYsqKHuA0SHEr8GYF4,S1bcy4h1mS8,UC7Ki8OKdhOXDAd1V50rgPcw,2024-06-18T04:29:52Z,UgzrkRd-jRjyED6EUGx4AaABAg,중립
콘서트 티켓 8분 만에 전석 매진시킨다는 버추얼 아이돌 근황 / 스브스뉴스,스브스뉴스 SUBUSUNEWS,대댓글,@ahahahahah-g5l,@dh-t2d 부계정 추하다 운태야,0,2024-03-03T22:08:46Z,0,UgzrkRd-jRjyED6EUGx4AaABAg.A-fryYsqKHuA0XshJB8FHt,S1bcy4h1mS8,UCfHXg_f5JdrkcOKe3KJwGkQ,2024-06-18T04:29:52Z,UgzrkRd-jRjyED6EUGx4AaABAg,중립
콘서트 티켓 8분 만에 전석 매진시킨다는 버추얼 아이돌 근황 / 스브스뉴스,스브스뉴스 SUBUSUNEWS,최상위 댓글,@퍼시픽스카이,본인공개는 어렵겠지요~~~인기많아지고 수익이 많아져도 아무도 누군지 모르니까 엄청 편하고 좋을거 같네요 모든 연예인의 소망 ㅋㅋ^^,0,2024-04-04T03:37:50Z,0,UgyL37V8kcMov9cF9nR4AaABAg,S1bcy4h1mS8,UC0ntBmwIjGYEcUdcm0KoNgg,2024-04-04T03:37:50Z,,중립
콘서트 티켓 8분 만에 전석 매진시킨다는 버추얼 아이돌 근황 / 스브스뉴스,스브스뉴스 SUBUSUNEWS,최상위 댓글,@엘스날,스텔라이브 하위호환,12,2023-09-28T23:39:08Z,13,UgwwqhII86y70Q2vBJp4AaABAg,S1bcy4h1mS8,UCoK85rkMUs_gJR6AC17mwpg,2023-09-28T23:39:08Z,,중립
콘서트 티켓 8분 만에 전석 매진시킨다는 버추얼 아이돌 근황 / 스브스뉴스,스브스뉴스 SUBUSUNEWS,대댓글,@flyingdog-11,@VIXoX6야 가만히 있어..,10,2023-09-29T01:50:03Z,0,UgwwqhII86y70Q2vBJp4AaABAg.9vDmEnTBHIW9vE0DeUbLMx,S1bcy4h1mS8,UCh7qWJLZg7vct8kDDTItJtg,2024-06-18T03:51:15Z,UgwwqhII86y70Q2vBJp4AaABAg,중립
콘서트 티켓 8분 만에 전석 매진시킨다는 버추얼 아이돌 근황 / 스브스뉴스,스브스뉴스 SUBUSUNEWS,대댓글,@iverything,상위호환 아님? ㅋㅋ,3,2023-09-29T01:54:08Z,0,UgwwqhII86y70Q2vBJp4AaABAg.9vDmEnTBHIW9vE0gX_kYtx,S1bcy4h1mS8,UCH5FFlQQyA6-TDsnjd7amHw,2023-09-29T01:54:08Z,UgwwqhII86y70Q2vBJp4AaABAg,중립
콘서트 티켓 8분 만에 전석 매진시킨다는 버추얼 아이돌 근황 / 스브스뉴스,스브스뉴스 SUBUSUNEWS,대댓글,@prixe__6,분탕쳐서 분위기 흐리는 애들이나 병먹금 못해서 팬덤 이미지 망치는 애들이나 다 거기서 거기다 알잘딱하자,12,2023-09-29T03:00:36Z,0,UgwwqhII86y70Q2vBJp4AaABAg.9vDmEnTBHIW9vE8ILClLqo,S1bcy4h1mS8,UCT0pdOn1oH2fQCivCJMg5qg,2023-09-29T03:00:36Z,UgwwqhII86y70Q2vBJp4AaABAg,중립
콘서트 티켓 8분 만에 전석 매진시킨다는 버추얼 아이돌 근황 / 스브스뉴스,스브스뉴스 SUBUSUNEWS,대댓글,@추연아-s9g,@VIXoX6 캬 역시 팬덤갈드컵은 돌천지 ㅋㅋㅋ,0,2023-09-29T03:46:45Z,0,UgwwqhII86y70Q2vBJp4AaABAg.9vDmEnTBHIW9vED_PuDq9I,S1bcy4h1mS8,UC3zQIcGAs3nZoD8p7Hz8Edw,2024-06-18T03:51:15Z,UgwwqhII86y70Q2vBJp4AaABAg,중립
콘서트 티켓 8분 만에 전석 매진시킨다는 버추얼 아이돌 근황 / 스브스뉴스,스브스뉴스 SUBUSUNEWS,대댓글,@BANDAL_justinno0112,어허,0,2023-09-29T04:23:05Z,0,UgwwqhII86y70Q2vBJp4AaABAg.9vDmEnTBHIW9vEHjUxnDI4,S1bcy4h1mS8,UCXiNBcJF5ZYefUsGHJVR4Og,2023-09-29T04:23:05Z,UgwwqhII86y70Q2vBJp4AaABAg,중립
콘서트 티켓 8분 만에 전석 매진시킨다는 버추얼 아이돌 근황 / 스브스뉴스,스브스뉴스 SUBUSUNEWS,최상위 댓글,@tjddlfma5684,세상이 미쳐 돌아가네 이세계의 시발점인 일본도 안 하던 짓거리를,8,2024-05-04T17:53:13Z,4,UgwNSLBfSXO9Xqt7XuR4AaABAg,S1bcy4h1mS8,UCOJ_-USmZrJOjZANxdClGAQ,2024-05-04T17:53:13Z,,중립
콘서트 티켓 8분 만에 전석 매진시킨다는 버추얼 아이돌 근황 / 스브스뉴스,스브스뉴스 SUBUSUNEWS,대댓글,@Min-f4z,넓은 시야로 봅시다,4,2024-06-15T14:21:11Z,0,UgwNSLBfSXO9Xqt7XuR4AaABAg.A313jl5-qRXA4hprbdjdf_,S1bcy4h1mS8,UCkW3EGXEQvQrumZK8G4wmeA,2024-06-15T14:21:11Z,UgwNSLBfSXO9Xqt7XuR4AaABAg,중립
콘서트 티켓 8분 만에 전석 매진시킨다는 버추얼 아이돌 근황 / 스브스뉴스,스브스뉴스 SUBUSUNEWS,대댓글,@성이름-c6g3t,일본이 더하면 더했지 덜하진 않아요..ㅋㅋ,3,2024-07-02T02:19:52Z,0,UgwNSLBfSXO9Xqt7XuR4AaABAg.A313jl5-qRXA5NJpQ3XVMk,S1bcy4h1mS8,UCA_FOst0UW2--GEHVXSEtGw,2024-07-02T02:19:52Z,UgwNSLBfSXO9Xqt7XuR4AaABAg,중립
콘서트 티켓 8분 만에 전석 매진시킨다는 버추얼 아이돌 근황 / 스브스뉴스,스브스뉴스 SUBUSUNEWS,대댓글,@uzi7469,일본은 더함 걔네는 보컬로이드 콘서트로 얼마나 뽕 뽑았는데 심지어 우리보다 훨씬 일찍 시작함,0,2024-08-03T15:05:09Z,0,UgwNSLBfSXO9Xqt7XuR4AaABAg.A313jl5-qRXA6g4qVRzekh,S1bcy4h1mS8,UC_fZznt3VD_7G4ayJtkiqWg,2024-08-03T15:05:09Z,UgwNSLBfSXO9Xqt7XuR4AaABAg,중립
콘서트 티켓 8분 만에 전석 매진시킨다는 버추얼 아이돌 근황 / 스브스뉴스,스브스뉴스 SUBUSUNEWS,대댓글,@0-g9s,일본 버튜버 시장을 몰라서 하는 소리인거지 이건?ㅋㅋㅋㅋㅋ,0,2024-08-11T04:50:26Z,0,UgwNSLBfSXO9Xqt7XuR4AaABAg.A313jl5-qRXA6z_rCRUfIe,S1bcy4h1mS8,UCPD6_uBvpXs3tNyi7SIQu-g,2024-08-11T04:50:26Z,UgwNSLBfSXO9Xqt7XuR4AaABAg,중립
콘서트 티켓 8분 만에 전석 매진시킨다는 버추얼 아이돌 근황 / 스브스뉴스,스브스뉴스 SUBUSUNEWS,최상위 댓글,@lilil2808,진짜 역하네 ㅋㅋ,23,2023-09-28T16:11:47Z,4,UgxwEi1mvfgaW1fwHgh4AaABAg,S1bcy4h1mS8,UCawaZcGz-Ao0QKS76BlntAA,2023-09-28T16:11:47Z,,중립
콘서트 티켓 8분 만에 전석 매진시킨다는 버추얼 아이돌 근황 / 스브스뉴스,스브스뉴스 SUBUSUNEWS,대댓글,@Musikl0ve,그래도 실력파라 맘에 듦,2,2023-09-28T22:19:18Z,0,UgxwEi1mvfgaW1fwHgh4AaABAg.9vCz2HgujIU9vDd635xZIn,S1bcy4h1mS8,UC2swGjr4t7dtJDGrCuAqX1g,2023-09-28T22:19:18Z,UgxwEi1mvfgaW1fwHgh4AaABAg,중립
콘서트 티켓 8분 만에 전석 매진시킨다는 버추얼 아이돌 근황 / 스브스뉴스,스브스뉴스 SUBUSUNEWS,대댓글,@Musikl0ve,빌보드 코리아 3위 정도면 솔직히 자랑스럽죠,3,2023-09-28T22:20:32Z,0,UgxwEi1mvfgaW1fwHgh4AaABAg.9vCz2HgujIU9vDdF6Yvfq7,S1bcy4h1mS8,UC2swGjr4t7dtJDGrCuAqX1g,2023-09-28T22:20:32Z,UgxwEi1mvfgaW1fwHgh4AaABAg,중립
콘서트 티켓 8분 만에 전석 매진시킨다는 버추얼 아이돌 근황 / 스브스뉴스,스브스뉴스 SUBUSUNEWS,대댓글,@닥두,아오 스텔시치,0,2023-09-29T01:08:39Z,0,UgxwEi1mvfgaW1fwHgh4AaABAg.9vCz2HgujIU9vDwURjY8l9,S1bcy4h1mS8,UCOMBQ4TQjXFtwPuYowWbtPg,2023-09-29T01:08:39Z,UgxwEi1mvfgaW1fwHgh4AaABAg,중립
콘서트 티켓 8분 만에 전석 매진시킨다는 버추얼 아이돌 근황 / 스브스뉴스,스브스뉴스 SUBUSUNEWS,대댓글,@Musikl0ve,TenFourTwo 노래 좋으면 됐죠 얼굴은 중요하지 않아요 그리고 아이돌 출신도 있는거로 알고있어요,0,2023-09-29T04:50:34Z,0,UgxwEi1mvfgaW1fwHgh4AaABAg.9vCz2HgujIU9vEKsp6Ttwa,S1bcy4h1mS8,UC2swGjr4t7dtJDGrCuAqX1g,2024-04-18T00:45:00Z,UgxwEi1mvfgaW1fwHgh4AaABAg,중립
콘서트 티켓 8분 만에 전석 매진시킨다는 버추얼 아이돌 근황 / 스브스뉴스,스브스뉴스 SUBUSUNEWS,최상위 댓글,@케인님,1년전 영상이긴 한데 댓글창 보니깐 한국 좀 에바긴 하다;,4,2025-04-25T14:33:29Z,0,Ugw6VHXxtvPjCE7jyxR4AaABAg,S1bcy4h1mS8,UCVkj4XE8O0qD7f7vfPVR_qw,2025-04-25T14:33:29Z,,중립
콘서트 티켓 8분 만에 전석 매진시킨다는 버추얼 아이돌 근황 / 스브스뉴스,스브스뉴스 SUBUSUNEWS,최상위 댓글,@포보-h8v,페미들 차렷 이것만큼은 욕해도 인정하겠다,5,2023-10-09T21:00:03Z,0,UgyBIPCwl82CNgpfnp94AaABAg,S1bcy4h1mS8,UCwIpvb32P9UMPrS5stYUpMg,2023-10-09T21:00:03Z,,중립
콘서트 티켓 8분 만에 전석 매진시킨다는 버추얼 아이돌 근황 / 스브스뉴스,스브스뉴스 SUBUSUNEWS,최상위 댓글,@icis1017,세계적 망신이다 ㅋㅋ,20,2023-12-29T10:37:41Z,7,UgxI56KYR0rHyM6emdx4AaABAg,S1bcy4h1mS8,UCvvzln_91tU3JYOVCRQK6Qw,2023-12-29T10:37:41Z,,중립
콘서트 티켓 8분 만에 전석 매진시킨다는 버추얼 아이돌 근황 / 스브스뉴스,스브스뉴스 SUBUSUNEWS,대댓글,@좌라도,남을 까내리는걸로 선민의식 느끼는 쿨찐근첩 1,20,2024-01-04T07:38:33Z,0,UgxI56KYR0rHyM6emdx4AaABAg.9yuGwitjNDx9z8PCxxBIBm,S1bcy4h1mS8,UCADz-7lHds6oxO4lwV9qjAg,2024-01-04T07:38:33Z,UgxI56KYR0rHyM6emdx4AaABAg,중립
콘서트 티켓 8분 만에 전석 매진시킨다는 버추얼 아이돌 근황 / 스브스뉴스,스브스뉴스 SUBUSUNEWS,대댓글,@Kimdoyoungsasangfan,니인살,1,2024-01-11T12:04:27Z,0,UgxI56KYR0rHyM6emdx4AaABAg.9yuGwitjNDx9zQuCdcnjrx,S1bcy4h1mS8,UCoFNdqY7yLBb060Sup6-lFQ,2024-01-11T12:04:27Z,UgxI56KYR0rHyM6emdx4AaABAg,중립
콘서트 티켓 8분 만에 전석 매진시킨다는 버추얼 아이돌 근황 / 스브스뉴스,스브스뉴스 SUBUSUNEWS,대댓글,@too_much0108,그럼 일본도 세계 망신임?ㄷㄷㄷ,3,2024-01-18T05:25:59Z,0,UgxI56KYR0rHyM6emdx4AaABAg.9yuGwitjNDx9zhDAJFDerk,S1bcy4h1mS8,UC80hdeB6wk3nySDNQe3p12g,2024-01-18T05:25:59Z,UgxI56KYR0rHyM6emdx4AaABAg,중립
콘서트 티켓 8분 만에 전석 매진시킨다는 버추얼 아이돌 근황 / 스브스뉴스,스브스뉴스 SUBUSUNEWS,대댓글,@fycatwi,너가 더 망신이다 ㅋㅋㅋㅋ,1,2024-01-18T14:02:57Z,0,UgxI56KYR0rHyM6emdx4AaABAg.9yuGwitjNDx9zi8KbF7vX2,S1bcy4h1mS8,UCJ-7zhVMiQ8g547INFiN1Eg,2024-01-18T14:02:57Z,UgxI56KYR0rHyM6emdx4AaABAg,중립
콘서트 티켓 8분 만에 전석 매진시킨다는 버추얼 아이돌 근황 / 스브스뉴스,스브스뉴스 SUBUSUNEWS,대댓글,@kimmin-r5w,근,0,2024-02-02T15:23:34Z,0,UgxI56KYR0rHyM6emdx4AaABAg.9yuGwitjNDxA-JuUDi0hoc,S1bcy4h1mS8,UC9jFWjtGpn-Uk8ON9ll-OTg,2024-02-02T15:23:34Z,UgxI56KYR0rHyM6emdx4AaABAg,중립
콘서트 티켓 8분 만에 전석 매진시킨다는 버추얼 아이돌 근황 / 스브스뉴스,스브스뉴스 SUBUSUNEWS,최상위 댓글,@김현빈-u1s,양지호소인,4,2023-10-06T13:48:14Z,2,Ugy0Cg4R87wiLteJdjJ4AaABAg,S1bcy4h1mS8,UCUT_NuPPb81GkSORQeJsN4w,2023-10-06T13:48:14Z,,중립
콘서트 티켓 8분 만에 전석 매진시킨다는 버추얼 아이돌 근황 / 스브스뉴스,스브스뉴스 SUBUSUNEWS,대댓글,@t1goseguman,우린 음지호소인이야,0,2024-01-14T14:28:08Z,0,Ugy0Cg4R87wiLteJdjJ4AaABAg.9vXJywzbtZp9zYt1_dcFWU,S1bcy4h1mS8,UCzWEFLlavqYrJOKFJYX9kGw,2024-01-14T14:28:08Z,Ugy0Cg4R87wiLteJdjJ4AaABAg,중립
콘서트 티켓 8분 만에 전석 매진시킨다는 버추얼 아이돌 근황 / 스브스뉴스,스브스뉴스 SUBUSUNEWS,대댓글,@뚤기-v5v,올라오고싶진 않았는데 너네가 머리끄댕이 끌고 올렸잖아,0,2024-02-03T15:26:40Z,0,Ugy0Cg4R87wiLteJdjJ4AaABAg.9vXJywzbtZpA-MUcrDT_3p,S1bcy4h1mS8,UCfaibqDvMbj1x7_sO5Mdv0g,2024-02-03T15:26:40Z,Ugy0Cg4R87wiLteJdjJ4AaABAg,중립
콘서트 티켓 8분 만에 전석 매진시킨다는 버추얼 아이돌 근황 / 스브스뉴스,스브스뉴스 SUBUSUNEWS,최상위 댓글,@현우진의버분감,육수 우욱,12,2023-12-17T08:22:51Z,4,UgzedW6Wwbv1tB4QXId4AaABAg,S1bcy4h1mS8,UCjOP_RJ5B3ceR8A5dp18_Og,2023-12-17T08:22:51Z,,중립
콘서트 티켓 8분 만에 전석 매진시킨다는 버추얼 아이돌 근황 / 스브스뉴스,스브스뉴스 SUBUSUNEWS,대댓글,@배가파,닌 김우민이롤할때 재생목록이나 없애고 와라;;😅😅,16,2023-12-18T09:51:12Z,0,UgzedW6Wwbv1tB4QXId4AaABAg.9yQ7yfI_3eC9ySrsdv0d15,S1bcy4h1mS8,UC9Kl63UISz6FRzIxK3VN9uw,2023-12-18T09:51:12Z,UgzedW6Wwbv1tB4QXId4AaABAg,중립
콘서트 티켓 8분 만에 전석 매진시킨다는 버추얼 아이돌 근황 / 스브스뉴스,스브스뉴스 SUBUSUNEWS,대댓글,@현우진의버분감,@배가파 들켰노,3,2023-12-18T11:28:17Z,0,UgzedW6Wwbv1tB4QXId4AaABAg.9yQ7yfI_3eC9yT1zh24FHs,S1bcy4h1mS8,UCjOP_RJ5B3ceR8A5dp18_Og,2024-06-18T00:39:05Z,UgzedW6Wwbv1tB4QXId4AaABAg,중립
콘서트 티켓 8분 만에 전석 매진시킨다는 버추얼 아이돌 근황 / 스브스뉴스,스브스뉴스 SUBUSUNEWS,대댓글,@고도주-d9w,@현우진의버분감ㅋㅋㅋㅋㅋㅋㅋㅋ,3,2023-12-28T21:27:08Z,0,UgzedW6Wwbv1tB4QXId4AaABAg.9yQ7yfI_3eC9ysrTbevfpi,S1bcy4h1mS8,UCmDV3vLB78AWUvVM-C7-CJw,2024-06-18T00:39:05Z,UgzedW6Wwbv1tB4QXId4AaABAg,중립
콘서트 티켓 8분 만에 전석 매진시킨다는 버추얼 아이돌 근황 / 스브스뉴스,스브스뉴스 SUBUSUNEWS,대댓글,@t1goseguman,호로록,1,2024-01-14T14:14:32Z,0,UgzedW6Wwbv1tB4QXId4AaABAg.9yQ7yfI_3eC9zYrU2euP2f,S1bcy4h1mS8,UCzWEFLlavqYrJOKFJYX9kGw,2024-01-14T14:14:32Z,UgzedW6Wwbv1tB4QXId4AaABAg,중립
콘서트 티켓 8분 만에 전석 매진시킨다는 버추얼 아이돌 근황 / 스브스뉴스,스브스뉴스 SUBUSUNEWS,최상위 댓글,@dwf447,현타 안오나 ㅋㅋ,6,2024-07-27T08:41:37Z,7,Ugzy2Ne6dI_zKefH0mJ4AaABAg,S1bcy4h1mS8,UCpbYAzkk7Hce4kRe3paDwEA,2024-07-27T08:41:37Z,,중립
콘서트 티켓 8분 만에 전석 매진시킨다는 버추얼 아이돌 근황 / 스브스뉴스,스브스뉴스 SUBUSUNEWS,대댓글,@대파-헬조선리전폼,ㅇㅇ 너도 다음에 가보쉴?,0,2024-07-30T16:56:35Z,0,Ugzy2Ne6dI_zKefH0mJ4AaABAg.A6ONOIaLexBA6WzQBCHYy4,S1bcy4h1mS8,UCtKuVM4d-ZW5aLIesqHL0zg,2024-07-30T16:56:35Z,Ugzy2Ne6dI_zKefH0mJ4AaABAg,중립
콘서트 티켓 8분 만에 전석 매진시킨다는 버추얼 아이돌 근황 / 스브스뉴스,스브스뉴스 SUBUSUNEWS,대댓글,@Meovv-v7t,응 안오는데,0,2024-08-24T12:44:40Z,0,Ugzy2Ne6dI_zKefH0mJ4AaABAg.A6ONOIaLexBA7WuSxBi6Im,S1bcy4h1mS8,UCzNpuSxROfNbRPQV_vp9V2Q,2024-08-24T12:44:40Z,Ugzy2Ne6dI_zKefH0mJ4AaABAg,중립
콘서트 티켓 8분 만에 전석 매진시킨다는 버추얼 아이돌 근황 / 스브스뉴스,스브스뉴스 SUBUSUNEWS,대댓글,@멍청이랑싸우지말기,저거하면 연 10억넘게준다하면 안함?,0,2024-09-02T08:59:20Z,0,Ugzy2Ne6dI_zKefH0mJ4AaABAg.A6ONOIaLexBA7sfpNvh709,S1bcy4h1mS8,UCD3XqqOlpjCvQFmrpps9CvQ,2024-09-02T08:59:20Z,Ugzy2Ne6dI_zKefH0mJ4AaABAg,중립
콘서트 티켓 8분 만에 전석 매진시킨다는 버추얼 아이돌 근황 / 스브스뉴스,스브스뉴스 SUBUSUNEWS,대댓글,@아리가또라베스크-i6p,ㅇㅇ 아직 너 안키운듯,0,2025-01-28T07:37:28Z,0,Ugzy2Ne6dI_zKefH0mJ4AaABAg.A6ONOIaLexBADpc6K8NSTi,S1bcy4h1mS8,UCzS_BQ9EvOQo90TnV2POsRg,2025-01-28T07:37:28Z,Ugzy2Ne6dI_zKefH0mJ4AaABAg,중립
콘서트 티켓 8분 만에 전석 매진시킨다는 버추얼 아이돌 근황 / 스브스뉴스,스브스뉴스 SUBUSUNEWS,대댓글,@시온ISD,월100만원도못버는 너보단 ㅋㅋ,0,2025-03-29T03:01:22Z,0,Ugzy2Ne6dI_zKefH0mJ4AaABAg.A6ONOIaLexBAGEcCcnxgr-,S1bcy4h1mS8,UClL4zzGbJUsUJFWTyUV4YGg,2025-03-29T03:01:22Z,Ugzy2Ne6dI_zKefH0mJ4AaABAg,중립
콘서트 티켓 8분 만에 전석 매진시킨다는 버추얼 아이돌 근황 / 스브스뉴스,스브스뉴스 SUBUSUNEWS,최상위 댓글,@mnmnnnmnmn,별로다...,0,2023-09-30T12:52:23Z,0,Ugw0_bkH3h6ecZXOhIp4AaABAg,S1bcy4h1mS8,UCT1uDNH-GbmD4C_7Se0Kjng,2023-09-30T12:52:23Z,,부정
콘서트 티켓 8분 만에 전석 매진시킨다는 버추얼 아이돌 근황 / 스브스뉴스,스브스뉴스 SUBUSUNEWS,최상위 댓글,@AlexLYH,왁천지,4,2023-09-28T14:28:45Z,2,Ugyfswi9dfpJMvIiqNR4AaABAg,S1bcy4h1mS8,UC6rW4cY1x2hFawamZ5qLCIA,2023-09-28T14:28:45Z,,중립
콘서트 티켓 8분 만에 전석 매진시킨다는 버추얼 아이돌 근황 / 스브스뉴스,스브스뉴스 SUBUSUNEWS,대댓글,@agroman712,-던- ㅋㅋㅋㅋㅋㅋㅋㅋㅋㅋㅋ,0,2023-09-29T14:51:00Z,0,Ugyfswi9dfpJMvIiqNR4AaABAg.9vCnFcpLhKT9vFPaTkPWPN,S1bcy4h1mS8,UCU8pOkf0fa0S4etH0zTUmPg,2023-09-29T14:51:00Z,Ugyfswi9dfpJMvIiqNR4AaABAg,중립
콘서트 티켓 8분 만에 전석 매진시킨다는 버추얼 아이돌 근황 / 스브스뉴스,스브스뉴스 SUBUSUNEWS,대댓글,@AlexLYH,@agroman712 왁천지 ㅇ,0,2023-09-29T14:55:38Z,0,Ugyfswi9dfpJMvIiqNR4AaABAg.9vCnFcpLhKT9vFQ7Tio9Ox,S1bcy4h1mS8,UC6rW4cY1x2hFawamZ5qLCIA,2024-06-17T21:31:29Z,Ugyfswi9dfpJMvIiqNR4AaABAg,중립
콘서트 티켓 8분 만에 전석 매진시킨다는 버추얼 아이돌 근황 / 스브스뉴스,스브스뉴스 SUBUSUNEWS,최상위 댓글,@Fortuna-Aesculapius,"이세돌이라 하믄 바둑 기사분 아닌가.
이름을 노리고 만든 것 같은데, 그 인기에 편승하려는 건가.
세상이 거꾸로 돌아가긴 하는구나.",5,2023-10-13T20:41:00Z,12,UgwPMZKJaisa6Ny0KRF4AaABAg,S1bcy4h1mS8,UCXWUuftdOfLgGP2SiRZF2SQ,2023-10-13T20:41:00Z,,중립
콘서트 티켓 8분 만에 전석 매진시킨다는 버추얼 아이돌 근황 / 스브스뉴스,스브스뉴스 SUBUSUNEWS,대댓글,@세균단-c4s,노리긴 뭘 노리냐 생각좀 해라,12,2023-10-15T02:54:23Z,0,UgwPMZKJaisa6Ny0KRF4AaABAg.9vp4mBQC_B79vsKIqxbDfW,S1bcy4h1mS8,UCUtZaeA3I1aV8UdMpeXSM2Q,2023-10-15T02:54:23Z,UgwPMZKJaisa6Ny0KRF4AaABAg,중립
콘서트 티켓 8분 만에 전석 매진시킨다는 버추얼 아이돌 근황 / 스브스뉴스,스브스뉴스 SUBUSUNEWS,대댓글,@MagicalHBG,"혹시, 나는 다른 사람 말을 더럽게 꼬아서 듣는다고 스스로 생각해 보신 적 있나요?",5,2023-10-15T08:54:11Z,0,UgwPMZKJaisa6Ny0KRF4AaABAg.9vp4mBQC_B79vsyU85gxaT,S1bcy4h1mS8,UCzC3jWuPfvK4unhjD6fnNcQ,2023-10-15T08:54:11Z,UgwPMZKJaisa6Ny0KRF4AaABAg,중립
콘서트 티켓 8분 만에 전석 매진시킨다는 버추얼 아이돌 근황 / 스브스뉴스,스브스뉴스 SUBUSUNEWS,대댓글,@2개월남음,이세계 아이돌이다보니까 줄여서 이세돌로 많이 부르게 된건데 뭔 노리고 만들었다는 드립이죠?,10,2023-10-15T10:07:26Z,0,UgwPMZKJaisa6Ny0KRF4AaABAg.9vp4mBQC_B79vt5rdJI1FT,S1bcy4h1mS8,UCTlvW0H99w_C-lDuT9BgCOg,2023-10-15T10:07:26Z,UgwPMZKJaisa6Ny0KRF4AaABAg,중립
콘서트 티켓 8분 만에 전석 매진시킨다는 버추얼 아이돌 근황 / 스브스뉴스,스브스뉴스 SUBUSUNEWS,대댓글,@3ayan_,니 머리가 거꾸로 돌아가는듯,0,2023-10-18T09:31:44Z,0,UgwPMZKJaisa6Ny0KRF4AaABAg.9vp4mBQC_B79w-l9gnIFRm,S1bcy4h1mS8,UCepjS1p36X21Jy5-DhZmL_w,2023-10-18T09:31:44Z,UgwPMZKJaisa6Ny0KRF4AaABAg,중립
콘서트 티켓 8분 만에 전석 매진시킨다는 버추얼 아이돌 근황 / 스브스뉴스,스브스뉴스 SUBUSUNEWS,대댓글,@세균단-c4s,할말없으니 잠수타네? 댓글이나 지워라,0,2023-10-18T09:48:41Z,0,UgwPMZKJaisa6Ny0KRF4AaABAg.9vp4mBQC_B79w-n5ptrf-v,S1bcy4h1mS8,UCUtZaeA3I1aV8UdMpeXSM2Q,2023-10-18T09:48:41Z,UgwPMZKJaisa6Ny0KRF4AaABAg,중립
콘서트 티켓 8분 만에 전석 매진시킨다는 버추얼 아이돌 근황 / 스브스뉴스,스브스뉴스 SUBUSUNEWS,최상위 댓글,@누구-x9q,굴하하하,8,2025-06-15T03:41:38Z,5,Ugx7nlPn2vlV0xz0a0h4AaABAg,S1bcy4h1mS8,UC6rAP3Fztj_WJda_GDs5i7Q,2025-06-15T03:41:38Z,,중립
콘서트 티켓 8분 만에 전석 매진시킨다는 버추얼 아이돌 근황 / 스브스뉴스,스브스뉴스 SUBUSUNEWS,대댓글,@키메라977,렁하하하,0,2025-08-02T06:50:24Z,0,Ugx7nlPn2vlV0xz0a0h4AaABAg.AJNXorCW6EqALJT_RNBOEQ,S1bcy4h1mS8,UC75Gn0EznpUUOkdLF9X0Wug,2025-08-02T06:50:24Z,Ugx7nlPn2vlV0xz0a0h4AaABAg,중립
콘서트 티켓 8분 만에 전석 매진시킨다는 버추얼 아이돌 근황 / 스브스뉴스,스브스뉴스 SUBUSUNEWS,대댓글,@키메라977,쇠하하하,0,2025-08-02T06:50:34Z,0,Ugx7nlPn2vlV0xz0a0h4AaABAg.AJNXorCW6EqALJTad4z2DU,S1bcy4h1mS8,UC75Gn0EznpUUOkdLF9X0Wug,2025-08-02T06:50:34Z,Ugx7nlPn2vlV0xz0a0h4AaABAg,중립
콘서트 티켓 8분 만에 전석 매진시킨다는 버추얼 아이돌 근황 / 스브스뉴스,스브스뉴스 SUBUSUNEWS,대댓글,@키메라977,"굴렁쇠
명사: 어린아이 장난감의 하나. 쇠붙이나 대나무 따위로 만든 둥근 테로서, 굴렁대로 굴리며 논다.

*출처: 네이버국어사전",0,2025-08-02T06:51:28Z,0,Ugx7nlPn2vlV0xz0a0h4AaABAg.AJNXorCW6EqALJTh8UiumT,S1bcy4h1mS8,UC75Gn0EznpUUOkdLF9X0Wug,2025-08-02T06:51:28Z,Ugx7nlPn2vlV0xz0a0h4AaABAg,중립
콘서트 티켓 8분 만에 전석 매진시킨다는 버추얼 아이돌 근황 / 스브스뉴스,스브스뉴스 SUBUSUNEWS,대댓글,@성이름-g3i4t,​@버튜버한잔977 찐따,0,2025-11-03T13:40:10Z,0,Ugx7nlPn2vlV0xz0a0h4AaABAg.AJNXorCW6EqAP3fOsiNqZ9,S1bcy4h1mS8,UCLToJgc7pDcSd-u6E1BvIFg,2025-11-03T13:40:10Z,Ugx7nlPn2vlV0xz0a0h4AaABAg,중립
콘서트 티켓 8분 만에 전석 매진시킨다는 버추얼 아이돌 근황 / 스브스뉴스,스브스뉴스 SUBUSUNEWS,대댓글,@박기명-r7f,"죽하하하하
어하하하하",0,2025-12-12T14:38:22Z,0,Ugx7nlPn2vlV0xz0a0h4AaABAg.AJNXorCW6EqAQdC3ML4UVM,S1bcy4h1mS8,UCFHmAvGBc6HLPMV-KF3_G9g,2025-12-12T14:38:22Z,Ugx7nlPn2vlV0xz0a0h4AaABAg,중립
콘서트 티켓 8분 만에 전석 매진시킨다는 버추얼 아이돌 근황 / 스브스뉴스,스브스뉴스 SUBUSUNEWS,최상위 댓글,@군밤-n8e,에휴,2,2023-09-30T12:08:57Z,0,UgzFE_PYbetmuWDh9Qh4AaABAg,S1bcy4h1mS8,UC2o_EYewxXT2jgi9NBZBqcQ,2023-09-30T12:08:57Z,,중립
콘서트 티켓 8분 만에 전석 매진시킨다는 버추얼 아이돌 근황 / 스브스뉴스,스브스뉴스 SUBUSUNEWS,최상위 댓글,@shwjr,너무 씹덕 같아서 이해가 안됨 돈주고 가상 캐릭터 공연을 본다고?,3,2024-02-19T00:38:53Z,3,UgyQ4bei4FeVCyin8pl4AaABAg,S1bcy4h1mS8,UCF5hIHgZ801SIsJQw_yQDzw,2024-02-19T00:38:53Z,,중립
콘서트 티켓 8분 만에 전석 매진시킨다는 버추얼 아이돌 근황 / 스브스뉴스,스브스뉴스 SUBUSUNEWS,대댓글,@영원-g8y,겉모습만 보면 충분히 그래보일 수 있는데 이게 방송 시청자랑 소통하면서 서사를 쌓아가는 과정을 보다 보면 생각이 달라짐 실제로 그뭔씹 하다 팬이 된 사람들이 엄청 많음,6,2024-02-19T20:16:18Z,0,UgyQ4bei4FeVCyin8pl4AaABAg.A-z5kWjuWGOA00CVCy6eP1,S1bcy4h1mS8,UCOBUSp7jvHjybaxX_Fmfpfw,2024-02-19T20:16:18Z,UgyQ4bei4FeVCyin8pl4AaABAg,중립
콘서트 티켓 8분 만에 전석 매진시킨다는 버추얼 아이돌 근황 / 스브스뉴스,스브스뉴스 SUBUSUNEWS,대댓글,@choi-ut5oh,돈이많나봐,0,2024-02-22T05:53:45Z,0,UgyQ4bei4FeVCyin8pl4AaABAg.A-z5kWjuWGOA06OAGp8023,S1bcy4h1mS8,UChJrS71lUyYLR73sgnluB0Q,2024-02-22T05:53:45Z,UgyQ4bei4FeVCyin8pl4AaABAg,중립
콘서트 티켓 8분 만에 전석 매진시킨다는 버추얼 아이돌 근황 / 스브스뉴스,스브스뉴스 SUBUSUNEWS,대댓글,@eivicd,"약간 축구,야구 경기장 가서 보는 그런 느낌 그이상 그 이하도 아님",0,2024-02-22T13:53:11Z,0,UgyQ4bei4FeVCyin8pl4AaABAg.A-z5kWjuWGOA07F1pLTKMw,S1bcy4h1mS8,UC-WzjNfCY2XkTYlSicCC-kw,2024-02-22T13:53:11Z,UgyQ4bei4FeVCyin8pl4AaABAg,중립
콘서트 티켓 8분 만에 전석 매진시킨다는 버추얼 아이돌 근황 / 스브스뉴스,스브스뉴스 SUBUSUNEWS,최상위 댓글,@프리-y8g,"10대20대초반 애들이나 보는거지
20대후반만되도 유치하다고 보는사람 없어 이런거",1,2025-02-25T07:14:27Z,11,UgweQPRQmtp33L5qnTh4AaABAg,S1bcy4h1mS8,UCmG5Q-FTHmg-CpLj2wVy_RQ,2025-02-25T07:14:27Z,,중립
콘서트 티켓 8분 만에 전석 매진시킨다는 버추얼 아이돌 근황 / 스브스뉴스,스브스뉴스 SUBUSUNEWS,대댓글,@막한다_막한다,"50대까지 널려있답니다~
물론 가장 많은 팬층은 2030이에요",5,2025-03-13T07:29:44Z,0,UgweQPRQmtp33L5qnTh4AaABAg.AExfjETl56sAFauCF_1pAU,S1bcy4h1mS8,UCjqy1SrBvz9rXsteMFUE2_g,2025-03-13T07:29:44Z,UgweQPRQmtp33L5qnTh4AaABAg,중립
콘서트 티켓 8분 만에 전석 매진시킨다는 버추얼 아이돌 근황 / 스브스뉴스,스브스뉴스 SUBUSUNEWS,대댓글,@subsubsub-s8x,나 97년생인데 우왁굳 유입으로 한번씩 챙겨보고 호감임. 노래도 잘하고 텐션 좋아서 나쁘게 보진 않음. 플레이븐지 뭔지는 모르겠다 나도 잘 이질감든다 걔들은,6,2025-03-18T04:06:38Z,0,UgweQPRQmtp33L5qnTh4AaABAg.AExfjETl56sAFnPvz3YNyZ,S1bcy4h1mS8,UCyylgKU6TMTvVkI4EYyc9IQ,2025-03-18T04:06:38Z,UgweQPRQmtp33L5qnTh4AaABAg,중립
콘서트 티켓 8분 만에 전석 매진시킨다는 버추얼 아이돌 근황 / 스브스뉴스,스브스뉴스 SUBUSUNEWS,대댓글,@You요우,10대 20대초가 뭔돈이 있어서 88억이 모임?,2,2025-03-19T23:30:02Z,0,UgweQPRQmtp33L5qnTh4AaABAg.AExfjETl56sAFs3rxUGk_u,S1bcy4h1mS8,UCWLK_dWx6hpOLFyOYwpbAEg,2025-03-19T23:30:02Z,UgweQPRQmtp33L5qnTh4AaABAg,중립
콘서트 티켓 8분 만에 전석 매진시킨다는 버추얼 아이돌 근황 / 스브스뉴스,스브스뉴스 SUBUSUNEWS,대댓글,@막한다_막한다,@You요우  그냥 알바하고 일해서 모은거지. 요즘 알바 시급 보면 하루에 한두시간 2주면 가능함,1,2025-03-20T06:45:04Z,0,UgweQPRQmtp33L5qnTh4AaABAg.AExfjETl56sAFsqe9_CKCU,S1bcy4h1mS8,UCjqy1SrBvz9rXsteMFUE2_g,2025-03-20T06:45:04Z,UgweQPRQmtp33L5qnTh4AaABAg,중립
콘서트 티켓 8분 만에 전석 매진시킨다는 버추얼 아이돌 근황 / 스브스뉴스,스브스뉴스 SUBUSUNEWS,대댓글,@You요우,@막한다_막한다 ㅎㅎ 방송이나봐,3,2025-03-20T07:31:10Z,0,UgweQPRQmtp33L5qnTh4AaABAg.AExfjETl56sAFsvvnMZjxa,S1bcy4h1mS8,UCWLK_dWx6hpOLFyOYwpbAEg,2025-03-20T07:31:10Z,UgweQPRQmtp33L5qnTh4AaABAg,중립
콘서트 티켓 8분 만에 전석 매진시킨다는 버추얼 아이돌 근황 / 스브스뉴스,스브스뉴스 SUBUSUNEWS,최상위 댓글,@김승연-n2t4x,역하네,13,2024-03-26T02:04:24Z,6,UgxS5tJISgz5s90Vmap4AaABAg,S1bcy4h1mS8,UCMS-TrLgZeYzD70Z4c-MtOg,2024-03-26T02:04:24Z,,중립
콘서트 티켓 8분 만에 전석 매진시킨다는 버추얼 아이돌 근황 / 스브스뉴스,스브스뉴스 SUBUSUNEWS,대댓글,@nvdcxcv,"혹시 거울 봄?ㅋㅋㅋ좀 가꾸고 다니고 그래 승연아,,",3,2024-04-08T14:35:39Z,0,UgxS5tJISgz5s90Vmap4AaABAg.A1Qx9IREYXJA1ylT649IkF,S1bcy4h1mS8,UC9jm0SGzON92SVUelCivr9w,2024-04-08T14:36:05Z,UgxS5tJISgz5s90Vmap4AaABAg,중립
콘서트 티켓 8분 만에 전석 매진시킨다는 버추얼 아이돌 근황 / 스브스뉴스,스브스뉴스 SUBUSUNEWS,대댓글,@김승연-n2t4x,@nvdcxcv 네네 버튜버 많이 보세여^^,2,2024-04-08T15:27:51Z,0,UgxS5tJISgz5s90Vmap4AaABAg.A1Qx9IREYXJA1yrRKcLpNa,S1bcy4h1mS8,UCMS-TrLgZeYzD70Z4c-MtOg,2024-04-08T15:27:51Z,UgxS5tJISgz5s90Vmap4AaABAg,중립
콘서트 티켓 8분 만에 전석 매진시킨다는 버추얼 아이돌 근황 / 스브스뉴스,스브스뉴스 SUBUSUNEWS,대댓글,@으랑이이,어엉? 그래도 니 부모님이 평생 버신돈 2년만에 모음 ㅋㅋㅋㅅㄱ,3,2024-04-13T18:06:08Z,0,UgxS5tJISgz5s90Vmap4AaABAg.A1Qx9IREYXJA2B0X6WqsC3,S1bcy4h1mS8,UCHLcqvpTm0undnWua1lnEHw,2024-04-13T18:06:08Z,UgxS5tJISgz5s90Vmap4AaABAg,중립
콘서트 티켓 8분 만에 전석 매진시킨다는 버추얼 아이돌 근황 / 스브스뉴스,스브스뉴스 SUBUSUNEWS,대댓글,@천체-p2r,​@nvdcxcv그런듯ㅇㅇ,0,2024-04-14T07:55:31Z,0,UgxS5tJISgz5s90Vmap4AaABAg.A1Qx9IREYXJA2CVRgZeZaW,S1bcy4h1mS8,UCR6Ae_1FJcL0GWooEnnLfqg,2024-06-18T03:10:04Z,UgxS5tJISgz5s90Vmap4AaABAg,중립
콘서트 티켓 8분 만에 전석 매진시킨다는 버추얼 아이돌 근황 / 스브스뉴스,스브스뉴스 SUBUSUNEWS,대댓글,@낛샳흎슣괦뉎,왜 역해요?,0,2024-05-02T22:16:00Z,0,UgxS5tJISgz5s90Vmap4AaABAg.A1Qx9IREYXJA2xODmjZ4Yi,S1bcy4h1mS8,UCmEoVonKG2mjzzc03Z1BZVA,2024-05-02T22:16:00Z,UgxS5tJISgz5s90Vmap4AaABAg,중립
콘서트 티켓 8분 만에 전석 매진시킨다는 버추얼 아이돌 근황 / 스브스뉴스,스브스뉴스 SUBUSUNEWS,최상위 댓글,@춘자씨-i8n,환장하겠다😅  -준호남김-,0,2023-09-30T15:15:18Z,0,UgyeUwQxz6JnD1ysfpV4AaABAg,S1bcy4h1mS8,UCnNCa1Ygku5bDlMYUAjdX4Q,2023-09-30T15:15:18Z,,중립
콘서트 티켓 8분 만에 전석 매진시킨다는 버추얼 아이돌 근황 / 스브스뉴스,스브스뉴스 SUBUSUNEWS,최상위 댓글,@징버거팬계정-ujni,굴렇군요 이세굴 화이팅!! 킹애~,4,2025-08-30T15:07:56Z,0,Ugw0uQr-KpTpHVrZchd4AaABAg,S1bcy4h1mS8,UCZF1xsbCsyA14utkAwaLQ_Q,2025-08-30T15:07:56Z,,중립
콘서트 티켓 8분 만에 전석 매진시킨다는 버추얼 아이돌 근황 / 스브스뉴스,스브스뉴스 SUBUSUNEWS,최상위 댓글,@blppiliqqld,아니 무슨 그래픽 쪼가리가..,3,2024-02-15T08:54:05Z,6,UgzCvcj5Y6Sra0xrDMV4AaABAg,S1bcy4h1mS8,UCdmEe1yW2WTo-UaywbXT4WQ,2024-02-15T08:54:05Z,,중립
콘서트 티켓 8분 만에 전석 매진시킨다는 버추얼 아이돌 근황 / 스브스뉴스,스브스뉴스 SUBUSUNEWS,대댓글,@xyyoutube,그래픽 쪼가리라니 애니메이션 이런게 그래픽 쪼가리면 잼민이가 좋아하는게.. 아 뽀로로? ㅋㅋㅋ 그것도 그래픽 쪼가리고 포켓몬스터 피카츄 그래픽 쪼가리겠네? ㅋㅋㅋ 심지어 이세계아이돌 분들은 안에 사람이 있는 버츄얼 유튜버이고 지지도도 많은데 그 말 에휴 ㅉㅉ,1,2024-02-16T05:02:00Z,0,UgzCvcj5Y6Sra0xrDMV4AaABAg.A-pgEyW0VbGA-rqU2ISBzs,S1bcy4h1mS8,UC2S-t9b-J0CTg9lxPjFYqUw,2024-02-16T05:02:00Z,UgzCvcj5Y6Sra0xrDMV4AaABAg,긍정
콘서트 티켓 8분 만에 전석 매진시킨다는 버추얼 아이돌 근황 / 스브스뉴스,스브스뉴스 SUBUSUNEWS,대댓글,@xyyoutube,질 떨어지는 티가 난다 잼아,0,2024-02-16T05:02:17Z,0,UgzCvcj5Y6Sra0xrDMV4AaABAg.A-pgEyW0VbGA-rqW6JEYpQ,S1bcy4h1mS8,UC2S-t9b-J0CTg9lxPjFYqUw,2024-02-16T05:02:17Z,UgzCvcj5Y6Sra0xrDMV4AaABAg,중립
콘서트 티켓 8분 만에 전석 매진시킨다는 버추얼 아이돌 근황 / 스브스뉴스,스브스뉴스 SUBUSUNEWS,대댓글,@user_userr-k6l,@xyyoutube 부들ㅋㅋㅋㅋ부들ㅋㅋㅋㅋ,0,2024-02-22T04:41:02Z,0,UgzCvcj5Y6Sra0xrDMV4AaABAg.A-pgEyW0VbGA06FqfmwE94,S1bcy4h1mS8,UCFnqhskUVkNTRH1kqy3pNiA,2024-04-18T02:32:06Z,UgzCvcj5Y6Sra0xrDMV4AaABAg,중립
콘서트 티켓 8분 만에 전석 매진시킨다는 버추얼 아이돌 근황 / 스브스뉴스,스브스뉴스 SUBUSUNEWS,대댓글,@kpl20112,​user-yq3zl8cn7h저게 근데 팩트아님? 부정하고싶어서 애써 발작하누ㅉㅉ,0,2024-03-01T14:26:10Z,0,UgzCvcj5Y6Sra0xrDMV4AaABAg.A-pgEyW0VbGA0RuAHT19DR,S1bcy4h1mS8,UCqIH4e5pboO48_cxX2BdQTQ,2024-04-18T02:32:06Z,UgzCvcj5Y6Sra0xrDMV4AaABAg,중립
콘서트 티켓 8분 만에 전석 매진시킨다는 버추얼 아이돌 근황 / 스브스뉴스,스브스뉴스 SUBUSUNEWS,대댓글,@lyy8592,@xyyoutube와 진짜 구독목록 어지럽네,1,2024-03-03T12:30:00Z,0,UgzCvcj5Y6Sra0xrDMV4AaABAg.A-pgEyW0VbGA0WqTJHnynx,S1bcy4h1mS8,UCbgmLT95V02aIMW9PCjlA9g,2024-04-18T02:32:06Z,UgzCvcj5Y6Sra0xrDMV4AaABAg,중립
콘서트 티켓 8분 만에 전석 매진시킨다는 버추얼 아이돌 근황 / 스브스뉴스,스브스뉴스 SUBUSUNEWS,최상위 댓글,@styj3451,오타쿠가 공연도보는군요,2,2023-09-30T05:32:21Z,0,UgwSbTqS-P7hX4vRinp4AaABAg,S1bcy4h1mS8,UCh-BMls00Xp1aqtLhSnQj0Q,2023-09-30T05:32:21Z,,중립
콘서트 티켓 8분 만에 전석 매진시킨다는 버추얼 아이돌 근황 / 스브스뉴스,스브스뉴스 SUBUSUNEWS,최상위 댓글,@Nemosquare_00,왜 굴찜이 먹고 싶을까요...ㅋㅋ,6,2025-07-31T01:54:47Z,0,UgxCYKjmvIzvs0WNZ0h4AaABAg,S1bcy4h1mS8,UC2q0b2CIogLeq0c5TU8Hnpw,2025-07-31T01:54:47Z,,중립
콘서트 티켓 8분 만에 전석 매진시킨다는 버추얼 아이돌 근황 / 스브스뉴스,스브스뉴스 SUBUSUNEWS,최상위 댓글,@JRWoo-mu2nt,기어이 양지로 기어나오는구나,0,2024-08-05T11:08:53Z,0,UgyGWt9XEcVCIqfpbop4AaABAg,S1bcy4h1mS8,UCMMwlQsSBgpVTPtfHpf5qyg,2024-08-05T11:08:53Z,,중립
콘서트 티켓 8분 만에 전석 매진시킨다는 버추얼 아이돌 근황 / 스브스뉴스,스브스뉴스 SUBUSUNEWS,최상위 댓글,@gom941,오타쿠들 ㅉㅉ,3,2023-11-28T12:08:14Z,2,UgzYVgpkdn69vLwezxF4AaABAg,S1bcy4h1mS8,UCKbkSYJdRpZy14BEecJXSCA,2023-11-28T12:08:14Z,,중립
콘서트 티켓 8분 만에 전석 매진시킨다는 버추얼 아이돌 근황 / 스브스뉴스,스브스뉴스 SUBUSUNEWS,대댓글,@스노우-u6i,​@hoohoo0110ㅋㅋㅋㅋㅋ ㄹㅇ ㅋㅋㅋ,2,2024-01-06T16:03:09Z,0,UgzYVgpkdn69vLwezxF4AaABAg.9xebepNsIIt9zESYUIsMOo,S1bcy4h1mS8,UCZpqYUHatHtZAstiLe6XCIg,2024-08-06T16:25:01Z,UgzYVgpkdn69vLwezxF4AaABAg,중립
콘서트 티켓 8분 만에 전석 매진시킨다는 버추얼 아이돌 근황 / 스브스뉴스,스브스뉴스 SUBUSUNEWS,대댓글,@fycatwi,이거 이중인격 그 인가,1,2024-01-18T14:05:50Z,0,UgzYVgpkdn69vLwezxF4AaABAg.9xebepNsIIt9zi8eo60ATb,S1bcy4h1mS8,UCJ-7zhVMiQ8g547INFiN1Eg,2024-01-18T14:05:50Z,UgzYVgpkdn69vLwezxF4AaABAg,중립
콘서트 티켓 8분 만에 전석 매진시킨다는 버추얼 아이돌 근황 / 스브스뉴스,스브스뉴스 SUBUSUNEWS,최상위 댓글,@ieorfwnr6483,뭐 잼민이들이 좋아하는거냐?ㅋㅋㅋㅋㅋㅋㅋㅋㅋㅋㅋㅋㅋㅋㅋㅋㅋㅋ,0,2023-09-30T08:30:42Z,0,UgzofjXyDrzB2L4t18V4AaABAg,S1bcy4h1mS8,UCMW7Xs_B-6FG-wG9QGPfugw,2023-09-30T08:30:42Z,,긍정
콘서트 티켓 8분 만에 전석 매진시킨다는 버추얼 아이돌 근황 / 스브스뉴스,스브스뉴스 SUBUSUNEWS,최상위 댓글,@진순-l4d,드릉드릉 한국 여자 버튜버를 왜 보는..,5,2023-10-16T14:22:18Z,1,UgwPZHxYgHjKVaTXghh4AaABAg,S1bcy4h1mS8,UCPsFKDZKqtwwl_CSSK5O0Ww,2023-10-16T14:22:18Z,,중립
콘서트 티켓 8분 만에 전석 매진시킨다는 버추얼 아이돌 근황 / 스브스뉴스,스브스뉴스 SUBUSUNEWS,대댓글,@시청자-j2u,킹아!,7,2023-10-20T13:35:39Z,0,UgwPZHxYgHjKVaTXghh4AaABAg.9vw7p9K9a6l9w5Lf-snBcq,S1bcy4h1mS8,UC_I2s_X9EtbpIC-x-YUZMpw,2023-10-20T13:35:39Z,UgwPZHxYgHjKVaTXghh4AaABAg,중립
콘서트 티켓 8분 만에 전석 매진시킨다는 버추얼 아이돌 근황 / 스브스뉴스,스브스뉴스 SUBUSUNEWS,최상위 댓글,@헨드릭,모두 잠수준비~!,0,2024-07-14T07:46:00Z,0,UgzKhw-Zeufh3-caajd4AaABAg,S1bcy4h1mS8,UCJapj9gn6GxafOUc7STdlDQ,2024-07-14T07:46:07Z,,중립
콘서트 티켓 8분 만에 전석 매진시킨다는 버추얼 아이돌 근황 / 스브스뉴스,스브스뉴스 SUBUSUNEWS,최상위 댓글,@하안녕하세요-d7t,그럼 뭐해 페미돌인데 허버허버~~,5,2024-02-29T12:08:56Z,2,UgywacYIoKB4ma2ox0J4AaABAg,S1bcy4h1mS8,UC9p658dHdWmSWRLCgIwOUyg,2024-02-29T12:08:56Z,,중립
콘서트 티켓 8분 만에 전석 매진시킨다는 버추얼 아이돌 근황 / 스브스뉴스,스브스뉴스 SUBUSUNEWS,대댓글,@tt-ct2xr,ㅉ,3,2024-03-21T16:47:50Z,0,UgywacYIoKB4ma2ox0J4AaABAg.A0P4fK53snCA1FeHVCHHi2,S1bcy4h1mS8,UCvTVJfu6RVuYiasYUdKB8Yw,2024-03-21T16:47:50Z,UgywacYIoKB4ma2ox0J4AaABAg,중립
콘서트 티켓 8분 만에 전석 매진시킨다는 버추얼 아이돌 근황 / 스브스뉴스,스브스뉴스 SUBUSUNEWS,대댓글,@개입신당,​@점점점님 아이네가 드릉드릉 하고 비챤이 허버허버 한거 몰음???,0,2025-04-19T11:48:45Z,0,UgywacYIoKB4ma2ox0J4AaABAg.A0P4fK53snCAH5dFclwWry,S1bcy4h1mS8,UCVacEr4NSuuz7-AW4U6s8rw,2025-04-19T11:48:45Z,UgywacYIoKB4ma2ox0J4AaABAg,중립
콘서트 티켓 8분 만에 전석 매진시킨다는 버추얼 아이돌 근황 / 스브스뉴스,스브스뉴스 SUBUSUNEWS,최상위 댓글,@사우스코리아파크-q9o,나락,4,2023-12-21T01:55:07Z,2,Ugyi9s3_5dClLt2JTK94AaABAg,S1bcy4h1mS8,UCdtziZOdeCkIkmetDmlQTeg,2023-12-21T01:55:07Z,,중립
콘서트 티켓 8분 만에 전석 매진시킨다는 버추얼 아이돌 근황 / 스브스뉴스,스브스뉴스 SUBUSUNEWS,대댓글,@udong0603,너가 나락,3,2024-01-10T07:58:52Z,0,Ugyi9s3_5dClLt2JTK94AaABAg.9yZjmNseh619zNtJ5YAAZZ,S1bcy4h1mS8,UCvO7rGelXkvrTmpzUh4nxqA,2024-01-10T07:58:52Z,Ugyi9s3_5dClLt2JTK94AaABAg,중립
콘서트 티켓 8분 만에 전석 매진시킨다는 버추얼 아이돌 근황 / 스브스뉴스,스브스뉴스 SUBUSUNEWS,대댓글,@udong0603,너가 나락,2,2024-01-10T07:59:13Z,0,Ugyi9s3_5dClLt2JTK94AaABAg.9yZjmNseh619zNtL_u4KRS,S1bcy4h1mS8,UCvO7rGelXkvrTmpzUh4nxqA,2024-01-10T07:59:13Z,Ugyi9s3_5dClLt2JTK94AaABAg,중립
콘서트 티켓 8분 만에 전석 매진시킨다는 버추얼 아이돌 근황 / 스브스뉴스,스브스뉴스 SUBUSUNEWS,최상위 댓글,@OO-op8yr,"2022년 4월 25일, 비챤이 2021년 3월 경 X(구 트위터)에 ""부끄러운데 행복해서 허버허버 하고있어요"", ""허버.허버. 허버버""라는 트윗을 게시했던 사실이 스트리머 갤러리 이용자에 의해 논란이 되었다.",5,2025-03-08T19:00:50Z,2,UgxkDU6er4NzovMEql54AaABAg,S1bcy4h1mS8,UCAALsUTX5Qe93Lc988velpQ,2025-03-08T19:00:50Z,,중립
콘서트 티켓 8분 만에 전석 매진시킨다는 버추얼 아이돌 근황 / 스브스뉴스,스브스뉴스 SUBUSUNEWS,대댓글,@아리가또라베스크-i6p,-출처: 디시인사이드-,0,2025-04-09T12:14:19Z,0,UgxkDU6er4NzovMEql54AaABAg.AFQGJc3fuasAGgwEB_qx4G,S1bcy4h1mS8,UCzS_BQ9EvOQo90TnV2POsRg,2025-04-09T12:14:19Z,UgxkDU6er4NzovMEql54AaABAg,중립
콘서트 티켓 8분 만에 전석 매진시킨다는 버추얼 아이돌 근황 / 스브스뉴스,스브스뉴스 SUBUSUNEWS,대댓글,@user-zx6ez4kk8w,팩트는 기안도허버허버쓰고 유튜버 180만인 혜안도 허버허버썼다는거임 왜?>>>의성어니깐 커뮤하는애들만알지 일반인들이 어떻게아노 ㅉㅉ,2,2025-05-19T09:20:23Z,0,UgxkDU6er4NzovMEql54AaABAg.AFQGJc3fuasAIIc7Izz-6C,S1bcy4h1mS8,UCuTY3hm07wAVxRUJ5bOWidg,2025-05-19T09:20:23Z,UgxkDU6er4NzovMEql54AaABAg,중립
콘서트 티켓 8분 만에 전석 매진시킨다는 버추얼 아이돌 근황 / 스브스뉴스,스브스뉴스 SUBUSUNEWS,최상위 댓글,@최찬순-r7s,으 드러워,13,2023-12-30T02:24:23Z,2,UgxlzYDYJOBgRojGGU94AaABAg,S1bcy4h1mS8,UCDq8LsCJZ485QHoDmS6ndfA,2023-12-30T02:24:23Z,,중립
콘서트 티켓 8분 만에 전석 매진시킨다는 버추얼 아이돌 근황 / 스브스뉴스,스브스뉴스 SUBUSUNEWS,대댓글,@좌라도,남을 까내리는걸로 선민의식 느끼는 쿨찐근첩 2,20,2024-01-04T07:38:39Z,0,UgxlzYDYJOBgRojGGU94AaABAg.9yvyHZV9_dy9z8PDmgDFpU,S1bcy4h1mS8,UCADz-7lHds6oxO4lwV9qjAg,2024-01-04T07:38:39Z,UgxlzYDYJOBgRojGGU94AaABAg,중립
콘서트 티켓 8분 만에 전석 매진시킨다는 버추얼 아이돌 근황 / 스브스뉴스,스브스뉴스 SUBUSUNEWS,대댓글,@장혜진-u4y,찬순씨가 제일 더러웡,2,2024-02-05T08:52:13Z,0,UgxlzYDYJOBgRojGGU94AaABAg.9yvyHZV9_dyA-Qw4Vk_8y2,S1bcy4h1mS8,UCXSyjn_-T6Ttg8xhyxxKpuw,2024-02-05T08:52:13Z,UgxlzYDYJOBgRojGGU94AaABAg,중립
콘서트 티켓 8분 만에 전석 매진시킨다는 버추얼 아이돌 근황 / 스브스뉴스,스브스뉴스 SUBUSUNEWS,최상위 댓글,@alwaysutd589,페미 콘서트 인기 많네 ㄷㄷ...,9,2024-05-04T10:37:46Z,2,UgyrHqa3k1_yTI13OP14AaABAg,S1bcy4h1mS8,UCmDY6zQtNXh9EAeTSh-ew7A,2024-05-04T10:37:46Z,,중립
콘서트 티켓 8분 만에 전석 매진시킨다는 버추얼 아이돌 근황 / 스브스뉴스,스브스뉴스 SUBUSUNEWS,대댓글,@뇹뇹이-11274,무슨 개소리 야😂,4,2024-05-12T01:04:35Z,0,UgyrHqa3k1_yTI13OP14AaABAg.A30HuTD249XA3JrfJsFixv,S1bcy4h1mS8,UCa8WlBLvF63yu3BKDSFDa6A,2024-05-12T01:04:35Z,UgyrHqa3k1_yTI13OP14AaABAg,중립
콘서트 티켓 8분 만에 전석 매진시킨다는 버추얼 아이돌 근황 / 스브스뉴스,스브스뉴스 SUBUSUNEWS,대댓글,@Alksjs-t5e,거의 다 남자들인데ㅋㅋ 노래가 좋고 그 방송인이 좋으니까 입덕하는거죠,7,2024-06-22T14:12:17Z,0,UgyrHqa3k1_yTI13OP14AaABAg.A30HuTD249XA4zqPYNFHZu,S1bcy4h1mS8,UCNY6SnHyt0ny_6K-iIvYGSg,2024-06-22T14:12:17Z,UgyrHqa3k1_yTI13OP14AaABAg,중립
콘서트 티켓 8분 만에 전석 매진시킨다는 버추얼 아이돌 근황 / 스브스뉴스,스브스뉴스 SUBUSUNEWS,최상위 댓글,@SarrangJJANG,미쳐돌아가는구나,3,2024-06-29T05:57:52Z,0,Ugx4Wsk0djG69t9CLc94AaABAg,S1bcy4h1mS8,UCHrGy3lW6eHgG6fkG-c6qOA,2024-06-29T05:57:52Z,,중립
콘서트 티켓 8분 만에 전석 매진시킨다는 버추얼 아이돌 근황 / 스브스뉴스,스브스뉴스 SUBUSUNEWS,최상위 댓글,@mouse-y7z,한심하노,4,2024-06-04T15:10:55Z,2,Ugy_aK2EreuhP4LKl1J4AaABAg,S1bcy4h1mS8,UCMcx86v02WKa3QpbfwjgcIA,2024-06-04T15:10:55Z,,중립
콘서트 티켓 8분 만에 전석 매진시킨다는 버추얼 아이돌 근황 / 스브스뉴스,스브스뉴스 SUBUSUNEWS,대댓글,@Alksjs-t5e,너무 부정적으로만 생각하진 말아주세요ㅎㅎ,10,2024-06-22T14:23:55Z,0,Ugy_aK2EreuhP4LKl1J4AaABAg.A4GaoEDGPbOA4zrjgrByNh,S1bcy4h1mS8,UCNY6SnHyt0ny_6K-iIvYGSg,2024-06-22T14:23:55Z,Ugy_aK2EreuhP4LKl1J4AaABAg,중립
콘서트 티켓 8분 만에 전석 매진시킨다는 버추얼 아이돌 근황 / 스브스뉴스,스브스뉴스 SUBUSUNEWS,대댓글,@안녕합니다-k8o,고맙노,2,2024-06-24T13:51:11Z,0,Ugy_aK2EreuhP4LKl1J4AaABAg.A4GaoEDGPbOA53x_gqI5gp,S1bcy4h1mS8,UCUIAiqBeB_iJTah9Aq6nAZg,2024-06-24T13:51:11Z,Ugy_aK2EreuhP4LKl1J4AaABAg,중립
콘서트 티켓 8분 만에 전석 매진시킨다는 버추얼 아이돌 근황 / 스브스뉴스,스브스뉴스 SUBUSUNEWS,최상위 댓글,@san1074,이세돌 그만 빨고 홀로나 찬양해라,0,2023-09-29T09:26:51Z,3,UgyH7z9siJ58sUdrc314AaABAg,S1bcy4h1mS8,UCBI2Bs_jBKLKZFd8zh0r11A,2023-09-29T09:26:51Z,,중립
콘서트 티켓 8분 만에 전석 매진시킨다는 버추얼 아이돌 근황 / 스브스뉴스,스브스뉴스 SUBUSUNEWS,대댓글,@py_42,홀로는 애초에 버츄얼의 근본인데 그걸 들고 오시면 안되죠,4,2023-09-29T10:01:11Z,0,UgyH7z9siJ58sUdrc314AaABAg.9vEpVM84RXT9vEtQi59l3K,S1bcy4h1mS8,UCFXAXPMpKTX7B3Ka34VwPUw,2023-09-29T10:01:11Z,UgyH7z9siJ58sUdrc314AaABAg,중립
콘서트 티켓 8분 만에 전석 매진시킨다는 버추얼 아이돌 근황 / 스브스뉴스,스브스뉴스 SUBUSUNEWS,대댓글,@dalzidal,홀로견분들 그만 좀..,0,2023-09-29T10:51:03Z,0,UgyH7z9siJ58sUdrc314AaABAg.9vEpVM84RXT9vEz81U1I9w,S1bcy4h1mS8,UCJTfZGGDqeSujr00TgnzruQ,2023-09-29T10:51:03Z,UgyH7z9siJ58sUdrc314AaABAg,중립
콘서트 티켓 8분 만에 전석 매진시킨다는 버추얼 아이돌 근황 / 스브스뉴스,스브스뉴스 SUBUSUNEWS,대댓글,@INCHEONBUS-NO.1,이세돌도 드셔봐유,0,2023-09-29T10:58:05Z,0,UgyH7z9siJ58sUdrc314AaABAg.9vEpVM84RXT9vEzwad3YNB,S1bcy4h1mS8,UCOG8uHQ_f-KbM5qat7dQMrg,2023-09-29T10:58:05Z,UgyH7z9siJ58sUdrc314AaABAg,중립
콘서트 티켓 8분 만에 전석 매진시킨다는 버추얼 아이돌 근황 / 스브스뉴스,스브스뉴스 SUBUSUNEWS,최상위 댓글,@입시평가연구소ZERO,꼴값 레전드 ㅋㅋ,1,2024-02-09T11:30:14Z,0,UgyUslVCQ5JZBNadxIR4AaABAg,S1bcy4h1mS8,UCgj1Gab_bLjnVn_16yXYEYg,2024-02-09T11:30:14Z,,중립
