,keywords
qOB5sIujPH8,
qOB5sIujPH8,"['트윗', '사람', '아니다', '조롱']"
qOB5sIujPH8,"['솔직하다', '응원']"
qOB5sIujPH8,"['서현', '팬덤', '케이팝', '팬덤', '공공', '업보', '없다']"
qOB5sIujPH8,"['아니다', '버츄얼', '플레이', '듣보잡', '스텔라', '이브', '근본', '근본']"
qOB5sIujPH8,['알고리즘']
qOB5sIujPH8,"['자기', '재밌다', '같다', '진짜', '기절']"
qOB5sIujPH8,"['타팬', '조롱']"
qOB5sIujPH8,['재밌다']
qOB5sIujPH8,"['아니다', '조롱', '정병', '어그']"
qOB5sIujPH8,"['인스타', '이렇다', '댓글', '있다', '사운드', '모음', '차단', '기키', '소리', '콘센트', '꼽는', '소리', '컴퓨터', '데이터', '소리', '시발', '매니저', '실수', '데이', '삭제', '소리', '위이잉키', '소리', '씹덕', '응원', '소리', '공연', '오빠', '배터리', '소리', '철거', '차단기', '공연', '소리']"
qOB5sIujPH8,"['조롱', '재밌다', '대체', '노래', '멋있다', '버츄얼', '부자연스럽다', '기술']"
qOB5sIujPH8,"['광야', '있다', '어떻다', '오빠', '순간이동', '도도', '어떻다', '언냐', '로켓', '펀처임']"
qOB5sIujPH8,"['누구', '해커', '저기', '있다', '있다']"
qOB5sIujPH8,['엑소']
qOB5sIujPH8,"['광야', '자만', '이름', '쎄다', '돌이', '슈퍼맨', '여럿', '있다']"
qOB5sIujPH8,"['스파이', '사랑']"
qOB5sIujPH8,"['카리나', '로켓', '펀쳐', '윈터', '지젤', '제노글로시', '닝닝', '해커']"
qOB5sIujPH8,"['에스', '하늘', '기본', '발사', '진심', '하늘', '기본']"
qOB5sIujPH8,"['와이어', '전문']"
qOB5sIujPH8,
qOB5sIujPH8,"['물든', '순간', '민정', '최고다']"
qOB5sIujPH8,"['그렇다', '어인', '있다']"
qOB5sIujPH8,"['벌레', '야채', '인간', '버츄얼', '말씀', '나이비스', '있다']"
qOB5sIujPH8,"['좋아하다', '자기', '좋아하다', '사람', '응원', '서로', '예의']"
qOB5sIujPH8,"['날수', '없다', '좋아하다', '자기', '다리', '아저씨', '버츄', '좋아하다', '한가지', '차라리', '진짜', '예쁘다', '잘생기다', '사람', '우상화', '좋아하다', '나으니', '낫다', '외모', '상주', '매력', '있다', '버츄얼', '성공하다']"
qOB5sIujPH8,"['다리', '아저씨', '여자', '보장', '있다', '서로', '죤내', '어색하다']"
qOB5sIujPH8,"['실제', '시간', '있다', '리노', '있다']"
qOB5sIujPH8,"['좋아하다', '정상']"
qOB5sIujPH8,"['학교', '좋아하다', '뭔가', '결함', '있다']"
qOB5sIujPH8,"['사람', '애초', '조롱', '타팬', '거가', '지고', '불쌍하다']"
qOB5sIujPH8,"['조롱', '타팬', '모두']"
qOB5sIujPH8,"['애기', '사쿠라', '프사', '아니다', '타팬']"
qOB5sIujPH8,"['결말', '한잔', '꼬투리', '오히려', '팬덤', '이미지']"
qOB5sIujPH8,['재밌다']
qOB5sIujPH8,"['버튜버', '재밌다']"
qOB5sIujPH8,"['가면라이더', '나쁘다', '같다']"
qOB5sIujPH8,"['가면라이더', '좋아하다', '굳이', '가세', '버츄']"
qOB5sIujPH8,"['두꺼비', '펜타킬']"
qOB5sIujPH8,"['두꺼비', '방송']"
qOB5sIujPH8,"['정도', '아니다']"
qOB5sIujPH8,
qOB5sIujPH8,"['전장', '지배']"
qOB5sIujPH8,['다르다']
qOB5sIujPH8,"['오빠', '가능하다', '아니다']"
qOB5sIujPH8,"['광야', '오빠', '공중부양', '본기', '같다', '푸훗']"
qOB5sIujPH8,"['아니다', '팬덤', '같다']"
qOB5sIujPH8,"['결과', '애초', '버츄얼', '팔정도', '멘탈', '아니다', '기본', '돌판', '태도', '기본', '정도', '무시']"
qOB5sIujPH8,['어떻다']
qOB5sIujPH8,"['서로', '오빠', '비행', '실력', '가지', '그렇다']"
qOB5sIujPH8,"['식객', '민우', '여친', '타팬', '칭찬', '이해', '존경', '많다', '진짜', '수구', '소수', '민폐', '하니', '그게', '일반', '화가', '같다']"
qOB5sIujPH8,"['식객', '민우', '여친', '아니다', '이미지', '악의', '그렇다', '댓글', '안티', '있다', '시간', '리도', '많다', '그렇다', '댓글', '무시', '버츄얼', '실제', '사람', '굉장하다', '많다', '모두', '존중', '분위', '기구']"
qOB5sIujPH8,"['좋아하다', '서로', '존중', '덕질', '본인', '좋다', '된거']"
qOB5sIujPH8,"['웃기', '머리', '스타일', '비슷하다']"
qOB5sIujPH8,"['유타', '스엠', '공중부양']"
qOB5sIujPH8,
qOB5sIujPH8,
qOB5sIujPH8,['그게']
qOB5sIujPH8,"['드립', '예전', '유타']"
qOB5sIujPH8,"['애도', '타팬']"
qOB5sIujPH8,"['음악', '방송', '독보', '없다', '의자', '갑자기', '계단', '사람']"
qOB5sIujPH8,"['이렇다', '가지', '싸움']"
qOB5sIujPH8,['귀엽다']
qOB5sIujPH8,['무시']
qOB5sIujPH8,['개추']
qOB5sIujPH8,"['뮤뱅', '마마']"
qOB5sIujPH8,"['쟈니', '머리', '도대체', '년대', '아니다', '년대', '유행', '헤어']"
qOB5sIujPH8,
qOB5sIujPH8,"['인간', '버츄얼', '제일', '문제']"
qOB5sIujPH8,"['시민', '시험', '공주부', '있다']"
qOB5sIujPH8,"['무대', '도록']"
qOB5sIujPH8,"['소방차', '윈윈', '없다']"
qOB5sIujPH8,"['했는뎈', '유타', '공중부양', '입사']"
qOB5sIujPH8,
qOB5sIujPH8,"['현재상황', '조롱', '정병', '디스', '영상', '승전', '일방']"
qOB5sIujPH8,"['현실', '닥터', '닥터', '하민이', '얼마나', '귀엽다']"
qOB5sIujPH8,"['언니', '로켓', '펀쳐', '제너', '그렇다', '해커', '있다']"
qOB5sIujPH8,"['인간', '원래', '인간']"
qOB5sIujPH8,['정상']
qOB5sIujPH8,"['그렇다', '인정', '마네', '거리', '아이돌판', '버츄얼', '취향', '사람', '있다', '버츄얼', '기술', '현실', '뮤비', '콘서트', '적용', '많다']"
qOB5sIujPH8,"['상관', '없다', '돌판', '기어', '대결', '기존', '팬덤', '빡치다']"
qOB5sIujPH8,"['콘서트장', '실제', '오빠', '버츄', '버전', '아니다']"
qOB5sIujPH8,"['빡치다', '일이', '아니다', '빡치다', '의문', '선거', '대한', '거부', '있다', '무분별', '비난', '정당화', '없다', '뭔가', '착각', '기어', '표현', '그렇다']"
qOB5sIujPH8,"['버추', '기술', '정말', '다양하다', '기술', '분야', '집합', '방면', '적용', '부분', '있다', '있다', '단순하다', '버추', '아니다', '생각', '차원']"
qOB5sIujPH8,"['인기', '없다', '신경', '인기', '많다', '자기', '빡치다', '빡치다', '이유', '없다']"
qOB5sIujPH8,"['아니다', '귀엽다']"
qOB5sIujPH8,"['장난', '시비', '상대', '장난', '뻔하다', '존재', '만해', '잘못', '없다', '모래']"
qOB5sIujPH8,['꼼쭈리']
qOB5sIujPH8,"['아니다', '시전', '어그', '정병']"
qOB5sIujPH8,"['인스타', '진짜', '심각하다', '관련', '영상', '조롱', '댓글', '없다', '싫다', '안보', '굳이', '있다', '사람', '요즘', '심하다', '같다']"
qOB5sIujPH8,"['머리', '스타일', '비슷하다', '결과', '재밌다', '한잔']"
qOB5sIujPH8,"['붉다', '화면', '웃음']"
qOB5sIujPH8,"['인용', '중드짤', '진짜', '겻는뎈']"
qOB5sIujPH8,"['항상', '이렇다', '조롱', '거리', '영상', '속상하다', '진짜']"
qOB5sIujPH8,"['디도스', '레츠고']"
qOB5sIujPH8,"['진짜', '웃기']"
qOB5sIujPH8,"['고도', '발전', '스엠돌', '분할', '없다']"
qOB5sIujPH8,"['외모', '같다', '있다']"
qOB5sIujPH8,"['어쩐지', '노아', '공중부양', '보고', '같다', '저거였엌']"
qOB5sIujPH8,"['어떻다', '댓글', '노래', '좋다', '어서', '어서', '대형', '그룹', '끼리', '안타깝다']"
qOB5sIujPH8,['인정']
qOB5sIujPH8,"['제발', '팬덤', '끼리', '보기', '안좋다']"
qOB5sIujPH8,"['아니다', '장난', '같다']"
qOB5sIujPH8,"['플레이스테이션', '제발']"
qOB5sIujPH8,"['서로', '불쌍하다', '팬덤', '언제', '탈덕', '돈벌이', '있다']"
qOB5sIujPH8,"['갈드', '없다']"
qOB5sIujPH8,"['애기', '사쿠라', '프사', '플브', '거임', '지능', '안티', '결과']"
qOB5sIujPH8,"['팩트', '체크', '영상', '영상', '억울하다', '사람', '있다', '사람', '있다']"
qOB5sIujPH8,['인간']
qOB5sIujPH8,['더니']
qOB5sIujPH8,"['유타', '공중부양', '스엠', '입사']"
qOB5sIujPH8,"['웃기', '조마조마하다']"
qOB5sIujPH8,['최애']
qOB5sIujPH8,"['버튜버', '편하다', '실제', '달리', '사생활', '논란', '아니다']"
qOB5sIujPH8,"['잡곡', '밥퍼', '먹기', '어차피', '진짜', '사람', '좋아하다', '아니다', '가공', '캐릭터', '좋아하다', '거기', '때문', '공개', '타격', '없다', '같다', '처음', '실제', '보고', '좋아하다', '아니다', '덕질', '사람', '진짜', '덕질', '멘탈', '갑인', '사람', '없다']"
qOB5sIujPH8,"['아니다', '멀다', '버츄얼', '오겠닼']"
qOB5sIujPH8,"['유쾌하다', '같다', '오빠', '공중부양', '하제']"
qOB5sIujPH8,['초능력']
qOB5sIujPH8,
qOB5sIujPH8,"['야야', '언닌', '잡고', '오리', '우린']"
qOB5sIujPH8,"['인스타', '댓글', '같다']"
qOB5sIujPH8,['미쳣냐']
qOB5sIujPH8,['지라']
qOB5sIujPH8,"['스타일', '비슷하다', '끼리']"
qOB5sIujPH8,"['쩐다', '어떻다', '편집']"
qOB5sIujPH8,"['공중부양', '유타']"
qOB5sIujPH8,"['놀란', '표정', '웃기']"
qOB5sIujPH8,
qOB5sIujPH8,"['지능', '안티', '아니다']"
qOB5sIujPH8,"['아니다', '쥰내', '웃기', '갑자기', '하늘']"
qOB5sIujPH8,"['세라핌', '순간이동', '도하', '레이저']"
qOB5sIujPH8,['웃곀']
qOB5sIujPH8,['웃기']
qOB5sIujPH8,"['사람', '아니다', '던데']"
qOB5sIujPH8,"['오히려', '게시', '게시']"
qOB5sIujPH8,"['요즘', '저런', '특수', '능력']"
qOB5sIujPH8,"['버츄얼이더', '무한', '확장']"
qOB5sIujPH8,"['생각', '아니다', '이제', '무한', '확장']"
qOB5sIujPH8,"['아니다', '미치다']"
qOB5sIujPH8,"['팬덤', '귀엽다', '죽겠네']"
qOB5sIujPH8,"['예준', '생일']"
qOB5sIujPH8,['이자']
qOB5sIujPH8,"['웃기', '진짜']"
qOB5sIujPH8,['완전하다']
qOB5sIujPH8,['웃기']
qOB5sIujPH8,['있다']
qOB5sIujPH8,['웃곀']
qOB5sIujPH8,['이렇다']
qOB5sIujPH8,"['만원', '내면', '해외여행', '공짜']"
qOB5sIujPH8,['웃기']
qOB5sIujPH8,"['자랑', '있다', '얼마']"
qOB5sIujPH8,['가사도']
qOB5sIujPH8,['아잌']
qOB5sIujPH8,"['초등학생', '끼리', '정수기', '얼음', '느낌', '귀엽다']"
qOB5sIujPH8,"['꼼쭈리악', '귀엽다', '사람', '굳이', '해명', '같다', '억울하다', '이렇다', '하나', '하나', '오히려', '피곤하다', '사람', '많다']"
qOB5sIujPH8,['꼼쭈리']
qOB5sIujPH8,['웃기']
qOB5sIujPH8,"['버츄얼', '웃기']"
qOB5sIujPH8,"['하이픈', '상임']"
qOB5sIujPH8,['진짜']
qOB5sIujPH8,"['따끈따끈', '베이커리', '하늘']"
qOB5sIujPH8,
qOB5sIujPH8,['웃기']
qOB5sIujPH8,"['그거', '있다', '완전하다']"
qOB5sIujPH8,"['어우', '바이럴', '마케팅', '개꿀']"
qOB5sIujPH8,
qOB5sIujPH8,"['버츄', '부자연스럽다', '사람', '자연스럽다']"
qOB5sIujPH8,"['하모니', '있다', '죽지', '소년', '불사조']"
qOB5sIujPH8,['진짜']
qOB5sIujPH8,"['이렇다', '지라', '댓글']"
qOB5sIujPH8,
qOB5sIujPH8,['상상']
qOB5sIujPH8,
qOB5sIujPH8,"['아니다', '빅뱅', '없다']"
qOB5sIujPH8,"['공중부양', '인간', '공중부양', '에스엠', '입사', '사람', '이다']"
qOB5sIujPH8,"['개그맨', '아니다']"
qOB5sIujPH8,
qOB5sIujPH8,"['오빠', '단지', '군대', '가야']"
qOB5sIujPH8,"['빅뱅', '롤러스케이트']"
qOB5sIujPH8,
qOB5sIujPH8,"['투바', '있다']"
qOB5sIujPH8,"['장난', '쉬는시간', '비걸', '화장실', '아니다']"
qOB5sIujPH8,"['고요', '체험']"
qOB5sIujPH8,
qOB5sIujPH8,"['진짜', '보법', '달라']"
qOB5sIujPH8,['좋다']
qOB5sIujPH8,"['만리', '초능력', '신기하다', '능력', '사임', '빙글뱅글', '뮤비']"
qOB5sIujPH8,"['조용하다', '덕질', '만하', '자서', '디스', '생각']"
qOB5sIujPH8,"['제자', '입장', '뭔가', '어이없다']"
qOB5sIujPH8,"['이제', '두꺼비', '펜타킬']"
qOB5sIujPH8,"['보고', '사람', '너희', '오빠', '컴퓨터', '전원']"
qOB5sIujPH8,"['저희', '희다', '순간이동', '가능']"
qOB5sIujPH8,
qOB5sIujPH8,
qOB5sIujPH8,"['버추', '허경영', '했단닼']"
qOB5sIujPH8,['댓글']
qOB5sIujPH8,"['다른', '장르', '진짜', '이해', '이해', '사람', '존중', '끼리', '끼리', '얼마나', '좋다']"
qOB5sIujPH8,"['본체', '캐릭터', '감안', '좋아하다', '캐릭터', '좋아하다', '실제', '아저씨', '거리', '웹툰', '그림', '잘생기다', '잘생기다', '아니다', '있다', '두꺼비', '드립', '재미없다', '아이디어', '오지', '항상', '드립', '똑같다']"
qOB5sIujPH8,"['지겹다', '참신하다', '가지', '오라', '어떻다', '전이', '지금', '드립', '똑같다']"
qOB5sIujPH8,"['아니다', '애초', '없다']"
qOB5sIujPH8,"['취존합니', '솔직하다', '재밌다']"
qOB5sIujPH8,"['아니다', '말투']"
qOB5sIujPH8,['웃기']
qOB5sIujPH8,"['인간', '아니다', '타팬', '조롱', '웃기', '마무리']"
qOB5sIujPH8,"['편집', '일반인', '물어', '어이없다']"
qOB5sIujPH8,"['명도', '아니다']"
qOB5sIujPH8,"['애니', '좋아하다', '씹덕', '많다', '버츄얼', '좋아하다', '씹덕', '많다', '거지', '요즘', '이렇다', '흔하다']"
qOB5sIujPH8,
qOB5sIujPH8,"['여름', '노래', '좋다']"
qOB5sIujPH8,
qOB5sIujPH8,"['버추', '조금', '잘못', '뭔가', '불쾌하다', '골짜기']"
qOB5sIujPH8,
qOB5sIujPH8,"['노아', '진짜', '귀엽다']"
qOB5sIujPH8,['둘이서']
qOB5sIujPH8,
qOB5sIujPH8,"['아니다', '다른', '팬덤']"
qOB5sIujPH8,"['자강', '두천']"
qOB5sIujPH8,"['버추', '기술', '뛰어나다', '사람']"
qOB5sIujPH8,
qOB5sIujPH8,"['노래', '좋다']"
qOB5sIujPH8,"['로켓', '펀쳐', '아마', '제노글로시', '해커', '보유']"
qOB5sIujPH8,"['영상', '이렇다']"
qOB5sIujPH8,"['엑소', '컨셉', '초능력']"
qOB5sIujPH8,['찢었닼']
qOB5sIujPH8,
qOB5sIujPH8,"['진짜', '해안가', '리그']"
qOB5sIujPH8,['있다']
qOB5sIujPH8,['노아']
qOB5sIujPH8,['사랑']
qOB5sIujPH8,
qOB5sIujPH8,"['뮤비', '아니다']"
qOB5sIujPH8,"['두꺼비', '펜타킬']"
qOB5sIujPH8,"['싸움', '다행', '있다', '자세하다', '싸움', '작작']"
qOB5sIujPH8,"['친구', '남돌', '좋아하다', '프레', '이브', '싸움', '친구', '그렇다', '팬싸', '통과', '친구', '좋아하다', '돌이', '자랑']"
qOB5sIujPH8,"['자기', '단군', '할아버지', '아니다', '돌판', '꺼드럭대는', '싫다', '돌판', '설립', '자신', '아니다']"
qOB5sIujPH8,['두꺼비']
qOB5sIujPH8,['인간']
qOB5sIujPH8,"['남자', '버츄얼', '있다']"
qOB5sIujPH8,"['편집', '실력', '인간', '강하']"
qOB5sIujPH8,"['보법', '남다르다']"
qOB5sIujPH8,"['전원', '펜타킬']"
qOB5sIujPH8,"['전기', '코드', '죽음']"
qOB5sIujPH8,"['진짜', '광기', '감성', '부터']"
qOB5sIujPH8,"['원트', '있다']"
qOB5sIujPH8,"['제목', '버츄얼', '감정']"
qOB5sIujPH8,"['꼼쭈리', '아하', '그렇다', '버츄', '버츄얼', '기분', '안좋다', '죄송하다', '아니다', '버츄얼쪽', '음해', '응원']"
qOB5sIujPH8,"['좋아하다', '언니']"
qOB5sIujPH8,['먼저']
qOB5sIujPH8,"['인간', '승리']"
qOB5sIujPH8,['굴굴굴']
qOB5sIujPH8,['유타']
qOB5sIujPH8,"['버츄얼', '인간']"
qOB5sIujPH8,['처음']
qOB5sIujPH8,"['보임', '타팬', '진짜', '무능하다']"
qOB5sIujPH8,"['너희', '이제하', '한국', '년전', '뮤비']"
qOB5sIujPH8,
qOB5sIujPH8,['미치다']
qOB5sIujPH8,['요즘']
qOB5sIujPH8,"['라이브', '얘기', '달라짐']"
qOB5sIujPH8,
qOB5sIujPH8,"['아니다', '재밌다', '실제', '재밌다', '지랄', '임뭐', '대전']"
qOB5sIujPH8,"['솔직하다', '소재', '자체', '버추', '특유', '부드럽다', '삐걱', '모션', '진짜', '무언가', '없다', '행동', '유튜브', '버추', '같다', '스럽다']"
qOB5sIujPH8,"['진짜', '웃기']"
qOB5sIujPH8,"['팬미팅', '제페토', '하나요']"
qOB5sIujPH8,"['버츄얼', '같다']"
qOB5sIujPH8,"['매드', '몬스터', '세상', '있다']"
qOB5sIujPH8,
qOB5sIujPH8,"['버츄얼', '개처']"
qOB5sIujPH8,"['공중부양', '공연']"
qOB5sIujPH8,"['머리색', '비슷하다']"
qOB5sIujPH8,"['로블', '플라이', '같다']"
qOB5sIujPH8,"['댓글', '오빠', '두꺼비']"
qOB5sIujPH8,"['생각', '두꺼비', '마이크', '안해', '콘서트', '중지', '잖앜']"
qOB5sIujPH8,"['세븐', '인간', '엘베', '멤버', '올린다']"
qOB5sIujPH8,"['아니다', '초능력자', '감히']"
qOB5sIujPH8,"['원트', '아니다', '조롱', '타팬']"
qOB5sIujPH8,"['댓글', '두꺼비', '드립', '지겹다']"
qOB5sIujPH8,"['오빠', '이렇다', '좋다']"
qOB5sIujPH8,['가능하다']
qOB5sIujPH8,"['모델링', '어깨', '얼마나', '불쾌하다', '골짜기', '무엇']"
qOB5sIujPH8,"['발로란트', '에이스', '가능하다']"
qOB5sIujPH8,['허경영']
qOB5sIujPH8,"['광야', '안되다']"
qOB5sIujPH8,"['버튼', '하나', '펜타킬']"
qOB5sIujPH8,"['제목', '자체', '어그']"
qOB5sIujPH8,['허경영']
qOB5sIujPH8,"['예의', '사람', '많다']"
qOB5sIujPH8,"['전기', '펜타킬']"
qOB5sIujPH8,"['허경영', '고갈', '비행', '실력']"
qOB5sIujPH8,"['아이언맨', '같다']"
qOB5sIujPH8,"['나유타', '공중부양', '입사']"
qOB5sIujPH8,"['버추', '대단하다', '실수', '공개', '망하다', '아니다']"
qOB5sIujPH8,"['이수만', '뭐랰']"
qOB5sIujPH8,"['아이돌판', '똑같다']"
qOB5sIujPH8,"['트위터', '비정상', '인애', '대부분']"
qOB5sIujPH8,"['제발', '양보']"
qOB5sIujPH8,"['컨셉', '외계인']"
qOB5sIujPH8,
qOB5sIujPH8,['하늘다람쥐']
qOB5sIujPH8,
qOB5sIujPH8,"['비집', '팬타킬']"
qOB5sIujPH8,['인간']
qOB5sIujPH8,"['누군가', '두꺼비']"
qOB5sIujPH8,"['문화', '존중', '노래', '좋아하다', '있다', '사람', '아니다', '버츄얼', '캐릭터', '오빠', '사람인', '덕질']"
qOB5sIujPH8,"['임마', '으잉']"
qOB5sIujPH8,"['오빠', '인터넷', '퇴장', '초컷', '신상']"
qOB5sIujPH8,"['컴터', '전멸']"
qOB5sIujPH8,"['인스타', '댓글', '완전', '딴판']"
qOB5sIujPH8,"['하하', '저희', '있다']"
qOB5sIujPH8,"['육수', '통한']"
qOB5sIujPH8,
qOB5sIujPH8,['티야']
qOB5sIujPH8,"['공중부양', '일가견', '있다', '사람', '있다']"
qOB5sIujPH8,['화이팅']
qOB5sIujPH8,['시티']
qOB5sIujPH8,
qOB5sIujPH8,"['공연', '전기', '건가']"
qOB5sIujPH8,"['이제', '버츄얼']"
qOB5sIujPH8,"['오빠', '이렇다', '하제']"
qOB5sIujPH8,['장기하']
qOB5sIujPH8,"['직접', '가상', '비교']"
qOB5sIujPH8,"['버츄얼', '이해']"
qOB5sIujPH8,['두꺼비']
qOB5sIujPH8,"['두꺼비', '펜타킬']"
qOB5sIujPH8,"['싸이', '무대']"
qOB5sIujPH8,"['아니다', '오빠', '그렇다']"
qOB5sIujPH8,"['이름', '이수만']"
qOB5sIujPH8,"['푸훗', '은애']"
qOB5sIujPH8,
qOB5sIujPH8,"['버츄얼', '갠취', '존중', '개인', '충격']"
qOB5sIujPH8,
qOB5sIujPH8,['저걸']
qOB5sIujPH8,['아이언맨']
qOB5sIujPH8,"['두꺼비', '아니다']"
qOB5sIujPH8,['웃기']
qOB5sIujPH8,"['하늘', '좋다']"
qOB5sIujPH8,"['댓글', '노무현', '대통령']"
qOB5sIujPH8,['실제']
qOB5sIujPH8,['나유타']
qOB5sIujPH8,"['무대', '오토바이', '있다']"
qOB5sIujPH8,['그렇다']
qOB5sIujPH8,['허경영']
qOB5sIujPH8,"['진짜', '근본', '없다']"
qOB5sIujPH8,"['펜타킬', '버츄얼']"
qOB5sIujPH8,"['버츄얼', '더빙', '사람', '궁금']"
qOB5sIujPH8,"['가나', '문제']"
qOB5sIujPH8,"['사람', '사람', '허경영']"
qOB5sIujPH8,"['좋아하다', '석화', '야무지다']"
qOB5sIujPH8,"['많다', '남자']"
qOB5sIujPH8,"['오빠', '높다']"
qOB5sIujPH8,"['차단기', '해체']"
qOB5sIujPH8,
qOB5sIujPH8,"['공항', '가면']"
qOB5sIujPH8,['허경영']
qOB5sIujPH8,"['버츄얼', '직접']"
qOB5sIujPH8,"['치면', '아현']"
qOB5sIujPH8,['해외']
qOB5sIujPH8,"['버츄얼', '유튜버', '방송인', '절임', '이브', '심각하다']"
qOB5sIujPH8,['와이파이']
qOB5sIujPH8,"['케데몬', '화해']"
qOB5sIujPH8,"['허경영', '정리', '가능']"
qOB5sIujPH8,"['아니다', '오빠', '릴댄']"
qOB5sIujPH8,"['그거', '버츄얼', '유튜버']"
qOB5sIujPH8,"['버츄얼', '가수']"
qOB5sIujPH8,"['여름', '여섯', '여름']"
qOB5sIujPH8,"['자기', '좋아하다', '덕질', '조용하다', '굳이', '굳이', '덕질', '그렇다']"
qOB5sIujPH8,"['버츄얼', '세상', '장기', '자랑', '진짜', '장기', '멀다']"
qOB5sIujPH8,['망하다']
qOB5sIujPH8,['감성']
qOB5sIujPH8,['버츄돌']
qOB5sIujPH8,"['회수', '어그', '채널', '주가', '제일', '허구', '사람', '싸움', '이기']"
qOB5sIujPH8,
qOB5sIujPH8,"['공항', '그린스크린']"
qOB5sIujPH8,"['요즘', '그게', '리얼리티']"
qOB5sIujPH8,"['오빠', '정전', '콘서트', '중단']"
qOB5sIujPH8,"['오빠', '실제']"
qOB5sIujPH8,['허경영']
qOB5sIujPH8,"['두꺼비', '린다']"
qOB5sIujPH8,"['사이', '허경영']"
qOB5sIujPH8,"['나중', '시리', '빅스', '둘이서', '하겠넼', '나라']"
qOB5sIujPH8,"['저희', '진짜', '엔씨', '편집']"
qOB5sIujPH8,['하이템플러']
qOB5sIujPH8,"['용이', '필요없다']"
qOB5sIujPH8,"['제라스', '마냥', '댕기']"
qOB5sIujPH8,"['오빠', '팬미팅', '악수', '하제']"
qOB5sIujPH8,"['하부', '자극']"
qOB5sIujPH8,"['욕처', '있넼존중']"
qOB5sIujPH8,"['엑소', '아니다', '순간이동', '화염', '초능력', '이렇다', '이제', '공중부양', '무슨', '재미']"
qOB5sIujPH8,
qOB5sIujPH8,
qOB5sIujPH8,"['정전', '활동', '불가', '똑같다']"
qOB5sIujPH8,['그렇다']
qOB5sIujPH8,"['오빠', '음주', '강간', '해도']"
qOB5sIujPH8,"['무조건', '버츄얼']"
qOB5sIujPH8,"['버츄얼', '넌무', '좋다']"
qOB5sIujPH8,['엑소']
qOB5sIujPH8,
qOB5sIujPH8,"['일단', '디스', '플리쉑', '사람', '사람', '사람', '사람', '의심']"
qOB5sIujPH8,"['죄송하다', '디스', '아니다', '타팬', '이다', '다른', '아니다']"
qOB5sIujPH8,['범규']
qOB5sIujPH8,
qOB5sIujPH8,"['현실', '진짜']"
qOB5sIujPH8,['오빠']
qOB5sIujPH8,['오빠']
qOB5sIujPH8,"['대신', '너희', '전시', '사생팬', '스토커', '아니다', '이상', '인터넷', '없다', '오빠', '봄쿠', '그렇다', '걱정', '없다', '직접', '전기', '생산']"
qOB5sIujPH8,"['버츄', '공항', '어떻다']"
qOB5sIujPH8,
qOB5sIujPH8,"['클로브', '아니다']"
qOB5sIujPH8,['음방']
qOB5sIujPH8,
qOB5sIujPH8,"['안해', '같다']"
qOB5sIujPH8,"['버츄얼', '비현실적', '무슨', '게임', '아바타']"
qOB5sIujPH8,['기괴하다']
qOB5sIujPH8,['허경영']
qOB5sIujPH8,['세븐']
qOB5sIujPH8,"['두껍다', '이집', '죽지']"
qOB5sIujPH8,"['덕후', '사람', '버츄', '좋아하다', '애니', '만화', '좋아하다', '덕후', '다르다']"
qOB5sIujPH8,"['따따', '마우스']"
qOB5sIujPH8,['허경영']
qOB5sIujPH8,"['진짜', '이해', '안되다', '서로', '좋아하다', '서로', '거임', '진짜', '모름']"
qOB5sIujPH8,"['시비', '거지']"
qOB5sIujPH8,"['아니다', '정병']"
qOB5sIujPH8,"['마이콜', '사생팬', '진실', '조롱', '타팬', '정병', '트윗', '티팬', '반응']"
qOB5sIujPH8,"['성이름', '아니다', '애초', '그게', '거쟌씀']"
qOB5sIujPH8,"['누군가', '서로', '좋아하다', '정병', '어그', '때문', '저기', '일방', '날조', '영상', '때문', '악플', '아니다', '날조', '일방', '한쪽', '서로', '좋아하다', '서로']"
qOB5sIujPH8,"['노래', '좋다', '같다', '버츄얼', '상관', '없다', '비율', '비호', '감임', '어깨', '태평양']"
qOB5sIujPH8,"['오빠', '높이']"
qOB5sIujPH8,"['오빠', '인정']"
qOB5sIujPH8,"['오빠', '인천공항', '출국']"
qOB5sIujPH8,['기괴하다']
qOB5sIujPH8,"['허경영', '공중부양', '티어']"
qOB5sIujPH8,"['버튜어', '어색하다']"
qOB5sIujPH8,"['두꺼비', '저쪽', '콘서트', '유튜브', '똥글', '빡통임']"
qOB5sIujPH8,"['콘서트', '존재', '아니다']"
qOB5sIujPH8,"['다른', '무대']"
qOB5sIujPH8,"['아니다', '핀트', '귀엽다', '김민서']"
qOB5sIujPH8,"['잘못봣', '두꺼비', '거만', '머쓱이긔']"
qOB5sIujPH8,"['사마', '하늘', '지금', '사자']"
qOB5sIujPH8,['좋아하다']
qOB5sIujPH8,"['궁금하다', '버추', '연예인', '오디션', '어떻다']"
qOB5sIujPH8,"['지인', '추천', '딩고', '킬링', '보이스', '만큼', '실력', '좋다', '궁금하다', '만우절', '플브', '오디션', '연습생', '시절', '데뷔']"
qOB5sIujPH8,"['두꺼비', '팬타킬']"
qOB5sIujPH8,"['개월', '새롭다', '아이디어']"
qOB5sIujPH8,"['버츄얼뒤', '좋아하다', '아니다', '궁금하다']"
qOB5sIujPH8,"['아니다', '타격', '없다', '사람', '상상', '자유']"
qOB5sIujPH8,"['오빠', '실제', '보고', '잡지', '길거리', '보지', '오빠', '가능하다']"
qOB5sIujPH8,['축하']
qOB5sIujPH8,['허경영']
qOB5sIujPH8,"['솔직하다', '버츄얼', '아니다']"
qOB5sIujPH8,"['그렇다', '순간이동', '계단', '기도']"
qOB5sIujPH8,"['현실', '가능하다']"
qOB5sIujPH8,"['활동', '인기']"
qOB5sIujPH8,"['다음', '두꺼비', '펜타킬']"
qOB5sIujPH8,['아이언맨']
qOB5sIujPH8,"['윈터', '원심', '분리']"
qOB5sIujPH8,"['진짜', '버튜버', '좋아하다']"
qOB5sIujPH8,"['개인', '생각', '보고', '덕질']"
qOB5sIujPH8,['그림']
qOB5sIujPH8,['레이디가가']
qOB5sIujPH8,"['진짜', '버츄얼', '앨범', '사고', '그렇다', '있다']"
qOB5sIujPH8,"['오빠', '잡지', '원조', '번개', '불뿜', '회사', '공중부양']"
qOB5sIujPH8,"['이유', '있다']"
qOB5sIujPH8,"['공식', '연습생', '과정', '관리', '노래', '당연하다', '작사', '작곡', '아니다', '비슷하다', '응원', '있다', '노래', '좋다']"
qOB5sIujPH8,"['좋아하다', '사람']"
qOB5sIujPH8,"['아니다', '솔직', '버추', '좋아하다']"
qOB5sIujPH8,"['버츄얼', '알빠', '아니다', '자꾸', '판이', '불편하다', '사람', '많다', '사람', '가상', '인물']"
qOB5sIujPH8,['팬사인회']
qOB5sIujPH8,"['영통', '팬싸']"
qOB5sIujPH8,"['진짜', '와이파이', '왜봄']"
qOB5sIujPH8,['사람인']
qOB5sIujPH8,
qOB5sIujPH8,"['버추', '다른', '사람', '일반']"
qOB5sIujPH8,"['버츄얼', '자체']"
qOB5sIujPH8,"['일반', '그렇다', '거임', '저걸', '어떻다']"
qOB5sIujPH8,"['에미넴', '형님', '랩갓', '한번']"
qOB5sIujPH8,"['버츄얼', '진짜', '필터', '저딴', '소리']"
qOB5sIujPH8,['어차피']
qOB5sIujPH8,"['이질', '게임', '오류', '마냥', '진짜', '괴리감']"
qOB5sIujPH8,"['와이어', '있다', '가능']"
qOB5sIujPH8,"['저런', '버추', '진짜', '좋아하다']"
qOB5sIujPH8,"['자기', '취향', '저걸', '비정상']"
qOB5sIujPH8,"['좋아하다', '취향', '요구', '비정상']"
qOB5sIujPH8,"['허공', '답보', '난리']"
qOB5sIujPH8,['직접']
qOB5sIujPH8,"['거찍', '스태프', '전부', '직접', '노래', '토크', '연기', '무대', '뮤직비디오', '예능', '대역', '본인', '직접', '앨범', '노래', '작곡', '안무', '프로', '듀싱', '직접', '대역', '없다', '때문']"
qOB5sIujPH8,"['오빠', '전광판']"
qOB5sIujPH8,
qOB5sIujPH8,"['버츄얼', '역시']"
qOB5sIujPH8,"['영상', '기계', '맴버', '모션', '사장', '논란', '자동사', '중인']"
qOB5sIujPH8,"['저희', '마법', '있다']"
qOB5sIujPH8,['그렇다']
qOB5sIujPH8,['전선']
qOB5sIujPH8,"['어우', '솔직하다', '버츄얼', '아바타', '단위', '이상', '좋다', '현실', '퀄리티', '좋다', '버츄얼', '좋아하다', '퀄리티', '현실', '좋다', '이쁘다', '좋아하다', '개인', '이브', '아바타']"
qOB5sIujPH8,
qOB5sIujPH8,"['그거', '장비', '가격']"
qOB5sIujPH8,"['버추', '시그마', '같다']"
qOB5sIujPH8,"['하자', '편하다', '진짜', '별로', '엇슴']"
qOB5sIujPH8,"['제발', '저런', '가짜', '인간', '좋아하다']"
qOB5sIujPH8,"['페이커', '가능하다']"
qOB5sIujPH8,['페이커']
qOB5sIujPH8,"['아뇨', '엑소', '초능력', '있다']"
qOB5sIujPH8,"['저희', '멤버', '에리', '있다']"
qOB5sIujPH8,"['오빠', '팬미팅', '하제']"
qOB5sIujPH8,"['팬미팅', '가능하다']"
qOB5sIujPH8,"['달달', '어떻다']"
qOB5sIujPH8,"['버츄얼', '같다']"
qOB5sIujPH8,"['버츄얼', '좋아하다', '취향', '차이', '아니다', '현실', '다르다', '확실하다', '구분', '시상식', '같다', '버츄얼', '무조건', '직접', '무대', '외모', '관리', '춤선', '퍼포먼스', '직접', '노력', '버츄얼', '아니다', '구분', '진짜']"
qOB5sIujPH8,['유치하다']
qOB5sIujPH8,
qOB5sIujPH8,
qOB5sIujPH8,"['해킹', '어떻다']"
qOB5sIujPH8,"['인식', '전체', '인식', '해킹', '캐릭터', '없다', '버튜버', '아니다', '어떻다']"
qOB5sIujPH8,"['버추', '그만하다', '이유', '있다', '온갖', '고난', '역경', '노력', '데뷔', '보기', '싫다']"
qOB5sIujPH8,['음지']
qOB5sIujPH8,"['초능력자', '엑소', '있다']"
qOB5sIujPH8,"['솔직하다', '싫다', '거부']"
qOB5sIujPH8,
qOB5sIujPH8,"['해외', '공연']"
qOB5sIujPH8,"['광신도', '던데']"
qOB5sIujPH8,"['각자', '취향', '존중', '오빠', '있다']"
qOB5sIujPH8,"['버츄얼', '같다']"
qOB5sIujPH8,
qOB5sIujPH8,"['그림', '쪼가리', '이름', '있다', '이름', '한번', '고작', '악수', '팬미팅', '버튜', '버파', '천원', '이름']"
qOB5sIujPH8,['정전']
qOB5sIujPH8,"['진심', '버츄얼', '좋아하다', '이해', '콘서트', '진짜', '정신병', '같다', '만원', '전광판', '보고', '있다']"
qOB5sIujPH8,"['두꺼비', '정신차리다']"
qOB5sIujPH8,"['진짜', '궁금하다', '좋다']"
qOB5sIujPH8,"['아트', '구독', '궁금하다', '핑계']"
qOB5sIujPH8,"['플빠', '궁금하다', '안되다', '이쁘다', '꼬우', '채널', '좋아하다']"
qOB5sIujPH8,"['여러분', '이제', '유명하다', '빌보드', '무대', '음중', '위도', '차지', '유명하다', '버추', '이유', '무시', '맙시']"
qOB5sIujPH8,"['문화', '배척', '병인양요']"
qOB5sIujPH8,"['버돌', '안보', '안되다']"
qOB5sIujPH8,"['마음', '인하다', '신미양요', '건가']"
qOB5sIujPH8,"['아이언', '아니다']"
qOB5sIujPH8,['아니다']
qOB5sIujPH8,['부정']
qOB5sIujPH8,['본체']
qOB5sIujPH8,"['진짜', '디스', '영상', '어이없다']"
qOB5sIujPH8,"['문제', '방만', '머시', '마마도', '지용', '하나', '마마', '버츄얼따위']"
qOB5sIujPH8,"['있다', '극성', '팬덤']"
qOB5sIujPH8,"['김민석', '아니다']"
qOB5sIujPH8,"['김민석', '빂인뎅']"
qOB5sIujPH8,"['오빠', '두꺼비']"
qOB5sIujPH8,['다시']
qOB5sIujPH8,"['오빠', '두꺼비', '셋팅', '최소']"
qOB5sIujPH8,"['카메라', '세팅', '다시', '방송국', '요즘', '전기', '비싸다', '그렇다']"
qOB5sIujPH8,"['개인', '버츄얼', '취향', '아니다', '같다']"
qOB5sIujPH8,"['제발', '어떻다', '덕분', '다른', '먹던뎈']"
qOB5sIujPH8,"['타팬', '인척', '어그', '팬코']"
qOB5sIujPH8,"['진지', '많다']"
qOB5sIujPH8,
qOB5sIujPH8,"['플러그', '아니다']"
qOB5sIujPH8,"['원래', '초능력', '컨셉', '스엠', '엑소', '조거', '어디', '한참', '후배', '끼리']"
qOB5sIujPH8,['어쩌란거']
qOB5sIujPH8,
qOB5sIujPH8,"['두꺼비', '소리']"
qOB5sIujPH8,"['저희', '응원봉', '응원봉']"
qOB5sIujPH8,"['버츄얼', '정뚝', '떨이', '진짜', '적당하다']"
qOB5sIujPH8,"['너넨', '공연', '핸드폰', '화면', '아니다']"
qOB5sIujPH8,"['플브', '싫다']"
qOB5sIujPH8,"['반갑다', '개월', '지금', '플브', '영상', '꾸준하다', '알고리즘', '망하다', '축하']"
qOB5sIujPH8,"['버츄얼', '사상', '강제', '주입', '싸가지', '없다', '반감']"
qOB5sIujPH8,"['그렇다', '홍보', '영상', '차단', '광고', '추천', '무시', '하나', '관심']"
qOB5sIujPH8,"['무조건', '인정', '아니다', '지금', '비호감', '같다']"
qOB5sIujPH8,"['화가', '하노', '강제', '사상', '주입', '적도', '없다', '혼자', '화남']"
qOB5sIujPH8,"['다른', '착하다', '싸가지', '없다', '있다', '똑같다', '일부', '보고', '기분', '나쁘다', '셧음합']"
qOB5sIujPH8,"['버츄얼', '좋아하다', '관상']"
qOB5sIujPH8,"['뇌절', '그렇다', '유행', '해도', '이상하다']"
qOB5sIujPH8,"['한번', '한번']"
qOB5sIujPH8,['지고']
qOB5sIujPH8,"['사이버', '현실']"
qOB5sIujPH8,"['아니다', '버츄얼', '아바타', '대단하다', '아바타', '비교']"
qOB5sIujPH8,['아니다']
qOB5sIujPH8,
qOB5sIujPH8,"['오빠', '마르다', '진짜', '좋아하다', '아티스트', '안달']"
qOB5sIujPH8,"['노래', '인간']"
qOB5sIujPH8,"['진짜', '생각', '없다', '작년', '부터', '지랄', '많다', '보기', '싫다']"
qOB5sIujPH8,"['호감', '없다', '가든', '이상하다', '사람', '많다', '비호감', '많다']"
Yg_AOZjHt3M,"['버츄얼', '외모', '편견', '장본인']"
Yg_AOZjHt3M,
Yg_AOZjHt3M,"['살집', '있다', '그렇다', '이목구비', '아니다']"
Yg_AOZjHt3M,"['잘생기다', '부신', '정도', '아니다', '살빼다', '멤버', '존잘', '소리', '때문', '다수', '외모', '편견', '대성', '진짜', '일말', '발전', '가능성', '없다', '일반인', '외모']"
Yg_AOZjHt3M,"['대성', '실력', '노래', '오지', '기저']"
Yg_AOZjHt3M,"['다이어트', '잘생기다', '워낙', '좋아하다', '춤선']"
Yg_AOZjHt3M,"['그게', '무슨']"
Yg_AOZjHt3M,"['나은', '퍼포먼스', '빵임']"
Yg_AOZjHt3M,"['덥다', '춤선']"
Yg_AOZjHt3M,"['나은', '거울', '보고', '똑같다', '질문']"
Yg_AOZjHt3M,"['나은', '생각', '살이', '있다', '춤선', '느낌', '다른', '좋다']"
Yg_AOZjHt3M,"['나은', '신아']"
Yg_AOZjHt3M,"['몰입', '차이', '생각', '축구', '보고', '놀이', '열광하다', '게임', '보고', '데이터', '쪼가리', '보고', '예쁘다', '버튜버', '보고', '영역', '몰입', '힘들다', '차이', '뿐이다', '물리', '현실', '몰입', '그렇다', '기준', '사람', '다르다', '본인', '직접', '물질', '이득', '행위', '사람', '몰입', '기준', '엄격하다', '해도', '좋다', '물질', '몰입', '사람', '몰입', '기준', '낮다', '먹방', '해도', '사람', '있다', '눈앞', '음식', '있다', '거마', '미치다', '사람', '있다', '거지']"
Yg_AOZjHt3M,"['좋아하다', '사람', '취향', '수준', '인하다', '편견', '본인', '현실', '버튜버', '좋아하다', '광고', '사람', '거의', '없다', '축구', '헬스', '많다']"
Yg_AOZjHt3M,"['노상철', '취향', '수준', '연결', '아니다', '취향', '인하다', '선입견', '있다', '그것', '수준', '판단', '같다']"
Yg_AOZjHt3M,"['노상철', '좋아하다', '굳이', '광고', '이유', '있다', '당신', '편견', '사람', '때문', '사람', '있다']"
Yg_AOZjHt3M,"['노상철', '감사', '아니다', '감수', '다른', '사람', '취향', '수준', '연결', '생각', '기본', '단어', '선택', '본인', '수준']"
Yg_AOZjHt3M,"['처음', '슈퍼주니어', '있다', '무슨', '가수', '이름', '아니다', '편견', '시선', '많다', '다른', '사회', '변화', '용하다']"
Yg_AOZjHt3M,"['지금', '프로게이머', '직업', '사람', '없다', '십년', '임요환', '프로게이머', '직업', '시작', '무렵', '연봉', '게임', '멀다', '같다', '소리', '공중파', '엠씨', '질문', '랍시고', '시절', '게임', '중독', '게임', '그게', '직업', '같다', '소리', '있다', '지금', '페이커', '한국인', '없다', '정도', '유명하다', '오히려', '해외', '많다', '버츄얼', '지금', '임요환', '같다', '시점', '거임', '그게', '무슨', '활동', '어떻다', '가상', '보고', '잘생기다', '좋아하다', '이해', '간다', '미치다', '같다', '그렇다', '소리', '거임', '음지', '문화', '가깝다', '가상', '대한', '수요', '공급', '꾸준하다', '저변', '있다', '중임', '게임', '해도', '시대', '버츄얼', '없다', '수요', '있다', '공급', '존재', '것임']"
Yg_AOZjHt3M,"['애초', '음지', '문화']"
Yg_AOZjHt3M,"['만해', '무슨', '가수', '나소', '가수', '인간', '갑자기', '블랙', '핑크', '등등', '해외', '성화', '찬양', '나소', '버추', '인기', '있다', '음원', '가수', '아니다', '기준']"
Yg_AOZjHt3M,"['최초', '버츄얼', '아담', '있다', '있다', '아담']"
Yg_AOZjHt3M,"['사람', '지금', '버추', '가수', '취급', '성역', '주도', '아이러니', '팬덤', '가수', '기원', '버추', '취급']"
Yg_AOZjHt3M,['핑클']
Yg_AOZjHt3M,"['우상', '아니다', '누군가', '우상']"
Yg_AOZjHt3M,"['계속', '자리', '입덕']"
Yg_AOZjHt3M,"['존중', '차별', '안되다']"
Yg_AOZjHt3M,['존중']
Yg_AOZjHt3M,"['비망록', '무슨', '민지', '존중']"
Yg_AOZjHt3M,"['사생활', '존중', '스포트라이트']"
Yg_AOZjHt3M,"['비망록', '한마디', '유유', '유융', '신임']"
Yg_AOZjHt3M,"['죠죠', '부들부들']"
Yg_AOZjHt3M,"['좋아하다', '사람', '계속', '좋아하다', '마음', '사람', '무시', '버츄얼', '이해', '좋아하다', '있다', '아니다', '좋아하다', '피해', '아니다', '런가', '거지']"
Yg_AOZjHt3M,['공감']
Yg_AOZjHt3M,['문제']
Yg_AOZjHt3M,"['극성팬', '같다', '팬덤', '싫어하다', '팬덤', '예민하다', '없다', '쌍욕', '저주', '대니', '무시', '무시', '수가', '없다', '좋아하다', '정신', '두꺼비', '따위', '사람', '있다', '뻔하다', '무슨', '온갖']"
Yg_AOZjHt3M,"['솔직하다', '버추', '일반', '차이', '없다', '고치', '성형', '그렇다', '환상', '성적', '매력']"
Yg_AOZjHt3M,"['버추', '기타', '다른', '여럿', '좋아하다', '잡덕', '극성팬', '잼민', '아줌마', '모든', '팬덤', '존재']"
Yg_AOZjHt3M,"['우상', '다시', '많다', '사람', '로부터', '숭배', '사랑', '존재', '이기', '때문', '버추']"
Yg_AOZjHt3M,"['좋아하다', '이해', '현실', '화가', '안되다', '많다', '질감', '대한', '호불호', '없다']"
Yg_AOZjHt3M,"['호불호', '수준', '아니다', '인스타', '틱톡', '진심', '악의', '가득하다']"
Yg_AOZjHt3M,"['지금', '버추', '대부분', '처음', '불호', '지금', '초반', '인상', '채널', '추천', '안함', '여러', '당연하다', '불호', '영상', '조롱', '한마디', '사람', '많다', '인스타', '그렇다', '버추', '아니다', '사람', '재단', '좋아하다']"
Yg_AOZjHt3M,"['버츄얼전', '이렇다', '포지션', '게임', '애니', '이렇다', '당시', '애니', '좋아하다', '오타쿠', '지금', '오타쿠', '씹덕', '이렇다', '가볍다', '아니다', '진짜', '회부', '적응', '느낌', '있다', '어떻다', '많다', '사람', '게임', '애니', '저런', '단어', '가볍다', '된거', '버튜버들', '시간']"
Yg_AOZjHt3M,"['역시', '진정하다', '멋지다']"
Yg_AOZjHt3M,"['시원', '발언']"
Yg_AOZjHt3M,"['관점', '사람', '아니다', '캐릭터', '버츄얼', '시장', '재밌다', '소임', '처음', '진짜', '저런', '좋다', '씝덕', '같다', '도대체', '좋다', '좋다', '이유', '없다', '이렇다', '생각', '단순하다', '생각', '애니', '캐릭터', '좋다', '처럼', '대화', '애니', '캐릭터', '생각', '재밌다', '버튜버', '쿵스건', '존예', '중요하다']"
Yg_AOZjHt3M,"['시대', '수요', '직업', '인기', '증명', '인정']"
Yg_AOZjHt3M,"['한창', '이미지', '가장', '다르다', '사람']"
Yg_AOZjHt3M,"['만해', '소리', '개무시', '지금', '배우', '무시', '어디', '서든', '무시', '간단하다', '모름', '무언가', '무시', '반드시', '어디', '차별', '무시', '당하다', '있다', '기억', '세대', '덕질', '햇었', '지쨔', '그때', '생각', '그때', '독기', '아니다']"
Yg_AOZjHt3M,"['그렇다', '아니다', '음악', '아티스트', '전체', '아니다', '현대', '어떻다']"
Yg_AOZjHt3M,"['수요', '있다', '공급', '있다']"
Yg_AOZjHt3M,"['엄연하다', '공급', '먼저', '수요', '발생', '된거']"
Yg_AOZjHt3M,"['씹덕', '수요', '있다']"
Yg_AOZjHt3M,"['마주', '보고', '있다', '입장']"
Yg_AOZjHt3M,"['지랄', '없다']"
Yg_AOZjHt3M,"['아디', '마주']"
Yg_AOZjHt3M,"['어디', '공연']"
Yg_AOZjHt3M,
Yg_AOZjHt3M,"['다른', '분야', '정석', '안되다', '같다']"
Yg_AOZjHt3M,"['이해', '어렵다', '인기', '증명']"
Yg_AOZjHt3M,"['요즘', '이북', '오디오북', '독서', '있다', '아니다', '논란', '있다', '버츄얼', '비슷하다', '느낌', '같다', '이북', '오디오북', '종이', '내용물', '같다', '누군가', '실물', '정의', '누군가', '내용물', '같다', '또한', '시대', '이북', '오디오북', '또한', '정의', '시대', '생각']"
Yg_AOZjHt3M,"['마인드', '멋지다']"
Yg_AOZjHt3M,"['버츄얼', '관심', '없다', '상품', '문제', '사장', '당하다', '그렇다', '인정']"
Yg_AOZjHt3M,"['상품', '있다', '인정', '기존', '같다', '선상', '취급', '인정']"
Yg_AOZjHt3M,"['쬬쬬쬬', '같다', '선상', '취급', '무슨', '취급']"
Yg_AOZjHt3M,"['쬬쬬쬬', '기존', '버츄얼', '다르다', '노래', '어차피', '가치', '상품', '아니다', '실력', '노력', '필요', '얼마나', '많다', '수요', '경제', '이익', '상품']"
Yg_AOZjHt3M,"['쬬쬬쬬', '기존', '기준', '자체', '없다']"
Yg_AOZjHt3M,"['쬬쬬쬬', '어차피', '이유', '하나로', '그렇다', '아니다', '반대', '있다', '노래', '재능', '있다', '사람', '단순하다', '외모', '이유', '자신', '원하다', '그거', '대해', '어떻다', '생각', '개인', '없다', '하나', '강요', '인정', '웃기', '감수', '대단하다', '굳이', '필요', '없다', '리스크', '필요', '있다', '건가']"
Yg_AOZjHt3M,"['좋아하다', '사람', '다르다']"
Yg_AOZjHt3M,"['검색', '사이버', '가수', '아담', '버츄얼', '있다', '아니다']"
Yg_AOZjHt3M,"['모든', '엔터테인먼트', '수요', '진리', '수요', '없다', '투자가', '없다', '망하다', '정석', '뭐니', '중요하다', '아니다', '인기', '있다', '없다', '중요하다']"
Yg_AOZjHt3M,"['하나', '꼬투리', '꼰대', '같다', '없다', '애초', '기준', '좋아하다', '있다', '실력', '출중하다', '가수']"
Yg_AOZjHt3M,
Yg_AOZjHt3M,"['실력', '출중하다']"
Yg_AOZjHt3M,"['팩트', '폭행', '전치']"
Yg_AOZjHt3M,"['팬덤', '수준', '이상']"
Yg_AOZjHt3M,"['불호', '있다', '있다', '버츄얼', '그렇다', '생각', '있다', '사실', '압니', '무지', '사람', '많다', '슬프다', '이다', '정말', '좋아하다', '과연', '그렇다', '있다', '생각', '듭니', '무조건', '이렇다', '박아', '태도', '비단', '이렇다', '상황', '아니다', '있다', '장애물', '작용', '수도', '있다', '사실', '특성', '악플', '달리', '좋다', '시선', '있다', '조금', '생각', '수도', '있다', '시원하다', '상이']"
Yg_AOZjHt3M,
Yg_AOZjHt3M,"['어원', '자체', '우상', '건데', '가수', '로서', '능력', '이쁘다', '잘생기다', '착각', '사람', '있다']"
Yg_AOZjHt3M,"['한국', '그렇다', '외국', '우상', '한국', '일본', '서양인', '생가', '다른', '이유', '문화', '차이', '서양', '한국', '없다', '소녀', '환상', '자기', '자신', '남자친구', '처럼', '단어', '자체']"
Yg_AOZjHt3M,"['버츄얼', '체급', '이렇다', '높다', '매니아', '저격', '생각', '좋아하다', '사람', '많다']"
Yg_AOZjHt3M,"['그게', '매니아', '층임']"
Yg_AOZjHt3M,"['쬬쬬쬬', '그렇다', '요즘', '문화']"
Yg_AOZjHt3M,"['매니아', '저격', '아니다']"
Yg_AOZjHt3M,"['이상하다', '예쁘다', '잘생기다', '연예인', '알고리즘', '가끔', '버츄얼', '캐릭터', '인기', '많다', '재밌다', '접근', '어려움']"
Yg_AOZjHt3M,"['대신', '거기', '끼리끼리']"
Yg_AOZjHt3M,"['거부', '상관없다', '좋아하다', '굳이', '참견', '필욘없']"
Yg_AOZjHt3M,"['이쁘다', '아니다', '애초', '연예인', '사람', '홀릴수있는', '매력', '있다', '없다', '매력', '다른', '사람', '소비', '안되다']"
Yg_AOZjHt3M,"['보통', '저런', '사람', '대부분', '꼰대', '특성', '지니', '있다', '기존', '체제', '포멧', '아니다', '거부', '발전', '없다', '사람', '정상', '범주', '사람', '라면', '일단', '관찰', '먼저', '분석', '그게', '아니다', '라며', '존재', '부정']"
Yg_AOZjHt3M,
Yg_AOZjHt3M,['안보']
Yg_AOZjHt3M,"['오늘', '교훈', '인기', '정석']"
Yg_AOZjHt3M,"['싫다', '이해', '다르다', '인정', '존중', '정상', '그게', '미치다', '아니다', '그게', '비난', '비정상', '존중', '취향', '다르다', '인정', '정상', '이해', '얼마나', '좋다', '오픈', '마인드', '이해', '강요', '비정상']"
Yg_AOZjHt3M,"['처음', '무슨', '가수', '시작', '가수', '예술가', '아니다', '천하다', '직업', '모든', '분야', '처음', '비판', '나중', '새롭다', '분야', '대한', '비교', '대상', '같다']"
Yg_AOZjHt3M,"['지금', '다르다', '없다']"
Yg_AOZjHt3M,['응원']
Yg_AOZjHt3M,"['취향', '존중', '본능', '거부']"
Yg_AOZjHt3M,"['그렇다', '처음', '시작']"
Yg_AOZjHt3M,"['거부', '관심', '없다', '흥미', '생기']"
Yg_AOZjHt3M,"['모든', '분야', '피해', '안주', '이해', '굳이']"
Yg_AOZjHt3M,"['경찰', '견찰', '이유', '머임', '외모', '별로', '똑바로', '경우', '가수', '마찬가지', '직업', '역량', '있다', '가수', '가끔', '노래', '노래', '간단', '버츄얼', '노래', '반대', '노래', '그렇다', '인정', '가수', '소리']"
Yg_AOZjHt3M,"['원래', '대다수', '차지', '일인', '외모', '관리', '사생활', '관리', '아예', '안해', '똑같다', '취급', '원하다', '저능', '경계']"
Yg_AOZjHt3M,"['노래', '먹음', '장원영', '코첼라', '세라핌', '전원']"
Yg_AOZjHt3M,"['외모', '관리', '실력', '관리', '차라리', '실력', '관리', '사생활', '관리', '사생활', '관리', '얘기', '실시간', '방송', '채팅', '영상', '댓글', '우수수', '관리', '인정', '배척', '달라', '그게', '어렵다', '재능', '있다', '아니다']"
Yg_AOZjHt3M,"['말투', '수준', '버츄', '다르다', '없다', '우월하다', '생각', '비교', '능력', '버츄', '사람', '우월하다', '있다', '그렇다', '외모', '뛰어나다', '시대', '사고', '인신공격', '이나', '장애인', '진짜', '역겹다']"
Yg_AOZjHt3M,"['버츄얼', '사생활', '주목']"
Yg_AOZjHt3M,"['이상', '아니다', '사건', '공인', '공인', '공적', '사람', '공인', '관심', '이상', '이하', '아니다', '인기', '척도']"
Yg_AOZjHt3M,"['동희', '진차', '한번', '사랑']"
Yg_AOZjHt3M,"['애초', '버츄얼', '캐릭', '있다', '이렇다', '마인드', '음지', '본질', '노래', '소통', '교류', '똑같다', '마크', '유튜버', '보기', '성우', '좋아하다', '그렇다', '사람', '장벽', '높다', '생각', '익숙하다', '사람', '많다', '자기', '관리', '외모', '디폴트', '사람', '자기', '관리', '안해', '그렇다']"
Yg_AOZjHt3M,"['보기', '싫다', '안보', '굳이']"
Yg_AOZjHt3M,"['현역', '베테', '이기', '있다']"
Yg_AOZjHt3M,"['기존', '완전하다', '다르다', '버츄얼', '개인', '방송', '소통', '메인', '기존', '노래', '뮤비', '연예계', '메인', '기존', '버츄얼', '완전하다', '다르다', '구분']"
Yg_AOZjHt3M,"['완전하다', '다르다', '있다', '버츄얼', '노래', '가수', '수준', '사람', '있다', '주력', '사람', '많다', '이제', '그렇다', '구분', '무의미하다', '자체', '우상', '버츄얼', '누군가', '선망', '대상', '목표', '더욱', '경계', '모호하다']"
Yg_AOZjHt3M,"['메인', '활동', '메인', '실력', '아니다', '같다']"
Yg_AOZjHt3M,"['공감', '활동', '영역', '다르다', '이미지', '다르다', '현실', '현실', '버츄', '버츄', '어떻다', '사람', '낯설다', '있다', '혐오', '거나', '리지', '좋다', '소중하다', '연예인']"
Yg_AOZjHt3M,"['기준', '일본', '돌이', '먼저', '소통', '위주', '버츄얼', '원시', '적임', '아이', '도루', '선배', '독특하다', '이제', '전부', '원시', '됫음', '소통', '변하다', '앨범', '사서']"
Yg_AOZjHt3M,"['방송인', '가깝다']"
Yg_AOZjHt3M,['미치다']
Yg_AOZjHt3M,"['일반', '라이브', '외모', '안되다', '버츄얼', '실력', '최상', '괜찮다', '버츄얼', '이렇다', '같다', '소리', '반대', '사람', '자기', '노력', '결과물', '부정', '기분', '나쁘다', '그렇다', '거임', '어떻다', '라이브', '무대', '버츄얼', '직접', '그렇다', '솔직하다', '요즘', '음방', '립싱크', '라이브', '필수', '무대', '아니다', '립싱크', '얼마나', '실패하다', '인생', '생각', '생각', '짐승', '마냥', '무지', '당연하다', '익숙', '호불호', '있다', '관심', '없다', '굳이', '댓글', '더럽다', '억지로', '보라', '강요', '굳이', '재생', '보고', '굳이', '아무', '도대체', '그렇다', '악플', '친구', '논리', '버츄얼', '데뷔', '성공', '있다', '노래', '안무', '직접', '되겠냨', '소리', '짐승', '마냥', '무지', '머리', '있다', '다시', '같다', '사회', '도움', '안되다', '굳이', '있다']"
Yg_AOZjHt3M,['멋지다']
Yg_AOZjHt3M,"['호불호', '있다', '이해', '이해', '안되다', '이유', '아니다', '같다']"
Yg_AOZjHt3M,"['버추', '박수']"
Yg_AOZjHt3M,"['사회', '도덕', '기준']"
Yg_AOZjHt3M,"['정석', '누군가', '개척', '길이', '시선', '안좋다', '꼰대', '새롭다', '시도', '사람', '관례', '관습', '과거', '훈수']"
Yg_AOZjHt3M,"['인기', '많다', '이유', '있겄', '정신건강', '좋다', '그게', '존중', '방법', '굳이', '취향', '이해', '어차피', '직접', '좋아하다', '보지', '이해', '본인']"
Yg_AOZjHt3M,"['자기', '아니다', '생각', '아니다', '직성', '인간', '많다', '그렇다', '본인', '시대', '흐름', '사람인', '같잖다', '단순', '호불호', '제일', '뿐이다']"
Yg_AOZjHt3M,['멋있다']
Yg_AOZjHt3M,"['지금', '진짜', '힘들다', '방송', '고민', '많다', '항상', '응원', '감자']"
Yg_AOZjHt3M,"['애초', '버추', '아니다', '상관', '없다', '커녕', '가수', '취급', '고려', '강요', '도덕', '사회', '규범', '문제', '없다', '그게', '자유', '민주주의', '국가']"
Yg_AOZjHt3M,"['애초', '근본', '직업', '면서', '자유', '추구', '아니다', '정석', '타령']"
Yg_AOZjHt3M,"['관점', '대해', '배려', '있다', '자기', '기준', '매도', '행위', '서로', '존중', '좋아하다', '응원', '좋다', '같다', '서로', '시기하다', '좋다', '인터넷', '사회']"
Yg_AOZjHt3M,"['버츄얼', '좋아하다', '최근', '버츄얼', '논란', '개그', '요소', '이야기', '과거', '친구', '상이']"
Yg_AOZjHt3M,"['버튜버', '지뢰']"
Yg_AOZjHt3M,"['재밌다', '그렇다', '인식']"
Yg_AOZjHt3M,"['이미지', '프로', '듀싱', '팬덤', '만족', '장사', '누구', '누구', '아니다']"
Yg_AOZjHt3M,['존중']
Yg_AOZjHt3M,"['앤디', '워홀', '딱이다', '일단', '유명하다', '그게', '버츄얼', '듀라한', '아무', '상관', '없다']"
Yg_AOZjHt3M,['시원하다']
Yg_AOZjHt3M,"['일본', '여행', '시장', '커서', '여기저기', '광고', '티비', '광고', '게임', '같다', '버츄얼', '등장', '있다', '사뭇', '다른', '보고', '신기하다']"
Yg_AOZjHt3M,"['어찌', '가수', '카테고리', '파생', '처럼', '버츄얼', '상업', '효과', '있다', '자격', '충분하다']"
Yg_AOZjHt3M,"['걔네', '있다']"
Yg_AOZjHt3M,"['처음', '누구', '외적', '거부', '반응', '있다', '있다', '문화', '좋아하다', '열광하다', '사람', '문화', '자리', '잡고', '시대', '변하다', '처음', '진심', '지금', '버튜버', '잘만', '시대', '변하다', '점점', '빨르다', '적응', '본인']"
Yg_AOZjHt3M,"['정석', '업계', '소비', '빠돌이', '빠순이', '취급', '멸시', '과정', '있다', '생각', '또한', '순간', '변화', '생각']"
Yg_AOZjHt3M,"['버츄얼', '안되다', '이유', '없다', '오히려', '윈터', '열애설', '버츄얼', '남팬', '위해', '방송', '관리', '기특하다']"
Yg_AOZjHt3M,"['오빠', '미아']"
Yg_AOZjHt3M,"['기술', '발전', '보급', '시선', '계속', '변하다', '지금']"
Yg_AOZjHt3M,"['정석', '수면', '위로', '프랭크', '나트', '정석', '소리']"
Yg_AOZjHt3M,
Yg_AOZjHt3M,"['직업', '사람', '섭외', '진짜', '반박', '최소', '슈주', '이상', '경력', '사람', '해도', '아니다', '가수', '슩튽훈']"
Yg_AOZjHt3M,"['이유', '있다']"
Yg_AOZjHt3M,
Yg_AOZjHt3M,"['개월전', '영상', '에이펙', '랩몬', '케이팝', '인기', '있다', '이유', '비빔밥', '용하다', '맛있다', '인기', '있다', '버츄얼', '맛있다', '평양', '냉면', '좋아하다', '사람', '굳이', '함흥', '냉면', '맛있다', '평양', '냉면', '냉면', '아니다', '평양', '냉면', '사람', '취향', '대한', '배려', '없다']"
Yg_AOZjHt3M,"['사람', '고정관념', '사람', '처음', '안좋다', '시선', '슈퍼주니어', '성공하다', '있다', '아니다']"
Yg_AOZjHt3M,"['비인도적', '거나', '범죄', '좋아하다', '아니다', '고서', '좋아하다', '신경', '있다']"
Yg_AOZjHt3M,"['거기', '서도', '이상하다', '정석', '그게', '무슨', '버튜버', '꼰장질', '거임']"
Yg_AOZjHt3M,"['보라', '편견', '때문', '노래', '좋다']"
Yg_AOZjHt3M,['고맙다']
Yg_AOZjHt3M,"['실력', '하나로', '장본인', '없다']"
Yg_AOZjHt3M,"['가수', '다르다', '아니다']"
Yg_AOZjHt3M,"['지금', '이유']"
Yg_AOZjHt3M,"['옛날', '리얼', '무슨', '가수', '소리', '그렇다', '버츄얼', '조금', '시간', '정착']"
Yg_AOZjHt3M,
Yg_AOZjHt3M,"['썸네일', '깜짝', '내용', '반대']"
Yg_AOZjHt3M,"['진짜', '케이스']"
Yg_AOZjHt3M,"['외모', '회사', '규모', '따위', '아니다', '실력', '가장', '중점', '판단', '버츄', '배제', '없다', '시대', '생각']"
Yg_AOZjHt3M,"['버츄얼', '아이돌마스터', '같다', '부류', '생각']"
Yg_AOZjHt3M,"['음지', '확실하다', '노래', '좋다']"
Yg_AOZjHt3M,"['활동', '당시', '현실', '버츄얼', '취급', '그렇다', '예능', '방송', '인기']"
Yg_AOZjHt3M,"['알고리즘', '본인', '관련', '영상', '본인', '영상', '본인', '알고리즘', '침뱉는격']"
Yg_AOZjHt3M,"['가요', '가창력', '가사', '감정', '표현', '라이브', '자체', '가수', '영역', '시절', '있다', '본인', '세대', '고정관념', '데이터', '증명', '월드', '투어', '과정', '직접', '공감', '같다', '진짜', '무지랭이', '야외', '콘서트', '인터넷', '방송', '로만', '실제', '공연', '현장', '신기하다', '환경', '약간', '거리', '스튜디오', '경우', '있다', '대부분', '공연장', '자체', '호흡', '있다', '콘서트장', '뭔가', '정도', '의심', '없다']"
Yg_AOZjHt3M,"['보고', '보고', '안보', '과거', '채널', '있다', '제한', '컨텐츠', '시청', '있다', '시대', '아니다', '굳이', '재밌다', '보기', '빠듯', '시간', '보기', '싫다', '일부', '인생', '낭비하다', '필요', '없다']"
Yg_AOZjHt3M,"['실제', '인정이', '상관']"
Yg_AOZjHt3M,"['본인', '음악가', '뮤지션', '카테고리', '떳떳하다', '지선', '활동', '로남불', '이유', '없다']"
Yg_AOZjHt3M,"['결과', '수요']"
Yg_AOZjHt3M,"['통통하다', '이목구비', '괜찮다', '유쾌하다', '자기', '개그', '승화', '개그', '담당', '다른', '미남', '동료', '멘탈', '관리', '도움', '통통하다', '동생', '역할', '누님', '인기', '차지']"
Yg_AOZjHt3M,"['썸네일', '편이', '진짜']"
Yg_AOZjHt3M,"['버츄', '좋아하다', '아니다', '스타트', '굳이', '끼리', '상상', '못햇으']"
Yg_AOZjHt3M,"['내용', '다르다', '썸네일', '악의']"
Yg_AOZjHt3M,"['아담', '시대', '앞서']"
Yg_AOZjHt3M,"['인기', '직업', '인기', '없다', '일반인']"
Yg_AOZjHt3M,"['별로', '정상', '좋다', '정상', '좋아하다', '비정상', '호불호', '어디', '있다', '개인', '취향', '있다', '개인', '취향', '존중', '비난', '비판', '사람', '이빨', '야하다']"
Yg_AOZjHt3M,"['이해', '힘들다', '인정']"
Yg_AOZjHt3M,"['버츄얼', '아바타', '부수', '스트리머', '로서', '멘트', '게임', '플레이', '방식', '재밌다', '다양하다', '등등', '다양하다', '이유', '때문', '버튜버', '방송', '생각']"
Yg_AOZjHt3M,"['분류', '다르다', '야하다']"
Yg_AOZjHt3M,"['자체', '좋아하다', '사람', '있다', '하나', '자격', '있다']"
Yg_AOZjHt3M,['멋지다']
Yg_AOZjHt3M,"['어떻다', '미래', '버츄얼', '캐릭터', '보고', '좋아하다', '자연스럽다', '당연하다', '선구자', '대단하다', '지금', '솔직하다', '버츄얼', '인기', '많다', '사람', '이슈', '이상', '아니다', '거부']"
Yg_AOZjHt3M,"['시절', '아담', '가상', '가수', '있다', '소통']"
Yg_AOZjHt3M,"['미쿠', '보고', '세대', '버츄어', '자연스럽다']"
Yg_AOZjHt3M,"['인기', '척도']"
Yg_AOZjHt3M,"['통통하다', '잘생기다', '외모', '간혹', '악플', '많다', '예능', '실력', '댄스', '실력', '슈주', '좋아하다', '버츄얼', '분야', '포옹', '같다', '버츄얼', '아니다', '특이하다', '청각장애', '인분', '세상']"
Yg_AOZjHt3M,"['인기', '척도', '일본', '시스템']"
Yg_AOZjHt3M,"['버츄얼', '싫어하다', '사람', '버츄얼', '무대', '생각', '본인', '연습', '어쩌', '저쩌', '궁예', '들통']"
Yg_AOZjHt3M,"['슈주', '라면', '없다', '저렇다', '자기', '기준', '있다', '살짝', '조절', '약하다', '사이', '블랙', '수트', '로시', '구간', '크게', '집의', '미스터심플', '아차', '구간', '집의', '슈퍼', '구간']"
Yg_AOZjHt3M,"['사람', '본질', '자신', '욕망', '충실하다', '이러하다', '욕망', '바탕', '바로', '버츄얼', '현실', '연예인', '많다', '제약', '자유', '결코', '완벽하다', '이미지', '유지', '팬덤', '끊임없다', '상호작용', '있다', '애초', '존재', '자체', '현실', '상상', '경계', '이상', '제공', '역할', '아니다', '그렇다', '버츄얼', '현실', '한계', '초월', '궁극', '진화', '있다', '문화', '자체', '비판', '거나', '고정관념', '수도', '있다', '그렇다', '당신', '누구', '현실', '유리하다', '관점', '자신', '있다', '아니다', '단순하다', '새롭다', '적응하다', '과거', '기준', '고수', '대중', '수요', '현실', '시대', '변하다', '앞서', '그것', '이해', '사람', '있다', '버츄얼', '기존', '새롭다', '도전', '이자', '사람', '이상', '투영', '체다', '당신', '문화', '이해', '당신', '과거', '볼일', '없다', '몽상가', '불과하다', '비판', '누구', '있다', '변화', '시대', '축적', '욕망', '움직임', '제대로', '캐치', '있다', '사람', '의미', '있다', '있다', '정작', '중요하다', '본능', '그것', '옳다', '아니다', '비판', '목소리', '초점', '차이']"
Yg_AOZjHt3M,"['완벽하다', '이미지', '영원하다', '없다', '굴굴굴']"
Yg_AOZjHt3M,"['새롭다', '도전', '이자', '투영', '불편하다', '생각', '당연하다', '만약', '노출', '역대', '사람', '버츄얼', '캐릭터', '다른', '성별', '사람', '계속', '좋아하다', '사람', '이나', '사람', '진짜', '모노', '소수', '대부분', '일반인', '버튜버', '진짜', '그렇다', '캐릭터', '인터넷', '활동', '행위', '자연스럽다', '대중화', '진정', '버츄얼', '있다', '생각']"
Yg_AOZjHt3M,"['솔직하다', '같다', '버육수', '버튜버', '음지', '싫어하다', '음지', '길목', '음지', '유명', '세로', '길목', '계속', '마찰', '일어나고', '자연', '안티', '무지막지', '유명', '하이패스']"
Yg_AOZjHt3M,"['일단', '이해', '힘드다', '부분', '실물', '보이지', '개인', '사정', '예상', '예쁘다', '잘생기다', '생각', '대부분', '노래', '실물', '아니다', '그게', '튜닝', '아니다', '좋아하다', '좋아하다', '이해', '없다']"
Yg_AOZjHt3M,"['오타쿠', '문화', '보컬로이드', '실제', '기계', '가수', '좋아하다', '있다', '생각', '이해', '어렵다', '많다', '원래', '오타쿠', '사람', '입장', '진입', '장벽', '낮다', '음방', '노출', '이렇다', '마찰', '같다']"
Yg_AOZjHt3M,"['이해', '좋아하다', '존중', '방해', '달라']"
Yg_AOZjHt3M,"['비트코인', '그게', '무슨', '혁명', '시대', '기술', '가치관', '없다', '경솔하다', '틀림없다', '기술', '세상', '본인', '편협', '시선', '세상', '함부로', '재단', '기일']"
Yg_AOZjHt3M,['다르다']
Yg_AOZjHt3M,"['버미육', '좋다']"
Yg_AOZjHt3M,"['버츄얼', '버츄얼', '캐릭터', '좋아하다', '아니다', '있다', '사람', '좋아하다']"
Yg_AOZjHt3M,"['있다', '스토', '푸리', '경우', '없다', '보컬', '그룹', '코로나', '인하다', '버츄얼', '도입', '거의', '없다', '후자', '우세하다', '홀로', '라이브', '전자', '근소', '우세하다', '편입']"
Yg_AOZjHt3M,"['멤버', '졸업', '거나', '탈퇴', '새롭다', '시작', '정도', '대략', '팬덤', '성향', '있다']"
Yg_AOZjHt3M,"['스토', '푸리', '클립']"
Yg_AOZjHt3M,"['노래', '좋다', '입덕', '버츄얼', '모습', '상관없다', '모습', '자체', '느낌', '이다']"
Yg_AOZjHt3M,"['펭수', '생각', '펭수', '좋아하다', '사람', '있다', '연령', '미상', '남자', '생각', '좋아하다', '아니다', '캐릭터', '전체', '좋아하다', '거지', '펭수', '좋아하다', '굳이', '펭수', '사람', '궁금하다', '사람', '없다']"
Yg_AOZjHt3M,"['그게', '근본', '일반', '관리', '덜하다', '가능하다', '있다', '진짜', '트래킹', '빡세', '하니', '몸매', '관리', '연습', '현직', '아니다', '사람', '정말', '미안하다', '애초', '가수', '카테고리', '기본', '노래', '제일', '우선', '다음', '퍼포먼스', '외부', '버츄', '노래실력', '있다', '충분하다', '있다', '다만', '가수', '유사', '연애', '산업', '그렇다', '유사', '연애', '감정', '부분', '불리하다', '없다', '것일']"
Yg_AOZjHt3M,"['외모', '덕이', '노래', '가수', '사람', '많다']"
Yg_AOZjHt3M,
Yg_AOZjHt3M,"['이해', '아니다', '시상식', '같다', '좋다']"
Yg_AOZjHt3M,"['많다', '지금', '없다', '있다', '시상식', '없다', '애초', '아니다']"
Yg_AOZjHt3M,"['인정', '없다', '자본주의', '시대', '그게', '인정', '음악', '그러하다', '힙합', '미나', '뷰티풀', '너드', '그러하다', '이렇다', '유튜브', '수많다', '연예인', '도나', '유튜브', '채널', '뛰어듬', '영화', '마찬가지', '시장', '거기', '작품', '관심', '없다', '사람', '볼때', '에스', '같다', '좋아하다', '좋아하다', '축구', '관심', '없다', '보건', '챔스', '보건', '똑같다', '종교', '마찬가지', '기독교', '천주교', '사이비', '그게', '그거', '보임']"
Yg_AOZjHt3M,"['현실', '노래', '데뷔', '건가', '국가', '공인', '자격증', '있다', '거도', '아니다']"
Yg_AOZjHt3M,"['자기', '싫다', '안보', '아니다', '쉽다']"
Yg_AOZjHt3M,"['관심', '없다', '자꾸', '입함']"
Yg_AOZjHt3M,"['버츄얼', '가짜', '부정', '애니메이션', '장르', '있다', '안되다']"
Yg_AOZjHt3M,"['처음', '댄서', '싸이', '과인', '어떻다', '남자', '스펙', '현저', '멤버', '외모']"
Yg_AOZjHt3M,"['지금', '그게', '문제', '아니다', '예외', '원래', '외모', '나쁘다', '생각', '거지']"
Yg_AOZjHt3M,"['스펙', '다해', '같다', '없다', '스펙', '아니다', '거지']"
Yg_AOZjHt3M,"['버츄', '애들특', '알고리즘', '추천', '노래', '버츄', '지도', '좋다']"
Yg_AOZjHt3M,"['버츄얼', '시대', '변화', '문화', '새롭다', '이해', '최근', '버츄', '선후배', '논쟁', '이해', '인방', '유명인', '공인', '유명인', '어떻다', '선후배', '관계', '있다', '이해', '안되다']"
Yg_AOZjHt3M,"['수요', '있다', '인기', '웬만하다', '중소', '이기', '시장']"
Yg_AOZjHt3M,"['년차', '현직', '인정', '사람', '악플']"
Yg_AOZjHt3M,"['참고', '계란', '버츄얼', '그룹', '하나', '운영']"
Yg_AOZjHt3M,['버츄얼아님']
Yg_AOZjHt3M,"['카리', '드림', '트리', '스타', '데이즈', '먼저', '그룹']"
Yg_AOZjHt3M,"['계란', '같다', '회사', '아니다']"
Yg_AOZjHt3M,"['인기', '많다', '장땡', '멀다', '의미']"
Yg_AOZjHt3M,"['뚝심', '있다', '싫어하다']"
Yg_AOZjHt3M,"['정리', '에스', '카리나', '윈터', '선택', '인기투표']"
Yg_AOZjHt3M,['닥전이']
Yg_AOZjHt3M,['후자']
Yg_AOZjHt3M,['이다']
Yg_AOZjHt3M,['퀴즈']
Yg_AOZjHt3M,"['정은', '애비']"
Yg_AOZjHt3M,"['상품', '철저하다', '고객', '취향']"
Yg_AOZjHt3M,"['솔직하다', '이상하다', '이쁘다', '노래', '버츄얼', '버츄얼이', '노래', '녹음', '방송인', '노래', '아니다']"
Yg_AOZjHt3M,"['홀로', '라이브', '센서', '부착', '실제']"
Yg_AOZjHt3M,"['다른사람', '녹음', '미리', '경우', '있다', '본인', '직접', '라이브', '경우', '있다', '기술', '자본', '추세']"
Yg_AOZjHt3M,"['종합', '게임', '유튜버', '어느새다', '정신차리다', '버츄얼', '있다', '메타', '버스', '활용', '인간', '있다', '게임', '재능', '있다', '단말']"
Yg_AOZjHt3M,"['메타', '버스', '활용', '메타', '버스', '그거', '말장난']"
Yg_AOZjHt3M,"['민우', '굳다', '방송', '대기업', '제페토', '거리', '차원', '다르다', '궁금하다', '검색']"
Yg_AOZjHt3M,"['활동', '자체', '이해', '사람', '요즘', '활동', '생각', '위험하다', '좋다', '스토킹', '피해', '사례', '있다', '예쁘다', '잘생기다', '외모', '관련', '악플', '하루', '수십', '이상', '야하다', '수도', '있다', '심하다', '정도', '합성', '당하다', '그렇다', '위험', '피해', '선택', '이상하다', '아니다']"
Yg_AOZjHt3M,"['정석', '새롭다', '정석', '당연하다', '있다', '있다', '산업', '성장하다', '새롭다', '계속', '있다', '개인', '버추', '산업', '생각', '버추', '가장', '강세', '보이', '인기', '많다', '나라', '일본', '버추', '퀄리티', '자체', '우리나라', '좋다', '경우', '있다', '일본', '파이', '주도', '정도', '성장하다', '그것', '또한', '국가', '경쟁력', '생각']"
Yg_AOZjHt3M,"['핵심', '노래', '초점', '방향성', '좋다', '생각', '무작정', '싫어하다', '안되다', '생각', '버튜버', '대다수', '건전하다', '정말', '노래', '성격', '초첨', '있다', '문화', '자체', '건강하다', '느낌', '다수', '창작물', '증명', '있다']"
Yg_AOZjHt3M,"['사실', '문화', '자체', '애초', '건강하다', '문화', '아니다', '버츄얼쪽', '심하다', '다른', '심하다']"
Yg_AOZjHt3M,"['페스', '페스', '창작', '옛날', '지오디', '화이', '본격', '서브컬쳐']"
Yg_AOZjHt3M,"['창작', '똑같다', '문화', '자체', '유사', '연애', '음지', '습하다', '버츄얼', '캐릭터', '만큼', '창작', '그림', '기존', '그게', '합성', '이미지', '요즘', '텍스트', '뿐이다']"
Yg_AOZjHt3M,"['버츄얼', '스트리머', '활동', '한번', '진짜', '가수', '처럼', '본업', '활동', '같다', '요즘', '노래', '한번', '내면']"
Yg_AOZjHt3M,"['스트리머', '끼리', '컨셉', '스트리머']"
Yg_AOZjHt3M,"['애초', '본인', '컨셉', '실제', '아니다']"
Yg_AOZjHt3M,"['제외', '본질', '스트리머']"
Yg_AOZjHt3M,"['캐릭터', '어떻다', '사람', '있다', '두렵다', '사실']"
Yg_AOZjHt3M,"['과연', '어디', '인정', '시대', '변하다', '계속']"
Yg_AOZjHt3M,"['원래', '성인', '군자', '본인', '밥그릇', '위협']"
Yg_AOZjHt3M,"['버추', '버추', '있다', '자꾸', '현실', '현실', '같다', '대접']"
Yg_AOZjHt3M,['꼰대']
Yg_AOZjHt3M,"['콘서트', '음방', '상관없다', '걔네', '댓글', '생각', '좋다']"
Yg_AOZjHt3M,"['버거', '화이팅']"
Yg_AOZjHt3M,"['버츄얼', '리얼', '알바', '버츄얼', '좋아하다', '악질', '보기', '싫다']"
Yg_AOZjHt3M,"['정말', '자기', '관리', '겨우', '인정', '사람', '프로그램', '구현', '힘들다', '관리', '현직', '지망']"
Yg_AOZjHt3M,"['개인', '대우', '필요', '없다', '저딴', '무슨', '인기', '노래', '세상', '관리', '이렇다', '얘기', '애초', '건강하다', '버추', '좋아하다', '사람', '캐릭터', '아니다', '사람', '재미있다', '매력', '있다', '그렇다', '차별', '좋다']"
Yg_AOZjHt3M,"['무엇', '조선시대', '천민', '지금', '라임', '최근', '유방암', '파티', '무식하다', '대중', '상식', '많다', '진짜', '많다', '좋아하다', '빠세']"
Yg_AOZjHt3M,"['자격', '있다', '버츄얼', '데뷔']"
Yg_AOZjHt3M,"['데뷔', '쉽다', '아니다']"
Yg_AOZjHt3M,
Yg_AOZjHt3M,"['여자', '남자', '버튜버그룹', '그룹', '모조리', '압살', '세상', '변하다']"
Yg_AOZjHt3M,"['제외', '아니다', '스트리머', '마음', '편하다']"
Yg_AOZjHt3M,"['또또', '자격지심', '이렇다', '소리', '제발', '에고']"
Yg_AOZjHt3M,
Yg_AOZjHt3M,"['아니다', '제외', '방송인', '아니다']"
Yg_AOZjHt3M,"['무슨', '팬닉달', '갈라', '치기']"
Yg_AOZjHt3M,"['방송인', '아니다', '스탤등등', '방송']"
Yg_AOZjHt3M,"['가수', '실력', '버추', '어떻다', '노래', '중요하다', '노래']"
Yg_AOZjHt3M,"['가수', '일반인', '노래', '당연하다']"
Yg_AOZjHt3M,"['육수', '노래', '아니다', '같다']"
Yg_AOZjHt3M,"['단순', '가수', '아니다']"
Yg_AOZjHt3M,"['모든', '육수', '그렇다', '기존', '판도', '다르다', '없다', '애초', '노래', '수란']"
Yg_AOZjHt3M,"['버추', '인기', '많다', '증명', '일반', '실물', '존재', '다른', '카테고리', '같다', '실제', '그래픽', '차이', '확실하다', '있다', '반박', '버츄얼', '인증샷', '거나', '대학', '축제']"
Yg_AOZjHt3M,"['사고방식', '미국', '버추', '밴드', '고릴라즈', '빌보드', '그래미', '휩쓸다', '시상식', '공연', '노래', '음악', '이외', '소로', '팬덤', '형성', '대학', '축제', '본업', '아니다']"
Yg_AOZjHt3M,"['고릴라즈', '같다', '또또', '해외', '어쩌구저쩌', '구충']"
Yg_AOZjHt3M,"['충성', '다른', '설명', '그거', '같다', '웅앵대', '있다', '보고', '노래', '플러스', '알파', '요소', '팬덤', '여서', '재미', '대학', '축제', '한심하다', '소리', '거룩하다', '얘기']"
Yg_AOZjHt3M,"['고릴라즈', '버추', '캐릭터', '현실', '영해', '잘생기다', '생각', '대우', '빨더', '고릴라즈', '마시멜로우', '아니다', '고릴라즈', '잘생기다', '사람', '있다', '그것', '미국']"
Yg_AOZjHt3M,"['고릴라즈', '버추', '가수', '카테고리', '별도', '일반', '가수', '카테고리', '그래미', '빌보드', '있다', '얘기', '맥락', '헛소리', '기본', '노래', '춤끼', '메인', '이번', '케데헌', '사자', '보이즈', '아예', '애니메이션', '케팝그룹', '미국', '차트', '그것', '배알']"
Yg_AOZjHt3M,"['저런', '생각', '진짜', '일수', '있다', '설령', '반대', '얘기', '버츄얼', '진영', '오지', '있다', '때문', '어차피', '있다', '수준', '오히려', '최근', '기사', '달기', '사가', '있다', '그렇다', '논란']"
Yg_AOZjHt3M,"['버츄얼', '없다', '배우', '한번', '그룹', '당하다', '클럽', '가도', '연애', '커녕', '가족', '친구', '편하다', '익명성', '사생활', '버추', '어떻다', '버추', '얼돌', '연애', '일상생활', '지장', '없다', '클럽', '룸살롱', '성매매업소', '막말', '범죄', '아무', '화려하다', '무대', '서시', '사랑', '대가', '자신', '일상', '희생', '존재', '버츄얼돌', '자격', '없다', '인터넷', '문화', '인터넷', '아름답다']"
Yg_AOZjHt3M,"['언제', '화려하다', '무대', '서서', '사랑', '대가', '자신', '일상', '포기', '존재', '편협', '시선', '열등감', '덩어리', '문제', '범죄', '비판', '가족', '친구', '사생활', '원래', '존중', '야하다', '사생', '같다', '극단', '부류', '때문', '해결', '문제', '야하다', '로서', '야하다', '아니다']"
Yg_AOZjHt3M,"['연습생', '생활', '데뷔', '사람', '이야기', '부분', '이론', '부분', '일부', '있다', '슬프다', '현실', '그렇다', '현역', '익명성', '사생활', '보장', '거의', '없다', '현실', '카리나', '연애', '보이콧', '주가', '폭락', '고생', '애초', '버추', '얼돌', '산업', '같다', '사람', '연애', '있다', '클럽', '헌팅', '포차', '유흥업소', '등등', '갈수', '있다', '도박', '마약', '등등', '범죄', '인하다', '사회', '물의', '있다', '인하다', '상품', '손상', '버추', '그러하다', '리스크', '부터', '비교', '자유롭다', '상품', '유지', '안정', '서브컬쳐', '영역', '버츄얼돌', '시장', '진입', '버츠얼돌', '상대', '소수', '팬덤', '강화', '있다', '이자', '목표', '이자', '비록', '데뷔', '지금', '문화', '사랑', '바닥', '고충', '정도', '사람', '의견', '열등감', '단정', '편협', '시선', '사람', '같다', '아티스트', '부정', '아니다', '새롭다', '음악', '산업', '존중', '자격', '있다', '단지', '버추', '기술', '구현', '버추', '얼돌', '캐릭터', '연기', '사람', '아니다']"
Yg_AOZjHt3M,"['연습생', '있다', '가까이', '분야', '댓글', '댓글', '사생활', '보장', '아니다', '규정', '현실', '그렇다', '현실', '사생활', '존중', '없다', '일상', '희생', '당하다', '의견', '고수', '생각', '현실', '발생', '문제', '부정', '연애', '같다', '개인', '사생활', '사람', '그게', '침해', '당하다', '시점', '본인', '야하다', '아니다', '해결', '문제', '거지', '현실', '없다', '댓글', '당연하다', '생각', '편협', '생각', '라면', '생각', '고치', '생각', '방금', '댓글', '플레이', '자신', '버츄', '자명하다', '활동', '있다', '지지', '수많다', '있다', '다른', '못지않다', '활동', '실적', '정말', '단지', '댓글', '이유', '때문', '인지', '궁금하다']"
Yg_AOZjHt3M,"['현실', '사생활', '보호', '안되다', '있다', '그게', '아니다', '판단', '기준', '없다', '정의', '사이', '인기', '가수', '다야', '무엇', '정의', '개념', '수학', '수식', '명확하다', '불변', '아니다', '시대', '사람', '사회', '개념', '연습생', '아니다', '부정', '사회', '그렇다', '있다', '분위기', '의미', '없다']"
Yg_AOZjHt3M,"['한마디', '아프다', '이해']"
Yg_AOZjHt3M,"['진짜', '국민']"
Yg_AOZjHt3M,"['돌팬', '남팬', '안되다', '없다', '후려', '남팬', '버츄어', '남자', '확실하다', '시대', '여자', '제일', '발주', '자고']"
Yg_AOZjHt3M,"['남팬', '안되다', '팩트']"
Yg_AOZjHt3M,"['자꾸', '음지', '있다', '양지', '발악', '사람', '반감', '가지', '혐오']"
Yg_AOZjHt3M,"['유방암', '머리', '팩트', '의미', '없다', '버튜버', '누구', '안중근', '의사', '보고', '대진']"
Yg_AOZjHt3M,"['종겜러', '최소한', '있다', '리액션', '버튼', '가짜', '소비', '이해', '자체', '애니', '영화', '같다', '작품', '처럼', '감동', '영감', '아니다', '존중', '이해', '시간', '소비', '자체', '자기', '인생', '주인공', '부정', '느낌', '완전', '아주']"
Yg_AOZjHt3M,"['일말', '존중', '없다', '똥글', '존중', '이해', '애니']"
Yg_AOZjHt3M,"['버튜버', '좋아하다', '인생', '패배', '진짜', '한번']"
Yg_AOZjHt3M,"['차이', '없다', '굳이']"
Yg_AOZjHt3M,"['김희철', '에일리', '자이언티', '등등', '진보면', '들보', '이쁘다', '잘생기다', '여친', '있다', '지금', '여친', '참외']"
Yg_AOZjHt3M,"['친구', '좋아하다', '평범하다']"
Yg_AOZjHt3M,"['영상', '보고', '좋아하다', '오타쿠', '같다', '문제']"
Yg_AOZjHt3M,"['반대', '아니다', '순위', '좋아하다', '신기하다', '가치관', '차이']"
Yg_AOZjHt3M,"['버추', '멀다', '좋아하다', '사람', '있다', '싫어하다', '사람', '있다', '별로']"
Yg_AOZjHt3M,"['거의', '동안', '증오', '정도', '싫어하다', '안보', '어느새다', '웬만하다', '못지않다', '없다']"
Yg_AOZjHt3M,['파리']
Yg_AOZjHt3M,"['팬덤', '버튜버', '업계', '후퇴', '장본인']"
Yg_AOZjHt3M,"['걔네', '논란', '많다', '은애', '아니다', '최근']"
Yg_AOZjHt3M,"['모두', '굴찜']"
Yg_AOZjHt3M,"['사이버', '범죄', '집단', '가깝다']"
Yg_AOZjHt3M,"['꼰대', '공감']"
Yg_AOZjHt3M,['모두']
Yg_AOZjHt3M,"['그거', '다르다', '버츄얼']"
Yg_AOZjHt3M,"['아니다', '요즘', '스텔라', '이브', '같다', '기업', '정도', '외모', '야하다', '아니다', '일반', '예쁘다', '편이', '야하다', '요즘', '사람', '빨갛다']"
Yg_AOZjHt3M,"['대장', '가수']"
Yg_AOZjHt3M,"['인간', '좋아하다', '사람', '사람', '빙의', '힘들다', '버츄얼', '딸깍', '활동', '아니다', '이렇다', '꼬우', '그렇다', '나이', '대도', '비슷하다']"
Yg_AOZjHt3M,"['소리', '얘기', '빙의', '얘기']"
Yg_AOZjHt3M,"['장비', '착용', '리스크', '전곡', '작사', '작곡', '프로', '듀싱', '안무', '본인', '자체', '제작', '라이브', '무대', '콘서트', '소화', '대체', '먹음', '웬만하다', '실력', '좋다', '버추', '이유', '실력', '유명하다']"
Yg_AOZjHt3M,"['요즘', '인기', '있다', '양지', '존중']"
Yg_AOZjHt3M,['모두']
Yg_AOZjHt3M,
Yg_AOZjHt3M,['발언']
Yg_AOZjHt3M,"['아니다', '타당', '근거', '토대', '합리', '주장', '경쟁률', '어렵다', '확률', '부족하다', '거의', '똑같다', '실제', '경쟁률', '버츄얼', '경쟁률', '비교', '무명', '생활', '인기', '없다', '버츄얼', '차고', '넘침', '어렵다', '사실', '자유롭다', '정도', '아니다', '비교', '자체', '불가', '수준', '실제', '비용', '시간', '노력', '월등하다', '버츄얼', '운동', '실제', '그게', '아니다', '피부관리', '운동', '화장', '많다', '또한', '엄청나다', '스케줄', '소화', '요구', '체력', '힘들다', '실제', '회사', '당연하다', '조치', '취하', '있다', '당연하다', '불구', '몰래', '스토킹', '악성', '사생', '차고', '넘침', '실제', '보호', '없다', '활동', '자체', '아예', '모든', '지장', '모든', '아니다', '모두', '타당', '근거', '토대', '적합하다', '주장', '일반', '시간', '노력', '비용', '버츄얼', '현저', '리스크', '정병', '아니다', '실제', '거의', '모든', '일반', '해당', '라가', '아니다', '리스크', '같다', '취급', '일선', '도무지', '이해', '납득', '아니다', '일반', '같다', '대우', '과분', '행동', '이의', '반박', '것일', '수면', '위로', '아무', '실제', '행동', '직접', '것욕', '확률', '높다', '데이터', '간접', '것욕', '확률', '낮음', '차이', '일반', '다르다', '주장', '오류', '자유', '자유', '피해', '실제', '버츄얼', '실제', '방송', '현실', '인간', '활동', '실제', '동등', '대우', '거부', '피해', '행위', '등를', '주지', '범위', '책임', '앞서', '싫어하다', '인정', '앞서', '아니다', '본인', '있다', '범위', '성장하다', '좋다', '수면', '실제', '동등', '대우', '차이', '명심']"
Yg_AOZjHt3M,"['자신', '없다', '방송', '인생', '날로']"
Yg_AOZjHt3M,"['이브', '사람', '몰입']"
Yg_AOZjHt3M,"['버츄얼', '사람', '버츄얼', '수임']"
Yg_AOZjHt3M,
Yg_AOZjHt3M,"['버츄얼볼빠', '애니', '개틀', '소리', '진짜', '이해', '안되다']"
Yg_AOZjHt3M,"['애니', '상호작용', '캐릭터', '세계관', '서사', '겨를', '없다', '저만큼', '어렵다', '얼마', '네이버', '웹툰', '웹툰', '캐릭', '이렇다', '시장', '발달', '유사하다', '방향', '있다']"
Yg_AOZjHt3M,['모두']
Yg_AOZjHt3M,"['버튜버', '좋다', '제발', '우물', '끼리', '제발']"
Yg_AOZjHt3M,['굴찜']
Yg_AOZjHt3M,"['버튜버', '처빨', '커뮤', '똥글']"
Yg_AOZjHt3M,"['다르다', '버츄얼', '보기', '역함', '족족', '차단', '좋다']"
Yg_AOZjHt3M,['굴굴']
Yg_AOZjHt3M,"['채증', '채증']"
Yg_AOZjHt3M,"['자체', '인기', '직업', '인기', '많다', '정의']"
Yg_AOZjHt3M,"['버튜버', '노래', '아무나']"
Yg_AOZjHt3M,"['신기하다', '팬층', '아니다', '주변', '해도', '기타', '등등', '버츄얼', '좋아하다', '사람', '초동', '노력', '케이스']"
Yg_AOZjHt3M,"['이렇다', '씹덕', '좋아하다', '아니다']"
Yg_AOZjHt3M,"['아니다', '근처', '있다', '내면', '사회', '이미지', '나락', '버츄얼돌실제', '없다', '팬덤', '굉장하다', '공격', '또한', '때문']"
Yg_AOZjHt3M,"['공격', '다른', '비슷하다', '생각', '인기', '비호', '감작', '분탕', '플루', '서나', '비슷하다', '버츄얼', '특성', '커뮤니티', '몰리', '씹덕', '편하다']"
Yg_AOZjHt3M,"['순수하다', '아티스트', '좋다', '덕질', '사람', '다수', '자기', '누구', '좋아하다', '이미지', '이렇다', '때문', '같다', '자기', '좋아하다', '아티스트', '보이', '어디', '있다', '비주류', '아니다', '더욱', '초동', '같다', '통계', '더욱']"
Yg_AOZjHt3M,"['모든', '안티', '없다', '유독', '팬덤', '폭력', '난폭하다']"
Yg_AOZjHt3M,"['문제', '존중', '랍시고', '강요', '문제', '상호', '존중', '인정', '어랴워', '개떼', '물어', '어렵다']"
Yg_AOZjHt3M,"['당장', '영상', '댓글', '명도', '그렇다', '사람', '소수', '극성', '보고', '판단', '아니다']"
Yg_AOZjHt3M,"['그렇다', '소수', '전체', '판단']"
Yg_AOZjHt3M,"['방도', '돼지']"
OT6uElfCI7o,"['사람', '모임']"
OT6uElfCI7o,"['악제', '뮤비', '댓글']"
OT6uElfCI7o,"['입덕', '부정', '그렇다', '영상', '연속', '보고', '나니', '좋아하다', '됬넹', '이렇다']"
OT6uElfCI7o,"['댓글', '보고', '자신', '영상', '입덕', '정해', '사람', '이다']"
OT6uElfCI7o,"['입덕', '일주일', '응원봉', '구입', '진짜']"
OT6uElfCI7o,"['그게', '추석', '미치다']"
OT6uElfCI7o,"['오늘', '입덕']"
OT6uElfCI7o,"['현실', '망하다', '뻔하다', '드르']"
OT6uElfCI7o,"['늦덕', '일차', '자컨', '커버', '지루하다', '이상', '행복하다']"
OT6uElfCI7o,"['입덕', '일차', '현생', '있다']"
OT6uElfCI7o,"['이제', '있다']"
OT6uElfCI7o,"['입덕', '영상', '까마득하다', '최근', '아시아', '투어', '콘서트', '영상', '줄줄이']"
OT6uElfCI7o,"['일단', '친구', '시작', '시간']"
OT6uElfCI7o,"['어느새다', '수저', '방송', '보고', '있다', '나방', '그렇다']"
OT6uElfCI7o,"['시간', '순삭', '당하다']"
OT6uElfCI7o,
OT6uElfCI7o,"['친구', '다가', '밥값', '외계']"
OT6uElfCI7o,"['시간', '밥값']"
OT6uElfCI7o,"['이제', '좋아하다']"
OT6uElfCI7o,['바부']
OT6uElfCI7o,
OT6uElfCI7o,"['실제', '인간', '상처', '인류', '상실하다', '극단', '동물', '애호', '가상', '인물', '좋아하다', '비정상', '정신', '착란', '사회', '위험', '정신', '문제', '과정']"
OT6uElfCI7o,"['버추', '좋아하다', '아니다', '좋아하다', '버추', '노래', '좋다', '재밌다', '멤버', '음악', '대한', '진심', '있다', '마음', '저절로', '없다', '평생']"
OT6uElfCI7o,"['좋아하다', '버츄얼', '무지', '많다']"
OT6uElfCI7o,"['아니다', '이쁘다', '좋아하다', '다음', '부분', '그게', '나쁘다', '아니다']"
OT6uElfCI7o,
OT6uElfCI7o,"['시체', '생각']"
OT6uElfCI7o,"['오늘', '오픈', '카페', '모습', '테라', '정복']"
OT6uElfCI7o,"['가수', '본질', '음악', '집중', '항상', '응원']"
OT6uElfCI7o,"['버추', '좋아하다', '아니다', '좋아하다', '버추']"
OT6uElfCI7o,"['진짜', '완전']"
OT6uElfCI7o,
OT6uElfCI7o,"['심장', '그게', '버추', '동네', '사람']"
OT6uElfCI7o,"['가수', '입덕', '별거', '있다', '노래', '좋다', '입덕']"
OT6uElfCI7o,"['가수', '본질', '겉모습', '아니다', '는걸', '여실히', '그룹', '이다', '발표', '작사', '작곡', '안무', '자체', '제작', '노래', '소통', '덕질', '가장', '인간']"
OT6uElfCI7o,"['작곡', '안무', '자체', '제작', '좋아하다', '없다', '거기', '사랑', '그렇다']"
OT6uElfCI7o,"['가수', '본업']"
OT6uElfCI7o,"['본업', '충실하다']"
OT6uElfCI7o,"['인기', '있다', '같다', '아니다', '친구', '노래', '셀프', '메이드', '방식', '독특하다']"
OT6uElfCI7o,"['자체', '타이틀', '아니다', '작곡', '안무', '무엇', '진심', '사랑', '사랑', '보답', '위해', '사랑', '좋다', '노래', '무한', '반복', '같다', '칭찬', '감사']"
OT6uElfCI7o,"['구설', '얘기', '언제', '다른', '좋아하다']"
OT6uElfCI7o,"['버추', '노래', '좋다', '당연하다', '좋아하다', '당연하다', '생각', '그게', '항상', '좋다', '노래', '고맙다', '최고']"
OT6uElfCI7o,"['팝음악', '버추', '밴드', '고릴라즈', '그래미', '시상식', '이해', '안되다', '시대', '악플']"
OT6uElfCI7o,"['가세', '지긋지긋']"
OT6uElfCI7o,['신선하다']
OT6uElfCI7o,"['그렇다', '고릴라즈', '있다']"
OT6uElfCI7o,"['댓글', '하나', '없다', '혼자', '부들', '거리']"
OT6uElfCI7o,"['초반', '신고', '보지', '뒤늦다', '시비']"
OT6uElfCI7o,"['오늘', '오픈', '카페', '뉴스', '처음', '행복하다', '노래', '좋다']"
OT6uElfCI7o,"['처음', '그림', '낯설다', '계속', '똑같다', '사람']"
OT6uElfCI7o,"['겉모습', '다른', '사람', '편견', '같다']"
OT6uElfCI7o,"['어색하다', '감정이입', '똑같다']"
OT6uElfCI7o,"['처음', '낯설다', '캐릭터', '생각', '자체']"
OT6uElfCI7o,"['낯설다', '보시', '분도', '계시다', '누구', '본업', '정말', '나쁘다', '먼저', '노래']"
OT6uElfCI7o,['마지막']
OT6uElfCI7o,"['노래', '좋아하다', '취향', '음악', '가수', '행복하다']"
OT6uElfCI7o,
OT6uElfCI7o,['저됴욤']
OT6uElfCI7o,"['작곡', '작사', '안무', '자체', '제작', '사랑', '가득하다', '외계인', '좋아하다', '있다']"
OT6uElfCI7o,"['테라', '정복']"
OT6uElfCI7o,"['취향', '열정', '감수성', '최신', '기술', '덕분', '낭만', '있다']"
OT6uElfCI7o,"['겉모습', '아니다', '진심', '음악', '마음씨', '반했어']"
OT6uElfCI7o,"['오늘', '카페', '촬영', '뉴스', '테라', '정복']"
OT6uElfCI7o,"['진심', '전달', '없다']"
OT6uElfCI7o,"['버추', '입덕', '버추', '얼임', '입덕', '대부분', '확신', '흔하다', '버추', '인기', '요인', '비주', '추측', '계시다', '단발', '관심', '호감', '있다', '입덕', '전혀', '다른', '문제', '이다', '카테고리', '버추', '강점', '기술', '비주', '기본', '가장', '중요하다', '서브컬쳐', '인식', '편견', '실력', '좋다', '음악', '로서', '버추', '차별', '화가', '기도', '엄청나다', '차별', '이유', '기도', '인기', '요인', '산업혁명', '초점', '어렵다', '이론', '접근', '버추', '사람', '일이', '사람', '당연하다', '이치', '생각', '그렇다', '부분', '전혀', '다르다', '아니다', '마지막', '버추']"
OT6uElfCI7o,
OT6uElfCI7o,"['음악', '무대', '좋다', '테라', '정복']"
OT6uElfCI7o,"['가수', '노래', '좋아하다', '이유', '없다']"
OT6uElfCI7o,"['버추', '좋아하다', '다기', '버추', '얼임', '좋아하다', '없다', '아이']"
OT6uElfCI7o,"['장난', '아니다', '정도', '실력', '처음']"
OT6uElfCI7o,"['오늘', '오픈', '카페', '노래', '노래', '좋다', '매력', '있다', '멋지다', '외계인', '많다', '관부']"
OT6uElfCI7o,['정복']
OT6uElfCI7o,"['사랑', '만주', '왹져들', '어떻다', '사랑', '테라', '정복']"
OT6uElfCI7o,"['필요없다', '사랑', '보고', '간다', '만큼']"
OT6uElfCI7o,"['평생', '좋아하다', '본적', '없다', '버추', '입문', '외계인', '덕분', '행복하다']"
OT6uElfCI7o,"['당연하다', '비주', '멋지다', '있다', '우선', '자체', '제작', '노래', '안무', '매력', '있다', '좋다', '무엇', '진심', '소통', '모습', '없다']"
OT6uElfCI7o,"['많다', '사람', '하나', '안보']"
OT6uElfCI7o,"['실력', '좋다', '언행', '이쁘다', '입덕', '입덕', '작년', '한일', '하나', '오늘', '카폐', '오픈', '벌써', '방송사']"
OT6uElfCI7o,"['년대', '라이브', '가수', '그립다', '일루', '노래']"
OT6uElfCI7o,"['라이브', '영상', '유명하다', '친구']"
OT6uElfCI7o,"['버추', '좋아하다', '아니다', '버추', '얼임', '사랑', '된거', '너희', '노래', '자부심']"
OT6uElfCI7o,"['시작', '사랑', '남다르다', '같다', '행복하다']"
OT6uElfCI7o,"['버추', '보고', '좋아하다', '아니다', '음악', '실력', '성격', '센스', '케미', '사랑', '보고', '좋아하다', '멤버', '육각형', '센터', '어찌', '응원', '있다']"
OT6uElfCI7o,"['가수', '본업', '노래', '좋아하다', '노래', '본인', '직접', '무대', '멋있다', '방송', '웃기', '구설수', '자유롭다', '어쩌', '그렇다', '관심', '없다']"
OT6uElfCI7o,['최고다']
OT6uElfCI7o,"['좋다', '노래', '가수', '좋다']"
OT6uElfCI7o,['사랑']
OT6uElfCI7o,"['이번', '콘서트', '아주', '기대']"
OT6uElfCI7o,"['알고리즘', '시작']"
OT6uElfCI7o,"['질감', '아니다', '기술', '더하다', '멤버', '실력', '감탄', '당하다', '매일', '승승장구', '는걸', '뿐이다']"
OT6uElfCI7o,"['이번', '콘서트']"
OT6uElfCI7o,"['먼저', '뉴스', '부럽다']"
OT6uElfCI7o,"['보통', '좋아하다', '열애설', '없다', '병크', '없다', '좋아하다', '아니다', '사람', '관련', '있다', '다른', '똑같다', '세계관', '있다', '다른', '초능력자', '세계관', '있다', '우린', '세계관', '재미나', '현실', '구분', '가상세계', '그렇다', '아니다']"
OT6uElfCI7o,"['차근차근', '테라', '정복']"
OT6uElfCI7o,"['오늘', '오픈', '벌써', '기사', '빠르다']"
OT6uElfCI7o,"['인정', '남자', '반하다', '정도']"
OT6uElfCI7o,"['오늘', '처음', '덕질', '한번', '사람', '입장', '실제', '인간', '가수', '평생', '악수', '한번', '멀리', '똑같닼']"
OT6uElfCI7o,"['유명하다', '지지마', '유명하다', '유명하다', '지지마', '유명하다', '유명하다', '지지마', '작고', '소중하다', '포도', '진짜', '소중하다', '소중하다']"
OT6uElfCI7o,"['노래', '좋다', '음악', '대한', '열정', '진심', '전달', '응원', '좋아하다', '버추', '거지', '문제', '없다', '선입견', '여타', '다르다', '없다', '모두', '관심', '부탁드리다', '자체', '제작', '이다']"
OT6uElfCI7o,"['본업', '사랑']"
OT6uElfCI7o,"['화면', '있다', '가짜', '서로', '진심']"
OT6uElfCI7o,
OT6uElfCI7o,"['노래', '실력', '좋다', '그룹', '버츄', '이제', '별로', '노래', '세대', '느낌', '요즘', '린지', '노래', '아니다', '별로', '질리']"
OT6uElfCI7o,"['누구', '미래', '지향', '기술', '사용', '모습', '노래', '아날로그', '감성', '멤버', '어떻다', '사람', '인간미', '넘침', '가끔', '버추', '사실', '있다', '실력', '없다', '어떻다', '좋아하다', '그렇다', '버추', '많다', '사람', '익숙하다', '사실', '장벽', '멤버', '다양하다', '매력', '익숙하다', '입덕', '장벽', '같다', '겉모습', '멤버', '자체', '사랑']"
OT6uElfCI7o,"['관심', '없다', '굳이', '악플', '없다', '바영']"
OT6uElfCI7o,"['정말', '아니다', '노래', '기본', '야하다', '가수', '직업', '가장', '같다']"
OT6uElfCI7o,"['엄마', '신기하다', '젊다', '사람', '이해']"
OT6uElfCI7o,"['버추', '인공', '지능', '구분', '생각', '버추', '사람', '있다', '성공', '가수', '성공하다', '본질', '음악', '잘해야', '생각', '직접', '음악', '프로듀싱', '안무', '자체', '제작', '정말', '실력', '좋다', '인성', '좋다', '아티스트', '이렇다', '사람', '어떻다', '사랑', '있다']"
OT6uElfCI7o,"['사전', '의미', '가상', '몇몇', '영상', '소개', '실제', '사람', '유무', '문화', '사람', '차이', '버추', '얼쪽', '사람', '있다', '보통', '인공', '지능', '등장', '개념', '혼란', '스럽다', '같다', '사람', '있다', '경우', '없다', '의미', '매우', '다르다', '구분']"
OT6uElfCI7o,"['작사', '작곡', '노래', '댄스', '좋아하다', '예능', '단말']"
OT6uElfCI7o,"['노래', '좋다']"
OT6uElfCI7o,"['우주', '최고', '스타']"
OT6uElfCI7o,['플레이']
OT6uElfCI7o,"['일단', '노래', '좋다', '여섯', '여름', '노래', '좋다', '입덕', '본업', '좋아하다']"
OT6uElfCI7o,['마지막']
OT6uElfCI7o,"['한번', '헤어']"
OT6uElfCI7o,"['노래', '보고', '자기', '끼리', '라이브', '모습', '좋아하다', '약간', '차원', '제일', '다른', '좋아하다', '다르다', '입덕', '사랑', '응원', '있다']"
OT6uElfCI7o,"['사랑', '많다', '소통', '모습', '역시', '입덕', '포인트', '하나', '사랑', '아이', '도루', '어떻다', '좋아하다']"
OT6uElfCI7o,"['편견', '관심', '자체', '무심하다', '인생', '알고리즘', '바람', '호기심', '클릭', '잠도', '현생', '이제', '뉴스', '있다']"
OT6uElfCI7o,"['사랑', '없다']"
OT6uElfCI7o,"['좋다', '사랑', '콘서트']"
OT6uElfCI7o,"['버추', '거부', '버추', '유튜버', '방송', '안보', '오히려', '버추', '표현', '많다', '있다', '무엇', '노래', '좋다', '정신차리다', '플레이', '리스트', '노래']"
OT6uElfCI7o,['좋아하다']
OT6uElfCI7o,"['진짜', '개그맨', '같다']"
OT6uElfCI7o,"['버추', '마음', '진심', '이다', '음악', '누구', '진심', '음악', '고맙다', '음악', '좋아하다', '마음', '다시', '사람', '좋아하다']"
OT6uElfCI7o,
OT6uElfCI7o,"['진짜', '최고다']"
OT6uElfCI7o,"['노래', '노래', '좋다', '선선', '바람', '같다', '맑다', '션션', '좋다', '최신', '리스트', '일단']"
OT6uElfCI7o,"['노래', '보고', '숏츠', '몇번', '없다', '진짜', '덕질', '재밌다', '행복하다', '인생', '처음', '뉴스', '대견하다']"
OT6uElfCI7o,"['테라', '정복']"
OT6uElfCI7o,"['입덕', '좋다', '노래', '취향', '비주', '케미', '서사', '무슨', '필요조건', '있다', '똑같다']"
OT6uElfCI7o,"['노래', '좋다']"
OT6uElfCI7o,"['작사', '작곡', '안무', '사랑', '어머', '어마', '게다가', '버블', '사랑', '어떻다', '사랑', '있다']"
OT6uElfCI7o,"['행복', '테라', '시대', '시작']"
OT6uElfCI7o,"['가수', '개그맨']"
OT6uElfCI7o,"['처음', '이자', '마지막']"
OT6uElfCI7o,"['입덕', '한지', '훌쩍', '처음', '이이', '시작', '처음', '낯설다', '진짜', '가짜', '구분', '급하다', '그렇다', '개념', '덕질', '있다', '중요', '버추', '장점', '한계', '있다', '한계', '타개', '방법', '한계', '없다', '낯선', '퍼포먼스', '컨텐츠', '흥미롭다', '수준', '경이', '지경', '입덕', '컨텐츠', '많다']"
OT6uElfCI7o,"['회사', '마케팅', '회의', '처음', '정신차리다', '벌써', '플브', '입덕', '게뭐', '머글', '년전', '그렇다']"
OT6uElfCI7o,"['진짜', '버추', '성공하다', '아니다', '진짜', '보석같다', '사람']"
OT6uElfCI7o,"['가수', '노래', '승부']"
OT6uElfCI7o,"['사실', '버추', '좋아하다', '아니다', '플레이', '좋아하다', '캐릭터', '모습', '있다', '행동', '조금', '아이러니', '어떻다', '스타', '인간', '매력']"
OT6uElfCI7o,"['일단', '노래', '좋다', '실력', '좋다']"
OT6uElfCI7o,"['이제', '노예', '이다']"
OT6uElfCI7o,"['좋아하다', '버츄', '노아', '지하', '면서', '안보', '다가', '실력', '개그', '이제', '없다', '안되다']"
OT6uElfCI7o,"['따갑다', '가을', '따갑다', '없다']"
OT6uElfCI7o,"['음악', '좋다', '선입견']"
OT6uElfCI7o,"['저녁', '뉴스']"
OT6uElfCI7o,"['노래', '좋다', '사랑', '엄청나다', '좋아하다']"
OT6uElfCI7o,"['노래', '가수', '당연하다', '사랑', '가득하다', '사랑', '없다']"
OT6uElfCI7o,"['편견', '노래', '좋아하다']"
OT6uElfCI7o,"['처음', '정말', '순식간']"
OT6uElfCI7o,"['노텔기', '우스', '보고', '바로', '입덕', '입덕', '부정', '있다']"
OT6uElfCI7o,"['데이', '식스', '처럼', '노래', '좋다', '예능', '좋다', '좋아하다', '이유', '없다']"
OT6uElfCI7o,"['나이비스', '완전', '인공', '지능', '버추', '껍데기', '그래픽']"
OT6uElfCI7o,"['가수', '그것', '버추', '사람', '린생', '한치']"
OT6uElfCI7o,"['버추', '좋다', '아니다', '노래', '좋다']"
OT6uElfCI7o,"['버추', '좋다', '아니다', '좋아하다', '버추']"
OT6uElfCI7o,"['일단', '노래', '좋다']"
OT6uElfCI7o,"['플뿌', '진심', '마음']"
OT6uElfCI7o,"['진심', '평생', '노래', '있다', '응원']"
OT6uElfCI7o,"['버츄', '아니다', '노래', '좋다', '실력', '있다', '인간미', '넘치다', '플레이', '좋아하다', '사랑']"
OT6uElfCI7o,"['버츄얼', '좋아하다', '아니다', '실력', '좋다', '좋아하다', '좋아하다']"
OT6uElfCI7o,"['처음', '부터', '관심', '있다', '버추', '케릭', '케릭', '순위', '노래', '좋다', '정도', '아니다', '압도', '좋다', '생각', '노래', '좋다', '코어', '아니다', '항상', '응원']"
OT6uElfCI7o,"['이름', '입덕', '파란색', '노란색', '분홍색', '실버', '검은색', '궁금하다', '분명', '버추', '우린']"
OT6uElfCI7o,"['노아', '입덕', '개월', '보고', '덕질', '힘들다', '이제야', '타임', '라임']"
OT6uElfCI7o,"['진짜', '자랑스럽다', '외계인', '드류']"
OT6uElfCI7o,"['노래', '좋다', '한몫', '노래', '별로', '바로', '거름']"
OT6uElfCI7o,"['오늘', '촬영', '벌써']"
OT6uElfCI7o,"['구설', '좋아하다', '아니다', '버추', '방송', '처음', '다른', '버추', '다른', '외모', '실력', '진심', '없다', '지금', '모습', '사랑', '응원', '노래', '좋다', '많다', '때문', '버추', '장벽', '허물', '어질다', '생각', '그렇다', '테라', '정복']"
OT6uElfCI7o,"['캐릭터', '아니다', '실력', '좋아하다']"
OT6uElfCI7o,"['노래', '뭔가', '세대', '시절', '느낌', '노래', '길다', '한국어', '가사', '많다', '그렇다', '좋다']"
OT6uElfCI7o,"['그거', '어떻다', '어떻다', '좋아하다', '사랑', '없다']"
OT6uElfCI7o,"['테라', '정복', '차근차근']"
OT6uElfCI7o,"['얼른', '놀랍다', '현상', '아니다', '당연하다', '일상', '좋다', '뉴스', '대부분', '비슷하다', '내용']"
OT6uElfCI7o,"['어제', '이마트', '노래', '인기', '많다']"
OT6uElfCI7o,"['다른', '본업', '사랑', '가득', '사랑', '없다']"
OT6uElfCI7o,"['한계', '데뷔', '한계', '너희', '모든', '사랑']"
OT6uElfCI7o,"['역시', '뉴스', '대단하다']"
OT6uElfCI7o,"['사람', '좋다', '겉모습', '모델링', '똑같다', '사람']"
OT6uElfCI7o,"['뉴스', '좋다', '테라', '정복']"
OT6uElfCI7o,"['카페', '촬영', '대박', '진짜', '버추', '좋아하다', '아니다', '플레이', '좋아하다']"
OT6uElfCI7o,"['사랑', '정말', '즐겁다', '아름답다', '일이', '는걸', '고맙다', '사람', '오래오래']"
OT6uElfCI7o,['사랑']
OT6uElfCI7o,"['사람', '노래', '진짜', '보물']"
OT6uElfCI7o,"['각자', '위치', '최선', '모습', '아름답다']"
OT6uElfCI7o,"['오늘', '바로', '계속']"
OT6uElfCI7o,"['이번', '노래', '입덕']"
OT6uElfCI7o,"['노로', '시작']"
OT6uElfCI7o,"['실력', '있다', '좋아하다', '실력', '좋다', '웃기', '엽기', '시작', '없다', '대하']"
OT6uElfCI7o,"['노래', '좋다', '본업', '자체', '제작', '맛있다']"
OT6uElfCI7o,"['음악', '진심', '모습', '응원', '시작']"
OT6uElfCI7o,"['실제', '사람', '구별', '힘들다', '입덕', '포기', '개성', '쉽다']"
OT6uElfCI7o,['심장']
OT6uElfCI7o,"['플레이', '좋아하다']"
OT6uElfCI7o,"['전곡', '작곡', '작사', '안무', '자체', '돌입', '낯설다', '노래', '사람', '열광하다', '이해', '일주일', '콘서트', '입덕', '부정', '있다', '온콘', '막차', '탑승']"
OT6uElfCI7o,"['인터뷰', '같다', '마음', '같다', '생각']"
OT6uElfCI7o,"['노래', '진짜', '좋다']"
OT6uElfCI7o,"['테라', '정복']"
OT6uElfCI7o,['노래']
OT6uElfCI7o,"['안녕하다', '입덕', '사람', '하나', '이다', '좋다', '사랑', '같다', '누구', '마음', '위로', '웃기', '기도', '사랑']"
OT6uElfCI7o,"['노래', '좋다']"
OT6uElfCI7o,"['가수', '노래', '좋다', '실력', '좋다', '애초', '노래', '아니다', '외모', '상관']"
OT6uElfCI7o,"['노래', '진짜', '좋다']"
OT6uElfCI7o,"['취향', '존중']"
OT6uElfCI7o,['노래']
OT6uElfCI7o,"['다음주', '콘서트', '한닥오']"
OT6uElfCI7o,
OT6uElfCI7o,"['음악', '아니다', '음악', '있다', '노래']"
OT6uElfCI7o,"['지구', '정복', '당하다']"
OT6uElfCI7o,"['좋아하다', '버추']"
OT6uElfCI7o,"['카페', '오늘', '오픈', '빠르다', '예약', '가티', '망하다', '담달', '야하다', '이렇다', '왹져들', '사랑']"
OT6uElfCI7o,"['자랑스럽다', '테라', '정복']"
OT6uElfCI7o,"['노래', '좋다', '버츄']"
OT6uElfCI7o,"['버추', '오히려', '처음', '관심', '없다', '노래', '좋다', '계속', '자체', '좋다', '멤버', '노래', '좋다', '안무', '멋있다']"
OT6uElfCI7o,"['오늘', '오픈', '카페', '촬영', '바로', '기자']"
OT6uElfCI7o,"['노래', '노래', '좋다', '플레이', '가수', '요즘', '노래', '알고리즘', '오류', '영상', '보고', '클릭', '버츄얼', '신선하다', '짜릿하다', '노래', '미치다', '입덕']"
OT6uElfCI7o,"['진짜', '존경', '버추', '이미지', '대중', '좋다', '응원']"
OT6uElfCI7o,"['주류', '차트', '씹덕']"
OT6uElfCI7o,"['진짜', '좋다']"
OT6uElfCI7o,"['프레', '이브', '파이팅']"
OT6uElfCI7o,"['노래', '좋다', '좋아하다', '필요하다']"
OT6uElfCI7o,"['버츄얼', '끝판']"
OT6uElfCI7o,"['버추', '오히려', '입덕', '장벽', '입덕', '부정', '길다', '노래', '잘만', '안무', '잘만', '음악', '좋다', '입덕', '발걸음', '응원']"
OT6uElfCI7o,"['오늘', '오픈', '카페', '벌써', '기자']"
OT6uElfCI7o,"['똑같다', '가수', '본업', '사랑']"
OT6uElfCI7o,
OT6uElfCI7o,['사랑']
OT6uElfCI7o,['댓글']
OT6uElfCI7o,"['노래', '좋다', '입덕', '버츄얼', '입덕', '부정', '거의', '개월']"
OT6uElfCI7o,
OT6uElfCI7o,['좋아하다']
OT6uElfCI7o,
OT6uElfCI7o,"['카페', '지방']"
OT6uElfCI7o,"['지금껏', '그렇다', '사랑', '증명', '증명', '사랑', '자랑스럽다', '항상', '응원', '사랑']"
OT6uElfCI7o,"['멤버', '모두', '뛰어나다', '실력', '때문', '해도', '성공하다', '그룹']"
OT6uElfCI7o,"['누군가', '버스', '지하철', '거리', '한순간', '사랑', '같다', '이야기', '브라운관', '스크린', '한번', '사랑', '얘기', '연예인', '좋아하다', '사랑', '사랑', '평등', '타블로', '좋아하다', '형태', '중요하다', '있다', '진심', '사랑']"
OT6uElfCI7o,['와우']
OT6uElfCI7o,"['플뿌', '작곡', '노래', '그게', '바로']"
OT6uElfCI7o,"['버추', '캐릭터', '이렇다', '중요하다', '아니다', '정말', '좋다', '노래', '진짜', '라디오', '노래', '목소리', '좋다', '노래', '캐릭터', '캐릭터', '아니다', '순수하다', '노래', '승부', '진짜', '가수']"
OT6uElfCI7o,"['가상세계', '그렇다', '실존', '을해']"
OT6uElfCI7o,"['노래', '콘서트', '컴퓨터', '아니다']"
OT6uElfCI7o,"['뉴스', '작곡', '낙서', '이제', '뉴스데스크', '확대']"
OT6uElfCI7o,"['진짜', '쇼츠', '댓글', '솔직하다', '익숙하다', '버츄얼', '어색하다', '노래', '인식', '노래', '좋다', '기술', '신기하다', '노력', '노래', '좋다']"
OT6uElfCI7o,['머선']
OT6uElfCI7o,"['많다', '관심', '사랑', '부탁드리다']"
OT6uElfCI7o,"['헤헤', '뉴스', '좋다']"
OT6uElfCI7o,"['외계', '콘서트', '파이팅']"
OT6uElfCI7o,"['화이팅', '플하']"
OT6uElfCI7o,['사랑']
OT6uElfCI7o,"['노래', '진심', '사랑', '된거', '너희']"
OT6uElfCI7o,"['노래', '진짜', '좋다']"
OT6uElfCI7o,
OT6uElfCI7o,"['당장', '남자']"
OT6uElfCI7o,"['버츄얼', '처음', '힘들다', '없다', '개개인', '매력', '장점', '많다']"
OT6uElfCI7o,"['노래', '비주', '본업', '역할', '버추', '고가', '없다']"
OT6uElfCI7o,['감동']
OT6uElfCI7o,"['최근', '간질', '사건', '떼메', '오해', '노래', '있다']"
OT6uElfCI7o,['버츄얼']
OT6uElfCI7o,"['많다', '관부']"
OT6uElfCI7o,"['육아', '스트레스', '라이브', '다음']"
OT6uElfCI7o,"['뉴스', '카페', '청소년증', '같다', '바로']"
OT6uElfCI7o,"['와나', '음방', '사이', '무슨', '일이']"
OT6uElfCI7o,"['저희', '외계인', '다른', '가수', '직접', '노래', '작곡', '소통', '사랑', '마음', '가수', '생각', '좋다', '가수', '사랑', '지금', '다르다', '없다', '라이브', '소통', '서로']"
OT6uElfCI7o,"['테라', '정복', '점점', '본업', '사랑', '넘치다', '사랑', '없다']"
OT6uElfCI7o,"['노래', '좋다', '가사', '익숙하다', '멜로디', '라인', '옛날', '년대', '초반', '스타', '일임', '댄스', '옛날', '갈수록', '가사', '멀다', '코드', '멜로디', '라인', '편안하다', '대중', '적임', '노래', '스타일', '초반', '스타일', '음악', '익숙하다', '세대', '중장', '년팬', '상당하다', '많다', '같다']"
OT6uElfCI7o,"['사랑', '고맙다']"
OT6uElfCI7o,"['솔직하다', '현재', '편견', '때문', '입덕', '그렇다', '이렇다', '사람', '마음', '매력', '생각', '좋다', '결과', '있다', '응원']"
OT6uElfCI7o,
OT6uElfCI7o,"['오덕', '앗흥', '페이트', '같다', '건가']"
OT6uElfCI7o,"['하찮다', '게임', '정말', '재미있다', '게임', '방송', '정신차리다', '버블', '구독']"
OT6uElfCI7o,['미치다']
OT6uElfCI7o,"['입덕', '행복하다']"
OT6uElfCI7o,"['버튜버', '덕질', '생각', '없다', '작곡', '작사', '안무', '본인', '열정', '있다']"
OT6uElfCI7o,"['쇼츠', '친구', '시작']"
OT6uElfCI7o,"['무대', '보고', '자주']"
OT6uElfCI7o,"['이해', '사람', '이해', '강요', '이해', '테라', '진심', '왹져', '통해', '깨달', '버추', '열정', '재능', '유머', '따뜻하다', '사랑스럽다']"
OT6uElfCI7o,
OT6uElfCI7o,"['뉴스', '멋지다', '데뷔', '버그', '기괴하다', '동작', '웃음', '버튼', '좋다']"
OT6uElfCI7o,"['노래', '좋다']"
OT6uElfCI7o,"['카페', '진짜']"
OT6uElfCI7o,['화이팅']
OT6uElfCI7o,"['카페', '부럽다', '있다']"
OT6uElfCI7o,"['버츄', '노래', '좋다']"
OT6uElfCI7o,['영원하다']
OT6uElfCI7o,"['진짜', '최고']"
OT6uElfCI7o,['원랜']
OT6uElfCI7o,"['사랑', '외계인']"
OT6uElfCI7o,"['노래', '좋다']"
OT6uElfCI7o,"['이렇다', '생각', '노래']"
OT6uElfCI7o,"['사랑', '새롭다', '문화', '콘텐츠', '시작']"
OT6uElfCI7o,
OT6uElfCI7o,"['다재다능하다', '외계인']"
OT6uElfCI7o,['최고']
OT6uElfCI7o,"['엄청나다', '발전', '뉴스', '장식']"
OT6uElfCI7o,['플레이']
OT6uElfCI7o,"['실시간', '방송', '작곡', '디싱', '본업', '겁내', '얼마나', '좋다']"
OT6uElfCI7o,"['버추', '라서', '좋다', '아니다', '이미지', '다르다', '똑같다', '사람', '이기', '여타', '다른', '같다', '다른', '사람', '간절하다', '마음', '우린', '매력', '생각', '사랑', '보답', '사랑']"
OT6uElfCI7o,"['매력', '있다', '버추', '중요하다', '있다', '고마']"
OT6uElfCI7o,"['인기', '있다', '나름', '이유', '있다', '생각', '요새', '가요', '모습']"
OT6uElfCI7o,"['테라', '정복']"
OT6uElfCI7o,"['역시', '엠버']"
OT6uElfCI7o,"['버츄얼', '좋아하다', '씹덕', '사람', '많다', '오히려', '사람', '인식', '불구', '활동', '그거', '응원', '진짜', '없다', '유임', '댄서', '고음', '더임', '실력', '사람', '이상하다']"
OT6uElfCI7o,"['다른', '버추', '기분', '좋다']"
OT6uElfCI7o,"['모야', '카페', '나왓어', '귀엽다']"
OT6uElfCI7o,"['사이버', '펭수', '생각']"
OT6uElfCI7o,['카페']
OT6uElfCI7o,"['노래', '좋다', '게속', '질리', '계속', '입덕']"
OT6uElfCI7o,"['플하', '자랑스럽다']"
OT6uElfCI7o,"['모든', '도전', '응원', '지금', '역사', '순간', '있다', '영광', '너희', '덕분', '매일', '행복하다', '사랑']"
OT6uElfCI7o,
OT6uElfCI7o,['최고']
OT6uElfCI7o,
OT6uElfCI7o,"['버추', '우린']"
OT6uElfCI7o,"['일단', '노래', '좋다', '그렇다', '오류', '모음', '보고', '라이브', '하나', '순간', '수많다', '라이브', '컨텐츠', '노래', '반복', '가사', '예쁘다', '무대', '영상', '안무가', '예쁘다', '그렇다', '커버', '영상', '이상', '없다']"
OT6uElfCI7o,['이지']
OT6uElfCI7o,"['기특하다', '예쁘다', '왹져', '정말', '사랑스럽다', '편견', '노래', '한번', '정말', '사랑']"
OT6uElfCI7o,"['버추', '여서', '아니다', '좋아하다', '버추', '같다', '실력', '수준', '작곡', '안무', '자체', '제작', '사랑', '어마', '무시', '정말', '친구', '같다', '옆집', '동생', '같다', '모습', '친근하다', '입덕', '같다', '단지', '버추', '버추', '좋아하다', '사람', '없다']"
OT6uElfCI7o,"['오류', '입덕']"
OT6uElfCI7o,"['어떻다', '세상']"
OT6uElfCI7o,"['마야', '카페', '공중파', '로그', '만세']"
OT6uElfCI7o,"['로써', '다른', '사람', '언급', '좋아하다']"
OT6uElfCI7o,"['마음', '웅장']"
OT6uElfCI7o,"['실력', '좋다', '노력', '필요하다']"
OT6uElfCI7o,
OT6uElfCI7o,['최고']
OT6uElfCI7o,"['지금', '신시대', '있다', '과거', '새롭다', '시대', '파이팅']"
OT6uElfCI7o,"['노래', '좋다', '둘째']"
OT6uElfCI7o,"['이제', '사람', '좋다']"
OT6uElfCI7o,"['오류', '모음', '입덕', '시작']"
OT6uElfCI7o,"['고양이', '귀엽다', '지금', '버블', '구독', '심각하다', '고민', '중이']"
OT6uElfCI7o,"['버블', '구독', '진짜', '후회', '구독', '아깝다']"
OT6uElfCI7o,['파이팅']
OT6uElfCI7o,"['본업', '엄청나다']"
OT6uElfCI7o,['파이팅']
OT6uElfCI7o,"['테라', '라면', '외계인', '좋아하다']"
OT6uElfCI7o,"['외계', '테라', '정복', '시작']"
OT6uElfCI7o,['귀엽다']
OT6uElfCI7o,"['당연하다', '대응', '버추', '아니다', '인간', '제작자', '존재', '때문', '구설수', '로부터', '자유롭다', '생각', '다른', '좋아하다', '똑같다', '보시']"
OT6uElfCI7o,
OT6uElfCI7o,"['노래', '진짜', '좋다']"
OT6uElfCI7o,"['노래', '진짜', '좋다']"
OT6uElfCI7o,['일단']
OT6uElfCI7o,"['예전', '사이버가수', '아담', '있다', '그거', '같다', '건가']"
OT6uElfCI7o,"['작곡', '작사']"
OT6uElfCI7o,"['버추', '아니다', '사람', '좋다']"
OT6uElfCI7o,"['많다', '사람', '너희', '다섯']"
OT6uElfCI7o,"['덕질', '시대', '사업', '덕질', '사람', '타깃', '생각', '미래', '시대', '덕질', '시대']"
OT6uElfCI7o,"['심하다', '치명', '외계', '출구', '진짜']"
OT6uElfCI7o,"['멋찌', '플브', '사랑']"
OT6uElfCI7o,"['가상', '버츄얼', '요즘', '처럼', '힘드다', '노래', '그게', '인기', '비결']"
OT6uElfCI7o,"['요즘', '노래', '노래', '같다', '노래', '백배', '좋다', '피카츄', '백만', '볼트', '그게', '노래']"
OT6uElfCI7o,"['요즘', '세상', '관심', '없다', '있다', '아담', '좋아하다']"
OT6uElfCI7o,"['버블', '번만', '잡솨바']"
OT6uElfCI7o,"['로써', '모든', '버튜버들', '응원']"
OT6uElfCI7o,"['이제', '없다']"
OT6uElfCI7o,"['소개', '편견', '없다', '세상']"
OT6uElfCI7o,"['제발', '영원하다']"
OT6uElfCI7o,"['선배', '아담', '찬양']"
OT6uElfCI7o,"['세상', '몰카', '하나']"
OT6uElfCI7o,['러뷰']
OT6uElfCI7o,"['역시', '최고', '외계인', '완벽', '솔직하다', '노래', '라이브', '가상', '작곡', '작사', '노래', '댄스', '외계인', '좋다']"
OT6uElfCI7o,"['잔칫집', '훼방', '정복']"
OT6uElfCI7o,"['사고', '얼마나', '좋다']"
OT6uElfCI7o,"['꾸준하다', '좋다', '음악', '무대', '응원', '본업', '행복', '기분', '좋다', '항상']"
OT6uElfCI7o,"['가수', '노래', '사랑', '잘생기다', '아니다']"
OT6uElfCI7o,['플레이']
OT6uElfCI7o,"['아빠', '좋아하다']"
OT6uElfCI7o,
OT6uElfCI7o,['부사']
OT6uElfCI7o,"['작곡', '안무', '콘서트', '대형', '자기', '끼리', '라이브', '방송', '버블', '노래', '솔직하다', '요즘', '소통', '많다', '실력', '좋다', '버추', '무작정', '노래', '일단']"
OT6uElfCI7o,"['아담', '삼촌']"
OT6uElfCI7o,"['아니다', '진심', '뉴스']"
OT6uElfCI7o,"['시작', '한지', '마안', '과거', '칭찬']"
OT6uElfCI7o,"['정말', '좋다']"
OT6uElfCI7o,"['진짜', '자랑스럽다']"
OT6uElfCI7o,"['정말', '외계인']"
OT6uElfCI7o,"['최고', '노래', '좋다', '멋지다']"
OT6uElfCI7o,
OT6uElfCI7o,"['딱하다', '버추', '구설', '없다', '좋아하다', '아니다', '로써', '본업', '작곡', '작사', '노래', '소통', '재밌다', '좋다', '거임', '노래', '진짜', '좋다']"
OT6uElfCI7o,"['사랑', '가수']"
OT6uElfCI7o,['사랑']
OT6uElfCI7o,['신기하다']
OT6uElfCI7o,['뉴스']
OT6uElfCI7o,['화이팅']
OT6uElfCI7o,"['소설', '영화', '드라마', '좋아하다', '이유', '같다', '실제', '좋아하다', '아니다']"
OT6uElfCI7o,"['버츄얼', '무엇', '인지도', '사람', '오류', '영상', '영상', '어느새다', '달이', '본업', '소통', '없다']"
OT6uElfCI7o,"['시대', '흐름', '처음', '우리나라', '같다', '노래', '괜찮다', '맴버', '이름', '경우', '많다', '런가', '자언', '스럽다']"
OT6uElfCI7o,['렛츠고']
OT6uElfCI7o,"['카페', '예약', '페이지', '무한', '확인', '뉴스', '레전드']"
OT6uElfCI7o,"['노래', '좋다']"
OT6uElfCI7o,['자랑스럽다']
OT6uElfCI7o,
OT6uElfCI7o,
OT6uElfCI7o,['좋아하다']
OT6uElfCI7o,"['어떻다', '좋아하다']"
OT6uElfCI7o,"['조만간', '꼭두각시', '인형']"
OT6uElfCI7o,"['어떻다', '모습', '활동', '중요하다', '생각', '실력', '있다']"
OT6uElfCI7o,
OT6uElfCI7o,
OT6uElfCI7o,"['이제', '로봇', '등장']"
OT6uElfCI7o,"['지금', '세상', '자체', '거대하다', '메타', '버스', '일지']"
OT6uElfCI7o,"['성공', '벌써', '있다']"
OT6uElfCI7o,"['분명', '있다', '출구', '없다']"
OT6uElfCI7o,"['진짜', '플브', '사랑']"
OT6uElfCI7o,"['본업', '가수']"
OT6uElfCI7o,
OT6uElfCI7o,"['게뭐', '순간', '그렇다']"
OT6uElfCI7o,"['에스테', '카페', '아이디어', '정말', '마음', '최고', '맛있다']"
OT6uElfCI7o,
OT6uElfCI7o,['화이팅']
OT6uElfCI7o,"['아니다', '뒷모습', '있다', '무조건']"
OT6uElfCI7o,"['노래', '한번', '노래', '좋다', '쇼츠', '거리', '영상', '마지막', '당신', '이다']"
OT6uElfCI7o,['진짜']
OT6uElfCI7o,"['예쁘다', '요즘', '좋다']"
OT6uElfCI7o,"['매트릭스', '현실']"
OT6uElfCI7o,
OT6uElfCI7o,"['노래', '좋다']"
OT6uElfCI7o,"['씹덕', '스럽다', '최애', '데뷔', '덕질', '같다']"
OT6uElfCI7o,"['읍니', '아담', '계시다']"
OT6uElfCI7o,
OT6uElfCI7o,"['플브', '입구', '있다', '출구', '없다']"
OT6uElfCI7o,
OT6uElfCI7o,
OT6uElfCI7o,['좋다']
OT6uElfCI7o,"['아담', '후손']"
OT6uElfCI7o,"['흠음', '외롭다', '사람', '많다', '새롭다', '문화', '자리']"
OT6uElfCI7o,"['나이', '비스', '예쁘다']"
OT6uElfCI7o,"['수상소감', '젠슨황', '대표', '리얼', '개발자']"
OT6uElfCI7o,"['솔직하다', '성공하다', '없다']"
OT6uElfCI7o,"['음악중심', '썸네일', '처음', '생생하다', '시간', '무심하다', '유튜브', '음중', '왼쪽', '만화인', '물이', '있다', '호기심', '영상', '처음', '버추', '커녕', '관심', '없다', '단번', '정도', '대단하다', '무대', '마음', '노래', '노래', '아름답다', '표현', '안무', '버추', '이기', '때문', '가능하다', '환상', '무대', '연출', '많다', '버추', '사람', '아니다', '오해', '번역', '가상', '그렇다', '있다', '버추', '무대', '의상', '보시', '기술', '필요하다', '의상', '모두', '아티스트', '본인', '역량', '이다', '노래', '라이브', '소통', '예능', '자체', '컨텐츠', '등등', '모두', '직접', '이다', '버추', '악의', '얘기', '가지', '다른', '예쁘다', '멋지다', '가뿐하다', '노래', '센서', '부착', '불편하다', '감수', '노래', '소화', '습량', '다른', '자체', '제작', '활동', '많다', '시간', '필요하다', '버추', '쉽다', '하나', '없다', '오히려', '버추', '평가절하', '당하다', '많다', '노래', '간절하다', '사람', '무조건', '악의']"
OT6uElfCI7o,"['테라', '정복']"
OT6uElfCI7o,['우왕']
OT6uElfCI7o,"['전직', '버추', '싫어하다', '닝겐', '이다']"
OT6uElfCI7o,"['삐리', '비리', '시스템', '가동']"
OT6uElfCI7o,"['년전', '사이버가수', '있다']"
OT6uElfCI7o,
OT6uElfCI7o,"['없다', '사람', '사랑']"
OT6uElfCI7o,"['댓글', '수가']"
OT6uElfCI7o,
OT6uElfCI7o,
OT6uElfCI7o,
OT6uElfCI7o,
OT6uElfCI7o,"['신기하다', '좋아하다', '남한', '피해']"
OT6uElfCI7o,"['오히려', '여기저기', '기회', '기부', '많다', '있다']"
OT6uElfCI7o,
OT6uElfCI7o,"['좋아하다', '버추', '좋아하다', '실력', '좋아하다']"
OT6uElfCI7o,"['어떻다', '좋아하다']"
OT6uElfCI7o,"['노래', '좋다', '거지']"
OT6uElfCI7o,
OT6uElfCI7o,
OT6uElfCI7o,"['기자', '인터뷰', '성공하다']"
OT6uElfCI7o,['뉴스']
OT6uElfCI7o,
OT6uElfCI7o,"['현실', '가상', '어차피', '실물', '불가능하다', '한가지', '상관없다']"
OT6uElfCI7o,"['노래', '좋다']"
OT6uElfCI7o,
OT6uElfCI7o,"['가상', '정말', '버추', '산업', '선두', '이기', '때문', '산업', '분야', '중요하다', '존재', '이다', '방향', '의미', '미래', '가치', '있다', '생각']"
OT6uElfCI7o,['그렇다']
OT6uElfCI7o,
OT6uElfCI7o,"['테라', '정복', '아주']"
OT6uElfCI7o,"['영상', '어렵다', '노래', '진짜', '좋다', '공장', '같다', '외모', '보고', '대형', '기획사', '가수', '노래', '좋다', '가수', '같다', '좋다', '노래', '입장', '오히려', '좋다']"
OT6uElfCI7o,"['애니', '인기', '많다', '비슷하다']"
OT6uElfCI7o,"['가상', '만화', '캐릭터', '아스', '테룸', '외계인']"
OT6uElfCI7o,['이브']
OT6uElfCI7o,
OT6uElfCI7o,"['아담', '손자']"
OT6uElfCI7o,"['아담', '원조']"
OT6uElfCI7o,"['아담', '후예']"
OT6uElfCI7o,"['이상하다', '아니다', '예능', '음악', '방송', '노래', '다른', '매력', '같다', '버추', '성공하다', '있다', '이유', '노래', '라이브', '방송', '도하', '유튜브', '영상', '소통', '차이점', '같다']"
OT6uElfCI7o,"['게이', '아니다', '말함', '고로', '게이', '아니다']"
OT6uElfCI7o,"['노래', '사랑', '매일', '사랑', '보고', '고맙다', '사랑', '넘치다', '주어', '정도', '어디', '있다']"
OT6uElfCI7o,['좋다']
OT6uElfCI7o,"['가상', '아니다', '애니', '캐릭터', '아니다', '아니다', '버추', '이다']"
OT6uElfCI7o,"['이제', '사람', '직접', '노래', '그렇다', '구시대', '생각', '발달', '시대', '누구', '능력', '가상', '가수', '창조', '세상', '그게', '미래', '이다']"
OT6uElfCI7o,"['나라', '망하다']"
OT6uElfCI7o,"['테라', '정복']"
OT6uElfCI7o,"['애니', '원피스', '매니아', '된거', '비슷하다', '가가', '입덕', '전혀']"
OT6uElfCI7o,"['군대', '좋다']"
OT6uElfCI7o,"['시대', '변하다']"
OT6uElfCI7o,"['타팬', '좋다', '괜찮다', '원래', '좋아하다', '첫인상', '오류', '영상', '알고리즘', '계속', '호쾌', '노아', '웃음소리', '진짜', '호감', '이심', '거의', '적응', '모양', '낯설다', '이상하다', '지점', '꼼꼼하다']"
OT6uElfCI7o,
OT6uElfCI7o,"['좋아하다', '좋다']"
OT6uElfCI7o,"['아담', '최고다']"
OT6uElfCI7o,"['외면', '아니다', '간절하다']"
OT6uElfCI7o,"['친구', '좋아하다', '이유', '좋아하다', '웹툰', '그림', '체라', '웹툰', '엔딩', '있다', '없다', '예전', '스토리', '있다', '미래', '스토리', '있다', '친구', '그렇다', '이제', '좋아하다', '웹툰', '그림', '그대로', '움직', '노래', '있다', '사람', '성격', '있다', '설레다', '그거']"
OT6uElfCI7o,
OT6uElfCI7o,"['논란', '없다', '사생활', '보호', '안무', '직접', '곳도', '있다', '댄스', '트레이너', '군무', '가능', '덕질', '목소리', '유지', '계속', '있다', '기존', '비교', '장점', '없다']"
OT6uElfCI7o,['좋아하다']
OT6uElfCI7o,
OT6uElfCI7o,"['진짜', '덕후', '이해', '수가', '없다']"
OT6uElfCI7o,"['세상', '변하다']"
OT6uElfCI7o,"['우린', '이브']"
OT6uElfCI7o,"['버츄', '가수', '아담', '지금', '결혼', '자식']"
OT6uElfCI7o,"['노래', '진짜', '취향', '논란', '때문', '입덕']"
OT6uElfCI7o,"['아담', '생각']"
OT6uElfCI7o,"['외계인', '침략']"
OT6uElfCI7o,"['버츄얼', '이정', '인기', '없다', '음방', '위도', '생각', '아니다', '가끔', '영상', '몇개', '입장', '응원']"
OT6uElfCI7o,['아담']
OT6uElfCI7o,"['아스', '테룸', '펌펍', '볼륨', '많다', '사람', '하나', '안보']"
OT6uElfCI7o,"['같다', '소리', '그렇다', '자기', '굳이', '없다']"
OT6uElfCI7o,"['세상', '변하다', '현실', '씹덕', '옛날']"
OT6uElfCI7o,"['본체', '궁금하다', '아니다', '본체', '실망하다', '같다', '굳이']"
OT6uElfCI7o,"['아담', '인제', '꼰대']"
OT6uElfCI7o,"['솔직하다', '개인', '생각', '다른', '버추', '소속', '느낌']"
OT6uElfCI7o,"['가상', '현실', '중요하다', '어차피', '현실', '똑같다', '화면', '똑같다']"
OT6uElfCI7o,"['새롭다', '오타쿠', '시작']"
OT6uElfCI7o,
OT6uElfCI7o,"['좋아하다', '노래', '인성', '개그', '하나', '없다', '어찌']"
OT6uElfCI7o,"['탈덕', '그게']"
OT6uElfCI7o,"['보컬로이드', '한국', '최초', '일본', '강대국', '일본', '보컬로이드', '수준', '화면', '케릭']"
OT6uElfCI7o,"['그거', '아니다', '리얼', '현실', '국내', '활동', '해외', '있다', '친근하다', '당연하다', '아니다']"
OT6uElfCI7o,"['이제', '세상']"
OT6uElfCI7o,['아담']
OT6uElfCI7o,"['현실', '가상', '구분']"
OT6uElfCI7o,"['노래', '진짜', '대박', '한번']"
OT6uElfCI7o,"['노래', '좋다', '어지럽다']"
OT6uElfCI7o,"['좋아하다', '무슨', '좋아하다', '그거', '어떻다', '좋아하다', '어떻다', '어떻다', '좋아하다', '있다']"
OT6uElfCI7o,
OT6uElfCI7o,['어차피']
OT6uElfCI7o,
OT6uElfCI7o,"['주식', '한국', '시작', '대면', '조만간', '중국', '일본도', '거대', '자본', '투입']"
OT6uElfCI7o,"['플레이', '좋아하다', '그것', '설명', '일반인', '세상', '망하다', '허구', '세상', '버추', '이제', '세상', '만하', '처럼', '려고', '얼마나', '눈물', '중간', '아픔']"
OT6uElfCI7o,"['노래', '보정', '라이브', '인정']"
OT6uElfCI7o,"['보컬로이드', '버츄얼', '그룹', '개무시', '어디']"
OT6uElfCI7o,"['베텔기우스', '좋다', '이제']"
OT6uElfCI7o,"['이해', '없다']"
OT6uElfCI7o,"['낯선', '많다']"
OT6uElfCI7o,"['현실', '적응', '다른', '상업', '주의', '둘리', '듯내', '보기', '부자연스럽다', '여전하다', '별로']"
OT6uElfCI7o,"['하츠네미쿠', '홀로그램', '오프라인', '콘서트', '사람', '영상', '있다', '그때', '우리나라', '반응', '일본', '사람', '아니다', '환장하다', '실제', '여자도', '아니다', '가상', '여친', '씹덕', '우리나라', '사람', '그때', '어디', '언제', '일본', '문화']"
OT6uElfCI7o,"['댓글', '뭔가', '조작', '같다', '느낌']"
OT6uElfCI7o,"['노래', '공감', '신분', '조작', '없다']"
OT6uElfCI7o,
OT6uElfCI7o,"['버추', '싫어하다', '당연하다', '소리', '진짜', '무엇', '노래', '좋다', '때문', '가든', '노래', '소리', '노래', '노래', '정도', '대중', '노래', '노래', '가수', '버추', '플레이', '브이', '노래', '좋다', '때문', '겉모습', '보고', '싫어하다', '노래', '노래', '하나']"
OT6uElfCI7o,"['신창섭', '안나', '오지']"
OT6uElfCI7o,"['없다', '생각', '활동']"
OT6uElfCI7o,"['오류', '입덕', '영상', '숏츠', '인식', '오노', '좋다', '커버', '미치다', '실력', '실시간', '라이브', '개그맨', '친구', '주년', '방송', '평생', '확정']"
OT6uElfCI7o,"['가상', '이상하다', '드라마', '영화', '사실', '좋아하다']"
OT6uElfCI7o,"['뉴스', '가상', '아니다', '요즘', '버추']"
OT6uElfCI7o,['아담']
OT6uElfCI7o,"['스탈', '아니다', '하모니', '투탑', '본인', '탑인', '영상']"
OT6uElfCI7o,"['그렇다', '하츠네미쿠', '선배', '하나']"
OT6uElfCI7o,
OT6uElfCI7o,
OT6uElfCI7o,"['멤버', '헤어스타일', '구별', '애정', '신기하다']"
OT6uElfCI7o,['다르다']
OT6uElfCI7o,"['우린', '정신병']"
OT6uElfCI7o,"['사람', '양산', '같다', '그룹', '같다', '맥략', '가수', '본질', '음악', '노래', '요즘', '대부분', '겉모습', '예능', '주로', '먹기', '빅뱅', '동방신기', '샤이니', '비스트', '실력', '있다', '이야기', '할떄', '매번', '냉정하다', '인기', '그룹', '실력', '지금', '천상지희', '좋다', '그룹', '안보', '개인', '있다', '요즘', '가요판특', '그룹', '노래', '가수', '멤버', '정도', '나머지', '외모', '이용', '우리나라', '가요판특', '음악', '실력', '가창력', '좋다', '수가', '아니다', '계속', '양산', '경쟁', '외모', '좋다', '아이', '회사', '외모', '위주', '악순환', '복임', '사이', '노래', '정말', '일본인', '친구', '일본인', '한국', '좋아하다', '대부분', '자국', '가수', '없다', '이쁘다', '멋지다', '외모', '때문', '일본', '시점', '티어', '유명', '들보', '외적', '안보', '데뷔', '켄시', '소비', '아이', '킹누', '청사', '등등', '교주도', '있다', '교주', '잘생기다', '기도', '가수', '실력', '있다', '티어', '있다', '실력', '음악', '데뷔', '즞토마', '루시', '야마', '등등', '있다']"
OT6uElfCI7o,"['수상소감', '엔비디아', '직원', '에픽', '게임', '직원', '전해']"
OT6uElfCI7o,
OT6uElfCI7o,"['일본', '참전', '아니다', '십년', '유행', '한국', '이제야']"
OT6uElfCI7o,"['일본', '선진국', '이렇다', '구석', '세상', '친구', '허구', '이렇다', '대가리']"
OT6uElfCI7o,"['미치다', '구나', '세상']"
OT6uElfCI7o,"['이해', '안되다']"
OT6uElfCI7o,"['본체', '궁금하다', '컨셉', '재미있다', '외형', '원하다', '만큼', '효과', '있다', '시간', '본체', '사람', '변하다', '본체', '중요하다', '캐릭터', '본체', '괜찮다', '건가', '재미있다', '뭔가', '여러', '생각', '부분', '있다']"
OT6uElfCI7o,"['사실', '본체', '있다', '세대', '망돌', '구글링', '만해', '바로']"
OT6uElfCI7o,"['분홍', '올챙이', '저기', '죄송하다', '본체', '유포', '금지', '라면', '신상', '같다']"
OT6uElfCI7o,"['구설', '아니다']"
OT6uElfCI7o,"['유교', '탈레반', '국가', '본체', '분리', '유리하다', '아마', '본체', '누구', '정도', '음주운전', '사건', '아무', '상관', '없다']"
OT6uElfCI7o,
OT6uElfCI7o,
OT6uElfCI7o,"['한국', '건전하다', '덕후', '문화', '있다', '생각', '왜색', '음지', '같다', '선상', '댓글', '구분', '다르다', '한국', '기술', '한국', '웹툰', '그림', '케이팝', '버츄얼', '방송', '욕설', '하나', '없다', '양지', '방송']"
OT6uElfCI7o,"['펭수', '진짜', '사람', '있다', '건가']"
OT6uElfCI7o,"['사이버', '펭수같', '느낌']"
OT6uElfCI7o,['영원하다']
OT6uElfCI7o,"['스밍빨', '평일', '오전', '귀신', '위로', '그룹']"
OT6uElfCI7o,"['에햐', '정병']"
OT6uElfCI7o,['이브']
OT6uElfCI7o,"['요즘', '있다', '요즘', '유행']"
OT6uElfCI7o,"['로보캅', '폴리']"
OT6uElfCI7o,"['노래', '좋다']"
OT6uElfCI7o,"['다른', '버추', '이야기', '이야기', '이야기', '이야기', '좋다', '이야기']"
OT6uElfCI7o,"['신원', '불분명', '신기하다']"
OT6uElfCI7o,"['뉴스', '여섯', '여름', '좋다', '있다']"
OT6uElfCI7o,"['궁금하다', '나이비스', '버추', '아니다', '가수', '아니다', '외형', '버추', '버추', '아니다', '명확하다', '구분', '안되다']"
OT6uElfCI7o,"['버추', '얼뜻', '가상', '의미', '가수']"
OT6uElfCI7o,"['엔간하다', '없다']"
OT6uElfCI7o,['실화']
OT6uElfCI7o,"['시대', '변화', '예전', '아담', '있다', '그때', '무엇', '질감', '있다', '신선하다']"
OT6uElfCI7o,"['머리색', '남예준', '노아', '밤비', '도은호', '유하', '이다', '많다', '사랑', '부탁드리다']"
OT6uElfCI7o,"['지금', '뉴스', '가장', '불편하다']"
OT6uElfCI7o,"['하츠네미쿠', '결혼', '정병', '오타쿠', '순수하다', '팬심']"
OT6uElfCI7o,"['일단', '하츠네', '미쿠', '모름', '결혼', '생활', '응원']"
OT6uElfCI7o,"['갑자기', '레즈', '커플']"
OT6uElfCI7o,"['성적', '취향', '존중']"
OT6uElfCI7o,"['은우', '잘생기다']"
OT6uElfCI7o,"['음악', '애니', '캐릭터', '좋아하다', '같다', '생각']"
OT6uElfCI7o,"['그렇다', '바이러스', '아담', '형님', '말씀', '조언']"
OT6uElfCI7o,"['실물', '진짜', '많다']"
OT6uElfCI7o,['나이비스']
OT6uElfCI7o,"['참고', '나이비스', '이다']"
OT6uElfCI7o,
OT6uElfCI7o,['좋다']
OT6uElfCI7o,"['아담', '형님']"
OT6uElfCI7o,"['시발', '세상', '발전']"
OT6uElfCI7o,"['확실하다', '세상', '속인', '중이']"
OT6uElfCI7o,"['모든', '테라', '인정']"
OT6uElfCI7o,['굳이']
OT6uElfCI7o,"['모자', '마스크', '자랑스럽다']"
OT6uElfCI7o,"['아담', '부활']"
OT6uElfCI7o,"['가수', '노력', '성실하다', '열정', '가상', '노력', '상품', '과연', '올바르다', '방향']"
OT6uElfCI7o,
OT6uElfCI7o,"['하나님', '예수님', '구원']"
OT6uElfCI7o,"['바보', '많다']"
OT6uElfCI7o,"['아담', '자식']"
OT6uElfCI7o,"['적응', '안되다']"
OT6uElfCI7o,"['가상', '괜찮다', '가상', '좋다']"
OT6uElfCI7o,"['아담', '후예']"
OT6uElfCI7o,"['새롭다', '도전', '아니다', '모션', '캡쳐']"
OT6uElfCI7o,"['사고', '일도', '없다', '다국어', '바로', '정복', '가능하다']"
OT6uElfCI7o,"['트위터', '정병', '아니다']"
OT6uElfCI7o,"['진짜', '사람', '노랗다']"
OT6uElfCI7o,['밤비']
OT6uElfCI7o,"['이분', '실물', '보신', '계시다']"
OT6uElfCI7o,"['역시', '사람', '직접', '모습', '아름답다', '인간', '모습', '없다', '만화', '마찬가지']"
OT6uElfCI7o,['아니다']
OT6uElfCI7o,"['진짜', '사람', '직접', '모습', '아름답다', '같다', '멤버', '직접', '제작', '계시다', '모션캡쳐', '기술', '통해', '실제', '사람', '방송', '실제', '사람']"
OT6uElfCI7o,
OT6uElfCI7o,"['한심하다', '한심하다']"
OT6uElfCI7o,"['이제', '오타쿠', '시대', '팩트']"
OT6uElfCI7o,"['그거', '비슷하다', '건가']"
OT6uElfCI7o,"['버츄얼', '이면']"
OT6uElfCI7o,"['아담', '사이버', '가수', '아니다']"
OT6uElfCI7o,"['세상', '몰카', '하나']"
OT6uElfCI7o,['몰카']
OT6uElfCI7o,['임영웅']
OT6uElfCI7o,"['일본', '미소녀', '캐릭터', '좋아하다', '오타쿠']"
OT6uElfCI7o,"['통신', '시절', '개인정보보호법', '없다', '그때', '사용', '사람', '공유', '동의', '개인정보', '공유', '동의', '기록', '동의', '두번째', '소개', '합법', '이면', '개인정보보호법', '강화하다', '필요', '있다', '같다', '개인정보', '악용', '기업', '조사', '필요', '있다', '같다', '버츄얼', '좋아하다', '문제', '없다', '세상', '변하다', '버츄얼', '질감', '음악', '있다', '버츄얼', '아니다', '관계', '없다', '음악', '자체', '있다', '근거', '같다', '버츄얼', '플러스', '점수', '아니다', '마이너스', '점수', '음악', '있다', '마이너스', '점수', '인지', '대해', '서요', '음악', '성은', '반박', '같다', '한국', '오타쿠', '프로그램', '시청률', '정도', '음악', '버추', '단점', '극복', '같다']"
OT6uElfCI7o,"['한심하다', '가상', '인물', '유치', '자체']"
OT6uElfCI7o,"['노래', '정말', '좋다']"
OT6uElfCI7o,['정신']
OT6uElfCI7o,"['낯선', '많다', '생각', '당신', '낯선', '설득', '숙제', '생각', '부정', '생각', '이렇다', '있다', '정도', '로만', '생각']"
OT6uElfCI7o,"['이이', '죄송하다', '무례하다', '이해해']"
OT6uElfCI7o,"['좋다', '하루']"
OT6uElfCI7o,"['아담', '후예']"
OT6uElfCI7o,"['실제', '어떻다', '작가', '목소리']"
OT6uElfCI7o,"['기대하다', '좋아하다', '아니다']"
OT6uElfCI7o,"['약간', '오타쿠', '애니', '케릭', '환장하다', '느낌', '좋아하다', '아니다']"
OT6uElfCI7o,"['오타쿠', '겨냥']"
OT6uElfCI7o,"['아담', '원조']"
OT6uElfCI7o,"['사고', '나락', '없다']"
OT6uElfCI7o,"['캐릭터', '진짜', '사람', '조금', '불편하다', '차라리', '백프로', '가짜', '라면', '몰입']"
OT6uElfCI7o,"['음지', '제발']"
OT6uElfCI7o,"['나이', '비스']"
OT6uElfCI7o,"['댓글', '댓글', '부대', '동원', '같다']"
OT6uElfCI7o,['아니다']
OT6uElfCI7o,
OT6uElfCI7o,"['노래', '목소리', '좋다', '같다', '숏츠', '캐릭터', '움직', '표정', '기괴하다']"
OT6uElfCI7o,"['낯설다', '그렇다', '같다']"
OT6uElfCI7o,"['노래', '좋다', '버츄얼', '약간', '자연스럽다', '좋다', '이상하다', '거리', '없다', '유독', '그랭']"
OT6uElfCI7o,"['사람', '거지', '비교', '프로필', '굳다', '누구', '뻔하다', '좋다', '좋다', '비교']"
OT6uElfCI7o,"['프로필', '굳다', '없다', '실력', '사람', '비교', '버츄얼', '겉모습', '한텐', '그렇다', '좋아하다', '사람', '실례', '수도', '있다', '개취']"
OT6uElfCI7o,"['재생', '목록', '있다']"
OT6uElfCI7o,"['재생', '목록', '눌린줄', '하나', '가지', '래서', '당황', '스럽다', '영상', '없다', '소린']"
OT6uElfCI7o,"['비교', '듯이', '댓글', '다시면', '관련', '없다', '감정', '는걸']"
OT6uElfCI7o,"['세상', '희다']"
OT6uElfCI7o,['맞춤법']
OT6uElfCI7o,"['세상', '노래', '한번']"
OT6uElfCI7o,"['본체', '사람', '논란', '마음', '좋아하다', '진짜', '대단하다']"
OT6uElfCI7o,"['가수', '좋아하다', '중국공산당', '얼마나', '점령', '있다', '확인', '카카오', '중국공산당', '점령', '당하다', '중국', '점차', '케이팝', '동북공정', '방해', '년전', '케이팝', '씨팝', '발악', '이번', '뉴진스', '중국', '자본', '통째', '뻔하다', '민희진']"
OT6uElfCI7o,"['라이브', '아니다', '얼마', '조작', '노래', '범죄', '이력', '사고', '수도', '없다', '굳이', '사람', '나은', '거지', '사이버가수', '라면', '아담', '루시아', '반짝', '망하다']"
OT6uElfCI7o,"['가요', '아시', '라이브', '보시', '전혀', '조작', '아니다']"
OT6uElfCI7o,"['어이', '없다', '인형', '결혼', '사람과', '똑같다']"
OT6uElfCI7o,"['말세', '말세', '세상', '어떻다']"
OT6uElfCI7o,['세상']
OT6uElfCI7o,"['집안', '있다']"
OT6uElfCI7o,"['말세', '이다']"
OT6uElfCI7o,"['세상', '자전']"
OT6uElfCI7o,"['요즘', '가요', '방향성', '홍대', '상권', '지하', '공연', '많다', '캐릭터', '버추', '많다', '걸그룹', '플레이', '보이', '그룹', '제일', '인기', '많다', '보고', '계시다', '아담', '형님']"
OT6uElfCI7o,"['보컬로이드', '거지']"
OT6uElfCI7o,"['보컬로이드', '사람', '목소리', '높낮이', '조정', '노래', '버추', '인간', '생각', '같다']"
OT6uElfCI7o,['노래']
OT6uElfCI7o,"['본인', '좋다']"
OT6uElfCI7o,"['땐데', '저런', '버츄', '리얼', '엔진']"
OT6uElfCI7o,"['리얼', '엔진']"
OT6uElfCI7o,['실패']
OT6uElfCI7o,['망하다']
OT6uElfCI7o,"['관심', '없다', '뉴스', '차단']"
OT6uElfCI7o,
OT6uElfCI7o,['일본']
OT6uElfCI7o,"['엑소', '초능력', '컨셉', '제일', '이해', '요즘', '이해', '안되다', '세상', '요지경']"
OT6uElfCI7o,"['각자', '취향', '이다', '존중']"
OT6uElfCI7o,"['노래', '론디', '나름', '노력', '같다', '기특']"
OT6uElfCI7o,"['하이브', '진짜', '각종', '매체', '바이럴']"
OT6uElfCI7o,['도대체']
OT6uElfCI7o,
OT6uElfCI7o,['끔찍하다']
OT6uElfCI7o,['바쁘다']
OT6uElfCI7o,
OT6uElfCI7o,
OT6uElfCI7o,"['실제', '과연']"
OT6uElfCI7o,['잘생기다']
OT6uElfCI7o,"['주니', '코드', '바로']"
OT6uElfCI7o,['본체']
OT6uElfCI7o,"['리주', '정전', '사이즈']"
OT6uElfCI7o,['본체']
OT6uElfCI7o,"['실제', '가수', '힘들다']"
OT6uElfCI7o,"['가수', '아니다', '성우', '아니다', '생각', '어떻다', '모습', '일지', '실제', '모습', '활동', '좋다', '같다']"
OT6uElfCI7o,"['보컬로이드', '같다', '건가', '미네', '쌍둥이', '입장', '없다', '신기하다']"
OT6uElfCI7o,"['보컬로이드', '버추', '실제', '사람', '마지막', '나이비스', '버추']"
OT6uElfCI7o,"['가상', '결혼', '도하', '점점', '퇴보']"
OT6uElfCI7o,['생방']
OT6uElfCI7o,"['뉴스', '댓글']"
OT6uElfCI7o,"['생방', '많다', '이해용']"
OT6uElfCI7o,['가짜']
OT6uElfCI7o,"['목소리', '누구']"
OT6uElfCI7o,"['목소리', '실제', '청년']"
OT6uElfCI7o,['욤병']
OT6uElfCI7o,"['멤버', '교체', '생각', '없다', '여혐', '폭력', '가사', '본인', '평소', '무슨', '생각', '가지', '있다', '그렇다', '가사', '대부분', '여성', '아무렇다']"
OT6uElfCI7o,"['뛰어나다', '팬층', '퀄리티', '높다', '개추']"
OT6uElfCI7o,"['정말', '좋다', '노래', '많다', '정말', '매력', '넘치다', '노래', '자주', '좋다', '노래', '좋다', '퀄리티', '한번', '관심', '있다', '화이팅']"
OT6uElfCI7o,"['매트릭스', '시작']"
OT6uElfCI7o,"['본체', '평생']"
OT6uElfCI7o,"['과도기', '같다', '차라리', '캐릭터', '컨셉', '목소리', '등등', '전부', '설정', '가상', '만화', '캐릭터', '생각', '버츄얼돌', '있다', '실제', '인물', '좋아하다', '성격', '서사', '등등', '저런', '가상', '좋아하다', '가상', '아니다', '실존', '인물', '대답', '실존', '인물', '캐릭터', '있다', '병크', '편하다', '라며', '사람', '한텐', '가상', '때문', '병크', '자유롭다', '대답', '모호하다', '기존', '상당하다', '거부', '같다', '기술', '애매하다', '어색하다', '지금', '노래', '괜찮다', '음원', '사이트', '결과', '좋다', '같다', '대중', '인식', '자리', '시간', '필요하다']"
OT6uElfCI7o,"['나이비스', '다르다', '시연', '사람', '있다', '때문', '일반', '리스크', '동일하다']"
OT6uElfCI7o,"['구분', '같다', '거지']"
OT6uElfCI7o,"['동년배', '좋아하다']"
OT6uElfCI7o,"['돌판', '유입', '대부분', '구분', '리스크', '있다', '때문', '리스크', '없다', '가장', '싫어하다', '그렇다']"
OT6uElfCI7o,"['해외', '버추', '인기', '엄청나다', '한국', '버추', '기술', '해외', '시장', '대단하다', '기술', '칭찬', '있다', '정작', '한국', '기술', '애매하다', '인식', '멀다', '부정', '소리', '응원', '안되다']"
OT6uElfCI7o,['뉴스']
S1bcy4h1mS8,"['영상', '출연', '출연자', '인신공격', '비난', '비방', '댓글', '삭제', '예정', '이다', '출연자', '보호', '최소한', '조치', '독자', '여러분', '양해', '부탁드리다', '스브스뉴스', '여러분', '건강하다', '의견', '교류', '권장']"
S1bcy4h1mS8,"['스브스', '최고']"
S1bcy4h1mS8,['킹애']
S1bcy4h1mS8,"['오늘', '스브스', '입덕']"
S1bcy4h1mS8,"['앨잴땍', '네이스']"
S1bcy4h1mS8,['스브스']
S1bcy4h1mS8,"['인터뷰', '소통', '핵심', '현실', '소통', '힘드다', '버츄얼', '매일', '방송', '커뮤니티', '피드백', '등등', '없다', '재밌다']"
S1bcy4h1mS8,"['소통', '인스타', '같다', '많다', '팬카페', '확률', '출현', '같다']"
S1bcy4h1mS8,"['가장', '차이', '심리', '거리', '진짜', '다른']"
S1bcy4h1mS8,"['정확하다', '보셧네']"
S1bcy4h1mS8,"['사장', '인터뷰', '잘생기다', '태평양', '어깨', '후줄근하다', '차림']"
S1bcy4h1mS8,['귀엽다']
S1bcy4h1mS8,"['그렇다', '끼끼']"
S1bcy4h1mS8,"['안녕하다', '청량하다', '년생', '세구', '이다', '스브스', '뉴스', '인터뷰', '영광', '시간', '즐겁다', '추석', '한가위']"
S1bcy4h1mS8,
S1bcy4h1mS8,"['세구', '세구', '즐겁다', '추석', '한가위']"
S1bcy4h1mS8,
S1bcy4h1mS8,
S1bcy4h1mS8,['킹애']
S1bcy4h1mS8,"['세상', '댓글', '많다', '세상', '관심', '없다']"
S1bcy4h1mS8,"['자존감', '쉽다', '방법', '결함', '찾기', '자존감', '어렵다', '방법', '결함']"
S1bcy4h1mS8,"['눈물', '추천']"
S1bcy4h1mS8,['역시']
S1bcy4h1mS8,"['정도', '송도', '기념비', '야하다']"
S1bcy4h1mS8,"['송도', '주민', '격하', '찬성']"
S1bcy4h1mS8,"['후자', '전자', '결함', '자존감', '자존감', '존중', '마음', '자위', '허영', '자존심', '안되다']"
S1bcy4h1mS8,"['좋아하다', '있다', '굳이', '혐오', '면서', '필요', '있다', '저런', '문화', '있다']"
S1bcy4h1mS8,"['나라', '아니다']"
S1bcy4h1mS8,"['똑같다', '끼리', '우월감']"
S1bcy4h1mS8,['육수']
S1bcy4h1mS8,"['바오', '도축업', '나라']"
S1bcy4h1mS8,"['별로', '이렇다', '댓글', '자기', '생각', '응원', '산국', '응원', '다시', '음지']"
S1bcy4h1mS8,"['기자', '좋다', '컴퓨터', '지급', '기원']"
S1bcy4h1mS8,
S1bcy4h1mS8,"['기자', '똥컴']"
S1bcy4h1mS8,"['안튕기는', '다행', '일정', '도로']"
S1bcy4h1mS8,"['나라', '컴퓨터', '지원', '정도']"
S1bcy4h1mS8,"['스브스', '컴좀']"
S1bcy4h1mS8,['개똥컴']
S1bcy4h1mS8,
S1bcy4h1mS8,
S1bcy4h1mS8,
S1bcy4h1mS8,['스브스우리']
S1bcy4h1mS8,"['사실', '매력', '자기', '좋다', '생각', '없다', '자기', '좋아하다', '좋아하다', '사람', '많다', '슬프다', '따름']"
S1bcy4h1mS8,"['마인드', '멋지다']"
S1bcy4h1mS8,"['진짜', '멋지다']"
S1bcy4h1mS8,
S1bcy4h1mS8,
S1bcy4h1mS8,"['정치', '정말', '잼병', '모름', '정치', '관심', '없다', '한적', '없다']"
S1bcy4h1mS8,['긴장']
S1bcy4h1mS8,"['악플', '내비', '이번', '영상', '날카롭다', '많다', '실제', '이상하다', '사람', '많다', '다르다', '우욱', '거리', '사람', '프사', '있다', '유입', '사람', '제발', '유하', '굴자']"
S1bcy4h1mS8,"['잼민', '신고']"
S1bcy4h1mS8,"['과도기', '비판', '사람', '많다', '없다', '무시', '자기', '가면', '서로', '피해', '거의', '없다']"
S1bcy4h1mS8,
S1bcy4h1mS8,"['게인', '릴스', '용띠', '김띠용', '사건', '하루', '사람', '보고', '용띠', '있다']"
S1bcy4h1mS8,"['정상', '사랑', '정상', '악플', '비난', '비정상']"
S1bcy4h1mS8,
S1bcy4h1mS8,
S1bcy4h1mS8,"['불만', '악플', '비난', '비정상', '거지', '호불호', '개개인', '선택', '비호감', '작다', '소리']"
S1bcy4h1mS8,"['조용하다', '있다', '일부러', '그렇다']"
S1bcy4h1mS8,"['지금', '버튜버', '판이', '사람', '시선', '게뭐', '세상', '반응', '있다', '간단하다', '표현', '좋아하다', '사랑', '생각', '사랑', '표현', '버튜버', '애초', '서브컬쳐', '느낌', '강하다', '가지', '의견', '분하다', '있다', '있다', '생각', '무분별', '악플', '비난', '있다', '때문', '표현', '비호', '감작', '이해', '객관', '그렇다', '악플', '의미', '아니다']"
S1bcy4h1mS8,"['장훈', '이형', '튽훈', '처음', '관객', '진짜', '열정', '함성', '매력', '튽훈', '항상', '응원']"
S1bcy4h1mS8,"['여러분', '생방', '유튜브', '오시', '현상', '거의', '없다', '생각', '컴터', '읍읍']"
S1bcy4h1mS8,"['그렇다', '응원', '사람', '응원', '하라', '이렇다', '있다', '별로', '서로', '보기', '좋다']"
S1bcy4h1mS8,"['선빵', '있다', '선빵', '정당방위', '어쩌']"
S1bcy4h1mS8,"['있다', '신고', '하라', '악플', '댓글', '까들', '먹이', '선플', '댓글', '아니다', '신고']"
S1bcy4h1mS8,"['의견', '다른', '아니다', '무지', '다르다']"
S1bcy4h1mS8,"['일상생활', '재미', '로만', '덕질', '비슷하다', '생각', '저런', '문화', '사람', '있다', '넓다', '마음', '이해해', '주시', '같다', '나쁘다', '아니다']"
S1bcy4h1mS8,"['좋다', '사람', '사실', '처음', '노랗다', '아저씨', '좋아하다']"
S1bcy4h1mS8,['이자']
S1bcy4h1mS8,['팩트']
S1bcy4h1mS8,"['복면', '시청자', '소통', '가능하다', '생각', '이해', '편하다']"
S1bcy4h1mS8,"['평범하다', '소개', '갑자기', '인터뷰', '놀란', '개추']"
S1bcy4h1mS8,"['사람', '착각', '그림', '아바타', '좋다', '그렇다', '현실', '대부분', '사람', '실제', '보기', '힘드다', '화면', '이쁘다', '사람', '좋아하다', '각자', '매력', '있다', '때문', '아니다', '그게', '외모', '수도', '있다', '개성', '실력', '때문', '수도', '있다', '버츄얼', '똑같다', '생각', '무엇', '딱하다', '관심', '없다', '우연찮', '좋아하다', '깜짝', '어디', '이노', '좋다', '누구', '노래', '키딩', '락다운', '사람', '편견', '마주']"
S1bcy4h1mS8,"['인터뷰', '좋다', '도대체', '얼마나', '오래되다', '컴퓨터', '인터뷰', '게임', '프레임', '아니다', '접속', '저런', '프레임', '심각하다', '만약', '다음', '기회', '좋다', '컴퓨터', '사용', '어떻다', '처음', '기술', '수준', '불안정하다', '수준', '오해', '걱정']"
S1bcy4h1mS8,"['릴파님', '오프라인', '단독', '콘서트', '성황리', '마무리', '성지순례']"
S1bcy4h1mS8,"['버튜버', '특성', '유명하다', '수록', '사람', '휙휙', '횟수']"
S1bcy4h1mS8,"['진입', '장벽', '높다', '만큼', '없다']"
S1bcy4h1mS8,"['처음', '정말', '거부', '사람', '항상', '모습', '정이', '없다']"
S1bcy4h1mS8,"['굳다', '옛날', '인방판', '참신하다', '획기', '아이디어', '컨텐츠', '종종', '꾸준하다', '롱런', '이유', '있다', '버튜버', '그룹', '대성']"
S1bcy4h1mS8,"['확실하다', '나라', '망신']"
S1bcy4h1mS8,"['부모', '망신']"
S1bcy4h1mS8,['아이']
S1bcy4h1mS8,
S1bcy4h1mS8,"['빌보드', '코리아', '멜론', '차트', '망신', '인생', '그거', '높다', '업적', '인정']"
S1bcy4h1mS8,"['매력', '오디션', '이어진', '스토리', '재밌다', '버들', '착하다', '재밌다', '거부', '악플러', '이해', '저렇다']"
S1bcy4h1mS8,"['역시', '스토리']"
S1bcy4h1mS8,"['적응', '안되다', '낯설다', '긍정', '반응', '사람', '이해', '진짜', '이해', '안감', '스트레스']"
S1bcy4h1mS8,"['쿠모린린', '세상', '많다']"
S1bcy4h1mS8,"['진짜', '많다', '동안', '상상', '이상']"
S1bcy4h1mS8,"['갱생', '대선', '이제', '그렇다', '흑역사', '치부']"
S1bcy4h1mS8,"['댓글', '일반인', '아니다', '커뮤', '망령', '안티', '어그']"
S1bcy4h1mS8,['답임']
S1bcy4h1mS8,"['요즘', '유입', '사람', '많다']"
S1bcy4h1mS8,"['군인', '이번', '공연', '다음', '더욱더', '유명하다', '단콘', '그땐', '일이', '있다', '참여', '사랑']"
S1bcy4h1mS8,"['항상', '고생', '많다', '조심', '전역']"
S1bcy4h1mS8,['수고']
S1bcy4h1mS8,"['항상', '화이팅']"
S1bcy4h1mS8,
S1bcy4h1mS8,['단콘']
S1bcy4h1mS8,"['스브스', '출연', '모든', '아티스트', '페스티벌', '낯설다', '참가', '모두', '모두', '참가', '아티스트', '저희', '좋다', '기쁘다', '다른', '편견', '그렇다', '이쁘다', '수정']"
S1bcy4h1mS8,"['자기', '발주', '명성', '강탈', '주제', '인지도', '이하', '생략']"
S1bcy4h1mS8,['이쁘다']
S1bcy4h1mS8,"['이다', '한번', '같다']"
S1bcy4h1mS8,"['객관', '거지', '말귀', '멍청이', '아니다', '사람', '후자']"
S1bcy4h1mS8,"['처음', '보시', '단순하다', '캐릭터', '오해', '있다', '화면', '너머', '사람', '있다', '다재다능하다', '매력', '사람', '만큼', '많다', '대해', '진심', '행복하다', '같다', '고맙다', '스브스']"
S1bcy4h1mS8,"['실베', '아니다', '복면']"
S1bcy4h1mS8,"['마술', '생각', '편하다', '같다', '관객', '트릭', '트릭', '트릭', '좋다', '때문']"
S1bcy4h1mS8,"['복면', '느낌', '사람', '정체', '음으로', '오히려', '진짜', '사람', '실력', '매력', '집중', '아무나', '있다', '아니다', '있다', '안보', '아바타', '예쁘다', '버튜버들', '많다', '좋아하다', '매력', '상당하다', '소리']"
S1bcy4h1mS8,"['콘서트', '무대', '노래', '가요']"
S1bcy4h1mS8,"['미리', '녹음', '조금']"
S1bcy4h1mS8,"['진짜', '아무나', '억지로', '한번', '야하다', '없다']"
S1bcy4h1mS8,"['그렇다', '실패하다', '버츄얼', '통해', '새롭다', '기회', '좋다', '같다']"
S1bcy4h1mS8,"['연습생', '데뷔', '불안하다', '지원', '그룹', '응원', '팀임']"
S1bcy4h1mS8,['별처럼']
S1bcy4h1mS8,"['별처럼', '돌판', '사람', '버츄얼', '무작정', '응원']"
S1bcy4h1mS8,"['별처럼', '연습생', '망돌', '버츄얼', '다시', '데뷔', '건디']"
S1bcy4h1mS8,"['연습생', '버츄얼', '데뷔']"
S1bcy4h1mS8,"['일단', '주류', '거나', '유행', '아니다', '습성', '있다']"
S1bcy4h1mS8,"['컴퓨터', '하나', '진짜']"
S1bcy4h1mS8,
S1bcy4h1mS8,"['아예', '게임', '자체']"
S1bcy4h1mS8,
S1bcy4h1mS8,['이름']
S1bcy4h1mS8,"['이름', '정도']"
S1bcy4h1mS8,"['노래', '좋다', '제일', '기여', '같다', '요즘', '살짝', '양산', '느낌', '같다', '거기', '다가', '좋다', '노래', '입덕']"
S1bcy4h1mS8,"['진짜', '스브스', '미치다', '진짜']"
S1bcy4h1mS8,"['단순하다', '캐릭터', '좋아하다', '스토리', '감동', '반하다', '응원', '역시', '스토리', '화이팅']"
S1bcy4h1mS8,"['내일', '이면', '개추']"
S1bcy4h1mS8,"['고정관념', '거부', '살짝', '이렇다', '재미', '있다', '매력', '있다', '생각', '듭니']"
S1bcy4h1mS8,"['존중', '당당하다', '있다', '그날', '성장하다', '이다']"
S1bcy4h1mS8,"['진짜', '단순하다', '컨텐츠', '시작', '프로젝트', '점점', '성장하다', '많다', '좋다', '모습', '있다', '같다', '좋다', '엄청나다', '버팀목', '굳다', '항상', '좋다', '모습', '저희', '덕분', '많다', '많다', '에너지', '있다']"
S1bcy4h1mS8,['우욱']
S1bcy4h1mS8,"['처음', '그렇다']"
S1bcy4h1mS8,"['버튜버', '문제', '아니다', '멤버', '개개인', '전과', '문제']"
S1bcy4h1mS8,"['그렇다', '아니다', '만약', '실물', '오크라', '좋아하다', '생각']"
S1bcy4h1mS8,"['예쁘다', '본전', '평타', '손해']"
S1bcy4h1mS8,"['정말', '자랑스럽다', '처음', '보시', '있다', '이렇다', '있다', '생각', '주시', '화이팅']"
S1bcy4h1mS8,['화이팅']
S1bcy4h1mS8,
S1bcy4h1mS8,
S1bcy4h1mS8,"['신우', '부계']"
S1bcy4h1mS8,
S1bcy4h1mS8,"['대가', '관심', '없다', '서태지', '박진영', '컨셉', '잡고', '연예', '처음', '바하', '마르다', '희한하다', '컨셉', '좋아하다', '성공하다', '된거', '꿋꿋하다', '밀고', '기술', '발전', '성과', '아니다', '시대', '스르', '일인', '거지']"
S1bcy4h1mS8,"['처음', '마냥', '버츄', '어느새다', '그렇다', '편견', '끊임없다', '컨텐츠', '노력', '멋지다', '모습', '보고', '대단하다', '생각', '있다', '화이팅']"
S1bcy4h1mS8,"['실물', '새끼', '연애', '한번']"
S1bcy4h1mS8,"['솔직하다', '어떻다', '사람', '좋아하다', '그것', '범죄', '아니다', '입다', '제갈', '가면', '생각']"
S1bcy4h1mS8,"['외면', '아니다', '사람', '차체', '내면', '좋아하다', '생각']"
S1bcy4h1mS8,"['아니다', '버츄얼', '이상', '보고', '눈살', '아니다', '존중', '좋다']"
S1bcy4h1mS8,"['음지', '해도', '압도', '조회', '너희', '사실', '관심', '있다']"
S1bcy4h1mS8,"['할머니', '컴퓨터', '느낌']"
S1bcy4h1mS8,"['처음', '보시', '사람', '처음', '조금', '위화', '건전하다', '방송', '지향', '이쁘다']"
S1bcy4h1mS8,"['이렇다', '처음', '신기하다', '있다', '세상', '음뭐', '좋다']"
S1bcy4h1mS8,['펜치']
S1bcy4h1mS8,"['함부로', '멸시', '교훈', '사람', '세상', '노력', '굳다', '보고', '처음', '그거', '잼민', '아니다', '지난', '지금', '시간', '스밍', '방도']"
S1bcy4h1mS8,['이쁘다']
S1bcy4h1mS8,"['매일', '언제', '아름답다', '보석', '진짜', '매일', '방송', '고맙다', '사랑']"
S1bcy4h1mS8,
S1bcy4h1mS8,
S1bcy4h1mS8,
S1bcy4h1mS8,"['자랑스럽다', '쭉쭉', '생방송', '음악프로그램', '출연', '성사']"
S1bcy4h1mS8,"['년전', '사업', '내용', '도나', '메타', '버스', '코인', '주식', '사람', '좋아하다', '콘서트', '정도', '결과물', '처음', '같다', '노래', '좋다', '좋다']"
S1bcy4h1mS8,
S1bcy4h1mS8,"['안보', '사랑', '굳다']"
S1bcy4h1mS8,"['굳다', '보고', '사랑', '굳다', '사랑']"
S1bcy4h1mS8,"['거제', '작자', '원픽', '르르땅인거같닼']"
S1bcy4h1mS8,"['가상현실', '기술', '발전', '메타', '버스', '단어', '가장', '표현', '더욱', '기대', '컨텐츠', '같다', '처음', '어렵다', '도전', '대단하다', '멋있다']"
S1bcy4h1mS8,"['이렇다', '있다', '혐오', '있다', '이렇다', '딱하다', '생각', '그렇다', '혐일', '젠더', '문제', '레전드']"
S1bcy4h1mS8,"['혐오', '조장', '항상', '일단', '조직', '무리', '있다', '경우', '많다', '그거', '있다', '중국']"
S1bcy4h1mS8,"['이번', '뉴스', '통해', '새롭다', '시대', '빠르다', '만큼', '인식', '또한', '멋지다', '미래', '응원']"
S1bcy4h1mS8,['이후']
S1bcy4h1mS8,"['현장', '콘서트', '이번', '최고']"
S1bcy4h1mS8,"['점차', '많다', '사람', '간다', '뿌듯하다', '흔하다', '덕질', '개념', '좋아하다', '모두', '같다', '때문', '마음', '이해', '좋아하다', '따름', '이다', '버츄', '가장', '장점', '소통', '있다', '실시간', '소통', '다양하다', '컨텐츠', '통해', '청자', '공감', '있다', '요소', '많다', '관심', '부탁드리다']"
S1bcy4h1mS8,"['정신차려라', '예쁘다']"
S1bcy4h1mS8,"['디씨', '검색', '예쁘다', '생각', '없다', '입증']"
S1bcy4h1mS8,"['예쁘다', '굳이', '공개', '필요없다', '안해', '버는데']"
S1bcy4h1mS8,"['예쁘다', '연기', '망하다', '경우', '많다', '저쪽', '동네', '예쁘다', '노래', '망하다']"
S1bcy4h1mS8,"['그렇다', '소리']"
S1bcy4h1mS8,"['쭈욱', '승승장구', '스브스', '자랑스럽다']"
S1bcy4h1mS8,
S1bcy4h1mS8,"['스브스', '진출', '이번', '고생', '많다', '높다', '세상', '화이팅', '항상', '응원', '스브스', '기자']"
S1bcy4h1mS8,"['진짜', '성공', '확률', '퍼센트', '안되다', '이렇다', '성공하다', '진짜', '자랑스럽다']"
S1bcy4h1mS8,"['우린', '저기', '계시다', '사람', '좋아하다', '연예인', '어떻다', '사람', '사람', '사람', '본인', '행복하다', '같다', '긍정', '는걸', '저희', '있다', '파이팅']"
S1bcy4h1mS8,"['아프다', '사람', '아니다']"
S1bcy4h1mS8,"['그거', '소개', '아니다']"
S1bcy4h1mS8,['시대']
S1bcy4h1mS8,"['쉴드', '난리', '게이']"
S1bcy4h1mS8,"['사람', '시비', '아니다', '진심', '궁금하다']"
S1bcy4h1mS8,"['힘들다', '마다', '있다', '만큼', '영향력', '매우', '뛰어나다', '생각', '정말', '정말', '자랑스럽다', '좋다', '노래', '방송', '모두', '기쁘다']"
S1bcy4h1mS8,['아이']
S1bcy4h1mS8,"['버츄얼', '좋다', '사례', '좋다', '이렇다', '사례', '시작', '케이팝', '새롭다', '문화', '정착']"
S1bcy4h1mS8,"['진짜', '미치다', '스토리', '진짜', '마네', '명언', '연전', '연승']"
S1bcy4h1mS8,"['역사', '관통', '마네쟈', '명언']"
S1bcy4h1mS8,"['스브스', '진출', '최고다']"
S1bcy4h1mS8,"['그래픽', '있다', '실제', '사람', '사생활', '스토킹', '당하다', '없다', '장점']"
S1bcy4h1mS8,"['그것', '확실하다']"
S1bcy4h1mS8,"['버츄얼', '처음', '보지', '지음', '매력', '있다', '좋다', '활동', '기대', '킹애']"
S1bcy4h1mS8,"['부정', '시각', '하나', '이자', '문화', '존중', '사랑']"
S1bcy4h1mS8,"['메타', '버스', '생소하다', '거부', '사실', '메타', '버스', '통한', '직업', '다양성', '긍정', '사례', '생각', '가상세계', '어떻다', '생각']"
S1bcy4h1mS8,['시즌']
S1bcy4h1mS8,"['와꾸텽', '하루하루', '기쁘다', '나날', '이다']"
S1bcy4h1mS8,['안녕하다']
S1bcy4h1mS8,
S1bcy4h1mS8,"['스트리머', '컨텐츠', '시작', '오디션', '데뷔', '여정', '방식', '다르다', '오디션', '프로그램', '결성', '현실', '다르다', '없다', '분명하다', '한계', '있다', '정말', '대단하다']"
S1bcy4h1mS8,"['실시간', '소통', '강점']"
S1bcy4h1mS8,"['버튜버', '인방', '하나', '수단', '자리', '노래', '버튜버', '자연스럽다', '현상', '같다']"
S1bcy4h1mS8,"['좋아하다', '씹덕', '오타쿠', '오타쿠', '좋다', '의미', '있다', '몰두하다', '사람', '아이브', '세라핌', '에스', '좋아하다', '오타쿠', '단지', '처음', '문화', '거부', '노래', '좋다', '예능', '방송', '재미있다', '좋아하다']"
S1bcy4h1mS8,"['진짜', '성장하다', '메타', '버스', '페스티벌', '무엇', '신기하다', '진짜', '버츄얼', '캐릭터', '한국', '생각', '화이팅', '이다']"
S1bcy4h1mS8,"['어디', '성장하다']"
S1bcy4h1mS8,"['누굴', '좋아하다', '자유', '존중', '근대', '매력', '좋아하다']"
S1bcy4h1mS8,"['악성댓글', '회수']"
S1bcy4h1mS8,"['공중파', '음악프로그램', '진출', '진심', '응원']"
S1bcy4h1mS8,"['자랑스럽다', '승승장구', '행복하다', '일만', '가득하다']"
S1bcy4h1mS8,"['많다', '인방', '악플', '반드시', '존재', '이유', '본인', '게임', '커뮤', '직업', '몰입', '정작', '수입', '방송', '열등감', '악플러']"
S1bcy4h1mS8,"['아미가', '응원']"
S1bcy4h1mS8,"['아미', '주간', '인기상', '서로', '칭찬', '좋다', '기억', '남아']"
S1bcy4h1mS8,
S1bcy4h1mS8,"['아미', '사랑']"
S1bcy4h1mS8,"['아미', '인정']"
S1bcy4h1mS8,"['아미', '착하다', '멜론', '주간', '인기상', '선의', '경쟁', '항상']"
S1bcy4h1mS8,"['여러분', '버추', '싫다', '좋다', '하든', '찬양', '하든', '그게', '중요하다', '지금', '핵심', '문제', '시대', '버추', '메타', '버스', '이제', '대중', '이익', '상품', '가치', '시장', '확장', '정말', '기쁘다', '소식', '아니다', '끝물', '생각', '주가', '비싸다', '투자', '산업', '얼마나', '많다', '현생', '덕질', '이렇다', '낭비하다', '시간', '없다', '여러분', '투자', '세상', '기회', '있다', '잡지', '결론', '없다', '의미', '없다', '싸움', '시간', '낭비하다', '투자', '있다', '산업']"
S1bcy4h1mS8,"['화이팅', '건강하다', '행복하다', '활동', '응원']"
S1bcy4h1mS8,"['시대', '변화', '있다', '기회']"
S1bcy4h1mS8,"['이렇다', '있다', '요즘', '메타', '버스', '거리', '더니', '이렇다', '세상', '발전', '기분', '킹애']"
S1bcy4h1mS8,"['항상', '노력', '성장하다', '모습', '아름답다', '항상', '행복하다', '좋다']"
S1bcy4h1mS8,"['자신', '익숙하다', '이상하다', '생각', '이렇다', '문화', '있다', '단지', '누군가', '익숙', '좋아하다', '그것', '비난', '그것', '혐오', '불과하다', '새롭다', '문화', '과도기', '누군가', '사랑', '대상', '항상', '행복하다']"
S1bcy4h1mS8,"['기자', '컴터', '제발']"
S1bcy4h1mS8,"['열광하다', '궁금하다', '마디', '설명', '스토리', '마디', '설명', '가능하다']"
S1bcy4h1mS8,"['스토리', '그렇다', '그거', '깊이', '공감', '마디네']"
S1bcy4h1mS8,"['릴파', '스토리', '영화', '하나로', '뚝딱', '흙흙']"
S1bcy4h1mS8,['스토리']
S1bcy4h1mS8,
S1bcy4h1mS8,"['안타깝다', '이해']"
S1bcy4h1mS8,"['기자', '컴퓨터', '힘들다', '인터뷰', '정말']"
S1bcy4h1mS8,"['서사', '감동', '항상', '응원', '파이팅']"
S1bcy4h1mS8,"['사람', '있다']"
S1bcy4h1mS8,"['버츄얼', '문화', '생소하다', '낯설다', '문화', '다양성', '존중', '성숙하다', '문화', '자리', '좋다', '스브스', '뉴스']"
S1bcy4h1mS8,"['공중파', '뉴스', '채널', '좋다', '아니다', '아쉽다', '단계', '생각', '화이팅', '분야', '유명하다', '사람', '인증']"
S1bcy4h1mS8,"['버튜버', '문제', '아니다', '한국', '여자', '같다', '버튜버', '문제', '외국', '그렇다', '페미', '군대', '한국', '여자', '버튜버', '역겹다', '제발', '외국', '여자', '버튜버판', '좋다', '한국', '여자', '우웩']"
S1bcy4h1mS8,"['같다', '같잖다', '편견', '때문', '국내', '다양성', '존재', '힘드다', '당연하다', '남성', '군비', '여성', '모든', '한국', '여자', '일반', '주변', '여자', '어머니', '한국', '여자', '페미']"
S1bcy4h1mS8,['소리']
S1bcy4h1mS8,"['자랑스럽다', '영원하다']"
S1bcy4h1mS8,"['시대', '빠르다', '변하다', '나이', '색안경']"
S1bcy4h1mS8,"['년대', '바둑기사', '년대']"
S1bcy4h1mS8,"['화이팅', '많다']"
S1bcy4h1mS8,"['점점', '성장하다', '모습', '감격', '스럽다', '최고', '페스티벌', '파이팅', '추석', '선물']"
S1bcy4h1mS8,
S1bcy4h1mS8,"['음지', '대중', '양지', '어떡하다']"
S1bcy4h1mS8,
S1bcy4h1mS8,
S1bcy4h1mS8,['음지']
S1bcy4h1mS8,"['자랑스럽다', '쭉쭉', '상승세', '기록']"
S1bcy4h1mS8,"['진짜', '사람', '아바타']"
S1bcy4h1mS8,"['난닝구', '차림', '손님', '맞이', '사장']"
S1bcy4h1mS8,
S1bcy4h1mS8,"['처음', '가수', '임영웅', '비비', '생각', '생각', '팬미팅', '없다', '노래', '위주', '같다', '잡덕', '수준', '임영웅', '방탄', '차이', '없다', '생각', '신기하다', '최근', '작곡', '더하다', '나위', '없다', '오히려', '마찬가지', '입장', '기획', '진행', '능력', '일반', '나은', '점도', '확실하다', '있다', '기술', '발전', '자기', '파트', '안무', '숙지', '몇몇', '노래', '립싱크', '지금', '모션', '싱크', '있다', '생각', '최근', '키딩', '그렇다', '모습', '응원', '있다', '기술', '발전', '동시', '합동', '안무', '콘서트', '실시간', '소통', '가능하다', '기원', '오늘', '나은', '내일', '응원']"
S1bcy4h1mS8,"['처음', '버츄얼', '좋아하다', '가상', '좋아하다', '있다', '멤버', '인간', '따뜻하다', '아바타', '좋아하다', '있다', '진심', '그룹', '응원', '마음', '아바타', '있다', '따뜻하다', '사람', '같다']"
S1bcy4h1mS8,"['지금', '생각', '뉴스', '대단하다']"
S1bcy4h1mS8,"['저기', '사람']"
S1bcy4h1mS8,"['현재', '아니다', '대한민국', '세대', '메타', '버스', '국민', '기원', '생방송', '음악', '프로그램', '출연', '성사']"
S1bcy4h1mS8,"['댓글', '주누', '힘들다']"
S1bcy4h1mS8,"['있다', '씹덕', '같다', '이세']"
S1bcy4h1mS8,"['표현', '과장', '씹덕', '있다', '수가', '아니다', '팬덤', '어마어마하다', '있다']"
S1bcy4h1mS8,['저희']
S1bcy4h1mS8,"['취존좀', '욀케', '악플', '많다', '시대', '변하다', '이렇다', '있다']"
S1bcy4h1mS8,"['자랑스럽다', '건강하다', '오래오래', '좋다', '모습', '화이팅']"
S1bcy4h1mS8,"['여러분', '지난', '짧다', '시간', '동안', '좋다', '일도', '힘드다', '일도', '많다', '끝내', '페스티벌', '무대', '시청자', '영상', '회수', '숫자', '로만', '서로', '실재', '확인', '좋다', '추억', '같다', '보기', '좋다', '주류', '비주류', '열정', '노력', '사람', '사람', '격려', '사람', '응원', '마땅하다']"
S1bcy4h1mS8,"['어체쓰면', '사람', '퍼울', '나라', '망하다', '순수', '악플', '여러분', '악플', '또한', '널리', '있다', '대응']"
S1bcy4h1mS8,"['이렇다', '년전', '이해', '시대', '생각']"
S1bcy4h1mS8,"['저희', '좋아하다', '인터뷰', '스브스', '화이팅', '화이팅']"
S1bcy4h1mS8,"['활동', '모습', '사랑', '없다', '오래오래', '행복하다', '항상', '응원', '사랑']"
S1bcy4h1mS8,"['관심', '모든', '감사', '응원', '입장', '요즘', '하루하루', '같다', '화이팅']"
S1bcy4h1mS8,"['노래', '한번', '입덕', '버튜버', '락다운', '몇번', '반복']"
S1bcy4h1mS8,"['처음', '팬덤', '버추', '문화', '자리', '이렇다', '유명하다', '킹애', '이하', '활동', '화이팅', '이다']"
S1bcy4h1mS8,"['처음', '아니다']"
S1bcy4h1mS8,"['릴파님', '다한', '다행', '그대', '행복하다']"
S1bcy4h1mS8,['자랑스럽다']
S1bcy4h1mS8,"['버튜버', '만화', '애니메이션', '캐릭터', '다르다', '진짜', '사람', '활동']"
S1bcy4h1mS8,"['영상', '자체', '깔끔하다', '인터뷰', '질문', '답변', '좋다', '건강하다', '서로', '존중', '모습', '정말', '보기', '좋다', '스브스', '고맙다']"
S1bcy4h1mS8,"['노래', '누구', '있다', '장점', '때문', '노래', '사람', '수두', '이렇다', '사람', '버츄얼', '희망', '있다', '같다']"
S1bcy4h1mS8,"['사랑', '영원', '하자']"
S1bcy4h1mS8,"['항상', '똑같다', '레퍼토리', '우욱', '몰카', '도태', '어디']"
S1bcy4h1mS8,"['버추', '사실', '일반', '생소하다', '접근성', '다소', '바로', '이해', '힘드다', '정상', '다만', '방이', '우후죽순', '생기며', '게임', '유행', '시작', '도대체', '하루', '종일', '어두컴컴하다', '자판', '재밌다', '있다', '사람', '많다', '많다', '사람', '취미', '일상', '위화', '자리', '버추', '개념', '현재', '과도기', '미래엔', '사람', '일상', '흔하다', '취미', '하나로', '자리', '수도', '있다', '생각', '듭니', '상당수', '새롭다', '화란', '변화', '적응', '빠르다', '젊다', '세대', '위주', '과학', '산업', '발전', '만큼', '젊다', '세대', '취미', '유행', '다른', '문화', '과정', '실시간', '있다', '흥미롭다', '많다', '사람', '페스티벌', '행복하다', '모습', '보기', '좋다', '아주', '이다', '킹애']"
S1bcy4h1mS8,
S1bcy4h1mS8,"['최강', '장점', '무한', '소통', '매일', '버들', '소통', '즐겁다', '시간', '누구', '많다', '사랑', '생각', '화이팅']"
S1bcy4h1mS8,"['릴파님', '스토리', '언제', '어도', '저희', '기쁘다', '버거', '음악', '방송', '진출', '좋다', '화이팅']"
S1bcy4h1mS8,"['멤버', '각자', '매력', '있다', '개성', '있다', '좋다', '같다', '응원']"
S1bcy4h1mS8,['미치다']
S1bcy4h1mS8,"['대부분', '댓글', '사람', '구독', '목록', '다른', '버튜', '버들', '있다', '투명하다']"
S1bcy4h1mS8,"['그거', '갈라치']"
S1bcy4h1mS8,"['팬덤', '끼리', '있다', '대박']"
S1bcy4h1mS8,['판때기']
S1bcy4h1mS8,"['쓰리데이즈', '이렇다', '좋다']"
S1bcy4h1mS8,"['파이팅', '영원하다']"
S1bcy4h1mS8,"['버추', '인기', '이유', '방송', '있다', '생각', '사람', '캐릭터', '매번', '방송', '사람', '트위치', '유튜버', '게임', '도하', '토크', '콘서트', '어질다', '연예인', '친밀', '다르다']"
S1bcy4h1mS8,"['자기', '좋아하다', '진심', '사람', '자기', '이해', '무지', '사람', '정상', '생각']"
S1bcy4h1mS8,
S1bcy4h1mS8,"['쿠직', '프사', '투명하다']"
S1bcy4h1mS8,"['쿠직', '편견', '과거', '같다']"
S1bcy4h1mS8,"['쿠모린린', '씹덕', '자랑']"
S1bcy4h1mS8,"['폭력', '이해', '사람', '이해', '없다', '쿠쿠', '정상', '이다']"
S1bcy4h1mS8,"['각자', '매력', '순간', '구독', '음원', '사이트', '구독', '처음', '콘서트', '콘서트장', '열기', '정말', '즐겁다', '사랑', '르르땅', '사랑']"
S1bcy4h1mS8,"['동시', '있다', '대성공']"
S1bcy4h1mS8,"['업무', '컴터', '업글', '개심', '텔포', '진짜']"
S1bcy4h1mS8,"['야머', '취재', '고맙다', '화이팅']"
S1bcy4h1mS8,"['진짜', '엄청나다', '성장', '좋다']"
S1bcy4h1mS8,"['진짜', '영원하다', '좋다']"
S1bcy4h1mS8,"['회사', '컴퓨터', '하나', '장만', '심해']"
S1bcy4h1mS8,"['똥컴', '아니다']"
S1bcy4h1mS8,"['글카', '내장', '그렇다', '같다']"
S1bcy4h1mS8,"['스브스뉴스', '진짜', '개인', '스트리머', '컨텐츠', '하나로', '시작', '서사', '추억', '이제', '자랑', '좋다', '기사', '취재']"
S1bcy4h1mS8,"['세상', '상대로', '몰카', '중인', '건가']"
S1bcy4h1mS8,['뉴스']
S1bcy4h1mS8,"['사랑', '응원', '좋다', '일만', '가득하다', '모험', '응원']"
S1bcy4h1mS8,['사랑']
S1bcy4h1mS8,"['현실', '실패', '기회', '나이', '제한', '없다', '활동', '사생활', '보호', '한편', '가상', '좋아하다', '우려', '대부분', '현실', '가상', '정도', '분할수', '있다', '사람', '생각', '원래', '항상', '새롭다', '문화', '생기', '우려', '목소리', '생기', '마련', '가상', '뮤직뱅크', '있다', '세상', '어찌', '변하다', '뭔가']"
S1bcy4h1mS8,"['처음', '와인', '지금', '마등', '자랑스럽다']"
S1bcy4h1mS8,"['페스티벌', '쓰레기', '처리', '팬덤', '진짜', '아름답다', '광경', '얐습']"
S1bcy4h1mS8,"['솔직하다', '개인', '진짜', '이해', '익숙하다', '직하다', '좋아하다', '사람', '좋아하다', '이유', '없다', '생각', '그렇다', '있다', '존중', '좋다', '문화', '생각', '오히려', '이해', '생각', '이드', '편견', '가지', '있다', '생각', '편이']"
S1bcy4h1mS8,
S1bcy4h1mS8,"['좋아하다', '좋아하다', '애니', '사람', '좋아하다', '다른', '사람', '존중', '과거', '후회', '스럽다']"
S1bcy4h1mS8,
S1bcy4h1mS8,"['당연하다', '가족', '정치', '쌩판']"
S1bcy4h1mS8,"['차원', '쥰내', '화이팅', '항상', '응원', '사랑']"
S1bcy4h1mS8,"['부분', '운영', '불편하다', '있다', '최애', '있다']"
S1bcy4h1mS8,"['성장하다', '계속', '응원', '오래오래', '즐겁다', '시간', '아름답다', '추억', '있다', '포에버', '음악', '방송']"
S1bcy4h1mS8,"['양지', '아니다', '우린', '음지', '테헹']"
S1bcy4h1mS8,"['자랑스럽다', '음악', '생방송', '그날', '응원']"
S1bcy4h1mS8,"['중간', '브챗', '인터뷰', '상당하다', '똥컴']"
S1bcy4h1mS8,"['멋지다', '진짜', '가수', '멋지다', '오래오래', '아티스트', '멋지다', '정말', '감사', '인터뷰', '웃기', '진짴', '인터뷰', '상보', '굳다', '오히려', '무난', '사랑', '릴파넴', '입덕', '부터', '당당하다', '버겁다', '야망']"
S1bcy4h1mS8,"['끼리', '즐길껀데', '악플', '솔직하다', '입덕', '부정', '아니다']"
S1bcy4h1mS8,"['처음', '어색하다', '편견', '거리', '인터뷰', '소개', '스브스', '뉴스', '처음', '어색하다', '좋다', '노래', '좋다', '컨텐츠', '가득하다', '더욱', '발전', '모습', '기대', '페스티벌', '감동']"
S1bcy4h1mS8,['우욱']
S1bcy4h1mS8,"['외국', '여자', '버튜버하', '그렇다', '페미', '군대', '한국', '여자', '버튜버', '없다', '제발', '외국', '여자', '버튜버판', '좋다', '한국', '여자']"
S1bcy4h1mS8,['여혐']
S1bcy4h1mS8,"['애니', '프사', '망상']"
S1bcy4h1mS8,"['팩트', '버튜버', '서브컬처', '아니다', '음지', '성수동', '길가', '사람', '이세', '우욱']"
S1bcy4h1mS8,"['뉴스', '레전드']"
S1bcy4h1mS8,"['공중파', '모두', '다양하다', '매력', '있다', '노래', '사장', '다른', '버스', '맴버', '합방', '한번', '헤어', '한번']"
S1bcy4h1mS8,"['중반', '처음', '이렇다', '보나', '그땐', '이렇다', '버추', '개념', '자세하다', '매번', '한번', '무시', '생기', '넘치다', '모습', '호기심', '뮤비', '등장', '여러', '동영상', '스토리', '응원', '있다', '과거', '알량하다', '가치관', '다양성', '존중', '마음속', '이렇다', '덕질', '사람', '반성', '다른', '사람', '다양성', '존중']"
S1bcy4h1mS8,"['거창하다', '생각', '다양성', '존중', '본인', '좋다', '아니다', '아니다', '현생', '부끄럽다', '혼자']"
S1bcy4h1mS8,"['처음', '그렇다', '시작']"
S1bcy4h1mS8,"['모든', '의미', '없다', '자세하다', '가치', '있다', '함부로', '그렇다', '얕다']"
S1bcy4h1mS8,['비주']
S1bcy4h1mS8,
S1bcy4h1mS8,"['정답', '이다']"
S1bcy4h1mS8,['이형']
S1bcy4h1mS8,['자랑스럽다']
S1bcy4h1mS8,"['스브스', '반갑다', '감격', '스럽다', '자랑스럽다', '응원']"
S1bcy4h1mS8,"['정도', '양지', '진짜', '양지', '음중', '멜론', '명전', '관왕', '한국', '빌보드', '미국', '제외', '콘서트', '양지', '어디', '목표', '화이팅']"
S1bcy4h1mS8,"['빌보드', '코리아', '이다']"
S1bcy4h1mS8,"['게다가', '음중']"
S1bcy4h1mS8,"['위도', '있다']"
S1bcy4h1mS8,"['죄송하다', '급하다', '잘못']"
S1bcy4h1mS8,"['음지', '이다', '일본도', '양지', '일간', '위인', '일간', '차트', '대중', '제대로', '던데', '은근', '멀다']"
S1bcy4h1mS8,"['세상', '거꾸로', '군대', '시장경제', '정치', '성차별', '역차별', '마약', '등등', '비교', '정상', '같다']"
S1bcy4h1mS8,"['인터뷰', '기자', '모멘트', '공감']"
S1bcy4h1mS8,"['입덕', '진입', '장벽', '있다', '크게', '생각', '버추', '걸그룹', '덕질', '생각', '입덕', '아니다', '반대', '단순하다', '흔하다', '유튜브', '트위치', '같다', '인터넷', '방송', '다라', '생각', '자연', '입덕', '아니다', '단순하다', '인터넷', '방송', '방송인', '게임', '도하', '컨텐츠', '참으로', '소통', '커버', '리지', '앨범', '자연', '멜론', '유튜브', '스밍', '응원', '그렇다', '자연스럽다', '입덕', '가능하다', '같다']"
S1bcy4h1mS8,"['지난날', '입덕', '같다']"
S1bcy4h1mS8,"['유튜버본다', '생각', '입덕', '순식간']"
S1bcy4h1mS8,"['정말', '정말', '멋지다', '사랑스럽다', '정말', '주르르', '세구', '버거', '아이', '릴파', '비챤', '정말', '고생', '여정', '원하다', '정말', '사랑']"
S1bcy4h1mS8,"['버튜버', '문제', '아니다', '한국', '여자', '같다', '버튜버', '문제', '외국', '그렇다', '페미', '군대', '한국', '여자', '버튜버', '역겹다', '제발', '외국', '여자', '버튜버판', '좋다', '한국', '여자']"
S1bcy4h1mS8,
S1bcy4h1mS8,"['명장', '댓글', '삭제']"
S1bcy4h1mS8,"['가장', '매력', '하나', '사람', '외모', '사람', '자체', '매력', '정말', '매력', '같다', '좋다']"
S1bcy4h1mS8,"['한번', '말주변', '없다', '설명', '잘못', '똑같다', '사람', '재밌다', '많다', '힐링']"
S1bcy4h1mS8,"['처음', '콘텐츠', '생기', '진짜', '마력', '이후', '그룹', '창설', '멤버', '합격', '반응', '진입', '장벽', '사르르', '진짜', '그거', '보고', '바로', '입덕', '지금', '진짜', '달리', '있다', '정규', '앨범', '고대', '있다', '화이팅']"
S1bcy4h1mS8,"['정규앨범', '가능성', '높다', '기대']"
S1bcy4h1mS8,"['작다', '스트리머', '같다', '성장하다', '점점', '대중', '모습', '뿌듯하다', '더욱', '자랑스럽다', '마음', '드네', '멋지다', '응원']"
S1bcy4h1mS8,"['처음', '시작', '아무', '관계', '생각', '인터넷', '방송인', '스트리머', '작다', '콘텐츠', '시작', '시청자', '오디션', '노래', '시청자', '좋아하다', '원활하다', '소통', '스트리머', '평소', '방송', '특이점', '생각', '콘텐츠', '아니다', '모두', '재미', '시청', '시작', '생각', '누구', '환영', '아니다', '캐릭터', '대한', '거부', '버겁다', '사람', '많다', '지금', '적지', '작고', '미미하다', '시작', '꾸준하다', '노력', '성장', '거듭', '과정', '사람', '있다', '스트리머', '이자', '시청자', '일부', '로라', '음악', '영상', '인재', '성장하다', '씹덕', '서브컬쳐', '문화', '서로', '발전', '있다', '아주', '좋다', '순환', '생각', '행보', '기대', '없다', '이형', '사랑', '스토리', '짭치넝담']"
S1bcy4h1mS8,"['저런', '생각', '진짜']"
S1bcy4h1mS8,"['자랑스럽다', '영원하다']"
S1bcy4h1mS8,"['레전드', '응원', '파이팅']"
S1bcy4h1mS8,"['항상', '성장하다', '재밌다', '때로는', '감동', '모먼트', '소통', '즐겁다', '있다', '정말', '매력', '같다', '인터뷰', '뿌듯하다', '감동', '이다', '인터뷰', '스브스', '관계자', '처음', '이쁘다', '좋다', '정말', '멋지다', '자랑스럽다', '이다']"
S1bcy4h1mS8,"['저기', '사람', '수임']"
S1bcy4h1mS8,"['누나', '엉엉', '이렇다', '아니다', '신선하다', '접근성', '좋다', '인기', '있다', '인터넷', '방송', '구석', '히키코모리', '아니다', '저스트', '채팅', '인터넷', '방송인', '느낌']"
S1bcy4h1mS8,
S1bcy4h1mS8,"['아니다', '같다', '시비']"
S1bcy4h1mS8,"['성공', '보고', '배아', '쓰레기', '스타일']"
S1bcy4h1mS8,"['정말', '이쁘다', '귀엽다']"
S1bcy4h1mS8,"['도대체', '세상', '진짜', '망하다', '마이', '슈퍼히어로']"
S1bcy4h1mS8,['킹애']
S1bcy4h1mS8,['검거']
S1bcy4h1mS8,"['미치다', '인터뷰', '컴퓨터', '때문', '힘들다', '인터뷰', '처음', '신분', '버츄얼', '대한', '거부', '있다', '있다', '따숩', '캐릭터', '진짜', '사람', '항상', '소통', '방송', '스트리머', '항상', '활동', '이다', '입덕', '행복하다', '화이팅']"
S1bcy4h1mS8,"['많다', '직원', '똥컴주', '진짜', '노트북', '정도']"
S1bcy4h1mS8,"['챠니', '그렇다']"
S1bcy4h1mS8,"['뉴스', '눈물', '처음', '이다', '행복하다', '이형', '사랑']"
S1bcy4h1mS8,"['아니다', '자꾸', '장사']"
S1bcy4h1mS8,"['모두', '그날', '화이팅']"
S1bcy4h1mS8,"['분야', '상위', '현실', '지망']"
S1bcy4h1mS8,"['분명', '몇개', '해도', '이렇다', '반응', '팬서비스', '그때', '이름', '좋아하다', '유튜버분', '와인', '커버', '있다', '보고', '노래', '좋다', '느낌', '맴버', '개인', '방송', '보고', '편집', '본도', '구독', '미안하다', '정도', '재미있다', '보고', '있다', '처음', '세구', '구독', '맴버', '재미있다', '구독', '계기', '당연하다', '처음', '어색하다', '방송', '같다', '좋아하다', '이렇다', '상황', '입덕', '부정', '거치', '사람', '유입', '고대']"
S1bcy4h1mS8,
S1bcy4h1mS8,"['솔직하다', '버츄얼', '본인', '재미', '있다', '좋다', '생각', '버튜버', '조금', '있다', '기도', '콘서트', '이해', '안되다', '있다', '콘서트', '현장', '느낌', '실제', '있다', '그렇다', '때문', '버츄', '똑같다', '재미', '수도', '있다']"
S1bcy4h1mS8,"['댓글', '투기', '개추']"
S1bcy4h1mS8,['재수']
S1bcy4h1mS8,"['지상파', '채널', '인터뷰', '로써', '감격', '이다', '저희', '예쁘다', '여정', '부터', '화이팅']"
S1bcy4h1mS8,"['좋다', '인터뷰', '좋다', '취재', '감사', '세상', '이해', '시선', '많다', '누군가', '씹덕', '유대', '사랑', '무엇', '진실되다', '모두', '있다', '그것', '충분하다', '넓다', '화이팅']"
S1bcy4h1mS8,['하노']
S1bcy4h1mS8,"['감격', '스럽다']"
S1bcy4h1mS8,"['진입', '장벽', '높다', '글치', '한번']"
S1bcy4h1mS8,"['이분', '영상', '보고', '입덕', '부정', '입덕', '각자', '스토리', '영상', '분야', '전문가', '순수하다', '덕질', '영상', '퀄리티', '엄청나다']"
S1bcy4h1mS8,"['진입', '장벽', '진짜', '팩트', '프로젝트', '시작', '굳다', '구취', '동안', '거의', '다시피', '거부', '있다', '락다운', '노래', '좋다', '입덕', '혐오', '후회', '최고', '꽃길']"
S1bcy4h1mS8,
S1bcy4h1mS8,['취중']
S1bcy4h1mS8,"['다행', '님같', '독자', '없다', '없다', '좋다']"
S1bcy4h1mS8,"['굳이', '그룹']"
S1bcy4h1mS8,"['구취', '구취']"
S1bcy4h1mS8,"['정말', '멋지다', '무대', '각자', '위치', '정상', '행해', '열정', '진심', '진짜', '응원']"
S1bcy4h1mS8,"['옛날', '스타', '스포츠', '스타', '무슨', '스포츠', '시절', '비슷하다', '하나', '흐름', '파팅']"
S1bcy4h1mS8,"['매우', '다르다', '주류']"
S1bcy4h1mS8,"['굳다', '처음', '정장', '안내']"
S1bcy4h1mS8,"['기자', '컴퓨터', '일이']"
S1bcy4h1mS8,"['아마', '회사', '같다', '그렇다', '아니다']"
S1bcy4h1mS8,"['정말', '신기하다', '광경', '실세', '아니다', '저런', '방법', '인기', '많다', '있다', '사실', '같다', '처음', '보지', '저런', '시도', '충분하다', '계속', '생각']"
S1bcy4h1mS8,
S1bcy4h1mS8,['검거']
S1bcy4h1mS8,
S1bcy4h1mS8,
S1bcy4h1mS8,"['이번', '콘서트', '바쁘다', '일정', '여러가지', '이유', '참가', '고민', '많다', '특별하다', '선물', '인터뷰', '감사']"
S1bcy4h1mS8,"['같다', '좋다']"
S1bcy4h1mS8,"['인터뷰', '음악', '방송', '오래오래', '좋다']"
S1bcy4h1mS8,"['정말', '감동', '페스티벌', '무대', '최고']"
S1bcy4h1mS8,"['필요', '있다', '실력', '파고', '많다', '여러분', '정도', '아니다', '생각', '구석', '그렇다', '너희', '비교', '수가', '없다']"
S1bcy4h1mS8,"['정답', '연금술사']"
S1bcy4h1mS8,"['수많다', '사람', '좋아하다', '이유', '있다', '시장', '다양하다', '직업', '있다']"
S1bcy4h1mS8,"['오타쿠', '어렵다', '신기하다', '나름']"
S1bcy4h1mS8,
S1bcy4h1mS8,"['일단', '보라']"
S1bcy4h1mS8,"['굳이', '어색하다', '쓰리다', '메인', '아니다', '스트리머', '좋아하다', '좋아하다', '스트리머', '노래', '어색하다', '콘서트', '같다', '시간', '공유', '사실', '자체', '좋다']"
S1bcy4h1mS8,"['좋다', '깔끔하다', '영상', '이쁘다', '화이팅']"
S1bcy4h1mS8,"['가상', '인물', '진입', '장벽', '있다', '사람', '있다', '틀림없다', '외모', '아니다', '있다', '사람', '성격', '진행', '노래', '좋다', '입덕']"
S1bcy4h1mS8,"['대체', '무슨', '가요', '저희', '아이', '무섭다']"
S1bcy4h1mS8,['개똥컴']
S1bcy4h1mS8,['진짜']
S1bcy4h1mS8,"['버츄얼', '주목', '아니다', '굳이', '주목']"
S1bcy4h1mS8,"['야스', '브스', '여러분', '저희', '예쁘다', '보고', '다양성', '존중', '좋다', '가슴', '벅차다', '꽃길']"
S1bcy4h1mS8,"['가장', '응원', '이유', '릴파', '넘치다', '이렇다', '기회', '응원', '원래', '아이엠', '스타', '캐캐체', '세라', '달빛천사', '애니메이션', '애니메이션', '가수', '좋아하다', '경험', '있다', '진입', '장벽', '높다']"
S1bcy4h1mS8,"['클라스', '대단하다', '이제', '이렇다', '다양성', '버츄얼가지', '아니다', '이렇다', '다양성', '존중', '이해', '있다', '화이팅', '응원', '있다']"
S1bcy4h1mS8,['화이팅']
S1bcy4h1mS8,['진짜']
S1bcy4h1mS8,"['굳다', '아니다', '유명하다', '세대', '스트리머', '당연하다', '알곤', '있다', '가입', '유튭', '영상', '정도', '정도', '아니다', '자세하다', '스토리', '굳이', '프로듀싱', '버츄얼', '정도', '멤버', '이름', '팬덤', '이름', '발표', '정도', '사람', '페스티벌', '이전', '굳다', '시청', '알고리즘', '라이브', '추천', '영상', '잠깐', '김장훈', '허니', '그때', '유튭', '채팅', '상영', '어쩌구', '저쩌구', '꼬이다', '사람', '있다', '상영', '회도', '상영', '나름', '상영', '그것', '대단하다', '생각', '언론', '다른', '메타', '버스', '아바타', '상황', '놀이', '수준', '있다', '솔직하다', '현실', '현실', '가상현실', '가상', '현실', '진짜', '실로', '실현', '진정하다', '메타', '버스', '생각', '메타', '버스', '그렇다', '아니다', '현실', '이어진', '가상', '명의', '스트리머', '시작', '팬덤', '정말', '대단하다', '일이', '생각']"
S1bcy4h1mS8,"['기자', '컴터', '하나', '장만', '야하다']"
S1bcy4h1mS8,"['버츄얼', '처음', '수도', '있다', '생각', '부정', '요즘', '이렇다', '있다', '하나', '문화', '이해해', '주시', '좋다', '좋다', '영상', '기사', '스브스', '뉴스', '사랑', '파이팅']"
S1bcy4h1mS8,"['그림', '아니다', '단발', '콘텐츠', '시작', '굳다', '기획', '노력', '금손팬', '미치다', '캐리', '뉴스', '인터뷰', '신기하다']"
S1bcy4h1mS8,"['방송국', '컴퓨터', '사양', '후지']"
S1bcy4h1mS8,['스브스']
S1bcy4h1mS8,"['네트워크', '아쉽다']"
S1bcy4h1mS8,"['존중', '혐오', '치부', '편하다', '시대', '힘드다', '길이', '진심', '좋아하다', '대해', '서로', '응원', '존중', '좋다', '파이팅', '파이팅']"
S1bcy4h1mS8,"['발언', '아이', '시대', '일조', '같다', '성향', '짙다', '마비노기', '파판', '트위터', '고루', '고루']"
S1bcy4h1mS8,"['성이름', '댓글']"
S1bcy4h1mS8,"['성이름', '슈퍼스타', '모두', '미치다', '역시', '슈퍼스타', '아이']"
S1bcy4h1mS8,"['아집', '정신차리다']"
S1bcy4h1mS8,"['씹덕', '대수롭다', '아니다', '데헷']"
S1bcy4h1mS8,"['악플', '무시']"
S1bcy4h1mS8,
S1bcy4h1mS8,"['바오', '도축업', '낫다']"
S1bcy4h1mS8,"['바오', '도축업', '사람', '보고', '있다', '아니다']"
S1bcy4h1mS8,"['바오', '도축업', '프로필', '수준', '보이']"
S1bcy4h1mS8,"['진짜', '자랑스럽다']"
S1bcy4h1mS8,['아이']
S1bcy4h1mS8,"['애니', '프사']"
S1bcy4h1mS8,['아니다']
S1bcy4h1mS8,"['그게', '구분']"
S1bcy4h1mS8,"['그게', '애니', '프사']"
S1bcy4h1mS8,"['처음', '나라', '망하다', '조금', '이유', '없다', '덕질']"
S1bcy4h1mS8,"['저희', '지금', '시작', '이다', '인터뷰', '스브스', '뉴스', '정말']"
S1bcy4h1mS8,['자랑스럽다']
S1bcy4h1mS8,"['모자이크', '해도', '없다']"
S1bcy4h1mS8,['신세계']
S1bcy4h1mS8,"['아예', '사람', '있다', '한번', '사람', '없다', '부정', '어느새다', '긍정', '파가']"
S1bcy4h1mS8,"['진짜', '좋다', '있다', '좋다', '고맙다', '고맙다']"
S1bcy4h1mS8,"['오창석', '존잘', '어깨', '깡패', '미치다', '비율', '눈썹', '정리', '장난꾸러기', '웃음', '청년', '송도', '거주', '유부', '남애', '아빠', '알파메일', '굳다', '그룹', '대단하다']"
S1bcy4h1mS8,['해인']
S1bcy4h1mS8,"['굳다', '마중']"
S1bcy4h1mS8,"['아니다', '르르땅', '지금', '인터뷰', '홍조']"
S1bcy4h1mS8,['그렇다']
S1bcy4h1mS8,"['세이', '프티', '그렇다', '같다', '아이', '눈동자']"
S1bcy4h1mS8,"['문화', '존중', '콘서트', '빡세', '라이브', '녹화', '영상', '수준', '공연', '무대', '장점', '전혀', '활용', '없다', '화면', '캐릭터', '한계', '그렇다', '콘서트', '가장', '중요하다', '부분', '아티스트', '간의', '소통', '굉장하다', '어려움', '사실', '없다', '무방', '기술', '발전', '홀로그램', '기술', '더하다', '해당', '공연장', '실제', '존재', '공연', '있다', '충분하다', '무대', '같다', '음악', '나름', '괜찮다', '아보']"
S1bcy4h1mS8,"['회사', '아니다', '개인', '단위', '그렇다', '년전', '기술', '지금', '기술', '비교', '상향', '말차', '내후년', '기술']"
S1bcy4h1mS8,"['장비', '비용', '만해', '장난', '아니다', '대충', '슈트', '천만원', '프로그램', '구독', '수백', '같다', '공간', '광확', '카메라', '억대', '어우']"
S1bcy4h1mS8,"['공연', '녹화', '영상', '중간', '토크', '같다', '경우', '라이브', '좋다', '다른', '버츄얼', '그룹', '대기업', '기획', '콘서트', '라이브', '그렇다', '있다', '가능하다', '같다', '아영']"
S1bcy4h1mS8,"['기술', '자체', '길다', '멀다', '같다', '실력', '버츄얼', '있다', '여러', '장르', '버돌들', '있다', '때문', '장르', '정착', '금방', '같다']"
S1bcy4h1mS8,"['회사', '아니다', '개인', '많다']"
S1bcy4h1mS8,"['신기하다', '실제', '있다', '사람', '메타', '버스', '활동', '건가']"
S1bcy4h1mS8,"['실제', '사람', '직접']"
S1bcy4h1mS8,"['스브스', '담당자', '컴퓨터', '사양', '업그레이드', '필요', '있다']"
S1bcy4h1mS8,"['무엇', '이제', '진짜', '신기하다', '시대', '있다', '많다', '발전', '통해', '새롭다', '시대', '좋다', '문화', '좋다']"
S1bcy4h1mS8,"['많다', '관심', '많다', '응원', '많다', '사랑', '부탁드리다', '좋다', '댓글']"
S1bcy4h1mS8,['뜨겁다']
S1bcy4h1mS8,"['생각', '음지', '아니다', '팬치', '음지', '같다', '저번', '하쿠', '사건', '혐팬치들', '수준', '보고', '저리', '노래', '좋다', '키딩']"
S1bcy4h1mS8,"['본인', '모름', '그렇다', '선민의식', '열등감', '한마디', '달려듬']"
S1bcy4h1mS8,"['침묵', '진심', '미쿠', '보고', '같다', '보카로', '고아', '자체', '양지', '있다', '같다', '혐팬치들']"
S1bcy4h1mS8,"['애초', '버스', '관련', '문제', '대부분', '혐팬치들', '시발']"
S1bcy4h1mS8,"['미쿠', '좋아하다', '타도', '좋아하다', '진짜', '하쿠', '사건', '타팬', '실망']"
S1bcy4h1mS8,"['닉네임', '그렇다']"
S1bcy4h1mS8,"['릴파님', '힘드다', '서사', '없다', '릴파넴', '행복하다', '파이팅']"
S1bcy4h1mS8,"['예상', '외로', '버츄얼', '콘서트', '아주', '예전', '있다', '미라', '콘서트', '있다', '아니다', '아주', '뿌리', '전통', '있다']"
S1bcy4h1mS8,"['주일', '입장', '혐오', '사람', '입장', '존중', '야하다', '생각', '일반인', '보기', '당연하다', '같다']"
S1bcy4h1mS8,"['방금', '실물', '보고']"
S1bcy4h1mS8,"['뮬뮬', '그거', '다른', '일반', '사람', '사진', '이상하다', '보정', '분탕', '실제', '달라', '실물', '아예']"
S1bcy4h1mS8,"['뮬뮬그', '친구', '응원']"
S1bcy4h1mS8,"['처음', '그렇다']"
S1bcy4h1mS8,"['게뭐', '이해', '실물', '얘기', '팬덤', '문제']"
S1bcy4h1mS8,"['동태', '그렇다', '마약', '학폭', '연애', '려고', '연옌', '사람', '낫다']"
S1bcy4h1mS8,"['팩트', '전부', '학폭', '마약', '아니다', '연애', '사람', '라면', '당연하다', '이렇다', '저렇다', '아니다']"
S1bcy4h1mS8,"['여전하다', '진입', '장벽', '높다', '문화', '버스', '대단하다', '부아', '내비', '작업', '오지', '장벽', '에스컬레이터', '설치', '마냥', '계속', '이다', '모로', '기념비', '프로젝트']"
S1bcy4h1mS8,"['기자', '컴터', '정도', '좋다', '인터뷰', '다시', '답답']"
S1bcy4h1mS8,"['안녕하다', '영상', '햄버거', '모자', '인터뷰', '본인', '이다', '이번', '페스티벌', '단순', '오타쿠', '모임', '생각', '우리나라', '기술', '발전', '버츄얼', '공연', '도약', '생각', '좋다', '같다', '현장', '또한', '열기', '굉장하다', '정말', '감동', '없다', '문화', '지지', '마지막', '굳다', '관계자', '퀄리티', '높다', '페스티벌', '감사', '현장', '스탶', '안전', '요원', '많다', '이슈', '대응', '고생', '많다', '사랑']"
S1bcy4h1mS8,
S1bcy4h1mS8,['인터뷰']
S1bcy4h1mS8,"['햄버거', '모자', '정말', '귀엽다']"
S1bcy4h1mS8,"['스브스', '진출', '진짜', '멋있다', '예쁘다', '자랑스럽다', '정말', '노력', '마음', '예쁘다', '친구', '관심', '응원', '예쁘다', '좋다', '사랑', '아이', '버거', '릴파', '주르르', '세구', '비챤', '사랑', '화이팅']"
S1bcy4h1mS8,"['년전', '버츄얼', '육성', '구상', '당시', '사장', '오히려', '버츄얼', '실제', '달리', '소통', '한계', '없다', '가끔', '팬서비스', '직접', '소통', '있다', '버츄얼', '장점']"
S1bcy4h1mS8,"['솔직하다', '굳다', '팬덤', '시작', '지금', '사장', '프로듀싱', '재능', '노력', '존재', '현실', '위상', '변환', '수준']"
S1bcy4h1mS8,"['방송', '그렇다']"
S1bcy4h1mS8,"['스브스', '기자', '컴퓨터']"
S1bcy4h1mS8,"['스브스', '뉴스', '인터뷰', '거부', '있다', '입덕', '부정', '있다', '여타', '다르다', '없다', '있다', '사람', '매력', '노래', '좋아하다', '컨텐츠', '열광하다', '스토리', '감동', '처음', '보시', '한번', '노래', '정말', '노래', '많다', '관심', '부탁드리다', '화이팅']"
S1bcy4h1mS8,"['거부', '있다', '정말', '킹애']"
S1bcy4h1mS8,"['비주류', '처음', '보시', '당황', '스럽다', '있다', '이렇다', '문화', '있다', '좋다', '좋다', '화이팅']"
S1bcy4h1mS8,"['홀로', '라이브', '산지', '국내', '버튜버들', '응원', '여유', '없다', '국내', '같다', '가상', '있다', '신기하다', '활동', '응원']"
S1bcy4h1mS8,"['덕분', '버튜버', '홀로', '유튭', '라이브']"
S1bcy4h1mS8,"['채팅', '저렇다', '채팅']"
S1bcy4h1mS8,"['정도', '양지', '가수']"
S1bcy4h1mS8,"['좋다', '건가']"
S1bcy4h1mS8,"['음지', '사장']"
S1bcy4h1mS8,"['점점', '성장하다', '모습', '행복하다']"
S1bcy4h1mS8,"['얘넨', '그렇다', '댓글', '말투', '냄새']"
S1bcy4h1mS8,"['정보', '즈그', '카페', '행사', '당일', '냄새']"
S1bcy4h1mS8,"['행사', '운영', '개판', '있다', '없다', '일부러', '이미지']"
S1bcy4h1mS8,"['냄새', '워드', '검색', '개솔']"
S1bcy4h1mS8,"['냄새', '때문', '같다', '그렇다', '이상하다', '냄새', '원성', '자자하다']"
S1bcy4h1mS8,"['진짜', '좋다', '기술', '같다']"
S1bcy4h1mS8,"['많다', '진짜', '의외', '버츄얼', '소비', '남자', '주요', '시장', '그렇다', '인식', '있다', '이번', '기회']"
S1bcy4h1mS8,"['여자', '저런', '케릭', '같다', '오히려', '좋아하다', '어렵다', '은근', '여자', '로안', '좋아하다']"
S1bcy4h1mS8,"['여자', '여자', '좋아하다']"
S1bcy4h1mS8,"['여자', '좋아하다', '진짜', '보도']"
S1bcy4h1mS8,"['오히려', '좋아하다', '성격', '쎄다', '가수', '크러쉬', '쩐다', '언니', '사랑', '그렇다']"
S1bcy4h1mS8,"['악플', '입덕', '부정', '대체', '일반인', '이렇다', '뉴스']"
S1bcy4h1mS8,"['자꾸', '팬치', '끼리', '진지하다', '나라', '망하다']"
S1bcy4h1mS8,"['진짜', '망하다', '때문']"
S1bcy4h1mS8,"['이렇다', '버튜버', '행사', '망하다', '드립', '뷰웅쉰같음']"
S1bcy4h1mS8,
S1bcy4h1mS8,"['계속', '역사', '하나', '하나', '계속', '시작']"
S1bcy4h1mS8,"['존중', '힘드다']"
S1bcy4h1mS8,
S1bcy4h1mS8,['정상']
S1bcy4h1mS8,"['처음', '랫읍']"
S1bcy4h1mS8,"['대부분', '처음', '그렇다', '정상']"
S1bcy4h1mS8,"['타인', '존중', '태도', '존중', '마땅하다', '관심', '생기', '아니다', '무시', '상관없다']"
S1bcy4h1mS8,"['새롭다', '문화', '좋다', '일이', '색안경', '사람', '있다', '공유', '있다', '문화', '템포', '비판', '옳다', '버튜버', '좋아하다', '아니다', '싫어하다', '이유', '없다', '생각', '사람', '편견', '전혀', '없다', '없다', '편견', '노력', '필요하다', '빌보드', '챠트', '정도', '실력', '입증', '중요하다', '생각', '주목', '모두', '한가위', '좋다', '일이', '가득하다']"
S1bcy4h1mS8,['사랑']
S1bcy4h1mS8,"['어머', '스브스', '인터뷰', '아쉽다']"
S1bcy4h1mS8,"['머리', '세상', '뒤집혔', '망하다', '어지럽다', '건가', '버츄얼', '대해', '애니', '생각', '부정', '반응', '정상', '이다', '자신', '메타', '버스', '관심', '가지', '있다', '진짜', '현실', '타가', '오지', '없다', '정치', '발언', '관심', '댓글', '조금', '아쉽다', '이슈', '관심', '버츄얼', '가수', '화이팅', '이다']"
S1bcy4h1mS8,"['주르르', '사랑']"
S1bcy4h1mS8,['주르르']
S1bcy4h1mS8,['존사']
S1bcy4h1mS8,['더더']
S1bcy4h1mS8,"['릴파님', '서사', '제일', '눈물']"
S1bcy4h1mS8,"['년도', '친구', '버튜버', '이레', '염병', '염병', '나엿다']"
S1bcy4h1mS8,
S1bcy4h1mS8,"['진짜', '성장하다', '자랑스럽다', '화이팅']"
S1bcy4h1mS8,"['아니다', '프사', '멀다']"
S1bcy4h1mS8,"['댓글', '같다', '많다', '운영', '개판', '콘서트', '좋다', '던데', '캐릭터', '콘서트', '다시', '생각', '없다', '정작', '다른', '문화', '취미', '사람', '일만', '관심', '없다', '안보', '지들', '비난', '이상', '있다', '진짜', '그게', '보기', '싫다']"
S1bcy4h1mS8,"['같다', '반응', '저희', '원하다', '일반인', '반응', '이다', '딱하다', '관심', '없다', '비닌', '나중', '관심', '생기', '한번', '귀엽다', '재밌다', '원래', '버튜버', '사람']"
S1bcy4h1mS8,"['저희', '문화', '존중', '필요하다', '굳이', '거부', '주입', '님같', '일반인', '좋다']"
S1bcy4h1mS8,"['그렇다', '정상인', '자기', '정상인', '보고', '야하다']"
S1bcy4h1mS8,"['우울하다', '슬프다', '많다', '도움', '정말', '전하', '승승장구']"
S1bcy4h1mS8,"['여주', '게임', '인어', '갑자기', '까맣다', '영화', '시대', '정도', '평범하다']"
S1bcy4h1mS8,"['문화', '강국', '대한민국', '유튜브', '트위치', '굳다', '팬카페', '만도', '안되다', '정도', '인원', '문화', '존중', '무지', '존중', '적도', '없다', '항상', '부정', '때문', '존중', '긍정', '무엇', '인지도', '그렇다', '있다', '생각', '어찌', '불쌍하다', '존재', '영상', '사람', '자신', '거리', '있다', '무지', '부정', '그렇다', '길거리', '없다', '보고', '없다', '현실', '부정', '당하다', '존중', '상상', '마음', '아프다']"
S1bcy4h1mS8,"['다음', '대구', '퀴어', '축제']"
S1bcy4h1mS8,"['방탄', '동성애', '혐오']"
S1bcy4h1mS8,"['와꾸텽', '팩트', '당연하다', '완전', '비공식', '유튜브', '트위치', '팬카페', '비공식', '가식']"
S1bcy4h1mS8,"['인터뷰', '좋다', '진입', '장벽', '높다', '사실', '가상', '인물', '아니다', '실존', '사람', '이다', '일반인', '위해', '설명', '마치', '성우', '비슷하다', '느낌', '생각', '영상', '인하다', '관심', '가지', '처음', '모두', '즐겁다', '추석', '킹애']"
S1bcy4h1mS8,['긴장']
S1bcy4h1mS8,"['아니다', '세상', '미치다', '리좀']"
S1bcy4h1mS8,"['그렇다', '일반인', '씹덕', '존중']"
S1bcy4h1mS8,"['무조건', '존중', '아니다', '다만', '있다', '굳이', '댓글', '아니다', '생각']"
S1bcy4h1mS8,"['굳이', '뉴스', '일반인', '끼리', '방송', '노출', '높다', '방송사', '유튜브', '영상', '정상인', '역겹다']"
S1bcy4h1mS8,"['길동', '인기', '있다', '뉴스', '자기', '싫다', '무시', '댓글', '아니다', '이렇다', '소리']"
S1bcy4h1mS8,"['길동', '굳이', '그렇다']"
S1bcy4h1mS8,"['뭔가', '생각', '음지', '세상', '완전', '다른', '긍정', '에너지', '화이팅']"
S1bcy4h1mS8,"['그렇다', '음지']"
S1bcy4h1mS8,"['주위', '사람', '무시', '뉴스', '공장', '로동자']"
S1bcy4h1mS8,"['처음', '신기하다', '그룹', '왜인', '사장', '잘생기다', '어깨', '태평양', '같다', '응원']"
S1bcy4h1mS8,"['키딩', '락다운', '노래', '중독', '이분', '몰랏는데', '노래', '좋다']"
S1bcy4h1mS8,"['버튜버란', '서브', '컬쳐', '대성', '예견', '시작', '굳다']"
S1bcy4h1mS8,"['릴파', '짠하다', '진짜', '칭찬', '격려', '시오', '소통', '예쁘다', '친구', '노래', '좋다']"
S1bcy4h1mS8,"['성장하다', '성장하다', '오프라인', '공연', '진짜', '좋다']"
S1bcy4h1mS8,"['개월', '현재', '버튜버', '무시', '정도', '시장']"
S1bcy4h1mS8,"['인기', '많다']"
S1bcy4h1mS8,"['악플러', '악플', '달러', '제일', '최고', '아인슈타인', '논리', '악플러', '타격', '없다', '하자']"
S1bcy4h1mS8,"['예외', '굳다', '버스', '서사', '있다', '다르다', '때문', '그닥', '다른', '버추', '그닥', '관심', '없다']"
S1bcy4h1mS8,"['이보', '똑같다']"
S1bcy4h1mS8,"['어떻다', '생각', '문제', '아니다', '지금', '인기', '많다', '대한', '얘길', '일반', '팬층', '다르다', '굳다', '사단', '버스', '개념', '출발', '애니', '같다', '오타쿠', '개념', '대해', '관심', '낮다', '때문', '수용', '가능하다', '사람', '많다', '때문', '지금', '이인기', '실어', '거임', '때문', '일반', '주류', '대한', '뉴스', '주제', '다르다', '다르다', '퍼프하', '사람', '많다', '하나', '애니', '안보', '버추', '그닥', '서사', '정도', '허용', '가능하다', '같다', '사람', '많다', '지금', '인기', '레알', '음지', '세력', '이렇다', '인기', '아마', '웬만하다', '서사', '있다', '아니다', '다른', '버추', '지금', '주류', '힘들다', '핵심', '아니다', '사단', '요즘', '버추', '인기', '있다', '수박', '겉핡기식', '평가', '시안', '그게', '핵심', '이면', '주류', '휩쓸다', '있다', '소수', '주류', '버추', '스트리머', '조차', '마안', '스트리머', '상위', '순위', '아마', '버스', '파생', '문화', '문화', '확장', '계속', '실제', '요즘', '버추', '대해', '낯설다', '사람', '버스', '때문', '점점', '분야', '대해', '있다', '분위기', '때문', '버추', '문화', '점점', '있다', '사실', '똑같다', '차이', '없다', '그렇다', '남도', '관심', '가지', '진입', '장벽', '높다', '애니', '오타쿠', '성격', '아니다', '아마', '유입', '계속', '실제', '관련', '카페', '회원', '수가', '계속', '증가']"
S1bcy4h1mS8,"['홀로', '라이브', '사랑']"
S1bcy4h1mS8,"['다른', '버튜버', '설정', '없다', '보기', '똑같다']"
S1bcy4h1mS8,"['기존', '있다', '버튜버', '데뷔', '서사', '다르다']"
S1bcy4h1mS8,"['취향', '갈릴', '노래', '좋다', '좋다']"
S1bcy4h1mS8,"['앞쪽', '아들', '있다', '티켓팅', '힘들다', '공부']"
S1bcy4h1mS8,['모두']
S1bcy4h1mS8,"['일본도', '한참', '같다']"
S1bcy4h1mS8,"['금금', '일본', '노선', '다르다']"
S1bcy4h1mS8,['오타쿠']
S1bcy4h1mS8,"['노래', '본인', '방송', '재밌다', '단체', '컨탠츠', '재밌다', '캐릭터', '암만', '이쁘다', '재미', '없다', '없다']"
S1bcy4h1mS8,['피지']
S1bcy4h1mS8,"['거지', '분노', '없다']"
S1bcy4h1mS8,"['역시', '최고다']"
S1bcy4h1mS8,"['처음', '진짜', '신기하다', '각자', '매력', '넘치다', '보이', '하나', '사랑스럽다', '사장', '분도', '귀엽다', '버거', '목표', '생방송', '음악', '프로그램', '좋다']"
S1bcy4h1mS8,
S1bcy4h1mS8,"['이해', '존중']"
S1bcy4h1mS8,
S1bcy4h1mS8,"['존중', '따름', '이다']"
S1bcy4h1mS8,"['굳이', '영상', '자세하다', '진짜', '관심', '같다', '싫다', '무시', '아니다', '진짜', '그렇다']"
S1bcy4h1mS8,"['정확하다', '그거', '아니다', '자기', '관점', '음지', '성공하다', '아니꼽다']"
S1bcy4h1mS8,"['자기', '생각']"
S1bcy4h1mS8,"['정신', '자위', '려고', '같다']"
S1bcy4h1mS8,"['무시', '원툴', '마약', '그렇다']"
S1bcy4h1mS8,"['관심', '댓글', '무자비']"
S1bcy4h1mS8,"['저기', '절반', '타치', '아니다']"
S1bcy4h1mS8,"['아니다', '자의', '입장', '이서', '현실', '연예인', '가상', '연예인', '어차피', '모습', '보고', '실제', '마주', '없다', '똑같다']"
S1bcy4h1mS8,"['공감', '연예인', '가수', '선망', '동경', '생각', '일반', '연예인', '가수', '인터넷', '방송', '스트리밍', '같다', '버츄얼', '접근성', '좋다', '소통', '나라', '사람과', '소통', '선망', '대상', '좋다', '같다']"
S1bcy4h1mS8,"['핵심', '생각']"
S1bcy4h1mS8,"['진심', '유튜브', '검색']"
S1bcy4h1mS8,"['당연하다', '메인', '아니다']"
S1bcy4h1mS8,
S1bcy4h1mS8,"['변화구', '모얔']"
S1bcy4h1mS8,
S1bcy4h1mS8,"['박세리', '골프', '메시', '축구', '마이클', '조던', '농구', '오지', '망하다', '오지', '너희', '정체', '인생', '망하다', '전문', '아하', '그렇다']"
S1bcy4h1mS8,"['생각', '편집자', '주르르']"
S1bcy4h1mS8,"['버튜버', '대해', '부정', '입장', '사람', '의견', '하나', '만약', '실물', '개빻았다', '지금', '좋아하다', '있다', '같다', '내용', '같다', '개인', '문제', '없다', '생각', '실물', '예쁘다', '아니다', '좋아하다', '판때기', '가상', '인물', '실물', '예쁘다', '좋아하다', '실망하다', '오히려', '사람', '이상하다', '같다', '공과', '구별', '있다', '사람', '길가', '번호', '사람', '유출', '사람', '진실성', '부분', '있다', '한마디', '애니메이션', '캐릭터', '디자인', '예쁘다', '설정', '좋다', '성우', '캐릭터', '미워하다', '이유', '있다', '그렇다', '느낌', '오히려', '몰입', '사람', '이상하다', '사람']"
S1bcy4h1mS8,"['정확하다', '애초', '현실', '티비', '유튜브', '이미지', '소비', '거지', '버튜버', '가상', '이미지', '소비', '현실', '원리', '동일하다', '거지']"
S1bcy4h1mS8,"['생각', '생얼', '무대', '메이크업', '다른', '경우', '생얼', '개빻았다', '좋아하다', '같다', '있다', '비슷하다', '느낌', '수도', '차이', '워낙', '비약']"
S1bcy4h1mS8,"['실물', '보고', '빨갛다', '존재', '좋아하다', '사람', '많다']"
S1bcy4h1mS8,"['댓글', '왁굳님', '대단하다', '섭외', '거절', '이유', '이해', '힘드다', '문화', '무턱', '대고', '이해', '힘들다', '이렇다', '문화', '있다', '좋다', '같다', '즐겁다', '한가위', '화이팅', '이다']"
S1bcy4h1mS8,"['캐릭터', '좋다', '사람', '좋아하다', '같다', '본질', '스트리머', '방송', '보고', '캐릭터', '자연', '같다', '여러분', '무조건', '필요', '없다', '이렇다', '있다', '같다', '다만', '험하다', '조금', '사람', '아니다']"
S1bcy4h1mS8,
S1bcy4h1mS8,"['버튜버', '좋아하다', '대중', '전파', '음지', '문화', '생각', '대중', '적응하다', '시간', '필요하다']"
S1bcy4h1mS8,"['우선', '영상', '기획', '제작', '스브스', '관계', '버츄얼', '거부', '수가', '있다', '실제', '이로', '인하다', '외부', '공격', '기술', '많다', '활동', '일정', '인하다', '개인', '한계', '오신', '있다', '멤버', '각자', '이로', '인하다', '힘드다', '시기', '있다', '우리나라', '불모', '지인', '분야', '개척', '상당하다', '어렵다', '멤버', '컨텐츠', '커버', '짤때', '항상', '생각', '본인', '결점', '트라우마', '저희', '깨부', '과정', '통해', '발전', '멜론', '빌보드', '코리아', '빌보드', '미국', '제외', '이번', '현실', '페스티벌', '참가', '굉장하다', '많다', '성과', '올해', '정말', '정말', '자랑스럽다', '당신', '묵묵하다', '응원', '사랑', '여러분', '한번', '차트', '계속', '정말', '노래', '좋다', '한번']"
S1bcy4h1mS8,
S1bcy4h1mS8,['화이팅']
S1bcy4h1mS8,['미치다']
S1bcy4h1mS8,"['때문', '아쉽다', '사고']"
S1bcy4h1mS8,"['버츄', '아니다', '현실', '본적', '없다', '인터넷', '방송', '혐오', '사람', '그렇다', '오디션', '영상', '알고리즘', '뭐뭐', '한편', '보고', '보고', '주행', '결론', '재밌다', '사람', '좋아하다', '무엇', '웬만하다', '개그', '코너', '압살', '핵심', '퓨어', '성적', '문란하다', '순수하다', '방송', '순수하다', '팬심', '강점', '생각', '여자', '많다', '남자', '많다', '바로', '이유', '아니다', '생각', '보통', '문란하다', '성별', '편향']"
S1bcy4h1mS8,"['입덕', '부정']"
S1bcy4h1mS8,['잡고']
S1bcy4h1mS8,"['아니다', '방송국', '컴퓨터', '성능', '실화']"
S1bcy4h1mS8,"['편집', '좋다', '거지', '서류', '업무', '별로', '안좋다']"
S1bcy4h1mS8,"['팩트', '거가', '지고', '나라', '망하다', '유명하다', '영향력', '인정', '악플', '내지', '긍정', '회로']"
S1bcy4h1mS8,"['나라', '망하다', '대체', '얼마나', '영향력']"
S1bcy4h1mS8,"['뉴스', '공장', '로동자', '재생', '목록', '뭐농', '투명하다', '투명하다']"
S1bcy4h1mS8,"['좋다', '가라']"
S1bcy4h1mS8,"['뉴스', '공장', '로동자', '지랄', '구독', '목록', '기독교인', '같다']"
S1bcy4h1mS8,"['굳이', '새롭다', '산업', '대단하다']"
S1bcy4h1mS8,"['사랑', '릴파넴', '응원', '이쁘다', '차원', '모든', '사람', '이쁘다', '좋다', '문화']"
S1bcy4h1mS8,"['악플러', '아이유', '노래', '장원영', '외모', '악플', '사실', '신경']"
S1bcy4h1mS8,"['일단', '노래', '좋다', '개인', '방송', '모두', '재밌다', '각자', '매력', '넘침', '사장', '굳다', '없다']"
S1bcy4h1mS8,"['보드', '워리어', '아프다']"
S1bcy4h1mS8,"['야외', '페스티벌', '뉴스', '미치다']"
S1bcy4h1mS8,"['솔직하다', '입장', '은비', '가상', '인물', '다르다', '없다']"
S1bcy4h1mS8,"['사람', '같다', '애니메이션', '아니다', '사람', '좋아하다', '님들', '유튜', '버들', '좋아하다', '똑같다', '개인', '방송', '소통', '도하', '유튜브', '도하', '팬카페', '본인', '노래', '사람', '착하다', '그렇다', '좋아하다', '재미있다', '있다', '오히려', '노래', '뮤비', '노래', '좋다', '이쁘다', '좋아하다', '이해', '안감', '사람', '대한', '느낌', '좋아하다']"
S1bcy4h1mS8,"['보통', '뮤비', '단편', '외모', '보고', '좋아하다', '투디', '좋아하다', '이해', '외모', '보고', '좋아하다', '아니다', '사람', '시간', '때문', '사람', '좋아하다', '아바타', '부가', '제발', '이해', '좋다']"
S1bcy4h1mS8,"['사람', '아니다', '그래픽', '쪼가리', '어떻다', '사람', '음식', '먹음', '진짜']"
S1bcy4h1mS8,
S1bcy4h1mS8,"['사람', '사람', '아니다', '사람', '아니다', '개인정보', '노출', '금지', '방도']"
S1bcy4h1mS8,['사람']
S1bcy4h1mS8,"['케릭', '이쁘다', '좋아하다', '다기', '노래', '재밌다', '좋다', '관심', '전혀', '없다', '티비', '프로그램', '재밌다', '노래', '좋다']"
S1bcy4h1mS8,"['기획', '굳다', '진짜']"
S1bcy4h1mS8,"['버츄', '버추', '매우', '응원']"
S1bcy4h1mS8,"['사실', '닉넴', '프사', '알구', '생각', '매우']"
S1bcy4h1mS8,
S1bcy4h1mS8,
S1bcy4h1mS8,"['항저우', '아시아', '올림픽', '마당', '스포츠', '정식', '종목', '전만', '해도', '게임', '따위', '올림픽', '생각', '문화', '낮설', '애니', '열광하다', '이해', '어른', '있다', '지금', '위치', '있다', '아니다', '게임', '가상', '인물', '즐거움', '저런', '사람', '즐거움', '주지', '즐거움', '그것', '된거', '년전', '사이버가수', '아담', '노래', '인기', '벌써', '문화', '지금', '좀더', '진화', '문화', '이해', '좋아하다', '문화', '인정']"
S1bcy4h1mS8,"['역시', '신분']"
S1bcy4h1mS8,"['님같', '좋다']"
S1bcy4h1mS8,['이성철']
S1bcy4h1mS8,['이성철']
S1bcy4h1mS8,"['군대', '좋아하다', '없다', '무패', '기록', '깨트렸다', '누나']"
S1bcy4h1mS8,"['아니다', '스브스', '인터뷰', '그래픽카드', '진짜', '그래픽', '감속', '어떻다']"
S1bcy4h1mS8,"['멜론', '차트', '한국', '빌보드', '정도', '대중성', '있다', '증명', '된거', '부럽다', '정도', '취향', '존중', '서로', '이해', '인생', '안타깝다', '피곤하다', '운동', '스트레스', '사람', '있다', '실제', '스트레스', '사람', '있다', '여러', '유형', '있다', '콘서트', '이유', '수요', '있다', '모두', '서로', '존중', '하장']"
S1bcy4h1mS8,"['저번', '로리', '레퀴엠', '한국인', '영상', '대중성', '증명', '된거', '헛소리']"
S1bcy4h1mS8,"['아니다', '존중', '억지로', '대중', '없다', '당장', '친척', '가족', '지인', '누구', '아니다', '피해', '사람', '많다', '팩트', '대중', '아니다', '중요하다', '각자']"
S1bcy4h1mS8,"['우왕', '로리', '유튜브', '기준', '플랫폼', '있다', '궁금하다', '빌보드', '같다', '경우', '멜론', '한국인', '기준', '정도', '대중성', '증명', '팩트', '대중성', '아예', '없다', '해도', '로리', '같다', '경우', '다른', '케이스', '워낙', '유튜버들', '여러', '매체', '개그', '접근', '가장', '쉽다', '유튜브', '몇번', '대다수', '노래', '로서', '인기', '있다', '잠깐', '반짝', '성공', '노래', '로서', '성공', '아니다', '로리', '유독', '화제', '잠깐', '사람', '평상시', '명확하다', '분리', '생각']"
S1bcy4h1mS8,"['우왕', '그룹', '대중', '아니다', '노래', '자체', '유명하다', '노래', '대중', '실제', '노래', '대다수', '사람', '노래', '좋다', '느낌', '생각', '당연하다', '그룹', '자체', '비주류', '그룹', '노래', '일부', '대중', '팩트']"
S1bcy4h1mS8,"['우왕', '서로', '굳이', '피곤하다', '문맹', '이상', '있다', '다시', '사람', '의도', '는걸', '생각', '바람']"
S1bcy4h1mS8,"['버튜버', '한텐', '감정', '없다', '랍시고', '악질', '팬덤', '역겹다']"
S1bcy4h1mS8,"['진짜', '돌판', '그렇다', '뉴진스', '아이브', '팬덤', '끼리']"
S1bcy4h1mS8,"['진짜', '그렇다']"
S1bcy4h1mS8,"['유니온', '양반', '끼리', '싸움']"
S1bcy4h1mS8,"['브라우', '브로', '의상', '헤메', '갈드', '내부', '멤버', '갈드', '남돌', '연애', '갈드', '비교', '갈드', '일반', '인도르', '월드컵', '등등', '심하다', '탈덕', '용소', '같다', '천지', '비교', '없다']"
S1bcy4h1mS8,"['유니온', '홀리']"
S1bcy4h1mS8,"['일본인', '국내', '상상']"
S1bcy4h1mS8,"['한국', '클라슈']"
S1bcy4h1mS8,"['휴가', '늦잠', '자고', '일어나서', '유튭', '알고리즘', '게뭐', '스브스', '영상', '음지', '어디']"
S1bcy4h1mS8,"['같다', '재는', '아담', '같다', '사이버', '가수', '있다', '신기하다']"
S1bcy4h1mS8,"['이해', '있다', '문화', '충분하다', '있다', '나쁘다', '신기하다', '반응']"
S1bcy4h1mS8,"['약간', '사이버', '가수', '아담', '진짜', '가수', '있다', '약간', '복면', '인터넷', '기술', '생각', '편하다']"
S1bcy4h1mS8,"['이렇다', '문화', '나쁘다', '아니다', '생소하다', '생소하다', '나쁘다', '이유', '없다']"
S1bcy4h1mS8,"['존경', '선생님']"
S1bcy4h1mS8,"['아유', '존경', '무슨', '문화', '좋다', '빠돌이', '빠순이', '스토커', '변하다', '좋다', '의도', '간다', '다양성', '측면', '긍정', '안좋다', '좋다', '질감', '나쁘다']"
S1bcy4h1mS8,"['다른', '버추', '그룹', '덕질', '이다', '처음', '뭔가', '좋아하다', '마음', '느낌', '있다', '점점', '키딩', '노래', '좋다', '어느새다', '플레이', '리스트', '타팬', '응원', '버추', '나쁘다', '시선', '편견', '모두', '좋다', '항상', '응원']"
S1bcy4h1mS8,['화이팅']
S1bcy4h1mS8,['화이팅']
S1bcy4h1mS8,
S1bcy4h1mS8,"['그렇다', '이상', '팬덤', '문화', '노래', '좋다', '응원', '화이팅']"
S1bcy4h1mS8,"['항상', '기자', '주르르', '좋아하다', '공중파', '메인', '매번', '주르르']"
S1bcy4h1mS8,['느낌']
S1bcy4h1mS8,"['썸넬', '르르땅', '이쁘다']"
S1bcy4h1mS8,"['씹덕', '육수', '아니다', '스토리', '캐릭터', '응원', '귀엽다', '그게', '중요하다', '진짜', '시청자', '편견', '가지']"
S1bcy4h1mS8,['니나']
S1bcy4h1mS8,"['지금', '없다', '뭔가', '허전하다', '시청자']"
S1bcy4h1mS8,"['굳다', '진짜', '세기', '위인', '같다']"
S1bcy4h1mS8,"['스브스', '거지', '컴터', '성능']"
S1bcy4h1mS8,"['업무', '용컴', '그렇다']"
S1bcy4h1mS8,"['나이', '사랑', '응원', '인터뷰']"
S1bcy4h1mS8,"['나라', '망하다', '망하다']"
S1bcy4h1mS8,"['정답', '시대', '제물']"
S1bcy4h1mS8,"['인생', '망하다', '전문']"
S1bcy4h1mS8,
S1bcy4h1mS8,"['학생', '샹크스']"
S1bcy4h1mS8,"['처음', '버츄얼', '비주류', '성급하다', '싫어하다', '친구', '추천', '노래', '싫어하다', '버츄얼', '좋아하다', '원래', '덕질', '버츄얼', '덕질', '낯설다', '어색하다', '버츄얼', '다양하다', '매력', '있다', '즐겁다', '덕질', '있다', '고맙다', '사랑', '응원']"
S1bcy4h1mS8,"['화이팅', '진짜', '일반', '가수', '노래', '진짜', '응원']"
S1bcy4h1mS8,['웃기']
S1bcy4h1mS8,
S1bcy4h1mS8,['제발']
S1bcy4h1mS8,"['갈라치', '여윽시', '천지']"
S1bcy4h1mS8,['티콘']
S1bcy4h1mS8,"['씹덕', '아니다', '일단', '노래', '진짜', '좋다']"
S1bcy4h1mS8,"['씹덕', '음지', '코리아', '빌보드', '가수']"
S1bcy4h1mS8,"['빌보드', '방탄', '싸이', '빌보드', '무식']"
S1bcy4h1mS8,"['박도', '코리아', '깜빡']"
S1bcy4h1mS8,['무섭다']
S1bcy4h1mS8,"['진짜', '양지']"
S1bcy4h1mS8,"['코리아', '빌보드', '양지']"
S1bcy4h1mS8,"['장연', '진견', '기습', '번트']"
S1bcy4h1mS8,
S1bcy4h1mS8,"['메타', '버스', '상관없다', '생각', '누군가', '피해', '안주', '베충', '페미', '비건', '캣맘', '장연', '전교조', '민노총', '사회', '단체', '뉴라이트', '등등', '사회', '피해', '싫어하다']"
S1bcy4h1mS8,"['좋다', '생각']"
S1bcy4h1mS8,['잘거르시']
S1bcy4h1mS8,"['다른', '나라']"
S1bcy4h1mS8,"['좋아하다', '솔직하다', '일반인', '요즘', '어른', '거부', '있다', '필요', '없다', '오히려', '팬덤', '모든', '의견', '수용', '태도', '있다', '심신', '편하다', '실제', '다르다']"
S1bcy4h1mS8,"['자꾸', '날카롭다', '많다']"
S1bcy4h1mS8,
S1bcy4h1mS8,"['별로', '외모', '얘기', '악플러', '대응', '하란', '아니다', '옳다', '그른건', '구분', '아니다', '다른', '그렇다', '당연하다', '상임', '싫어하다', '자체', '개취', '정도', '비난', '존중', '그것', '개취', '취급', '악플러', '정당성', '명분', '제공', '꼴임']"
S1bcy4h1mS8,"['뉴스', '기대하다', '슬프다', '컴백', '많다', '사랑', '부탁드리다']"
S1bcy4h1mS8,"['화이팅', '응원']"
S1bcy4h1mS8,"['업적', '노래', '좋다', '자주']"
S1bcy4h1mS8,['영상']
S1bcy4h1mS8,['게뭐임']
S1bcy4h1mS8,
S1bcy4h1mS8,"['바둑', '소녀']"
S1bcy4h1mS8,"['다소', '생소하다', '같다', '어떻다', '방향', '많다', '사람', '희망', '그것', '또한', '좋다', '같다']"
S1bcy4h1mS8,"['이상하다', '건가']"
S1bcy4h1mS8,['한잔']
S1bcy4h1mS8,"['이상하다', '아니다', '처음', '똑같다', '반응']"
S1bcy4h1mS8,"['저기', '인터뷰', '신분', '그렇다', '입덕', '부정', '많다', '그렇다', '오디션', '컨텐츠', '보고', '유튭', '노래', '입덕', '거지', '원래', '컬쳐쇼크']"
S1bcy4h1mS8,"['그렇다', '나중', '한번', '좋다']"
S1bcy4h1mS8,"['이상하다', '없다', '지금', '사람', '스탠', '예전', '왁굳님', '시작', '콘크리트']"
S1bcy4h1mS8,"['팩트', '정리', '바둑기사', '일반인', '버튜버', '메인', '컬처', '인생', '스토리', '한번', '그렇다', '음지']"
S1bcy4h1mS8,"['무슨', '댓글', '입덧', '중이']"
S1bcy4h1mS8,"['하루', '정확하다', '비위', '상해']"
S1bcy4h1mS8,"['승전', '알파', '고랑', '대국', '이전', '인지도', '높다', '기사', '부호', '치기']"
S1bcy4h1mS8,"['난독', '아군', '사격', '하노']"
S1bcy4h1mS8,"['죄송하다', '딱하다']"
S1bcy4h1mS8,['이상하다']
S1bcy4h1mS8,
S1bcy4h1mS8,"['그렇다', '있다']"
S1bcy4h1mS8,"['이상하다', '원래', '없다', '문화', '이상하다', '당연하다']"
S1bcy4h1mS8,"['음음', '이상하다', '거의', '싫어하다']"
S1bcy4h1mS8,"['영원하다', '이세', '정말', '사랑']"
S1bcy4h1mS8,"['데뷔', '심하다', '악플', '이제', '악플', '타격', '없다', '그때', '적응', '댓글', '온갖', '이제', '활동', '뚜렷하다', '성과', '커리어', '생기', '컨텐츠', '양지', '악플', '수위', '이상하다', '정도', '없다', '아무렇다']"
S1bcy4h1mS8,"['오히려', '진짜', '초창', '별로', '유명하다', '악플', '없다', '와인', '댓글', '악플', '달리기', '시작', '선명하다', '오히려', '인기', '상승', '체감']"
S1bcy4h1mS8,"['오히려', '초창', '팬치', '아니다', '좀더', '노력', '이미지', '씹덕', '좋아하다', '저렇다', '구나', '이미지', '저희', '조금', '노력', '악플', '너그럽다']"
S1bcy4h1mS8,"['진짜', '예전', '실제', '아이', '릴파', '주르르', '버거', '구비']"
S1bcy4h1mS8,"['쫄려', '자댓', '귀엽다', '세로드립']"
S1bcy4h1mS8,"['저번', '세로드립', '이해', '사람']"
S1bcy4h1mS8,"['아예', '알기', '빡세']"
S1bcy4h1mS8,"['녀석', '전략']"
S1bcy4h1mS8,
S1bcy4h1mS8,"['오디션', '처음', '입장', '이렇다', '여성', '버튜버', '여성', '버츄얼', '스트리머', '문화', '사람', '입덕', '부정', '아니다', '안보', '계속', '굳다', '방송', '정작', '직접', '본적', '없다', '일반인', '이렇다', '문화', '이해', '없다', '반응', '표현', '입덕', '부정', '그렇다', '이렇다', '댓글', '본인', '과정', '생각', '표현', '좋다', '아쉽다', '굳다', '아쉬움', '우린', '음지', '가야', '대부분', '일반인', '사이비', '보이지', '좋다', '수가', '없다', '이미지', '팬층', '거임', '방송', '관리']"
S1bcy4h1mS8,"['굳다', '팬층', '자체', '다른', '방송인', '다르다']"
S1bcy4h1mS8,"['진짜', '역사', '길이']"
S1bcy4h1mS8,"['버츄얼', '싫어하다', '상관', '없다', '싫다', '대가리', '문제', '있다', '장애인', '아니다']"
S1bcy4h1mS8,"['장애인', '입덕', '부정', '생각']"
S1bcy4h1mS8,"['여유', '은근', '재밌다']"
S1bcy4h1mS8,"['싫어하다', '불호', '악플', '구별', '악플러', '존중', '존중']"
S1bcy4h1mS8,"['저희', '서로', '좋다', '없다', '저희', '폐때', '그렇다', '이미지', '좋다', '나쁘다', '일반', '아니다', '버츄얼이기', '좋아하다', '반응', '심심', '조금', '이미지', '좋다', '노력', '뿐이다', '저희', '단순', '악플', '부정', '구별']"
S1bcy4h1mS8,"['악플', '대응', '하라', '아니다', '존중', '존중', '안되다', '옳다', '그름', '구별', '하라']"
S1bcy4h1mS8,"['인천', '송도', '어깨', '깡패', '꾸러미', '미소', '해인', '사랑']"
S1bcy4h1mS8,"['성장하다', '엉엉', '사랑', '영원하다']"
S1bcy4h1mS8,"['아이', '아이', '아이', '아이', '아이']"
S1bcy4h1mS8,"['넉넉하다', '시간', '이지']"
S1bcy4h1mS8,"['성공하다', '굳다']"
S1bcy4h1mS8,"['정말', '자랑스럽다', '고생', '증말']"
S1bcy4h1mS8,"['킬링벌스', '얼공', '아니다', '가면', '좋다']"
S1bcy4h1mS8,"['성장하다', '관해']"
S1bcy4h1mS8,"['당신', '당신', '지인', '일수', '있다']"
S1bcy4h1mS8,"['버튜버', '성공하다', '신기']"
S1bcy4h1mS8,"['사실', '없다', '가수', '예전', '있다', '김범수', '케이스', '오히려', '공개', '판때기', '애니', '캐릭터', '생각', '이상하다', '가수', '이야기', '노래', '집중', '전혀', '이상하다', '없다', '외모', '배제', '없다', '가수', '노래실력', '정도', '오덕후', '셀링', '포인트']"
S1bcy4h1mS8,"['시대', '앞서', '보컬로이드', '가수', '기억']"
S1bcy4h1mS8,"['뉴스', '행복하다']"
S1bcy4h1mS8,"['인터뷰', '개똥컴', '레전드']"
S1bcy4h1mS8,"['입덕', '건가']"
S1bcy4h1mS8,['굳이']
S1bcy4h1mS8,"['처음', '노래', '사람', '방송', '생각', '오지']"
S1bcy4h1mS8,"['스브스', '진출', '망상', '현실', '변하다']"
S1bcy4h1mS8,"['진짜', '진입', '장벽', '입덕', '부정', '퐈리', '이다']"
S1bcy4h1mS8,"['기자', '정도', '쯔끄루겜']"
S1bcy4h1mS8,"['수가', '없다', '좋다', '화이팅', '킹애']"
S1bcy4h1mS8,"['친구', '처음', '계속', '추천']"
S1bcy4h1mS8,"['눈물', '버튼']"
S1bcy4h1mS8,"['스브스', '진짜', '실제', '음악', '방송', '기대']"
S1bcy4h1mS8,"['공중파', '직접', '버추', '인터뷰', '처음', '아니다']"
S1bcy4h1mS8,"['사이버가수', '아담']"
S1bcy4h1mS8,"['저희', '하루', '행복하다', '현실', '공연', '좋다']"
S1bcy4h1mS8,"['가상', '메타', '버스', '세라', '정도', '영향력', '생기', '있다', '신기하다', '개념', '생소하다', '새롭다', '분야']"
S1bcy4h1mS8,"['해도', '수요', '있다']"
S1bcy4h1mS8,"['처음', '이렇다', '문화', '생소하다', '이상하다', '수도', '있다', '비난', '아니다', '생각']"
S1bcy4h1mS8,"['인터뷰', '컴터', '아쉽다']"
S1bcy4h1mS8,"['버튜버', '좋아하다', '사람', '다르다', '버튜버', '조금', '소통', '위주', '실제', '친구', '가깝다', '느낌', '아티스트', '가깝다', '느낌', '다만', '산업', '점점', '버츄얼', '산업', '점점', '확신']"
S1bcy4h1mS8,['미치다']
S1bcy4h1mS8,
S1bcy4h1mS8,
S1bcy4h1mS8,"['젠장', '굳이']"
S1bcy4h1mS8,"['이제', '뉴스', '진짜', '성장하다']"
S1bcy4h1mS8,"['평생', '진짜', '최고']"
S1bcy4h1mS8,['자랑스럽다']
S1bcy4h1mS8,"['입덕', '부정', '없다']"
S1bcy4h1mS8,"['댓글', '노캠겜방', '사람', '같다', '겜방', '스트리머', '유튜버', '안보', '사람', '어색하다', '느낌']"
S1bcy4h1mS8,"['영상', '처음', '볼때', '다시', '굳이', '버츄얼']"
S1bcy4h1mS8,['오디션']
S1bcy4h1mS8,"['린지', '노래', '인터뷰']"
S1bcy4h1mS8,"['스브스', '인터뷰', '좋다', '좋다']"
S1bcy4h1mS8,"['정말', '세상', '구나']"
S1bcy4h1mS8,"['진짜', '올해', '알차다']"
S1bcy4h1mS8,"['사람', '많다', '억울하다', '죽겠네', '양지', '음지', '양지']"
S1bcy4h1mS8,"['멀다', '플랫폼', '업그레이드', '대중화', '메이져']"
S1bcy4h1mS8,
S1bcy4h1mS8,"['진짜', '유명하다']"
S1bcy4h1mS8,"['아니다', '인터뷰', '저화질']"
S1bcy4h1mS8,"['사무실', '인터뷰', '버벅']"
S1bcy4h1mS8,"['인터페이스', '기술', '발달', '가상세계', '가치', '현실', '기존', '가치관', '기성세대', '미래', '뻔하다', '일도', '일어나지']"
S1bcy4h1mS8,"['다시', '뉴스', '예전', '다른', '뉴스', '보고', '있다']"
S1bcy4h1mS8,"['이제', '시작', '이다', '사랑']"
S1bcy4h1mS8,"['분만', '매진']"
S1bcy4h1mS8,"['바둑기사', '물어', '있다']"
S1bcy4h1mS8,"['모두', '주인공', '이다']"
S1bcy4h1mS8,"['궁둥이', '둥실둥실', '거리', '면서', '소개']"
S1bcy4h1mS8,"['솔직하다', '덕질', '같다', '친구', '추천', '인문', '진짜', '행복하다']"
S1bcy4h1mS8,"['대성', '몰랏는데', '시작', '미약', '표본']"
S1bcy4h1mS8,"['최소', '연봉']"
S1bcy4h1mS8,"['정말', '세상', '처음', '보지', '보기', '좋다']"
S1bcy4h1mS8,"['현실', '활동', '있다', '전용', '인형', '같다', '제작']"
S1bcy4h1mS8,"['사실', '형도', '어리둥절하다', '상황']"
S1bcy4h1mS8,"['진짜', '굳다', '시청자', '갑자기', '진짜', '거부', '반응', '소위', '캐릭터', '있다', '사람', '좋아하다', '보고', '그렇다', '지금', '굳다', '컨텐츠', '하나', '생각', '점점', '판이', '굳다', '입장', '기분', '좋다']"
S1bcy4h1mS8,"['스브스', '좋아하다']"
S1bcy4h1mS8,"['면제', '파티']"
S1bcy4h1mS8,"['챠니챠', '인터뷰', '와중', '귀염', '뿜뿜']"
S1bcy4h1mS8,"['진짜', '생각', '없다', '도발', '댓글', '차별', '댓글', '안티', '농락', '심기', '댓글', '신고']"
S1bcy4h1mS8,"['일대', '고인', '그렇다', '댓글', '귀엽다']"
S1bcy4h1mS8,"['버튜버', '좋아하다', '한국', '버튜버', '진입', '장벽', '모국어', '그렇다']"
S1bcy4h1mS8,"['진짜', '사랑']"
S1bcy4h1mS8,"['인정', '재발']"
S1bcy4h1mS8,"['로서', '자랑스럽다']"
S1bcy4h1mS8,"['아니다', '입장', '인류', '역사', '디지털', '새롭다', '시대', '자리', '새롭다', '형태', '문화', '현상', '연예인', '대중매체', '기껏', '년전', '새롭다', '문화', '한세대', '위만', '체면', '없다', '소리', '있다', '지금', '모두', '소비', '일상', '시간', '버튜버', '아니다', '많다', '형태', '메타', '버스', '컨텐츠', '생각']"
S1bcy4h1mS8,['화이팅']
S1bcy4h1mS8,['생각']
S1bcy4h1mS8,"['사랑', '처음', '하자']"
S1bcy4h1mS8,
S1bcy4h1mS8,
S1bcy4h1mS8,"['굳다', '새삼', '대단하다', '보이']"
S1bcy4h1mS8,"['인터뷰', '컴퓨터', '하나', '사주', '진짜']"
S1bcy4h1mS8,['컴퓨터']
S1bcy4h1mS8,"['굳다', '시대', '있다', '화이팅']"
S1bcy4h1mS8,"['같다', '이유', '입덕', '고민']"
S1bcy4h1mS8,"['기자', '컴퓨터']"
S1bcy4h1mS8,"['버츄얼', '처음', '세구', '목소리', '정말', '모시']"
S1bcy4h1mS8,"['굳이', '그거']"
S1bcy4h1mS8,"['좋다', '무슨', '화면']"
S1bcy4h1mS8,['인터뷰']
S1bcy4h1mS8,"['분명', '사람', '뉴스', '등등', '양지', '카노']"
S1bcy4h1mS8,"['다시', '생각', '레전드']"
S1bcy4h1mS8,"['말로', '진정하다', '최고다']"
S1bcy4h1mS8,"['영상', '편집', '폭도', '아니다', '합리', '의심', '드네', '화면', '르르땅', '단독샷', '센터']"
S1bcy4h1mS8,"['당신', '생각']"
S1bcy4h1mS8,"['우왁굳님', '안되다', '저기']"
S1bcy4h1mS8,"['인기', '보고', '최신']"
S1bcy4h1mS8,"['청순', '보컬', '아이', '버거', '귀엽다', '릴파', '홍조', '여신', '주르르', '예능', '천재', '세구', '음색', '요정', '비챤']"
S1bcy4h1mS8,"['인공', '지능', '대화', '노래', '인공', '지능', '아니다', '가수', '직접']"
S1bcy4h1mS8,"['가수', '개인', '인터넷', '방송인', '버츄얼', '캐릭터', '일종', '가면', '있다', '생각']"
S1bcy4h1mS8,"['역시', '클라스']"
S1bcy4h1mS8,"['벌써', '한지', '개월', '시간', '빨르다']"
S1bcy4h1mS8,"['이제', '개월임']"
S1bcy4h1mS8,['역시']
S1bcy4h1mS8,"['옛날', '많다', '캐릭터', '겜방', '스트리머', '비슷하다', '아니다', '느낌', '있다', '거부', '있다', '아니다', '사람', '진짜', '많다']"
S1bcy4h1mS8,['차원']
S1bcy4h1mS8,
S1bcy4h1mS8,"['트루먼', '이오']"
S1bcy4h1mS8,"['올해', '송년회', '좋다', '대상', '모습', '진짜', '공중파', '진출']"
S1bcy4h1mS8,['진짜']
S1bcy4h1mS8,['스브스']
S1bcy4h1mS8,"['어떠하다', '행복하다', '있다']"
S1bcy4h1mS8,['부끄럽다']
S1bcy4h1mS8,"['그렇다', '라이브', '확실하다', '있다', '가수', '로서', '유리하다', '흥미', '륩다']"
S1bcy4h1mS8,"['정도', '아이엠', '스타', '미래']"
S1bcy4h1mS8,"['간절하다', '멤버', '대조', '얘넨', '정말', '전국', '공연', '시간']"
S1bcy4h1mS8,"['돚거', '중일', '영상']"
S1bcy4h1mS8,"['역시', '좋아하다', '이유', '있다']"
S1bcy4h1mS8,
S1bcy4h1mS8,"['소통', '가장', '장점', '이자', '단점', '근간', '개인', '방송인', '지라', '단체', '개인', '활동', '성격', '강하다', '현생', '바쁘다', '시기', '유튭', '멤버', '굳다', '튜브', '버스', '채널', '영상', '벅차다', '점점', '같다']"
S1bcy4h1mS8,
S1bcy4h1mS8,"['역시', '아이', '있다']"
S1bcy4h1mS8,"['인간', '남자', '이후', '천사', '탄생']"
S1bcy4h1mS8,['영원하다']
S1bcy4h1mS8,
S1bcy4h1mS8,"['갑자기', '궁금하다', '저런', '버츄얼', '프로그램', '발전', '좋다', '그렇다', '그때', '디자인', '새롭다']"
S1bcy4h1mS8,"['그렇다', '응원']"
S1bcy4h1mS8,"['굳다', '이제', '뉴스']"
S1bcy4h1mS8,"['유주', '거기']"
S1bcy4h1mS8,"['아니다', '뉴스', '홍조', '사람', '있다']"
S1bcy4h1mS8,
S1bcy4h1mS8,
S1bcy4h1mS8,['자랑스럽다']
S1bcy4h1mS8,"['쥰내', '웃기']"
S1bcy4h1mS8,"['이제', '진짜']"
S1bcy4h1mS8,"['아담', '당신', '옳다', '일찍']"
S1bcy4h1mS8,"['소리', '안나']"
S1bcy4h1mS8,"['인터뷰', '좋다', '대단하다', '사장', '인터뷰', '하나']"
S1bcy4h1mS8,
S1bcy4h1mS8,"['아이', '어데갔엌']"
S1bcy4h1mS8,['음지']
S1bcy4h1mS8,"['자동차', '날개', '한번', '사람', '날개', '자동차', '신기하다', '더욱', '음지']"
S1bcy4h1mS8,"['가도', '버튜버', '아프리카', '가도', '버튜버']"
S1bcy4h1mS8,"['성공하다', '자랑스럽다', '세구']"
S1bcy4h1mS8,
S1bcy4h1mS8,
S1bcy4h1mS8,
S1bcy4h1mS8,['어디']
S1bcy4h1mS8,"['진입', '장벽', '높다', '그렇다', '케이팝', '사라', '그래픽', '인간']"
S1bcy4h1mS8,
S1bcy4h1mS8,
S1bcy4h1mS8,"['주르르', '홍조', '미치다']"
S1bcy4h1mS8,
S1bcy4h1mS8,"['년대', '아담', '가수', '있다']"
S1bcy4h1mS8,"['화이팅', '화이팅']"
S1bcy4h1mS8,"['릴파', '그렇다', '어쩐지', '노래', '방송', '같다', '노래', '진짜', '굳다', '있다', '확실하다']"
S1bcy4h1mS8,"['미쿠', '열광하다', '그렇다', '느낌', '아니다']"
S1bcy4h1mS8,"['사람', '있다']"
S1bcy4h1mS8,['스토리']
S1bcy4h1mS8,['최고']
S1bcy4h1mS8,"['언제', '사랑스럽다']"
S1bcy4h1mS8,"['노랜', '좋다']"
S1bcy4h1mS8,"['스브스', '제작', '컴퓨터']"
S1bcy4h1mS8,['와우']
S1bcy4h1mS8,"['노래', '좋다', '멤버', '스타', '성도', '좋다', '좋다', '영상', '조금', '아쉽다', '와인', '영상']"
S1bcy4h1mS8,
S1bcy4h1mS8,"['차원', '길다']"
S1bcy4h1mS8,"['린다', '화이팅']"
S1bcy4h1mS8,"['사랑', '응원']"
S1bcy4h1mS8,"['버튜버', '구나', '사람']"
S1bcy4h1mS8,['시프']
S1bcy4h1mS8,"['릴파님', '정말', '천사', '이다', '보컬', '있다', '크루', '릴파님', '개사', '노래', '일어', '개사', '단체', '내용', '메일', '아주', '빠르다', '사용', '답장', '솔직하다', '저런', '스타', '정말', '감동', '다른', '멤버', '좋아하다']"
S1bcy4h1mS8,['양지']
S1bcy4h1mS8,"['씹덕', '처음', '햇었음', '지금', '세구', '없다', '진입', '장벽', '빡센건', '사실', '한번', '좋아하다', '헤어', '힘드다']"
S1bcy4h1mS8,"['노래', '개사']"
S1bcy4h1mS8,"['인터뷰', '아쉽다']"
S1bcy4h1mS8,
S1bcy4h1mS8,"['스키니진', '처음', '흉하다', '난리', '난리', '익숙하다', '모두', '스키니진', '버투', '모두', '생각', '버추', '아티스트', '모두', '응원']"
S1bcy4h1mS8,['킹애']
S1bcy4h1mS8,['자랑스럽다']
S1bcy4h1mS8,"['님들', '뭔가', '스트리머', '가깝다', '느낌', '노래', '스트리머', '컨텐츠', '진행', '시청자', '소통', '개인', '커버', '단체', '리지', '이렇다', '문화', '생소하다', '이해', '있다', '무작정', '생각']"
S1bcy4h1mS8,"['왁굳님', '당황', '좋다']"
S1bcy4h1mS8,['컴퓨터']
S1bcy4h1mS8,['버거']
S1bcy4h1mS8,"['편집자', '폭도', '확인']"
S1bcy4h1mS8,
S1bcy4h1mS8,"['기자', '컴퓨터']"
S1bcy4h1mS8,
S1bcy4h1mS8,"['눈물', '주르르']"
S1bcy4h1mS8,['그만하다']
S1bcy4h1mS8,"['요즘', '시대', '좋다']"
S1bcy4h1mS8,"['씨유', '스브스', '씨유']"
S1bcy4h1mS8,"['최고', '화이팅', '이다']"
S1bcy4h1mS8,"['대한민국', '미래', '도대체', '어디']"
S1bcy4h1mS8,['화이팅']
S1bcy4h1mS8,['웃기']
S1bcy4h1mS8,"['활짝', '버거', '문단속', '좋다']"
S1bcy4h1mS8,['하자']
S1bcy4h1mS8,"['아니다', '뉴스', '진출']"
S1bcy4h1mS8,"['인터뷰', '영상', '스브스', '뉴스', '이번', '기회', '통해', '버추', '유튜버', '대해', '많다', '좋다', '많다', '좋다', '문화', '정착']"
S1bcy4h1mS8,
S1bcy4h1mS8,['사랑']
S1bcy4h1mS8,"['라서', '좋다', '사랑']"
S1bcy4h1mS8,['신기하다']
S1bcy4h1mS8,"['지금', '상황']"
S1bcy4h1mS8,['화이팅']
S1bcy4h1mS8,['미치다']
S1bcy4h1mS8,
S1bcy4h1mS8,"['당연하다', '있다', '존중', '좋다', '좋다', '싫다', '맙시', '저희', '모두', '사람', '개인', '취향', '있다', '좋다', '좋아하다', '식도', '안되다', '싫다', '이상하다', '생각', '안되다', '그렇다', '처음', '이상하다', '생각', '노래', '그렇다', '그렇다', '누구', '자신', '생각', '좋다', '취향', '맙시', '가장', '동생', '같다', '아이', '누구', '귀엽다', '가끔', '멋있다', '버거', '귀엽다', '노래', '텐션', '릴파님', '큐티', '섹시', '청순', '가능하다', '공주', '인자', '주르르', '최초', '팬서비스', '천만', '세구', '가장', '언니', '사랑', '황금', '막내', '비챤님', '사랑', '존경', '꽃길', '화이팅']"
S1bcy4h1mS8,
S1bcy4h1mS8,['킹애']
S1bcy4h1mS8,"['옛날', '미쿠', '같다', '상이', '변하다', '같다', '부류', '같다', '좋다']"
S1bcy4h1mS8,"['젠장', '굳이', '숭배', '없다', '영원하다', '마영택', '마영택', '사랑']"
S1bcy4h1mS8,"['진짜', '사랑']"
S1bcy4h1mS8,['추천']
S1bcy4h1mS8,"['좋다', '컴퓨터']"
S1bcy4h1mS8,"['뉴스', '나오넼']"
S1bcy4h1mS8,"['굳다', '위대하다', '전지전능하다', '사도']"
S1bcy4h1mS8,"['굳다', '어떻다']"
S1bcy4h1mS8,
S1bcy4h1mS8,"['컴퓨터', '좋다']"
S1bcy4h1mS8,"['굳다', '형사', '고맙다']"
S1bcy4h1mS8,['역시']
S1bcy4h1mS8,['화이팅']
S1bcy4h1mS8,['분명']
S1bcy4h1mS8,"['요즘', '저런', '대단하다', '처음', '신기하다']"
S1bcy4h1mS8,
S1bcy4h1mS8,
S1bcy4h1mS8,['신기하다']
S1bcy4h1mS8,['사랑']
S1bcy4h1mS8,"['어디', '굳다']"
S1bcy4h1mS8,
S1bcy4h1mS8,"['시대', '변하다', '도태']"
S1bcy4h1mS8,"['아주', '킹애']"
S1bcy4h1mS8,['화이팅']
S1bcy4h1mS8,
S1bcy4h1mS8,['응원']
S1bcy4h1mS8,['굳다']
S1bcy4h1mS8,"['랑스', '러버', '영원']"
S1bcy4h1mS8,
S1bcy4h1mS8,"['언니', '다시', '콘서트', '제발']"
S1bcy4h1mS8,"['시즌', '마노']"
S1bcy4h1mS8,"['굳다', '진짜', '전설']"
S1bcy4h1mS8,
S1bcy4h1mS8,['뉴스']
S1bcy4h1mS8,"['겨우', '버튜버', '정도', '따위', '아니다', '신의', '버튜버']"
S1bcy4h1mS8,"['세상', '미치다', '같다']"
S1bcy4h1mS8,['영원하다']
S1bcy4h1mS8,"['쌀택', '이형', '같다']"
S1bcy4h1mS8,['역시']
S1bcy4h1mS8,['사랑']
S1bcy4h1mS8,"['팬치', '완벽하다', '인성', '국내', '최고', '버츄얼', '그날', '송도', '바둑', '이름', '누구', '이름', '바둑', '생각', '역시', '버스', '신세계', '신세계']"
S1bcy4h1mS8,"['싫어하다', '다해', '굳이', '분탕']"
S1bcy4h1mS8,"['와꾸텽', '스브스']"
S1bcy4h1mS8,"['이렇다', '나쁘다', '테헹']"
S1bcy4h1mS8,"['일반인', '낯설다', '이해', '힘드다', '부분', '많다', '그렇다', '존중', '새롭다', '문화']"
S1bcy4h1mS8,"['이제', '나이', '건가']"
S1bcy4h1mS8,
S1bcy4h1mS8,
S1bcy4h1mS8,"['진짜', '매력', '헤어']"
S1bcy4h1mS8,"['시작', '긴가민가하다', '왁굳텽', '미쳣', '미래']"
S1bcy4h1mS8,
S1bcy4h1mS8,['샤라']
S1bcy4h1mS8,"['콘서트', '같다', '위로', '화이팅']"
S1bcy4h1mS8,"['다른', '어떻다', '좋아하다', '세구', '비챤님']"
S1bcy4h1mS8,['스브스']
S1bcy4h1mS8,"['인기가요', '가즈']"
S1bcy4h1mS8,['팬치']
S1bcy4h1mS8,['악플']
S1bcy4h1mS8,"['스브스', '미치다']"
S1bcy4h1mS8,"['어헝헝', '젛아용']"
S1bcy4h1mS8,"['굳다', '화팅', '화이팅', '뭔가', '뿌듯하다']"
S1bcy4h1mS8,['파이팅']
S1bcy4h1mS8,"['홀로그램', '보고', '열광하다', '신기하다', '엊그제', '같다', '신기하다']"
S1bcy4h1mS8,
S1bcy4h1mS8,['파이팅']
S1bcy4h1mS8,"['이이', '무엇']"
S1bcy4h1mS8,
S1bcy4h1mS8,['화이팅']
S1bcy4h1mS8,['이그']
S1bcy4h1mS8,['화이팅']
S1bcy4h1mS8,"['여러분', '세상', '아름답다']"
S1bcy4h1mS8,"['인식', '이렇다', '인식']"
S1bcy4h1mS8,['군대']
S1bcy4h1mS8,
S1bcy4h1mS8,"['버츄얼', '적응하다', '힘들다', '노래', '좋다', '굿굿', '실력', '뛰어나다', '가수', '이렇다', '노래', '자주', '길가', '다가', '처음', '버츄얼']"
S1bcy4h1mS8,"['진짜', '처음', '한국', '이렇다', '계열', '지금', '후회', '있다', '입덕', '여러', '노래', '방송', '개개인', '스토리', '일반', '다른', '통방', '좋다', '인터넷', '방송', '평소', '보기', '힘드다', '컨텐츠', '매력', '생각', '노력', '여러', '비난', '오프라인', '공연', '자랑스럽다', '화이팅']"
S1bcy4h1mS8,"['이름', '바둑기사', '배우', '김정은', '김규리']"
S1bcy4h1mS8,"['멀티버스', '가능성', '바람직하다', '사례', '생각', '항상', '좋다', '역량', '멋지다', '콘텐츠', '음악', '행복하다', '화이팅']"
S1bcy4h1mS8,"['무시', '글로벌', '시장', '점점', '상황', '국내', '굳다', '유일하다', '글로벌', '경쟁력', '있다', '기술', '발전', '엄청나다']"
S1bcy4h1mS8,"['굳다', '승리']"
S1bcy4h1mS8,"['진실', '가장', '댓글', '안좋다', '제발', '진실']"
S1bcy4h1mS8,"['진실', '있다', '악플러', '나쁘다']"
S1bcy4h1mS8,"['사랑', '응원', '파이팅']"
S1bcy4h1mS8,['굳다']
S1bcy4h1mS8,"['뉴스', '허흨흐킄']"
S1bcy4h1mS8,"['굳다', '웃기']"
S1bcy4h1mS8,"['굳다', '대단하다']"
S1bcy4h1mS8,"['섹큐', '버스', '세구']"
S1bcy4h1mS8,"['리마', '똥컴', '합격']"
S1bcy4h1mS8,"['성형', '온라인', '판이', '능력', '있다', '외형', '때문', '발산', '사람', '가상', '현실', '소통', '베드', '시장', '선점', '있다', '한국', '경쟁력', '있다', '사업']"
S1bcy4h1mS8,"['전직', '출신', '이심']"
S1bcy4h1mS8,"['어쨌꺼', '현직', '아니다', '경쟁']"
S1bcy4h1mS8,"['한국', '발주', '음지', '씹덕', '문화', '발전', '다행']"
S1bcy4h1mS8,"['진짜', '씹덕', '미치다']"
S1bcy4h1mS8,"['다양성', '발자국', '파이팅']"
S1bcy4h1mS8,"['굳다', '스트리퍼']"
S1bcy4h1mS8,"['혜지', '드론']"
S1bcy4h1mS8,"['사장', '굳다', '피셜', '컨셉', '스트리머', '버츄얼유튜버', '특징', '파이', '정확하다', '구분', '돼지', '독창', '시스템', '구축', '네이버', '팬카페', '위인', '있다', '동안', '마리', '토끼', '스트리머', '활동', '잡기', '위해', '누구', '부지런하다', '때문', '성장하다', '있다', '같다', '기존', '정장', '사람', '상업', '비즈니스', '모델', '라면', '유지', '성장하다', '각자', '개인', '열정', '정말', '그대로', '팬심', '아니다', '생각']"
S1bcy4h1mS8,"['뢴트', '같댜']"
S1bcy4h1mS8,"['닝햄', '같다']"
S1bcy4h1mS8,
S1bcy4h1mS8,"['보시', '어떻다', '살짝', '불편하다', '이야기', '솔직하다', '샌드박스', '크리에이터', '유튜브', '음악', '제패', '생각', '설레임', '에디', '우왕', '쵸우', '같다', '거물', '크리에이터', '노래', '초딩', '중딩', '시절', '어느새다', '왕좌', '다른', '뭔가', '씁쓸하다', '어찌', '당연하다', '결과', '생각', '새롭다', '옛날', '우상', '크게', '단숨', '성장하다', '모습', '보고', '노래', '어느덧다', '비록', '성장하다', '모습', '전체', '노래', '감동', '그렇다', '과거', '우상', '노래', '그것', '더하다', '부정', '없다', '벅차다', '무언가', '많다', '생각', '사소하다', '추억', '팔이', '있다', '진정하다', '라면', '마음', '어떻다', '공허하다', '보이지', '과거', '우상', '현재', '우상', '일과', '차이', '복잡하다', '그렇다', '결론', '추억', '우상', '부정', '지금', '순간', '무언', '사랑', '있다', '마음', '다른', '무언가', '그것', '살짝', '과거', '우상', '이렇다', '과거', '현재', '동시', '사랑', '있다', '있다', '그거', '좋다', '순수하다', '동심', '인생', '불행하다', '용기', '있다', '사랑', '현재', '사랑', '작다', '편지', '이다', '여러분', '부디', '여러', '기억', '좋다', '기억', '있다', '응원']"
S1bcy4h1mS8,
S1bcy4h1mS8,"['인터뷰', '대체', '무슨', '기기', '화질', '네트워크', '정상', '하나', '없다']"
S1bcy4h1mS8,"['좋아하다', '안해', '싫어하다', '진입', '장벽']"
S1bcy4h1mS8,"['모두', '응원', '그날', '화이팅']"
S1bcy4h1mS8,"['숲튽훈', '없다']"
S1bcy4h1mS8,['슭틇훈님']
S1bcy4h1mS8,"['화이팅', '굳다', '사랑']"
S1bcy4h1mS8,"['굳다', '대한민국', '컨탠츠', '중이']"
S1bcy4h1mS8,"['소속사', '논란', '없다', '좋다']"
S1bcy4h1mS8,"['요즘', '노래', '기강', '잡기', '위해']"
S1bcy4h1mS8,
S1bcy4h1mS8,"['댓글', '삭제', '제발', '갈라', '치기', '팬덤', '이미지']"
S1bcy4h1mS8,"['굳이', '다시', '음지', '가야', '댓글', '그렇다', '만하']"
S1bcy4h1mS8,"['서장훈', '슨생', '버튜버한다', '뭔가', '유튭', '영상']"
S1bcy4h1mS8,"['선생님', '서장훈', '농구', '준이시', '김장훈', '이요']"
S1bcy4h1mS8,"['이렇다', '새롭다', '도전', '좋다', '도중', '매력', '없다', '그렇다', '아니다', '오히려', '재밌다', '일상생활', '지장', '정도', '처음', '멜론', '뮤직', '랭크됐을때', '신기하다', '거기', '계속', '있다', '응원', '굳다', '릴파']"
S1bcy4h1mS8,
S1bcy4h1mS8,
S1bcy4h1mS8,
S1bcy4h1mS8,"['릴파', '진짜', '애정', '인터뷰', '좋다']"
S1bcy4h1mS8,"['생각', '좋아하다', '사람', '많다', '신기하다']"
S1bcy4h1mS8,"['역시', '굳다']"
S1bcy4h1mS8,"['기자', '컴퓨터', '어떻다', '사양', '컴퓨터', '조차']"
S1bcy4h1mS8,"['회사', '컴퓨터', '그렇다', '스브스', '컴터']"
S1bcy4h1mS8,['진짜']
S1bcy4h1mS8,"['이러하다', '어떠하다', '어떠하다', '버튜버', '유튜버', '어떠하다', '백년']"
S1bcy4h1mS8,"['누구', '모욕', '일단', '사람', '잘나다', '차려', '오줌', '악플러', '한심하다', '덧글', '분명', '달림', '자신', '좋다', '존중', '본인', '좋다', '존중', '인간', '비슷', '좋다', '다르다', '자기', '다르다', '차별', '나라', '지름길', '또한', '안전', '생각', '마음', '조사', '가능', '있다', '현실', '조심', '유재석', '이렇다', '비슷하다', '있다']"
S1bcy4h1mS8,['그렇다']
S1bcy4h1mS8,"['처음', '유튜브', '시작', '대단하다']"
S1bcy4h1mS8,
S1bcy4h1mS8,"['버벅이는', '프로그램', '캡쳐', '같다', '캡쳐', '방법', '그렇다', '아니다', '방송국', '컴터', '좋다', '많다']"
S1bcy4h1mS8,"['세상', '미치다']"
S1bcy4h1mS8,"['거의', '잼민', '장탕', '거부']"
S1bcy4h1mS8,"['솔직하다', '이해', '취향', '존중']"
S1bcy4h1mS8,"['화면', '다시', '건가', '화질']"
S1bcy4h1mS8,"['솔직하다', '이해', '안되다', '부정', '좋다', '세상', '좋아하다', '즐겁다']"
S1bcy4h1mS8,"['얼마나', '자존감', '박살', '좋아하다', '우월감', '그렇다', '진심', '드립', '이렇다', '부모님', '궁금하다']"
S1bcy4h1mS8,
S1bcy4h1mS8,"['우욱', '옛날', '일본', '미쿠', '영상', '취향', '존중']"
S1bcy4h1mS8,"['청순', '요정', '아이', '버거', '릴파', '홍조', '여신', '주르르', '예능', '천재', '세구', '음색', '요정', '비챤', '사랑']"
S1bcy4h1mS8,
S1bcy4h1mS8,"['조상', '아담', '이다', '시대', '앞서', '나머지', '시공간', '초월', '지금', '처럼', '풀트래킹', '아니다', '모션', '제작비', '문제', '파산하다', '묘지', '조상', '맞이']"
S1bcy4h1mS8,"['일단', '충분하다', '신기하다', '있다', '충분하다', '이상하다', '수도', '있다', '충분하다', '거부', '수도', '있다', '그렇다', '가면', '형태', '없다', '사람', '자체', '호감', '경우', '있다', '단지', '거기', '가상현실', '개체', '별로', '이렇다', '문화', '별로', '보구', '관심', '제발', '달라', '적도', '없다', '응원', '적도', '없다', '단지', '노래', '하나', '좋다', '번은', '파토', '리가', '흔하다', '겨울', '키딩', '오버', '평범하다', '사람', '괜찮다', '신기하다', '생각', '추천', '그룹', '이인', '아이', '유튜브', '영상', '잔잔하다', '라디오', '좋다', '그렇다', '갑자기', '사람', '있다', '다른', '대중', '사람', '있다', '거임', '개월', '지난', '영상', '꾸준하다', '댓글', '신기하다', '역시', '이렇다', '동영상', '플랫폼']"
S1bcy4h1mS8,"['바둑기사', '좋다']"
S1bcy4h1mS8,"['사람', '성공하다', '반증', '화이팅']"
S1bcy4h1mS8,"['정말', '나중', '메타', '버스', '가상현실', '좀더', '발전', '버츄얼', '가상현실', '직접', '보고', '진짜', '재밌다', '솔직하다', '지금', '동영상']"
S1bcy4h1mS8,
S1bcy4h1mS8,['레전드']
S1bcy4h1mS8,"['인생', '레전드']"
S1bcy4h1mS8,
S1bcy4h1mS8,"['저런', '버튜버', '아니다', '정말', '궁금하다', '존잘', '존예', '플루', '슈퍼', '스타', '대중', '어떻다', '반응', '궁금하다']"
S1bcy4h1mS8,"['없다', '궁금하다']"
S1bcy4h1mS8,"['벌써', '헤일리', '자이언티', '행주', '일반', '사이']"
S1bcy4h1mS8,"['닛몰', '캐쉬']"
S1bcy4h1mS8,"['연예인', '많다']"
S1bcy4h1mS8,"['같다', '수가', '없다', '같다']"
S1bcy4h1mS8,"['테헹', '애니', '다르다', '이해', '댓글', '사람', '있다', '같다', '사람', '없다', '모든', '가상', '사람', '없다', '애니', '캐릭터', '사람', '있다', '성우', '모든', '가상', '애니', '캐릭터', '설정', '있다', '사람과', '캐릭터', '별개', '사람', '있다', '개별', '멤버', '약간', '메타', '버스', '요소', '캐릭터', '설정', '모든', '현실', '사람과', '연동', '매일', '방송', '실시간', '소통', '가능', '차이', '이해', '저런', '메타', '버스', '이해', '수가', '없다', '이해', '안되다', '시대', '변하다', '시장', '형성', '대부분', '시간']"
S1bcy4h1mS8,['존중']
S1bcy4h1mS8,"['이번', '기회', '인식', '자랑스럽다']"
S1bcy4h1mS8,"['릴파아아', '릴파님', '사랑']"
S1bcy4h1mS8,"['스브스뉴스', '대해', '영상', '뭔가', '신기하다', '기쁘다', '뿌듯하다', '감정', '드네', '인천', '저런', '페스트', '벌이', '있다', '거기', '잠깐', '굳다', '멤버', '참여', '전혀', '다음', '정보', '넓다', '모로', '바람', '마냥', '순탄', '꽃길', '시청자', '로써', '나쁘다', '화이팅', '이다']"
S1bcy4h1mS8,['합류']
S1bcy4h1mS8,"['테헹', '스브스', '킹애']"
S1bcy4h1mS8,['그것']
S1bcy4h1mS8,"['사실', '굳이']"
S1bcy4h1mS8,"['스브스', '최고다', '페스티벌', '좋다', '좋다', '모습', '좋다', '노래', '쭉쭉', '영원하다']"
S1bcy4h1mS8,['영원하다']
S1bcy4h1mS8,"['궁금하다', '페스티벌', '공연', '직접', '움직', '건가', '아니다', '미리', '작업', '움직', '건가', '아니다', '노래', '가요', '궁금하다']"
S1bcy4h1mS8,"['녹화', '이다', '아마', '현장', '디스플레이', '때문', '멀리', '홀로그램', '수도', '있다', '라이브', '아니다', '녹화', '이유', '모션', '캡쳐', '실시간', '상당하다', '힘드다', '부분', '많다', '때문', '이다', '실제', '사람과', '캐릭터', '비율', '다르다', '팔이', '현상', '보통', '데이터', '그대로', '아니다', '애니메이터', '같다', '문제', '수정', '수정', '데이터', '수정', '애니메이션', '데이터', '캐릭터', '무대', '녹화', '이다', '없다', '기술', '한계', '같다', '경우', '전문', '회사', '있다', '해당', '부분', '대한', '연구', '가능하다', '부분', '상당하다', '개선', '이번', '라이브', '진행', '기술', '점점', '발전', '있다', '어쩌면', '진짜', '라이브', '가능하다', '같다']"
S1bcy4h1mS8,"['악플러', '하찮다', '이유', '전의', '이기', '때문', '좋아하다']"
S1bcy4h1mS8,['아니다']
S1bcy4h1mS8,
S1bcy4h1mS8,"['싫어하다', '이해', '불호', '모두', '악플러', '아니다', '단순하다', '불호', '같다', '취급', '이렇다', '답답하다', '졸라', '많다']"
S1bcy4h1mS8,"['악플러', '아니다', '해당', '안되다', '우왁굳님', '재밌다', '사람', '처음', '시작', '지금', '여전하다', '이해도', '안되다', '별로', '좋아하다', '본인', '좋아하다', '당연하다', '없다', '만요']"
S1bcy4h1mS8,"['혜지', '귀엽다']"
S1bcy4h1mS8,"['가상', '아니다', '사람', '있다']"
S1bcy4h1mS8,"['사람', '있다']"
S1bcy4h1mS8,"['처음', '딱하다', '이하', '스럽다', '아주', '레게', '테헹', '여하튼', '축하', '해피', '버스', '데이', '투유']"
S1bcy4h1mS8,['생일']
S1bcy4h1mS8,"['실시간', '시청자']"
S1bcy4h1mS8,"['시청자', '정도']"
S1bcy4h1mS8,"['진짜', '최고다']"
S1bcy4h1mS8,"['청순', '보컬', '아이', '버거', '릴파', '홍조', '여신', '주르르', '예능', '천재', '세구', '음색', '요정', '비챤', '사랑']"
S1bcy4h1mS8,"['생각', '노래', '좋다', '놀람']"
S1bcy4h1mS8,['버츄얼']
S1bcy4h1mS8,"['세상', '상대로', '몰카', '건가']"
S1bcy4h1mS8,['진실']
S1bcy4h1mS8,['웃참터졋']
S1bcy4h1mS8,"['가장', '좋아하다']"
S1bcy4h1mS8,"['하츠네', '미쿠', '공연장', '똑같다']"
S1bcy4h1mS8,"['그때', '시간', '서브컬쳐', '유입']"
S1bcy4h1mS8,"['입덕', '이유', '굳다', '때문', '이유', '사람', '반하다', '때문', '캐릭터', '화려하다', '예쁘다', '기도', '몰입', '기도', '방송', '사람', '어떻다', '성취', '사람', '매력', '실시간', '소통', '있다', '그렇다', '같다', '요소', '몰입', '굳다', '버스', '세상', '변화', '새삼', '있다', '때문', '사람', '입덕', '된거', '일반인', '차원', '버츄얼', '시선', '편견', '가지', '좋다']"
S1bcy4h1mS8,"['이해', '해도', '이해', '역임']"
S1bcy4h1mS8,"['로써', '자리', '있다', '사람', '자랑스럽다']"
S1bcy4h1mS8,"['마비노기', '그렇다', '질감', '없다']"
S1bcy4h1mS8,"['샌드박스', '질감', '입덕']"
S1bcy4h1mS8,"['버츄얼', '세상', '지배']"
S1bcy4h1mS8,"['영원하다', '사랑']"
S1bcy4h1mS8,
S1bcy4h1mS8,
S1bcy4h1mS8,['어질어질하다']
S1bcy4h1mS8,"['팬덤', '단단하다']"
S1bcy4h1mS8,"['몇개', '해도', '사람', '프사', '보고', '하나고']"
S1bcy4h1mS8,"['사람', '없다']"
S1bcy4h1mS8,"['이렇다', '지금']"
S1bcy4h1mS8,
S1bcy4h1mS8,"['독자', '회원']"
S1bcy4h1mS8,"['튻훈', '이형']"
S1bcy4h1mS8,"['영상', '실시간', '댓글', '거기', '분위기', '그때', '숲튽훈', '버튜버', '노래', '있다', '김장훈', '갑자기']"
S1bcy4h1mS8,"['초반', '대해', '대답', '이제', '당당하다', '파고', '있다', '있다', '같다', '사랑']"
S1bcy4h1mS8,"['솔직하다', '다른', '무대', '노래', '소리', '꺜꺜', '여자', '저런', '화면', '보고', '때창', '서로', '존중']"
S1bcy4h1mS8,"['무대', '노래', '소리', '꺜꺜', '여자', '저런', '화면', '보고', '때창', '뉘앙스', '낮다', '어조', '기저']"
S1bcy4h1mS8,"['얼공', '없다', '가수', '많다', '그래픽', '기술', '없다', '뿐이다', '실제', '같다', '장기', '실제', '사람', '무대', '있다']"
S1bcy4h1mS8,"['사람', '진짜', '그래픽', '없다', '생각', '진짜']"
S1bcy4h1mS8,"['있다', '무슨', '연관', '있다']"
S1bcy4h1mS8,
S1bcy4h1mS8,"['좋다', '드립', '안되다']"
S1bcy4h1mS8,"['스브스', '평균', '조횟수', '특정', '영상', '까맣다', '일만', '해도', '대중', '영상', '아니다', '본인', '인생', '아니다', '아무', '외롭다']"
S1bcy4h1mS8,"['어이', '없다', '궁굼해', '벌레']"
S1bcy4h1mS8,"['누구', '벌레', '실천', '있다', '사람']"
S1bcy4h1mS8,['도태']
S1bcy4h1mS8,"['궁금하다', '진짜', '나중', '대학교', '축제', '버튜버', '아니다', '상상', '만해', '끔찍하다']"
S1bcy4h1mS8,"['끔찍하다', '사람', '멀쩡하다', '상상']"
S1bcy4h1mS8,"['뉴스', '떳닼']"
S1bcy4h1mS8,"['이형', '당신', '도대체']"
S1bcy4h1mS8,"['콘서트', '직접', '감동', '종종', '과격하다', '표현', '댓글', '달리기', '취향', '다르다', '좋다', '화이팅']"
S1bcy4h1mS8,"['일본', '그대로', '인구', '추세', '경제', '문화']"
S1bcy4h1mS8,"['일본', '아예', '가상', '버추', '애니', '오타쿠', '처럼', '좋아하다', '버스', '서사', '인하다', '파생', '느낌', '다르다']"
S1bcy4h1mS8,"['일본', '그대로', '아니다', '한국', '버튜버', '아바타', '안보', '듣기', '노캠', '방송인', '다르다', '없다']"
S1bcy4h1mS8,"['좋다', '뉴스', '이렇다', '좋다', '뉴스', '기자', '컴퓨터', '좋다', '있다', '좋다', '뉴스', '도움', '같다']"
S1bcy4h1mS8,"['굳이', '아니다']"
S1bcy4h1mS8,
S1bcy4h1mS8,"['각자', '버츄어', '그거', '노래', '가요']"
S1bcy4h1mS8,"['아뇨', '영상', '이다']"
S1bcy4h1mS8,['직접']
S1bcy4h1mS8,"['뚤기', '미리', '라이브', '직접', '궁금하다']"
S1bcy4h1mS8,"['팩트', '직접']"
S1bcy4h1mS8,['모두']
S1bcy4h1mS8,"['렌트게늄', '같다', '웃기']"
S1bcy4h1mS8,"['뭔가', '짠하다']"
S1bcy4h1mS8,"['황정민', '좋아하다', '논란', '많다', '이해', '안되다']"
S1bcy4h1mS8,['같다']
S1bcy4h1mS8,['진짜']
S1bcy4h1mS8,"['진입', '장벽', '높다', '그렇다', '헤어']"
S1bcy4h1mS8,"['무슨', '대단하다']"
S1bcy4h1mS8,"['이렇다', '볼때', '세상', '몰래카메라', '같다']"
S1bcy4h1mS8,"['씹덕', '매트릭스']"
S1bcy4h1mS8,"['이경규', '버츄얼']"
S1bcy4h1mS8,"['전곡', '좋다']"
S1bcy4h1mS8,['모두']
S1bcy4h1mS8,"['애니', '같다', '겉모습', '좋아하다', '아니다', '녹음', '있다', '실제', '사람', '좋아하다']"
S1bcy4h1mS8,"['라면', '좋아하다', '영상', '걸그룹', '실패', '야하다', '릴파님', '성공하다', '이렇다', '스토리', '감동']"
S1bcy4h1mS8,"['실제', '사람', '자체', '좋아하다']"
S1bcy4h1mS8,"['사실', '사람', '좋아하다', '이미지', '그림', '만이', '이쁘다', '그림', '아바타', '마련', '사람', '성격', '말투', '현실', '부분', '몰입']"
S1bcy4h1mS8,"['겉모습', '좋아하다', '여자', '겉모습', '보고', '좋아하다', '사람', '다르다', '없다', '그게', '문제', '오히려', '스트리밍', '방송', '소통', '다른', '여자', '사람', '좋아하다', '있다', '생각']"
S1bcy4h1mS8,"['스트리밍', '문화', '말임', '방송', '컨텐츠', '거임', '라디오', '생각']"
S1bcy4h1mS8,
S1bcy4h1mS8,['모두']
S1bcy4h1mS8,"['조롱', '없다', '웹툰', '좋아하다', '사람', '웹툰', '씹덕', '악역', '이제', '익숙하다']"
S1bcy4h1mS8,"['스브스형들', '회수', '보태', '컴터', '해주']"
S1bcy4h1mS8,['하나']
S1bcy4h1mS8,"['영상', '컴터', '사양', '스브스', '야하다', '소리']"
S1bcy4h1mS8,['있다']
S1bcy4h1mS8,['고생']
S1bcy4h1mS8,"['친구', '돌다리', '건너', '좋다', '사랑', '진짜', '노래']"
S1bcy4h1mS8,
S1bcy4h1mS8,"['이렇다', '버츄', '인정', '인정', '점점', '요새', '계속', '엄어믕음머어', '계속', '엉믕', '낫다', '굳이', '재임', '소질', '있다', '경험', '넘사벽', '이제', '아이', '하이네']"
S1bcy4h1mS8,"['우왕', '콘서트']"
S1bcy4h1mS8,"['같다', '좋아하다', '콘서트', '부심', '부리']"
S1bcy4h1mS8,"['입덕', '부정']"
S1bcy4h1mS8,"['제발', '프사', '그렇다']"
S1bcy4h1mS8,"['인간', '재밌다', '흥미롭다']"
S1bcy4h1mS8,"['의자', '어떻다', '허공', '있다', '다리', '아프다']"
S1bcy4h1mS8,"['대부분', '녹화', '모션', '캡처', '의자', '아니다']"
S1bcy4h1mS8,['어떻다']
S1bcy4h1mS8,"['신중', '용의자']"
S1bcy4h1mS8,['의자']
S1bcy4h1mS8,"['중용', '모션캡쳐', '슈트', '모션', '버튼', '의자']"
S1bcy4h1mS8,"['댓글', '감시', '있다', '별로', '댓글', '바퀴벌레', '몰려드']"
S1bcy4h1mS8,"['별로', '아니다', '비난', '글아닝', '그렇다']"
S1bcy4h1mS8,"['특수하다', '환경', '버츄얼', '아니다', '일반', '적용', '상황', '이다', '그렇다', '단편', '보고', '판단']"
S1bcy4h1mS8,"['익명', '의인', '님들', '생각', '고요']"
S1bcy4h1mS8,"['생각', '니요', '그렇다', '방향성', '문제점', '개선', '비판', '아니다', '상대', '보이', '비난', '수용', '건가', '아니다', '일반', '같다', '안일하다', '아니다']"
S1bcy4h1mS8,"['익명', '의인', '다른', '팬덤', '일반', '제지', '고상하다', '진짜', '개역', '도태', '텔견', '랄로', '파카', '규모']"
S1bcy4h1mS8,"['굳다', '꼬리']"
S1bcy4h1mS8,"['그렇다', '화면', '애니', '팔다리', '표정', '실제', '멤버', '움직임', '실시간', '녹화', '건가', '아니다', '만화', '안무', '그림', '건가']"
S1bcy4h1mS8,"['전자', '가깝다', '트래킹', '자주', '때문', '저런', '움직임', '많다', '공연', '실시간', '거의', '없다']"
S1bcy4h1mS8,"['최신', '기술', '아이폰', '인식', '아바타', '실제', '똑같다', '표정', '있다', '페이', '프로그램', '있다', '그거', '래커', '기기', '사용', '움직임', '표현', '있다', '보통', '유니티', '이용']"
S1bcy4h1mS8,"['저런', '무대', '경우', '모션캡쳐', '슈트', '촬영']"
S1bcy4h1mS8,['최고']
S1bcy4h1mS8,"['용이', '이제', '홀로', '그래픽', '디스플레이', '개발', '제발']"
S1bcy4h1mS8,
S1bcy4h1mS8,"['해외', '어떻다', '버츄얼', '있다']"
S1bcy4h1mS8,"['해외', '홀로', '라이브', '산지', '개인', '버튜버중', '가장', '유명하다', '사람', '릴리']"
S1bcy4h1mS8,"['딱하다', '없다']"
S1bcy4h1mS8,['세이']
S1bcy4h1mS8,['화이팅']
S1bcy4h1mS8,"['실제', '사람']"
S1bcy4h1mS8,['그렇다']
S1bcy4h1mS8,"['시대', '진짜', '변하다']"
S1bcy4h1mS8,"['관심', '없다', '운영', '별로', '공연', '라인업', '좋다', '만족하다', '버츄얼파트', '신기하다', '스크린', '누구', '직캠', '매력', '있다', '좋아하다']"
S1bcy4h1mS8,"['역시', '우리형']"
S1bcy4h1mS8,"['뉴스', '내용', '벌써', '주일', '정도', '시간', '점점', '사람', '다른', '문화', '시선', '있다', '좋다', '비판', '적절하다', '지적', '아니다', '악의', '댓글', '다양하다', '관점', '서툴다', '상대방', '기분', '나쁘다', '있다', '댓글', '작성', '있다', '같다', '충분하다', '다른', '사람', '교류', '메인', '컬쳐', '인물', '관심', '있다', '비중', '증가', '있다', '괜찮다', '생각', '활동', '맴버', '충분하다', '있다', '지금', '있다', '맴버', '항상', '화이팅', '많다', '사람', '행복', '전달', '해주시', '소중하다', '사람', '로서', '가치', '더욱', '계시다', '모두', '진심', '감사']"
S1bcy4h1mS8,
S1bcy4h1mS8,"['어우', '음지', '계속', '있다']"
S1bcy4h1mS8,
S1bcy4h1mS8,"['악플', '많다', '무시', '악플', '질투', '열등감', '등등', '일반인', '신경', '개진', '그렇다']"
S1bcy4h1mS8,"['일반', '사람', '일반인']"
S1bcy4h1mS8,['우프']
S1bcy4h1mS8,"['따갑다', '단체', '가스', '시도']"
S1bcy4h1mS8,['지금']
S1bcy4h1mS8,['사랑']
S1bcy4h1mS8,"['새롭다', '신기하다']"
S1bcy4h1mS8,['신세계']
S1bcy4h1mS8,"['댓글', '자꾸', '새롭다', '문화', '언제', '버츄얼', '캐릭터', '문화']"
S1bcy4h1mS8,"['컨텐츠', '진짜', '레전드']"
S1bcy4h1mS8,"['스브스뉴스', '실감', '안나', '진짜', '지인']"
S1bcy4h1mS8,"['굳다', '어디']"
S1bcy4h1mS8,['어지럽다']
S1bcy4h1mS8,['동영상']
S1bcy4h1mS8,"['궁금하다', '그렇다', '버츄얼', '온라인', '직접', '콘서트', '차이', '뭔가', '직접', '표현', '조금', '어색하다']"
S1bcy4h1mS8,"['락페', '드콘', '일단', '음향', '자체', '다르다', '현장', '환호', '벅차오르다', '있다', '티비', '영상', '가신', '상보', '재밌다', '보이', '부럽다']"
S1bcy4h1mS8,"['넷플', '영화관', '음향', '차이', '있다', '같다', '느낌', '아니다']"
S1bcy4h1mS8,['왁굳님']
S1bcy4h1mS8,['왜왜왜']
S1bcy4h1mS8,"['사람', '없다', '좋다', '좋다', '모습']"
S1bcy4h1mS8,"['바둑', '좋아하다', '보기', '좋다']"
S1bcy4h1mS8,['바둑']
S1bcy4h1mS8,['뮬뮬우욱']
S1bcy4h1mS8,"['굳이', '역사']"
S1bcy4h1mS8,"['일본', '유행', '있다', '한국', '인기', '많다', '좋아하다', '그거', '완전', '비슷하다', '캐릭터', '자캐', '하나', '노래', '일본', '애니', '만화', '좋아하다', '오타쿠', '좋아하다', '법해', '일반인']"
S1bcy4h1mS8,['세상']
S1bcy4h1mS8,"['변화', '세상', '사고방식', '인간', '도태', '새롭다', '있다']"
S1bcy4h1mS8,"['아니다', '박효진', '닝햄', '아니다']"
S1bcy4h1mS8,['좋다']
S1bcy4h1mS8,"['문득', '스포츠', '대상혁', '대단하다', '같다', '영원하다']"
S1bcy4h1mS8,"['세대차이', '개인', '버튜버']"
S1bcy4h1mS8,"['프사', '애니', '버튜버', '같다', '프산디']"
S1bcy4h1mS8,"['애니메이션', '자체', '좋아하다', '버튜버', '등등', '캐릭터', '뭔가', '별로', '덥다']"
S1bcy4h1mS8,['그렇다']
S1bcy4h1mS8,"['씹덕', '음저']"
S1bcy4h1mS8,['본능']
S1bcy4h1mS8,"['많다', '사람', '오해', '부분', '정리', '이렇다', '데이터', '쪼가리', '펭수', '인형', '활동', '유튜버', '생각', '이해', '펭수', '인형', '누구', '있다', '사람', '유튜브', '재미', '펭수', '모습', '실제', '어떻다', '좋다', '하루', '시간', '인터넷', '방송', '때문', '엄청나다', '유튜버', '정도', '라포', '있다', '팬덤', '있다', '유튜버', '생각', '좋다', '케인', '녹두', '부분', '이렇다', '아니다', '부분', '인터넷', '방송', '하나요', '조용하다', '일반', '사람', '별다르다', '없다', '전직', '출신', '메이', '위시', '사실', '공개', '맴버', '있다', '이렇다', '좋아하다', '사람', '사이비종교', '같다', '팬덤', '용어', '문화', '같다', '생소하다', '보이', '실수', '있다', '그거', '서태지와아이들', '반응']"
S1bcy4h1mS8,
S1bcy4h1mS8,"['요점', '하나', '답변', '뿐이다']"
S1bcy4h1mS8,['손연욱']
S1bcy4h1mS8,['정성']
S1bcy4h1mS8,"['손연욱', '건가', '진짜', '모름']"
S1bcy4h1mS8,"['가상', '캐릭터']"
S1bcy4h1mS8,"['구석', '여포', '싸움', '가슴', '웅장']"
S1bcy4h1mS8,['싸움']
S1bcy4h1mS8,"['안녕하다', '오옷', '좋아하다', '씹덕', '있다', '대부분', '노래', '좋다', '방송인', '좋다', '좋아하다', '노캠', '방송', '플러스', '표정', '행동']"
S1bcy4h1mS8,"['굳다', '인사', '제일', '부럽다']"
S1bcy4h1mS8,
S1bcy4h1mS8,"['인터뷰', '버츄얼', '모두', '제약', '가상현실', '컴퓨터', '때문', '인터뷰', '기자']"
S1bcy4h1mS8,"['어지간하다', '고물', '같다', '아니다', '이상']"
S1bcy4h1mS8,"['버츄얼', '사양', '높다', '보급', '작업', '컴퓨터', '대체']"
S1bcy4h1mS8,"['기자', '사양', '문제', '건데', '평소', '방송']"
S1bcy4h1mS8,"['컴퓨터', '문제', '있다', '기자', '설정', '세이', '프티', '있다']"
S1bcy4h1mS8,"['자랑스럽다', '버튜버', '파이팅']"
S1bcy4h1mS8,"['예전', '일본', '우리나라', '음침하다', '조롱', '이렇다', '일본', '사회', '현상', '보고', '조롱']"
S1bcy4h1mS8,['방가']
S1bcy4h1mS8,"['만해', '금방', '망하다', '버츄', '지금', '성공하다', '공연', '벅차다', '눈물', '단콘할때', '영원하다']"
S1bcy4h1mS8,['바둑기사']
S1bcy4h1mS8,['부끄럽다']
S1bcy4h1mS8,"['좋아하다', '굳이', '버튜버중', '가장', '대중', '셀링', '성공하다', '사례', '같다', '노래', '진짜', '컨셉', '괜찮다', '솔직하다', '정도', '별로', '씹덕', '아니다']"
S1bcy4h1mS8,"['음지', '라며', '음지', '자랑스럽다', '즐겁다', '활동']"
S1bcy4h1mS8,"['일본', '보컬로이드', '엊그제', '같다']"
S1bcy4h1mS8,"['취향', '존중']"
S1bcy4h1mS8,
S1bcy4h1mS8,"['좋아하다', '비슷하다']"
S1bcy4h1mS8,"['그거', '쪼끔', '느낌', '다르다', '사실', '씹덕', '아바타', '있다', '그렇다', '일반', '인터넷', '방송', '다르다', '없다']"
S1bcy4h1mS8,"['요즘', '유튜버들', '캐릭터', '영상', '비슷하다']"
S1bcy4h1mS8,"['와우', '도대체', '인기', '궁금하다', '진짜', '궁금하다', '아니다']"
S1bcy4h1mS8,"['솔직하다', '부정', '시선', '순간', '팬덤', '이름']"
S1bcy4h1mS8,"['매력', '때문', '단지', '통화', '호감', '그렇다', '사람', '그렇다']"
S1bcy4h1mS8,"['으갸갸갸', '감흥', '없다', '크게', '관심', '없다', '사람', '요즘', '덕이', '생각', '대중화', '오히려', '덕이', '라며', '근거리', '순간', '눈치']"
S1bcy4h1mS8,"['포포', '대중화', '노래', '좋다', '인정', '커버', '대중화', '멀다', '당장', '대학교', '커뮤', '에타', '검색', '만해', '걔네', '애니', '게시판', '오지']"
S1bcy4h1mS8,"['송도', '주변', '남자', '이상', '땀내', '아니다', '성비', '아니다', '고추']"
S1bcy4h1mS8,['우웩']
S1bcy4h1mS8,"['십덕', '어질어질하다', '구석', '애니', '보고']"
S1bcy4h1mS8,['왜봄']
S1bcy4h1mS8,"['현생', '제발']"
S1bcy4h1mS8,"['듀라', '다음', '충격', '라이브', '녹화', '한번', '충격', '장훈', '진짜', '대단하다', '젊다', '어질어질하다', '진짜']"
S1bcy4h1mS8,"['장훈', '이형도', '부캐', '버츄얼']"
S1bcy4h1mS8,
S1bcy4h1mS8,['아니다']
S1bcy4h1mS8,"['버거', '야망', '굳다', '바쁘다', '굳다', '홧팅']"
S1bcy4h1mS8,['아담']
S1bcy4h1mS8,"['댓글', '진짜', '인생', '아무렇다', '의미', '없다', '댓글', '상태', '보고', '안되다', '말빨', '보고', '불편하다', '댓글', '아니다', '고함', '분명', '아니다', '댓글', '상태', '좋다', '새끼', '댓글', '설명', '댓글', '끼리', '사람', '굳이', '깽판', '콘서트', '가지', '양지', '기어', '만원', '끼리노', '문제', '있다', '보기', '싫다', '무시', '이렇다', '사람', '그렇다', '댓글', '보기', '싫다', '지랄', '댓글', '재밌다', '보기', '싫다', '안보', '이렇다', '낯설다', '좋아하다', '이해', '자기', '생각', '댓글', '시스템', '자기', '입장', '가지', '서로', '서로', '기분', '나쁘다', '있다', '굳다', '무슨', '해도', '바꿈', '댓글', '응원', '영상', '정정', '이렇다', '이해', '음지', '같다', '보기', '싫다', '사람', '댓글', '서로', '무섭다', '아니다', '더럽다', '배렸다', '마인드', '본인', '사람', '사람', '똑같다', '제발', '싸우지마', '서로', '마인드', '진짜', '썸넬', '보고', '굳이', '나라', '망하다', '사람', '스브스', '좋다', '처럼', '나라', '망하다', '댓글', '반박', '또옥', '같다', '아주', '싫다', '이렇다', '오타쿠', '같다', '문화', '싫다', '이러하다', '장르', '강요', '아니다', '입장', '완전하다', '다른', '댓글', '취향', '반대', '사람', '생각', '오히려', '해도', '상황', '있다', '서로', '혐오', '어떻다', '보고', '소리', '이상하다', '댓글', '협박', '하디']"
S1bcy4h1mS8,"['정작', '사람', '이상', '능지']"
S1bcy4h1mS8,"['보통', '댓글', '하루', '종일', '그렇다', '있다', '아마', '님말', '정상', '댓글', '있다', '댓글', '안타깝다', '악플', '댓글']"
S1bcy4h1mS8,"['저기', '조금', '가면']"
S1bcy4h1mS8,"['직접', '오지', '염병']"
S1bcy4h1mS8,"['실제', '현장', '있다', '그렇다', '현실', '회식']"
S1bcy4h1mS8,
S1bcy4h1mS8,"['씹덕', '건가']"
S1bcy4h1mS8,['그렇취']
S1bcy4h1mS8,"['페미니즘', '씹덕', '있다']"
S1bcy4h1mS8,"['진짜', '멋있다', '팬덤', '성장하다', '성장']"
S1bcy4h1mS8,['초리']
S1bcy4h1mS8,
S1bcy4h1mS8,"['그때', '보컬', '심하다', '트위터', '같다', '진짜', '수준', '심하다', '아예', '사람', '하나', '하쿠', '아니다', '잘못', '있다']"
S1bcy4h1mS8,"['스브스', '정상', '빌보드']"
S1bcy4h1mS8,"['기자', '개똥컴']"
S1bcy4h1mS8,"['보컬로이드', '다르다', '던데', '자꾸', '보컬로이드', '적응', '적응']"
S1bcy4h1mS8,"['영상', '우선', '노래', '먼저', '추천', '영상', '나중']"
S1bcy4h1mS8,['멀다']
S1bcy4h1mS8,
S1bcy4h1mS8,"['십덕', '좋다']"
S1bcy4h1mS8,['모름']
S1bcy4h1mS8,['검거']
S1bcy4h1mS8,"['이집', '반전']"
S1bcy4h1mS8,"['기출', '변형']"
S1bcy4h1mS8,['좋다']
S1bcy4h1mS8,"['사람', '직접', '노래', '기계', '같다', '당연하다']"
S1bcy4h1mS8,"['귀가', '안좋다']"
S1bcy4h1mS8,"['사람', '있다', '인터뷰', '진짜', '사람']"
S1bcy4h1mS8,"['굳다', '보정', '칠이', '그렇다']"
S1bcy4h1mS8,"['보정', '떡칠', '오튜툰', '덩어리']"
S1bcy4h1mS8,"['편견', '결과', '이다', '수고']"
S1bcy4h1mS8,"['문화', '충격']"
S1bcy4h1mS8,['어차피']
S1bcy4h1mS8,"['솔직하다', '거왜', '사람', '세상', '말세', '등등', '진짜', '개꼰', '같다', '온라인', '콘서트', '사람', '하찮다', '존중', '본인', '존중', '단편', '보고', '무식하다', '보임', '이참', '방송', '보고', '공부']"
S1bcy4h1mS8,
S1bcy4h1mS8,"['자신', '사기', '사이비종교', '호구', '사람', '성장', '포기', '제대로', '비판', '비판', '자세', '진보', '현명하다', '정신', '이다']"
S1bcy4h1mS8,"['멜론', '차트']"
S1bcy4h1mS8,"['신천지', '같다']"
S1bcy4h1mS8,
S1bcy4h1mS8,"['입문', '버추', '높다', '허물', '자연', '전의', '미래', '버추', '좋아하다', '방귀', '뀌었']"
S1bcy4h1mS8,"['버추', '라디오', '허상', '아니다', '스트리밍', '시청', '입담', '좋다', '노래', '좋다', '재밌다', '라디오', '생각']"
S1bcy4h1mS8,"['그렇다', '라디오', '진행자', '아바타', '같다', '방송']"
S1bcy4h1mS8,"['그것', '입덕']"
S1bcy4h1mS8,"['사람', '얼공', '많다', '이쁘다', '신가']"
S1bcy4h1mS8,
S1bcy4h1mS8,['강현']
S1bcy4h1mS8,"['비제', '백배', '천배']"
S1bcy4h1mS8,"['그렇다', '비제']"
S1bcy4h1mS8,"['본업', '비제']"
S1bcy4h1mS8,['하자']
S1bcy4h1mS8,
S1bcy4h1mS8,"['인척', '지능', '안티', '수듄']"
S1bcy4h1mS8,"['격세지감', '일본', '미쿠', '콘서트', '뉴스', '한국', '대다수', '좋다', '보고', '그렇다', '보컬로이드', '시유', '그렇다', '있다', '세상', '참고', '보컬로이드', '노래', '보컬로이드', '앨범', '하나', '이다']"
S1bcy4h1mS8,"['보컬로이드', '버튜버', '서브컬쳐', '같다', '아니다', '캐릭터', '노래', '같다', '아니다']"
S1bcy4h1mS8,
S1bcy4h1mS8,"['온라인', '펭구임']"
S1bcy4h1mS8,"['솔직하다', '버튜버', '버튜버', '실제', '로써', '좋아하다', '전혀', '이해', '안감', '재미있다', '방송인', '이해', '가지', '양지', '같다', '이제', '보고', '씹덕', '같다', '뉘앙스', '진짜', '역겹다', '생각', '자유', '라지', '사회', '시선', '자기', '생각', '마음대로', '아니다', '는걸', '제발', '제자', '씹덕', '이상', '그이', '아니다', '무언가']"
S1bcy4h1mS8,"['음지', '음지']"
S1bcy4h1mS8,"['우린', '음지']"
S1bcy4h1mS8,"['그렇다', '일반인', '관심', '없다', '음지', '생각']"
S1bcy4h1mS8,"['우린', '음지']"
S1bcy4h1mS8,"['아니다', '무슨', '억하심정', '있다', '아니다', '양지', '싫어하다', '그렇다', '좋다', '아니다']"
S1bcy4h1mS8,"['물품', '보관']"
S1bcy4h1mS8,"['아니다', '제발', '버추', '좋아하다', '마르다', '각자', '취향', '거지', '사람', '좋아하다', '다른', '사람', '버추', '좋아하다', '아니다', '별로', '생각', '굳이', '커뮤니티', '댓글', '이유', '뭐임', '마이걸', '트와이스', '비투비', '투바', '아이유', '좋아하다', '릴파', '칸나', '유니', '리제', '좋아하다', '중립', '안되다', '성공하다', '사람', '비난', '시간', '사회생활', '구석', '있다', '지금', '컴퓨터', '악플', '있다']"
S1bcy4h1mS8,"['좋아하다', '싫어하다', '개인', '자유', '게이', '레즈', '페미', '싫어하다', '이유', '같다']"
S1bcy4h1mS8,"['그렇다', '개인', '자유', '굳이', '필요', '있다']"
S1bcy4h1mS8,"['쀩삙뽉빩', '심하다', '욕설', '댓글', '타인', '자격', '있다', '사람', '차이', '없다', '보임']"
S1bcy4h1mS8,"['댓글', '다시', '그렇다', '같다', '심하다', '댓글', '다시', '생각']"
S1bcy4h1mS8,"['페미', '게이', '레즈', '취향', '이해', '있다', '페미', '일베', '똑같다', '심하다', '수준', '게이', '레즈', '취향', '차이', '페미', '아니다']"
S1bcy4h1mS8,"['우리나라', '점점', '있다', '글로벌', '세상']"
S1bcy4h1mS8,
S1bcy4h1mS8,
S1bcy4h1mS8,"['덕후', '덕이', '많다']"
S1bcy4h1mS8,"['아프다', '미치다', '보이']"
S1bcy4h1mS8,"['짜미', '춋다']"
S1bcy4h1mS8,"['폐인', '미치다']"
S1bcy4h1mS8,"['바오', '도축업', '인생', '불만', '댓글', '하나', '하나', '정성껏', '악플']"
S1bcy4h1mS8,"['지금', '현실', '노래', '사실']"
S1bcy4h1mS8,"['아이', '음대', '출신', '릴파님', '실제', '셨구', '아마', '일반인', '주르르', '없을껄', '다른', '음악', '관련']"
S1bcy4h1mS8,['외모']
S1bcy4h1mS8,"['시멘트', '나머지', '릴파', '예쁘다']"
S1bcy4h1mS8,
S1bcy4h1mS8,"['음지', '자기', '끼리', '좋다', '씹덕', '같다']"
S1bcy4h1mS8,"['음지', '있다', '대중', '양지']"
S1bcy4h1mS8,"['이렇다', '문화', '양지', '별로', '이렇다', '댓글', '역겹다', '생각']"
S1bcy4h1mS8,"['김민주', '음지', '오프라인', '생각', '많다', '정도', '생각', '양지', '싫다', '안보', '양지', '있다', '양지', '대표', '하나', '이름', '사람', '얼마나', '많다', '이름', '이상']"
S1bcy4h1mS8,"['이성철', '망상', '지금', '멜론', '차트', '있다', '월간', '차트']"
S1bcy4h1mS8,"['그렇다', '노래', '있다', '그거', '모션', '송출', '그렇다', '시스템', '건가']"
S1bcy4h1mS8,"['업자', '모션', '모션캡쳐']"
S1bcy4h1mS8,"['진정', '아바타', '실물', '소통', '더욱더', '가능하다', '인기', '방탄', '만약', '화면', '아바타', '보이지', '좋아하다', '사람', '전세계', '이렇다', '딜레마', '같다', '크게', '상관없다']"
S1bcy4h1mS8,"['궁금하다', '사람', '별로', '없다', '실물', '차이', '없다', '사실']"
S1bcy4h1mS8,"['뮬뮬', '정확하다', '관심', '없다', '실물', '미디어', '컨텐츠', '소비', '때문']"
S1bcy4h1mS8,"['이렇다', '고민', '의미', '없다', '사람', '진정', '성의', '의미', '다르다', '애초', '문화', '자체', '호불호', '있다', '규모', '공해', '규모', '무슨', '대선', '출마', '잡지', '이상', '불필요하다', '수준']"
S1bcy4h1mS8,"['어떻다', '필요', '없다']"
S1bcy4h1mS8,['킹애']
S1bcy4h1mS8,"['왁굳님', '음방큼큼쿰']"
S1bcy4h1mS8,"['이렇다', '문화', '굳이', '거북목', '겜충', '아니다', '한심하다']"
S1bcy4h1mS8,"['양지', '쩌구', '인기', '많다', '어쩌구', '해도', '이쁘다', '스트리머', '이쁘다', '좋아하다']"
S1bcy4h1mS8,"['한국', '문화', '원래', '음지', '이제', '양지', '이해']"
S1bcy4h1mS8,"['어차피', '가상', '이미지', '상품']"
S1bcy4h1mS8,['보고']
S1bcy4h1mS8,"['페스티벌', '녹화', '영상', '기술', '문제', '해도', '노래', '라이브', '아니다', '페스티벌', '녹화', '영상', '적도', '없다']"
S1bcy4h1mS8,"['개인', '단콘', '실제', '라이브', '실력', '확실하다']"
S1bcy4h1mS8,"['그렇다', '더욱', '의문', '실력', '선례', '있다', '페스티벌', '자리', '더욱', '녹화', '영상']"
S1bcy4h1mS8,"['프로', '페셔', '아니다', '연습생', '기간', '아니다', '적도', '거의', '온라인', '시간', '있다']"
S1bcy4h1mS8,"['홀로', '라이브', '실시간', '라이브', '온갖', '사고', '열악하다', '한국', '단독', '콘서트', '발생', '트러블', '생각', '오히려', '패러블', '라이브', '생각', '드네']"
S1bcy4h1mS8,"['노래', '라이브', '이서', '동시', '싱크로', '문제', '있다', '트래커', '수도', '있다', '실제', '이서', '움직임', '음성', '라이브', '온라인', '콘서트', '예시', '있다', '트래픽', '처리', '문제', '때문', '오류', '움직임', '동시', '처리']"
S1bcy4h1mS8,"['요즘', '오프라인', '본답', '가끔']"
S1bcy4h1mS8,['파리']
S1bcy4h1mS8,"['일부러', '노리', '해외', '해파리', '안티팬', '파리']"
S1bcy4h1mS8,['똥파리']
S1bcy4h1mS8,['굳다']
S1bcy4h1mS8,"['이상하다', '가요', '세상', '거꾸로', '같다', '어지럽다', '이렇다', '인기', '있다']"
S1bcy4h1mS8,"['거꾸로', '세상', '제법']"
S1bcy4h1mS8,"['사회', '도태', '아니다']"
S1bcy4h1mS8,['이상하다']
S1bcy4h1mS8,"['침묵', '한잔']"
S1bcy4h1mS8,"['그래그래', '나라', '이상하다']"
S1bcy4h1mS8,"['역시', '디지털', '실물', '은비', '만세', '만세', '만세']"
S1bcy4h1mS8,"['일본', '일단', '무릎', '이야기', '하자']"
S1bcy4h1mS8,"['노래', '좋다', '관련', '주제', '조금', '흥분하다', '다다', '싫다', '전형', '표본', '같다']"
S1bcy4h1mS8,"['최근', '스갤', '폭격', '예민하다', '있다']"
S1bcy4h1mS8,"['관심', '없다', '고다', '없다', '비호감', '정도']"
S1bcy4h1mS8,"['팬덤', '대다수', '일반인', '아니다', '그렇다']"
S1bcy4h1mS8,"['굳이', '댓글', '가나']"
S1bcy4h1mS8,"['손흥민', '페이커', '사람', '흔하다']"
S1bcy4h1mS8,['똥컴']
S1bcy4h1mS8,"['좋아하다', '싫어하다', '실제', '이쁘다', '노래', '어디', '실물', '데뷔', '가상', '있다']"
S1bcy4h1mS8,"['잘버', '빡통']"
S1bcy4h1mS8,"['웬만하다', '중소', '훨잘범']"
S1bcy4h1mS8,"['설치류', '네네', '다음', '육수']"
S1bcy4h1mS8,"['테르', '다음', '불편']"
S1bcy4h1mS8,"['설치류', '친구', '구독', '목록', '어떻다']"
S1bcy4h1mS8,"['덕후', '행동', '하나']"
S1bcy4h1mS8,['음지']
S1bcy4h1mS8,"['처음', '보고', '인기', '많다', '인터뷰', '사람']"
S1bcy4h1mS8,"['정말', '이해', '안되다', '이해', '노력', '만해', '은우', '없다', '판타지', '그거', '거나', '이쁘다', '잘생기다', '만이']"
S1bcy4h1mS8,"['한편', '보이지', '좋아하다', '괜찮다', '대한', '철학', '논쟁', '계속', '있다', '같다', '느낌']"
S1bcy4h1mS8,"['천년', '종교', '존재', '의미', '없다']"
S1bcy4h1mS8,"['가지', '철학', '논쟁', '취향', '차이']"
S1bcy4h1mS8,"['아이언맨', '로다주', '실제', '수트', '좋아하다']"
S1bcy4h1mS8,"['이상하다', '철학', '소양', '부족하다', '이해']"
S1bcy4h1mS8,"['갑론', '있다', '철학', '논쟁', '아니다']"
S1bcy4h1mS8,"['콘서트', '양지', '리지']"
S1bcy4h1mS8,"['뉴스', '정도', '양지']"
S1bcy4h1mS8,"['캐릭터', '논리']"
S1bcy4h1mS8,"['불편하다', '무시', '굳이', '댓글', '화낼', '필요', '있다']"
S1bcy4h1mS8,"['버츄얼', '그거', '신기하다']"
S1bcy4h1mS8,"['마블', '영화', '스튜디오']"
S1bcy4h1mS8,"['방안', '스튜디오', '있다', '단편', '보고서', '그것', '마치', '진리', '마치', '선민의식', '같다']"
S1bcy4h1mS8,
S1bcy4h1mS8,"['그거', '같다']"
S1bcy4h1mS8,"['셩샤인할', '띄어쓰기']"
S1bcy4h1mS8,"['인터뷰', '보고', '잉잉']"
S1bcy4h1mS8,"['악플', '딱하다', '소용없다', '거의', '쉴드', '있다', '콘서트', '녹화', '영상', '실력', '의심', '개덕', '같다', '악플러', '들보', '실제', '대기업', '관리', '연예인', '상정', '있다', '콘텐츠', '스트리머', '오늘', '게임', '듯이', '버츄얼', '시작', '콘텐츠', '극한', '당하다', '거나', '마찬가지', '콘서트', '팬카페', '영상', '콘서트', '된거']"
S1bcy4h1mS8,"['실제', '취급', '뉴진스', '스파', '그렇다', '그룹', '그래픽', '그룹', '대단하다']"
S1bcy4h1mS8,"['밍밍', '아니다', '뉴진스', '에스', '파랑', '비교', '컨셉', '버츄얼', '스트리머', '그룹', '좋아하다', '인지', '있다', '자꾸', '의지', '상관없다']"
S1bcy4h1mS8,"['밍밍', '콘서트', '스트리머', '얘기', '유명', '걸그룹', '언급']"
S1bcy4h1mS8,"['그렇다', '철민', '학교', '얘기']"
S1bcy4h1mS8,
S1bcy4h1mS8,"['음중', '위도', '가능하다']"
S1bcy4h1mS8,['리그']
S1bcy4h1mS8,"['인기', '개많쥬']"
S1bcy4h1mS8,"['추석', '사촌동생', '얘기', '다가', '바둑기사', '먼저']"
S1bcy4h1mS8,"['리그', '귀하다']"
S1bcy4h1mS8,"['정도', '규모', '리그', '해도', '원래', '모든', '팬덤', '리그']"
S1bcy4h1mS8,"['많다', '서로', '좋아하다', '된거', '화이팅']"
S1bcy4h1mS8,"['무엇', '좋다']"
S1bcy4h1mS8,"['음지', '니야']"
S1bcy4h1mS8,"['정작', '행사', '운영']"
S1bcy4h1mS8,"['쉴드', '쉴드', '야하다']"
S1bcy4h1mS8,"['솔직하다', '페스티벌', '망하다', '아티스트']"
S1bcy4h1mS8,
S1bcy4h1mS8,"['모든', '이벤트', '운영', '망하다']"
S1bcy4h1mS8,"['팩트', '없다']"
S1bcy4h1mS8,"['비방', '아니다', '순수', '궁금하다', '실제', '아니다', '굳이', '사서', '필요', '있다', '보나', '저기', '전광판', '보나', '똑같다', '같다']"
S1bcy4h1mS8,"['때문', '있다']"
S1bcy4h1mS8,"['실제', '무대', '아니다']"
S1bcy4h1mS8,"['방송', '여명', '시절', '응원', '사람', '성장하다', '팬미팅', '느낌', '팬미팅', '아니다', '느낌', '녹화', '영상', '추억']"
S1bcy4h1mS8,"['다른', '가수', '대형', '콘서트', '멀다', '자리', '가면', '실물', '거의', '다른', '여러', '이유']"
S1bcy4h1mS8,"['실제', '다르다']"
S1bcy4h1mS8,
S1bcy4h1mS8,"['꼰대', '충격']"
S1bcy4h1mS8,"['시대', '있다']"
S1bcy4h1mS8,"['교과서', '진짜', '웅장']"
S1bcy4h1mS8,
S1bcy4h1mS8,"['예전', '보컬로이드', '하츠네', '미쿠', '콘서트', '일본', '이해', '간다', '국민', '어디']"
S1bcy4h1mS8,"['마이너', '메이저', '그날']"
S1bcy4h1mS8,"['홀로', '라이브', '낫다']"
S1bcy4h1mS8,"['우리나라', '망하다', '이유', '차라리', '게임', '애니']"
S1bcy4h1mS8,['텔견시치']
S1bcy4h1mS8,"['반갑다', '민아']"
S1bcy4h1mS8,['긁혔노']
S1bcy4h1mS8,"['채널', '영상', '댓글', '활동', '버타쿠', '긁혔노']"
S1bcy4h1mS8,"['댓글', '수호', '멋있다', '요다음', '버튜버', '무시']"
S1bcy4h1mS8,"['컨셉', '참신하다', '생각', '진입', '장벽', '높다', '극복', '쾌감', '높다', '과연', '사람', '대해', '대한', '근본', '의문', '타가', '바람']"
S1bcy4h1mS8,"['실물', '사람', '여야', '어차피', '직접', '만날', '일도', '없다', '화면', '있다', '사람', '현실', '마찬가지', '사람', '대해', '야하다', '기준', '화면', '기준', '현실', '없다']"
S1bcy4h1mS8,"['소리', '팬미팅', '콘서트', '날수', '있다', '팬미팅', '팬미팅', '직접', '가도', '영상', '야하다', '갑자기', '화면', '규정', '정함', '해도', '한번', '꼬았는거자', '진심', '때문', '거부', '댓글', '비난', '아니다', '자기', '경험', '거기', '다가', '주입', '논리', '가스', '본인', '생각', '없다', '사람', '많다', '또한', '그렇다', '거임', '사람']"
S1bcy4h1mS8,"['스트리머', '몰입도', '위해', '거기', '캐릭터', '생각', '철학', '깊이', '생각', '같다', '가상', '사실', '단순하다']"
S1bcy4h1mS8,"['라이브', '아니다', '녹화', '에바', '아니다', '기술', '한계']"
S1bcy4h1mS8,"['미국', '홀로그램']"
S1bcy4h1mS8,
S1bcy4h1mS8,"['기술', '한계']"
S1bcy4h1mS8,"['와꾸텽', '어디']"
S1bcy4h1mS8,"['물품', '보관', '다른', '뭐임']"
S1bcy4h1mS8,"['솔직하다', '다르다', '없다', '거기', '떼창', '느낌', '이자']"
S1bcy4h1mS8,"['물품', '보관', '처지', '아니다']"
S1bcy4h1mS8,"['같다', '생각', '거기', '콘서트장', '비교']"
S1bcy4h1mS8,"['씹덕', '콘서트', '뭔가', '다르다']"
S1bcy4h1mS8,"['이용자', '거기', '거기', '고요']"
S1bcy4h1mS8,['진짜']
S1bcy4h1mS8,"['악플', '삭제', '당하', '댓글', '악플', '있다', '스브스', '관리', '힘들다', '댓글', '깨끗하다', '좋다']"
S1bcy4h1mS8,"['처음', '보시', '게뭐', '좋아하다', '이렇다', '매력', '있다', '좋다', '이쁘다', '매력', '있다', '방송', '있다']"
S1bcy4h1mS8,['굳다']
S1bcy4h1mS8,"['이제', '문화', '같다']"
S1bcy4h1mS8,"['도아', '쮠따련']"
S1bcy4h1mS8,"['팩트', '좋다']"
S1bcy4h1mS8,['문화']
S1bcy4h1mS8,"['아니다', '처음', '끼리', '자고', '유명하다', '솔직하다', '진입', '장벽', '높다']"
S1bcy4h1mS8,"['솔직하다', '씹덕', '팩트', '취급', '멀다']"
S1bcy4h1mS8,"['화면', '콘서트']"
S1bcy4h1mS8,"['메인', '버추', '무대', '김장훈', '로꼬', '은비', '로망스', '하이', '프라', '우드', '멀다', '같다', '현실', '무대', '공연', '있다']"
S1bcy4h1mS8,"['현실', '파트', '나티', '로꼬', '경서', '로망스', '등등', '유명', '아티스트', '많다']"
S1bcy4h1mS8,['떼창']
S1bcy4h1mS8,['현장']
S1bcy4h1mS8,"['골프', '영상', '영상', '좋아하다', '진짜', '모름']"
S1bcy4h1mS8,"['아내', '있다']"
S1bcy4h1mS8,['아빠']
S1bcy4h1mS8,"['골프', '영상', '건전하다', '사고방식', '다르다', '버타쿠들']"
S1bcy4h1mS8,"['골프', '유튜브', '강동원']"
S1bcy4h1mS8,"['골프', '브라가', '상관']"
S1bcy4h1mS8,
S1bcy4h1mS8,
S1bcy4h1mS8,"['진짜', '세상', '거꾸로']"
S1bcy4h1mS8,['거꾸로']
S1bcy4h1mS8,"['당신', '다르다', '인정']"
S1bcy4h1mS8,['천장']
S1bcy4h1mS8,
S1bcy4h1mS8,"['세상', '거꾸로', '표현', '이제', '어르신', '나이', '별로', '많다', '젊다', '꼰머들', '표현']"
S1bcy4h1mS8,"['모션캡처', '오지', '구만']"
S1bcy4h1mS8,"['아니다', '아래', '댓글', '자아', '분열']"
S1bcy4h1mS8,['박효신']
S1bcy4h1mS8,['명예훼손']
S1bcy4h1mS8,['사람']
S1bcy4h1mS8,"['그거', '명예훼손', '상관', '특정', '성립']"
S1bcy4h1mS8,"['릴파징버거', '과거', '캠방', '인터넷', '특정', '성립', '다른', '사람', '찌라시', '힘들다']"
S1bcy4h1mS8,"['실제', '성립', '감빵', '있다', '있다']"
S1bcy4h1mS8,"['충분하다', '특정', '성립', '벌써', '손가락', '잘못', '실형', '판례', '있다']"
S1bcy4h1mS8,"['직접', '아니다', '댄서', '모션', '캡쳐', '거지']"
S1bcy4h1mS8,"['버들', '다른', '그룹', '출신', '사람', '있다', '사람', '어명', '있다', '주로', '전문직', '포트', '있다']"
S1bcy4h1mS8,"['콘서트', '모션', '전문', '댄서', '공식', '뮤비', '멤버', '몇몇', '직접']"
S1bcy4h1mS8,"['오디션', '시작', '만해', '굳다', '굳다', '게임', '방송', '출연', '게임', '고정', '멤버', '있다', '친숙하다', '버츄얼', '유튜버', '개념', '낯설다', '생소하다', '시간', '있다', '그렇다', '다시', '노래', '반하다', '다시', '계기', '케이', '스랍', '그렇다', '진입', '장벽', '어떻다', '시각', '있다', '생각', '한번', '만화', '주인공', '기분', '보고', '가상', '인물', '캐릭터', '진짜', '사람', '있다', '소통', '때문', '취향', '다르다', '아름답다', '같다', '지금', '뉴스', '영상', '감회', '새롭다']"
S1bcy4h1mS8,"['생각', '바둑', '아하']"
S1bcy4h1mS8,"['댓글', '싸움판', '싸움', '이남', '안티팬', '있다', '사람', '많다', '이제', '게속', '가즈']"
S1bcy4h1mS8,"['오스', '랄로', '오타쿠']"
S1bcy4h1mS8,"['역시', '방송', '서울', '방송', '킹애', '존사']"
S1bcy4h1mS8,"['개최', '아니다', '초대', '있다']"
S1bcy4h1mS8,"['진짜', '나라', '어떻다']"
S1bcy4h1mS8,"['소수', '음지', '문화', '보고', '근들갑', '출산율', '취업', '이슈', '백수']"
S1bcy4h1mS8,"['댓글', '상태', '듁수', '같다', '보드', '배틀', '시간', '본인', '현생', '신경', '어떻다', '님같', '따갑다', '인터넷', '잘나다', '멋지다', '사람', '시청', '는걸', '좋아하다']"
S1bcy4h1mS8,"['성이름', '악플러', '현생', '버스', '악플', '붕신', '범주']"
S1bcy4h1mS8,"['성이름', '메세지', '아니다', '메신저', '그렇다', '댓글', '뭔가', '시진핑', '지령', '중국인', '이렇다', '건가', '출산율', '붕괴', '같다', '체감', '바로', '심각하다', '지표', '물품', '보관', '보고', '나라', '망하다', '근들갑', '백수', '같다', '뿐이다']"
S1bcy4h1mS8,"['딱하다', '그렇다']"
S1bcy4h1mS8,
S1bcy4h1mS8,['사랑']
S1bcy4h1mS8,['참전용사']
S1bcy4h1mS8,"['이제', '애니', '덕후', '오타쿠', '필요없다', '버추', '좋아하다', '다르다', '없다', '솔직하다', '이해', '안되다', '서로', '존중', '문제', '아니다']"
S1bcy4h1mS8,"['오타쿠', '같다']"
S1bcy4h1mS8,
S1bcy4h1mS8,
S1bcy4h1mS8,"['오타쿠', '보통', '좋다', '의미', '사용', '있다', '몰두하다', '사람', '아이브', '세라핌', '에스', '오타쿠']"
S1bcy4h1mS8,"['버튜버', '양지']"
S1bcy4h1mS8,"['세상', '미치다']"
S1bcy4h1mS8,"['없다', '무시']"
S1bcy4h1mS8,['문제']
S1bcy4h1mS8,"['뮬뮬', '말투', '어떻다', '없다', '편견']"
S1bcy4h1mS8,
S1bcy4h1mS8,"['강하다', '인공', '지능', '개발', '도달', '좋다', '싫다', '진행', '버츄얼', '기술', '마찬가지', '왈가', '왈부', '아무', '의미', '없다']"
S1bcy4h1mS8,['음지']
S1bcy4h1mS8,"['프사', '애니']"
S1bcy4h1mS8,"['지하', '요즘', '티비', '재미있다']"
S1bcy4h1mS8,"['시간', '빠르다', '지금', '고척돔']"
S1bcy4h1mS8,
S1bcy4h1mS8,"['정확하다', '어떻다', '무대', '영상', '라이브', '건가', '아니다', '라이브', '모션캡쳐', '슈트', '스튜디오', '라이브', '촬영', '방식', '요즘', '과학', '기술', '신기하다']"
S1bcy4h1mS8,"['슈트', '녹화', '무대']"
S1bcy4h1mS8,['다해']
S1bcy4h1mS8,"['녹화', '영상']"
S1bcy4h1mS8,"['현재', '한국', '녹화', '수준', '일본', '실시간']"
S1bcy4h1mS8,"['운영', '대기업', '거의', '개인', '수준']"
S1bcy4h1mS8,['솔짘히']
S1bcy4h1mS8,"['엄밀하다', '그게']"
S1bcy4h1mS8,"['솔직하다', '버튜버', '일본', '음지', '문화', '생각', '한국', '버튜버', '문화', '제대로', '정착', '좋다', '한국', '버튜', '버들', '거의', '본색', '거부', '사실', '요새', '본색', '전혀']"
S1bcy4h1mS8,['표적']
S1bcy4h1mS8,"['한국', '버튜버', '자체']"
S1bcy4h1mS8,"['전체', '바둑기사', '유명하다', '바둑기사', '얘기', '껄끄럽']"
S1bcy4h1mS8,"['바둑기사', '백배', '천배', '만배', '유명하다']"
S1bcy4h1mS8,"['껄끄러워', '거지']"
S1bcy4h1mS8,"['일개', '공중파', '진출', '따위', '전세계', '상대로', '역사', '바둑기사', '어떻다', '비빔', '그거', '자체', '무례', '아니다']"
S1bcy4h1mS8,"['인터넷', '검색', '댓글', '상단']"
S1bcy4h1mS8,"['랄로', '그녀']"
S1bcy4h1mS8,"['이쯤', '이면', '공중파', '예능', '음악', '프로', '섭외']"
S1bcy4h1mS8,"['섭외', '가면', '아니다', '영상', '복잡하다', '굳다']"
S1bcy4h1mS8,"['세상', '세긴']"
S1bcy4h1mS8,"['세긴', '세상', '절정', '최고', '조로']"
S1bcy4h1mS8,"['성이름', '드립', '바로', '진짜', '쏘큣']"
S1bcy4h1mS8,"['세상', '꼰대', '비난', '현명하다', '사람', '적응하다', '변화']"
S1bcy4h1mS8,"['브루노', '마스']"
S1bcy4h1mS8,['두돡굳']
S1bcy4h1mS8,"['드론', '저면', '입덕', '없다']"
S1bcy4h1mS8,"['다양하다', '문화', '존중', '관심', '배려', '필요하다', '세상', '생각', '메타', '버스', '버츄얼', '문화', '최전선', '있다', '버스', '모든', '때론', '비난', '멸시', '있다', '만약', '세대', '세대', '메타', '버스', '모두', '버스', '덕분', '좋다', '문화', '갈수', '있다', '화이팅', '이다']"
S1bcy4h1mS8,"['좋다', '수라']"
S1bcy4h1mS8,"['잉아', '아아']"
S1bcy4h1mS8,"['이렇다', '메타', '버스', '지금', '뭔가', '그래픽', '현실', '도저히', '사람', '구별', '없다', '수준', '발전', '다음', '캐릭터', '행동', '컨텐츠', '모두', '인공', '지능', '스스로', '성해', '사람', '사람', '뛰어나다', '똑똑하다', '어떻다', '언어', '사용', '가능하다', '어떻다', '요청', '허용', '어떻다', '실수', '완벽하다', '모습', '수가', '있다', '거임', '당연하다', '연예인', '예쁘다', '지금', '많다', '실수', '실수', '발전', '매우', '사람', '실수', '시점', '사회', '변화', '비교', '안되다', '엄청나다']"
S1bcy4h1mS8,"['같다', '성향', '밀고', '굳다', '주력', '있다', '굳다', '많다', '팬층', '보유', '있다', '정상', '유저', '유저', '많다']"
S1bcy4h1mS8,
S1bcy4h1mS8,['이상하다']
S1bcy4h1mS8,"['하츠네미쿠', '일본', '공연', '보고', '충격', '한국', '이렇다', '공연', '지금', '덤덤하다']"
S1bcy4h1mS8,"['하츠네', '미쿠', '다른', '사람', '하쿠', '같다', '유튜버', '고정맴버', '달라']"
S1bcy4h1mS8,"['부끄부끄', '귀엽다', '취향']"
S1bcy4h1mS8,"['실제', '사람', '이다']"
S1bcy4h1mS8,"['어떻다', '초대', '가수', '단독', '굿즈', '드론']"
S1bcy4h1mS8,"['카카오', '투표', '그거']"
S1bcy4h1mS8,"['그거', '작년', '올해', '카카오', '소녀', '버스', '지금', '그룹', '버스', '스트리머', '굳이', '사이버', '프로젝트', '스트리머', '육성', '오디션', '버추', '걸그룹']"
S1bcy4h1mS8,
S1bcy4h1mS8,"['그렇다', '사람', '실제', '나이', '좋아하다']"
S1bcy4h1mS8,"['아마', '그렇다', '버츄얼방', '옛날', '궁금하다', '빨갛다', '질문', '시청자', '강퇴', '당하다', '순수하다', '가상', '캐릭터', '좋다', '좋아하다', '아니다', '오타쿠', '애니', '캐릭터', '좋아하다']"
S1bcy4h1mS8,"['다른', '버튜버들', '달리', '이분', '실제', '나이', '생일', '공개', '노캠', '방송', '비슷']"
S1bcy4h1mS8,"['땃쥐', '약간', '일본', '가깝다', '지옥', '악마', '이렇다', '있다', '다르다', '컨샙하', '자신', '모습', '시청자', '소통', '그게', '장점', '있다', '그레', '저희', '일반', '버츄얼', '다르다', '있다', '사람', '매력', '가지', '좋아하다', '예쁘다', '이쁘다', '중요하다', '없다', '사람', '덕분', '행복하다']"
S1bcy4h1mS8,"['그렇다', '걸그룹', '성격', '얼빠임']"
S1bcy4h1mS8,"['그것', '그렇다', '케릭', '하나', '다수', '있다', '같다']"
S1bcy4h1mS8,"['취향', '아니다', '씹덕', '버추', '오히려', '반감', '마치', '일본', '느낌', '억지로', '카와이', '느낌', '애니', '존재', '좋다', '취향']"
S1bcy4h1mS8,
S1bcy4h1mS8,"['유튜브', '새로고침', '버튜버', '무시', '넘김', '길가', '버튜버', '콜라보', '소식', '마주', '정지', '현실', '페스티벌', '버튜버', '가도', '버튜버', '굿즈', '버튜버', '페스티벌', '소식', '왕창', '종말', '다르다', '없다']"
S1bcy4h1mS8,"['영규', '망하다']"
S1bcy4h1mS8,"['영규', '고척돔', '돌파', '승승장구']"
S1bcy4h1mS8,"['김장훈', '예전', '아듀', '콘서트', '같다']"
S1bcy4h1mS8,"['나라', '망하다']"
S1bcy4h1mS8,"['콘서트', '아니다', '페스티벌', '콘서트', '인척', '페스티벌', '출연', '가수', '무시']"
S1bcy4h1mS8,"['아니다', '영어', '하나']"
S1bcy4h1mS8,
S1bcy4h1mS8,"['지능', '안티']"
S1bcy4h1mS8,"['영상', '무식하다', '만석', '매진', '이면', '한국', '내년', '이면', '잠실주경기장', '인터뷰', '멘트', '교육', '나이', '만석', '굿즈']"
S1bcy4h1mS8,
S1bcy4h1mS8,"['진짜', '이해', '그렇다', '문장', '있다']"
S1bcy4h1mS8,"['여러분', '초졸', '개븅신', '같다', '있다', '작성자', '지금', '공부', '지능', '이면', '없다']"
S1bcy4h1mS8,"['시간', '서고', '사람', '많다']"
S1bcy4h1mS8,
S1bcy4h1mS8,['일배']
S1bcy4h1mS8,"['이브', '버스', '성장']"
S1bcy4h1mS8,"['팬심', '남다르다', '기술', '팬심', '아니다', '수준', '아니다', '힘들다']"
S1bcy4h1mS8,
S1bcy4h1mS8,"['진짜', '정신차려라']"
S1bcy4h1mS8,
S1bcy4h1mS8,"['뮬뮬', '아니다', '솔직하다', '정상']"
S1bcy4h1mS8,"['가입', '오늘이', '텔견', '한잔']"
S1bcy4h1mS8,"['계정', '분전', '본진', '진알']"
S1bcy4h1mS8,"['평소', '댓글', '심하다', '같다', '채널']"
S1bcy4h1mS8,"['제발', '끼리', '저기', '거부', '사람', '상대로', '자꾸', '보라', '수면', '위로']"
S1bcy4h1mS8,"['정부', '메타', '버스', '메타', '버스', '자꾸', '양지', '올린다', '우린', '아래', '있다']"
S1bcy4h1mS8,"['정보', '주최', '페러블', '엔터', '저쪽', '행사']"
S1bcy4h1mS8,"['사장', '음지', '가야']"
S1bcy4h1mS8,"['대중', '계속', '양지', '어쩌']"
S1bcy4h1mS8,"['영상', '클릭', '아니다']"
S1bcy4h1mS8,['진짜']
S1bcy4h1mS8,"['인터뷰', '대답', '진짜', '사람', '하나요']"
S1bcy4h1mS8,
S1bcy4h1mS8,"['평균', '나이', '아니다']"
S1bcy4h1mS8,['평균']
S1bcy4h1mS8,
S1bcy4h1mS8,['평균']
S1bcy4h1mS8,"['궁금하다', '노래', '전부', '직접']"
S1bcy4h1mS8,"['노래', '모션캡쳐', '스킨', '안무가', '모션캡쳐', '스킨']"
S1bcy4h1mS8,"['노래', '직접', '개인', '안무', '다른', '안무가', '모션캡쳐']"
S1bcy4h1mS8,
S1bcy4h1mS8,"['캐릭', '좋아하다', '거지', '모습', '어떻다', '지도', '아니다']"
S1bcy4h1mS8,"['사람', '좋아하다', '있다', '다가', '아니다', '대부분', '묵적']"
S1bcy4h1mS8,['사실']
S1bcy4h1mS8,"['단음', '두둑']"
S1bcy4h1mS8,"['보고', '좋아하다', '얼빠', '있다', '개인', '방송', '유튜브', '성격빠', '있다']"
S1bcy4h1mS8,"['좋아하다', '자유', '수면', '위로', '마르다']"
S1bcy4h1mS8,"['음지', '자꾸']"
S1bcy4h1mS8,
S1bcy4h1mS8,"['비난', '무시', '덕질', '그렇다', '관심', '필요없다', '화이팅']"
S1bcy4h1mS8,"['아니다', '싫다', '조용하다', '굳이', '댓글', '진짜', '저런', '꼬이다', '마인드', '가지', '멀쩡하다', '사회생활', '진짜', '코스프레', '아니다', '파이팅', '슈퍼히어로', '노래', '좋다']"
S1bcy4h1mS8,['버스']
S1bcy4h1mS8,
S1bcy4h1mS8,"['지성', '기이', '바다소']"
S1bcy4h1mS8,"['제발', '현실']"
S1bcy4h1mS8,"['현실', '그렇다']"
S1bcy4h1mS8,"['현실', '이자', '미래']"
S1bcy4h1mS8,"['가수', '콘서트', '현실', '현실', '다른']"
S1bcy4h1mS8,"['캐릭터', '진짜', '사람', '있다']"
S1bcy4h1mS8,"['부정', '현실', '아니다', '제발', '현실']"
S1bcy4h1mS8,"['도태', '열등', '유전자', '뉴스', '타고', '세상', '미치다', '캐릭터', '기괴하다', '귀가', '없다', '면서', '사람', '진짜', '나라', '망하다']"
S1bcy4h1mS8,"['사람', '같다']"
S1bcy4h1mS8,"['고정관념', '야하다']"
S1bcy4h1mS8,"['삭제', '댓글', '이다']"
S1bcy4h1mS8,"['흐루쇼프', '머리털', '과연']"
S1bcy4h1mS8,"['동관', '보고']"
S1bcy4h1mS8,"['전부', '보기', '위해']"
S1bcy4h1mS8,"['베알', '많다']"
S1bcy4h1mS8,"['신상', '이해', '가면', '어떻다', '사람', '있다', '사람', '이해']"
S1bcy4h1mS8,"['일반', '여성', '스트리머', '신상', '강요', '땐댇']"
S1bcy4h1mS8,"['방송', '주소', '건가']"
S1bcy4h1mS8,"['집비둘기', '언제', '강요']"
S1bcy4h1mS8,"['신상', '님댓글', '전혀', '이해', '안되다', '신상', '이해']"
S1bcy4h1mS8,"['그렇다', '보고', '좋아하다', '사람', '이해', '일상', '아치', '같다', '성격', '일지', '보고', '좋아하다', '이해']"
S1bcy4h1mS8,"['케릭', '진입', '장벽', '있다', '주위', '시선', '곱다', '년전', '비약', '인식', '개선']"
S1bcy4h1mS8,"['진짜', '솔직하다', '노래', '좋다', '좋아하다', '차라리', '이해', '실제', '사람', '있다', '사람', '좋아하다', '자체', '스푼', '라디오', '디제이', '좋아하다', '차이']"
S1bcy4h1mS8,"['노캠', '스트리머', '같다', '이치']"
S1bcy4h1mS8,"['유튜버', '좋아하다', '비슷하다', '실시간', '소통', '표정', '제스처', '이점', '있다']"
S1bcy4h1mS8,"['스푼', '라디오', '같다', '인방', '스트리머', '좋아하다', '안되다', '좋아하다', '성우', '좋아하다', '사람', '있다', '캐릭터', '자체', '좋아하다', '사람', '있다', '캐릭터', '연기', '연기자', '있다', '좋아하다']"
S1bcy4h1mS8,"['관점', '차이', '시선', '이해', '님말', '노래', '좋다', '노래', '애초', '사람', '있다', '야하다', '그렇다', '어떻다', '좋아하다', '사람', '있다', '노래']"
S1bcy4h1mS8,"['아니다', '스푼', '라디오', '디제이', '나리', '해대', '면서', '자기', '아니다', '처럼', '행동', '아니꼽다']"
S1bcy4h1mS8,
S1bcy4h1mS8,"['진짜', '방송', '저걸', '한국', '노래', '소개', '캐릭터', '가수', '다른', '나라', '소개', '있다']"
S1bcy4h1mS8,"['글로벌', '국내', '명보', '기업', '수두', '외국', '오히려', '긍정', '리뷰', '영상']"
S1bcy4h1mS8,"['당장', '방송', '플랫폼', '규모', '미국', '일본', '보더', '저런', '캐릭터', '많다', '유튜브', '수익', '순위', '저런', '캐릭터', '꿰차', '있다', '걱정']"
S1bcy4h1mS8,"['부분', '요즘', '한국', '음악', '방향성', '이상하다', '팩트', '가면', '효과', '시기', '탑승']"
S1bcy4h1mS8,"['미국', '커녕', '일본도', '음지', '취급', '인정']"
S1bcy4h1mS8,"['박도', '일본', '미국', '버츄얼', '시장', '나라', '음지', '뇌피셜']"
S1bcy4h1mS8,"['고척돔', '기술', '발전', '댄스', '보컬', '실력', '확실하다', '성장하다', '즐겁다', '명의', '응원']"
S1bcy4h1mS8,"['새롭다', '발라드', '힙합', '그렇다']"
S1bcy4h1mS8,['최고다']
S1bcy4h1mS8,"['각각', '맴버', '성우', '아마', '탈덕']"
S1bcy4h1mS8,"['그게', '중요하다', '사람', '아니다', '확률', '높다', '비얼공', '인터넷', '방송인', '크리에이터', '생각']"
S1bcy4h1mS8,"['성우', '연기', '사람', '본인', '모습', '자체', '방송', '빨갛다', '철저하다', '비공개', '거지', '버튜버', '그렇다', '부분', '중요하다']"
S1bcy4h1mS8,['성우']
S1bcy4h1mS8,"['성우', '아니다']"
S1bcy4h1mS8,"['버튜버', '신상', '궁금하다']"
S1bcy4h1mS8,
S1bcy4h1mS8,
S1bcy4h1mS8,"['미치다', '휴먼']"
S1bcy4h1mS8,"['어그', '실력', '부족', '부족하다']"
S1bcy4h1mS8,"['실제', '사람', '이쁘다', '엄청나다', '일단', '별로', '이쁘다', '그렇다']"
S1bcy4h1mS8,['그랭']
S1bcy4h1mS8,['재킥']
S1bcy4h1mS8,"['재킥', '유치하다', '일단', '연령', '낮다', '같다']"
S1bcy4h1mS8,"['재킥', '긁혔', '잼민', '이상하다', '리좀']"
S1bcy4h1mS8,"['캐릭터', '아니다', '각자', '멤버', '성격', '마음', '사람', '대부분']"
S1bcy4h1mS8,"['있다', '편하다', '가수', '자리', '수도', '있다']"
S1bcy4h1mS8,"['아니다', '실제', '사람']"
S1bcy4h1mS8,"['아니다', '펭구', '사람', '커버', '음원', '동일하다', '해도', '무방', '노래']"
S1bcy4h1mS8,"['끼리', '양지', '진짜', '좋아하다', '사상', '교육', '같다', '뭔가', '세뇌', '같다']"
S1bcy4h1mS8,['빌보드']
S1bcy4h1mS8,"['빌보드', '코리아']"
S1bcy4h1mS8,"['양지', '달라', '다른', '커뮤', '없다', '끼리', '신나다', '규모', '이제', '거지']"
S1bcy4h1mS8,"['빌보드', '코리아', '한국', '소리', '게이', '장범준', '아이유']"
S1bcy4h1mS8,"['신나다', '노래', '한번']"
S1bcy4h1mS8,
S1bcy4h1mS8,"['이해도', '매우', '혼란', '스럽다']"
S1bcy4h1mS8,"['씹덕', '같다', '아니다', '씹덕']"
S1bcy4h1mS8,
S1bcy4h1mS8,
S1bcy4h1mS8,"['말세', '말세', '어지럽다', '진짜']"
S1bcy4h1mS8,"['한번', '뉴스', '떳다', '무지', '홍보', '소름', '일반', '팬덤', '정도', '아니다', '같다', '멀다', '종교', '같다']"
S1bcy4h1mS8,"['방탄', '비슷하다']"
S1bcy4h1mS8,"['생각', '비슷하다', '방탄', '블핑', '영상', '댓글', '사랑', '댓글', '세상', '사람', '반드시', '거마', '무엇', '포교', '강박증', '사이비', '같다', '같다', '사람', '거부']"
S1bcy4h1mS8,['종교']
S1bcy4h1mS8,"['그렇다', '모습', '종교', '표현', '자체', '단순하다', '같다', '그룹', '좋아하다', '팬덤', '점점', '누군가', '좋아하다', '이유', '사상', '생각', '미처']"
S1bcy4h1mS8,"['좋아하다', '소개', '영상', '당연하다', '아니다']"
S1bcy4h1mS8,"['좋아하다', '이해', '안되다']"
S1bcy4h1mS8,"['한번', '뽕감']"
S1bcy4h1mS8,
S1bcy4h1mS8,
S1bcy4h1mS8,"['진짜', '정신병', '같다']"
S1bcy4h1mS8,"['년전', '같다', '생각']"
S1bcy4h1mS8,"['게임', '정신병', '그렇다']"
S1bcy4h1mS8,"['그렇다', '정신병', '금메달']"
S1bcy4h1mS8,"['입덕', '부정']"
S1bcy4h1mS8,"['최수민', '그렇다', '사람', '논리', '게임', '정신병', '정신병', '올림픽', '메달', '세상', '말세']"
S1bcy4h1mS8,"['미쿠', '콘서트']"
S1bcy4h1mS8,"['바둑기사', '자기', '이름', '오염', '상당하다', '빡치다', '네이버', '구글', '검색']"
S1bcy4h1mS8,"['바둑', '기사', '기분', '나쁘다', '정보', '댓글', '다세']"
S1bcy4h1mS8,"['멀쩡하다', '대한민국', '망하다', '친일', '뿔테', '안경', '도비', '거북', '유방', '도태']"
S1bcy4h1mS8,['진짜']
S1bcy4h1mS8,"['바둑기사', '처음', '자신', '이해', '문화', '그렇다', '걱정', '정돈', '아니다']"
S1bcy4h1mS8,"['바둑기사', '인터뷰', '아니다', '아이즈', '위즈원']"
S1bcy4h1mS8,"['군인', '아니다']"
S1bcy4h1mS8,['떡밥']
S1bcy4h1mS8,"['팩트', '군인', '아니다', '군인', '생활', '처지', '궁금하다', '시작', '옛날', '군대', '월급', '예전', '군대', '생활', '좀더', '윤택', '뉘앙스', '본인', '생각', '달리', '상황', '다르다', '있다', '인지', '군인', '대한', '사과', '그렇다', '며칠', '동안', '입도', '뻥끗', '조용하다', '작년', '커버', '아바타', '활동', '제대로', '다시', '재발', '생기지', '그때', '버스', '사건', '사고', '논란', '있다', '주르르', '사이', '한번', '없다', '사이', '군인', '군인', '걸그룹', '그룹']"
S1bcy4h1mS8,"['음습', '음습']"
S1bcy4h1mS8,"['사람', '사이버', '렉카', '월급', '만원', '만원', '괜찮다', '아니다', '그렇다', '얼마나', '열등감']"
S1bcy4h1mS8,"['보통', '어른', '나이', '많다', '요즘', '군대', '얼마', '만원', '학비', '이렇다', '소리', '그것', '정색', '지금', '무슨', '이렇다', '야하다', '만원', '이면', '천만원', '거리']"
S1bcy4h1mS8,"['가상', '인물', '아니다', '본인', '이름', '외견', '자신', '활동', '해나', '보통', '가상', '인물', '라면', '버튜버', '개인정보', '전체', '설정', '픽션', '경우', '스토리', '작가', '있다', '해당', '버튜버', '캐릭터', '연기', '성우', '성격', '본인', '개인정보', '과거', '기반', '자기', '능력', '방송', '활동']"
S1bcy4h1mS8,"['그게', '가상', '인물', '거임', '자기', '모티브', '해도', '현실', '존재']"
S1bcy4h1mS8,"['가상', '인물', '단어', '마치', '사이버가수', '아담', '취급', '같다', '달리', '설명', '실존', '인물', '개인', '자기', '판단', '활동']"
S1bcy4h1mS8,"['개인정보', '과거', '기반', '그것', '본인', '과거', '거짓', '얘기', '수도', '있다', '직접', '가상', '인물', '기함', '아니다', '생각', '견도', '다르다', '이름', '다르다', '본인', '과거', '개인정보', '혼자', '있다', '가상', '인물', '표현', '문제', '있다']"
S1bcy4h1mS8,"['얼공', '인터넷', '빨갛다']"
S1bcy4h1mS8,"['공안', '일부', '무례하다', '억지로', '사진', '신고', '처벌']"
S1bcy4h1mS8,"['씹덕', '문화', '라거', '생각']"
S1bcy4h1mS8,"['아무', '생각', '안함', '씹덕', '같다', '분탕']"
S1bcy4h1mS8,"['버츄얼', '어떻다', '문화', '임마', '끼리', '신나다']"
S1bcy4h1mS8,"['끼리', '음지', '문화']"
S1bcy4h1mS8,"['문화', '생각', '안해']"
S1bcy4h1mS8,"['거부', '없다', '팬덤', '역함']"
S1bcy4h1mS8,"['진짜', '이해']"
S1bcy4h1mS8,['계속']
S1bcy4h1mS8,"['음악', '프로그램', '좋다']"
S1bcy4h1mS8,"['계속', '예정']"
S1bcy4h1mS8,
S1bcy4h1mS8,['나왔쥬']
S1bcy4h1mS8,"['틀니', '압수']"
S1bcy4h1mS8,['킹애']
S1bcy4h1mS8,"['바오', '중국', '반환', '어쩌구', '저쩌구', '나라', '망하다', '거기', '거기', '아니다']"
S1bcy4h1mS8,"['갑자기', '바오']"
S1bcy4h1mS8,"['논점', '사람']"
S1bcy4h1mS8,"['국어', '등급']"
S1bcy4h1mS8,"['대한민국', '수준', '진심']"
S1bcy4h1mS8,"['굳이', '영상', '아니다', '대한민국', '수준', '손가락', '유명', '민족', '수준', '악플', '사람']"
S1bcy4h1mS8,"['죄송하다', '파겨', '프사', '댓글', '조금', '보기', '안좋다', '같다']"
S1bcy4h1mS8,['프사']
S1bcy4h1mS8,"['프사', '재생', '목록']"
S1bcy4h1mS8,
S1bcy4h1mS8,"['일반인', '아니다', '거른다']"
S1bcy4h1mS8,"['주변', '사람']"
S1bcy4h1mS8,"['슈프림', '적발']"
S1bcy4h1mS8,"['일반인', '아니다', '입덕', '지금', '바로', '가능']"
S1bcy4h1mS8,"['걸왜', '좋아하다']"
S1bcy4h1mS8,['한번']
S1bcy4h1mS8,"['공개', '방송', '듀라', '스트리머', '표정', '인식', '가능하다', '껍데기', '노래', '안무', '생각', '일본', '컨셉', '잡고', '연기', '버츄얼', '아니다']"
S1bcy4h1mS8,"['나중', '대학교', '축제', '이렇다', '버튜버', '두렵다', '아니다', '사람']"
S1bcy4h1mS8,"['사람', '있다']"
S1bcy4h1mS8,['있다']
S1bcy4h1mS8,['아니다']
S1bcy4h1mS8,"['열광하다', '폴짝', '폴짝', '좋아하다', '과대', '포장']"
S1bcy4h1mS8,"['궁금하다', '버전', '편집', '된거', '보고', '판단']"
S1bcy4h1mS8,"['과대', '포장', '폴짝', '폴짝', '장면', '환호', '카메라', '대고', '꽃가루', '시각', '차단']"
S1bcy4h1mS8,"['폴짝', '폴짝', '좋아하다', '열광하다', '과대', '포장']"
S1bcy4h1mS8,"['실제', '얼마나', '노답', '빻았건', '애니', '캐릭터', '좋아하다', '좋아하다']"
S1bcy4h1mS8,"['건아', '애니', '캐릭터', '개인', '방송', '생방송', '스트리머', '유튜브']"
S1bcy4h1mS8,"['스트리머', '좋아하다']"
S1bcy4h1mS8,"['친구', '가봣는데', '도대체', '건가', '시기상조', '포스터', '비싸다', '아깝다', '개꿀']"
S1bcy4h1mS8,"['리셀', '제발']"
S1bcy4h1mS8,"['그거', '씹덕', '리드']"
S1bcy4h1mS8,"['파란', '스티치']"
S1bcy4h1mS8,
S1bcy4h1mS8,
S1bcy4h1mS8,"['버츄얼', '아니다']"
S1bcy4h1mS8,"['전직', '있다']"
S1bcy4h1mS8,['보단']
S1bcy4h1mS8,['전직']
S1bcy4h1mS8,"['인성', '이렇다', '댓글', '아니다']"
S1bcy4h1mS8,"['바오', '도축업', '메이', '위시']"
S1bcy4h1mS8,"['영원하다', '킹애']"
S1bcy4h1mS8,"['제발', '유튜브', '쇼츠', '무지']"
S1bcy4h1mS8,"['관심', '없다']"
S1bcy4h1mS8,"['뜰때', '계속']"
S1bcy4h1mS8,"['요즘', '사람', '랜드', '요즘', '진짜', '나라', '망하다', '있다']"
S1bcy4h1mS8,"['당연하다', '연령', '랜드', '아니다']"
S1bcy4h1mS8,"['나라', '망하다', '애니메이션', '좋아하다', '저기', '일본', '망하다']"
S1bcy4h1mS8,"['아군', '이다', '오인', '사격', '어떻다']"
S1bcy4h1mS8,"['아군', '엄호']"
S1bcy4h1mS8,"['정지', '인간', '미치다', '시대']"
S1bcy4h1mS8,
S1bcy4h1mS8,"['이해', '이번', '고척돔', '공연', '거덩']"
S1bcy4h1mS8,"['시대', '그렇다', '왕따', '딘다']"
S1bcy4h1mS8,"['절대로', '부산', '포차', '검색']"
S1bcy4h1mS8,"['정상인', '육수', '음지', '씹덕', '그래픽', '버전', '캠임']"
S1bcy4h1mS8,"['처음', '한국', '바둑', '구나', '홀로', '라이브', '견제', '위해']"
S1bcy4h1mS8,
S1bcy4h1mS8,"['견제', '목적', '아니다']"
S1bcy4h1mS8,"['처음', '바둑기사', '노래', '시작']"
S1bcy4h1mS8,"['끼리', '홀로']"
S1bcy4h1mS8,"['홀로', '견제', '무슨']"
S1bcy4h1mS8,"['음지', '음지', '자꾸', '양지']"
S1bcy4h1mS8,"['양지', '잠깐', '저희']"
S1bcy4h1mS8,"['사실', '양지', '음지']"
S1bcy4h1mS8,"['저희', '상치']"
S1bcy4h1mS8,"['세균', '양지', '양지', '음지', '음지', '아니다', '솔직하다', '버츄얼', '이해', '현실']"
S1bcy4h1mS8,['머리']
S1bcy4h1mS8,['세상']
S1bcy4h1mS8,"['댓글', '냄새', '진동']"
S1bcy4h1mS8,"['손가락', '상처', '정상']"
S1bcy4h1mS8,"['굳이', '운영', '수요', '있다', '당연하다']"
S1bcy4h1mS8,"['구석', '보드', '워리어']"
S1bcy4h1mS8,"['돌기', '거기']"
S1bcy4h1mS8,"['무명', '한국인', '아니다', '본인', '잘나다', '사람']"
S1bcy4h1mS8,['돌기']
S1bcy4h1mS8,"['정도', '유명하다', '공개', '하자', '오타쿠']"
S1bcy4h1mS8,"['버츄얼유튜버', '유명하다', '까랜다', '고향이']"
S1bcy4h1mS8,"['진짜', '신기하다', '지리', '많다']"
S1bcy4h1mS8,"['진짜', '신기하다', '문장', '님이더', '같다']"
S1bcy4h1mS8,"['어머나', '시대', '변하다', '새롭다', '문화', '지리', '표현', '지리', '같다']"
S1bcy4h1mS8,"['노래', '좋다', '아니다', '인기', '많다']"
S1bcy4h1mS8,"['노래', '좋다', '사람', '본인', '취향', '아니다', '사람', '취향', '제각기', '다른']"
S1bcy4h1mS8,"['노래', '좋다', '소통', '을해', '잘못', '트위치', '소통', '가능하다', '좋다', '게임', '있다', '다양하다', '부분', '메리트', '있다', '장르', '생각']"
S1bcy4h1mS8,"['사실', '노래', '아이브', '뉴진스', '대해', '접근', '방식', '어렵다', '취향', '존중', '노래', '좋다', '자주']"
S1bcy4h1mS8,"['소통', '모르노']"
S1bcy4h1mS8,"['틀니', '압수']"
S1bcy4h1mS8,"['기자', '파리']"
S1bcy4h1mS8,"['기자', '최고', '정상인']"
S1bcy4h1mS8,"['좋다', '나중', '오타', '같다', '자기', '겨드랑이', '동작', '수용', '가능하다', '걱정', '아니다', '오타쿠', '한순간']"
S1bcy4h1mS8,"['민폐', '행위', '취급', '있다', '겨드랑이', '더럽다']"
S1bcy4h1mS8,"['저희', '상식', '제대로', '공연', '그렇다', '행동', '신신당부']"
S1bcy4h1mS8,"['수익', '가요']"
S1bcy4h1mS8,"['아뇨', '각자', '도생', '이다', '페스티벌', '패러블', '패러블', '출연료', '각자', '우왁굳님', '수익']"
S1bcy4h1mS8,"['굳다', '자기', '성장', '수익', '가지', '이해', '가지', '소리', '번은', '사람']"
S1bcy4h1mS8,
S1bcy4h1mS8,"['스브스', '미치다', '건가']"
S1bcy4h1mS8,"['생각', '미치다', '같다']"
S1bcy4h1mS8,
S1bcy4h1mS8,['미치다']
S1bcy4h1mS8,['미치다']
S1bcy4h1mS8,"['처음', '그렇다', '그렇다', '응원', '사람', '캐릭터', '사람', '웃기', '여러', '버추', '그룹', '미래', '대한민국', '바추얼', '두렵다', '솔직하다', '케이팝', '캐릭터', '싫다', '직접', '실물', '좋다', '버스', '개인', '사람', '진짜', '사람', '있다', '좋다', '정말', '이렇다', '생각']"
S1bcy4h1mS8,"['혼란', '스럽다']"
S1bcy4h1mS8,"['죄송하다', '박효진', '뢴트게늄']"
S1bcy4h1mS8,"['일본', '음침하다', '나쁘다', '문화', '이유', '있다']"
S1bcy4h1mS8,"['수요', '많다', '이유지']"
S1bcy4h1mS8,"['어떻다', '부분', '음침하다', '나쁘다', '씹덕', '감성', '이상하다', '요소', '덕지덕지', '애니', '같다']"
S1bcy4h1mS8,"['성우', '하츠네미쿠', '목소리', '캐릭터', '한국', '브이튜버', '목소리', '캐릭터', '사이', '괴리감']"
S1bcy4h1mS8,"['열도', '가세']"
S1bcy4h1mS8,"['단어', '노래', '일본', '버튜버', '일본', '사이트']"
S1bcy4h1mS8,
S1bcy4h1mS8,"['당연하다', '미쿠', '같다', '목소리']"
S1bcy4h1mS8,"['실시간', '농담', '사투리', '구현', '그것', '나름', '대단하다', '소름']"
S1bcy4h1mS8,['사람']
S1bcy4h1mS8,"['복면', '아바타', '사람']"
S1bcy4h1mS8,['사람']
S1bcy4h1mS8,
S1bcy4h1mS8,"['사람', '있다']"
S1bcy4h1mS8,"['한국', '버츄얼']"
S1bcy4h1mS8,"['시청자', '나와라']"
S1bcy4h1mS8,"['일본', '버츄얼', '좋다', '그렇다']"
S1bcy4h1mS8,['있다']
S1bcy4h1mS8,"['대한민국', '망하다']"
S1bcy4h1mS8,"['침묵', '대다수', '애국자', '많다', '기회', '응우옌', '투기', '선족', '종북', '극좌', '나라', '망하다', '멍청하다', '기회', '기회', '망하다', '그렇다', '기회', '생각']"
S1bcy4h1mS8,"['본인', '망하다']"
S1bcy4h1mS8,['도태']
S1bcy4h1mS8,"['때문', '망하다', '위기']"
S1bcy4h1mS8,['떼메']
S1bcy4h1mS8,"['일본', '이상', '국가', '이제', '한국', '차례', '하츠네미쿠', '열광하다', '일본', '한심하다', '눈초리', '한국인', '이제', '본인', '상황', '아무렇다', '저항', '있다']"
S1bcy4h1mS8,"['보수', '한국', '개처돌랐쥬']"
S1bcy4h1mS8,"['미국', '같다', '있다', '그렇다']"
S1bcy4h1mS8,['어지럽다']
S1bcy4h1mS8,"['차라리', '연예인', '유튜버']"
S1bcy4h1mS8,['당신']
S1bcy4h1mS8,"['대체', '버튜버', '상임']"
S1bcy4h1mS8,"['멤버', '실제', '데뷔', '분도', '있다', '선입견', '성공하다', '이유', '이유', '있다']"
S1bcy4h1mS8,"['수많다', '버튜', '그렇다', '멍청하다', '듀라한', '버튜버', '거의', '대부분', '방송인', '빻았었다', '있다']"
S1bcy4h1mS8,['팩트']
S1bcy4h1mS8,"['솔직하다', '많다']"
S1bcy4h1mS8,
S1bcy4h1mS8,['파카']
S1bcy4h1mS8,"['버타쿠', '돌평', '여자', '버튜버', '같다']"
S1bcy4h1mS8,['불쌍하다']
S1bcy4h1mS8,"['진짜', '이해', '안되다']"
S1bcy4h1mS8,"['굳이', '이해', '야하다']"
S1bcy4h1mS8,"['일본', '있다', '진짜', '나라', '레전드', '동영상', '콘서트', '가지가지']"
S1bcy4h1mS8,"['페미', '버허버']"
S1bcy4h1mS8,"['원래', '예능', '채널', '사용', '입틀막', '용도', '변질', '페미', '남자', '허버써', '페미', '그렇다', '허버쓴', '방송', '프로도', '페미']"
S1bcy4h1mS8,['옥수']
S1bcy4h1mS8,"['아니다', '비응', '신아', '용어', '페미', '용어', '아니다']"
S1bcy4h1mS8,"['그렇다', '방송']"
S1bcy4h1mS8,"['방송', '판이', '초판', '작가']"
S1bcy4h1mS8,"['오유', '정말', '이상하다', '콘서트']"
S1bcy4h1mS8,['밉다']
S1bcy4h1mS8,['그립다']
S1bcy4h1mS8,"['양지', '역겹다', '댓글', '비정상', '댓글', '풀발', '발끈', '비정상', '새롭다', '정상', '조용하다', '기쁘다', '정상']"
S1bcy4h1mS8,"['전부', '정상']"
S1bcy4h1mS8,"['페미', '이해', '안되다']"
S1bcy4h1mS8,"['신기하다', '열광하다']"
S1bcy4h1mS8,"['좋다', '발언', '군인', '보라색', '머리']"
S1bcy4h1mS8,"['그게', '어찌', '안말', '얼마나', '사회']"
S1bcy4h1mS8,"['씹덕', '생각', '안함', '밀지', '마라도', '실드']"
S1bcy4h1mS8,"['떡밥', '게이', '스갤', '같다', '하루', '종일', '같다', '분탕']"
S1bcy4h1mS8,"['랄로', '사람', '유튜브', '유행어', '실드', '타령']"
S1bcy4h1mS8,"['뚜껑', '최고', '랄로', '유행어', '아니다', '처음']"
S1bcy4h1mS8,"['두우', '굳다', '밉다']"
S1bcy4h1mS8,['미치다']
S1bcy4h1mS8,"['그렇다', '물품', '보관', '선녀']"
S1bcy4h1mS8,"['발언', '영상', '보고', '어우', '해명']"
S1bcy4h1mS8,"['사과문', '팬카페', '유튭', '커뮤니티', '군대', '관련', '발언', '언급', '있다', '대갈', '군대', '있다', '계속', '있다', '걱정']"
S1bcy4h1mS8,"['경솔', '발언', '잘못', '아니다', '군인', '사람', '생각', '사람']"
S1bcy4h1mS8,"['해명', '사과문', '대수롭다', '해결']"
S1bcy4h1mS8,"['프리터', '오타쿠', '일본', '성장', '전철', '그대로', '민국']"
S1bcy4h1mS8,
S1bcy4h1mS8,"['년대', '어중간하다', '이쁘다', '장하다', '랍시고', '가수', '대접', '잘못', '된거', '작곡', '커녕', '악기', '연주', '보컬', '제대로', '회사', '투자', '랍시고', '남한', '노래', '컨셉', '꼭두각시', '그래픽', '쪼가리', '자기', '자신', '전면', '활동', '음악', '산업', '진짜', '이해', '간다', '아티스트', '본인', '개성', '창조성', '전무하다', '예술', '순수하다', '자본', '회사', '상품', '생각', '대체', '죄임', '바이럴', '이름']"
S1bcy4h1mS8,"['무직', '백수', '일침']"
S1bcy4h1mS8,"['어떻다', '하나', '없다']"
S1bcy4h1mS8,"['스텔견', '수준']"
S1bcy4h1mS8,"['일단', '회사', '아니다', '전제', '말씀', '어떻다', '해당', '부분', '전혀', '없다']"
S1bcy4h1mS8,"['사이버가수', '아담', '형님', '웁니', '형님']"
S1bcy4h1mS8,"['미쿠', '아니다']"
S1bcy4h1mS8,"['굳이', '복면', '가깝다']"
S1bcy4h1mS8,"['미쿠', '뭔가', '검색', '미쿠', '당신', '씹덕', '같다']"
S1bcy4h1mS8,"['굳이', '미쿠', '유명하다']"
S1bcy4h1mS8,"['웅뀨', '요새', '보컬로이드', '버츄얼', '이렇다', '먼저', '직접', '검색', '이상']"
S1bcy4h1mS8,"['어이', '혐팬치']"
S1bcy4h1mS8,"['혼란', '스럽다', '진짜', '사람', '그래픽', '아니다', '성우', '대신', '진짜', '그렇다']"
S1bcy4h1mS8,"['실제', '사람', '그래픽', '힘들다', '컨셉', '좋다']"
S1bcy4h1mS8,"['릴파', '이쁘다']"
S1bcy4h1mS8,"['영화', '촬영', '처럼', '진짜', '사람', '센서', '슈트', '촬영', '그래픽', '구현', '디스플레이', '구독료', '천만원', '정도']"
S1bcy4h1mS8,"['신천지', '수료', '같다']"
S1bcy4h1mS8,"['궁금하다', '사칭', '어그', '이제', '바둑기사', '연상', '대체', '보임', '볼때', '기분', '더럽다', '다르다', '상관없다', '이름', '사칭', '유명', '편승', '뻔하다', '비호', '감임']"
S1bcy4h1mS8,"['이름', '사칭', '유명하다', '아니다', '원래', '굳다', '많다', '처음', '높다', '시작', '거임', '바둑기사', '연상', '어떻다']"
S1bcy4h1mS8,['피셜']
S1bcy4h1mS8,"['바둑기사', '직접', '피셜']"
S1bcy4h1mS8,"['확실하다', '능지', '세상', '전부', '생각', '인간']"
S1bcy4h1mS8,"['뇌피셜', '마냥', '하나', '없다']"
S1bcy4h1mS8,"['굳이', '대한민국', '노래']"
S1bcy4h1mS8,"['아프리카', '상단', '진짜', '한번', '본적', '없다', '초반', '이해', '그땐', '야하다', '미연시', '한참', '실제', '인물', '같다', '그렇다', '시절', '있다', '초반', '그때', '유명하다', '명작', '일본애니', '계속', '그때', '재밌다', '잠시', '시간', '많다', '자유롭다', '외부', '차단', '완전하다', '좋다', '군대', '사람', '전역', '애니', '미연시', '같다', '완전하다', '안보', '그게', '벌써', '예전', '채팅', '게임', '클랜', '생활', '사이버', '세상', '관계', '같다', '허무하다', '무의미하다', '생각', '콘서트', '보고', '함성', '소리', '신기하다', '뉴스', '한번']"
S1bcy4h1mS8,['누물보']
S1bcy4h1mS8,['아저씨']
S1bcy4h1mS8,"['시대', '없다', '라떼', '그렇다', '있다', '부정', '당신', '인생', '응원', '어떻다']"
S1bcy4h1mS8,"['사이버', '허무하다']"
S1bcy4h1mS8,"['사이버', '세상', '허무하다', '어설프다', '파서', '그렇다', '세상', '허상', '의식', '개념', '허상', '세상', '가짜', '일수', '없다', '허상', '허상', '실체', '다르다', '없다', '마음', '가장', '동안', '있다', '가장', '의미', '있다']"
S1bcy4h1mS8,"['가짜', '얼공', '싫다']"
S1bcy4h1mS8,
S1bcy4h1mS8,['팩폭']
S1bcy4h1mS8,"['공도', '못버는것', '팩트', '아니다']"
S1bcy4h1mS8,"['케이스', '얼공', '걸그룹', '출신']"
S1bcy4h1mS8,"['계정', '추하다', '운태']"
S1bcy4h1mS8,"['인공', '어렵다', '인기', '수익', '아무', '편하다', '좋다', '같다', '모든', '연예인', '소망']"
S1bcy4h1mS8,"['스텔라', '이브', '하위호환']"
S1bcy4h1mS8,['있다']
S1bcy4h1mS8,"['상위호환', '아니다']"
S1bcy4h1mS8,"['분탕', '분위기', '팬덤', '이미지', '거기', '거기', '딱하다']"
S1bcy4h1mS8,"['역시', '팬덤', '갈드', '천지']"
S1bcy4h1mS8,
S1bcy4h1mS8,"['세상', '미치다', '시발', '일본도', '짓거리']"
S1bcy4h1mS8,"['넓다', '시야']"
S1bcy4h1mS8,"['일본', '더하다', '더하다', '덜하다']"
S1bcy4h1mS8,"['일본', '더하다', '걔네', '보컬로이드', '콘서트', '얼마나', '일찍', '시작']"
S1bcy4h1mS8,"['일본', '버튜버', '시장', '소리', '거지']"
S1bcy4h1mS8,['진짜']
S1bcy4h1mS8,"['실력', '파라']"
S1bcy4h1mS8,"['빌보드', '코리아', '정도', '솔직하다', '자랑스럽다']"
S1bcy4h1mS8,['스텔시치']
S1bcy4h1mS8,"['노래', '좋다', '중요하다', '출신', '있다']"
S1bcy4h1mS8,"['년전', '영상', '댓글', '한국', '에바']"
S1bcy4h1mS8,"['페미', '인정']"
S1bcy4h1mS8,['망신']
S1bcy4h1mS8,['선민의식']
S1bcy4h1mS8,
S1bcy4h1mS8,"['그렇다', '일본도', '망신']"
S1bcy4h1mS8,['망신']
S1bcy4h1mS8,
S1bcy4h1mS8,"['양지호', '소인']"
S1bcy4h1mS8,"['우린', '음지', '호소']"
S1bcy4h1mS8,['머리']
S1bcy4h1mS8,"['육수', '우욱']"
S1bcy4h1mS8,"['김우민', '재생', '목록']"
S1bcy4h1mS8,
S1bcy4h1mS8,['현우진']
S1bcy4h1mS8,
S1bcy4h1mS8,
S1bcy4h1mS8,"['다음', '가보']"
S1bcy4h1mS8,
S1bcy4h1mS8,['안함']
S1bcy4h1mS8,
S1bcy4h1mS8,"['만원', '못버']"
S1bcy4h1mS8,['별로']
S1bcy4h1mS8,['천지']
S1bcy4h1mS8,
S1bcy4h1mS8,['천지']
S1bcy4h1mS8,"['바둑', '기사', '아니다', '이름', '노리', '같다', '인기', '편승', '건가', '세상', '거꾸로']"
S1bcy4h1mS8,['생각']
S1bcy4h1mS8,"['다른', '사람', '더럽다', '꼬아', '스스로', '생각', '보신', '있다']"
S1bcy4h1mS8,"['노리', '드립']"
S1bcy4h1mS8,"['머리', '거꾸로']"
S1bcy4h1mS8,"['없다', '타네', '댓글']"
S1bcy4h1mS8,['굳다']
S1bcy4h1mS8,['하하']
S1bcy4h1mS8,['하하']
S1bcy4h1mS8,"['굴렁쇠', '명사', '장난감', '하나', '쇠붙이', '대나무', '따위', '둥글다', '테로', '굴렁', '굴리', '출처', '네이버', '국어사전']"
S1bcy4h1mS8,"['버튜버', '한잔']"
S1bcy4h1mS8,['하하']
S1bcy4h1mS8,
S1bcy4h1mS8,"['씹덕', '같다', '이해', '안되다', '가상', '캐릭터', '공연']"
S1bcy4h1mS8,"['겉모습', '충분하다', '그렇다', '있다', '방송', '시청자', '소통', '서사', '과정', '생각', '달라짐', '실제', '사람', '많다']"
S1bcy4h1mS8,['많다']
S1bcy4h1mS8,"['약간', '축구', '야구', '경기장', '그렇다', '느낌', '이상', '이하', '아니다']"
S1bcy4h1mS8,"['대대', '초반', '후반', '유치하다', '사람', '없다', '이렇다']"
S1bcy4h1mS8,"['있다', '가장', '많다', '팬층']"
S1bcy4h1mS8,"['년생', '굳다', '유입', '한번', '보고', '호감', '노래', '텐션', '좋다', '나쁘다', '레이븐', '무엇', '이질']"
S1bcy4h1mS8,"['대초', '있다', '억이', '모임']"
S1bcy4h1mS8,"['알바', '일해', '요즘', '알바', '시급', '하루', '시간', '가능하다']"
S1bcy4h1mS8,['방송']
S1bcy4h1mS8,
S1bcy4h1mS8,"['거울', '봄좀', '그렇다', '승연']"
S1bcy4h1mS8,"['네네', '버튜버']"
S1bcy4h1mS8,"['어엉', '부모님', '평생', '신돈', '모음']"
S1bcy4h1mS8,['그렇다']
S1bcy4h1mS8,
S1bcy4h1mS8,"['환장하다', '준호']"
S1bcy4h1mS8,"['굴렇군', '화이팅', '킹애']"
S1bcy4h1mS8,"['아니다', '무슨', '그래픽', '쪼가리']"
S1bcy4h1mS8,"['그래픽', '쪼가리', '애니메이션', '이렇다', '그래픽', '쪼가리', '잼민', '좋아하다', '뽀로로', '그것', '그래픽', '쪼가리', '포켓몬스터', '피카츄', '그래픽', '쪼가리', '사람', '있다', '버츄얼', '유튜버', '지지도', '많다']"
S1bcy4h1mS8,
S1bcy4h1mS8,['부들부들']
S1bcy4h1mS8,"['팩트', '아니다', '부정', '발작']"
S1bcy4h1mS8,"['진짜', '구독', '목록', '어지럽다']"
S1bcy4h1mS8,"['오타쿠', '공연']"
S1bcy4h1mS8,['굴찜']
S1bcy4h1mS8,"['기어이', '양지']"
S1bcy4h1mS8,['오타쿠']
S1bcy4h1mS8,
S1bcy4h1mS8,['이중인격']
S1bcy4h1mS8,"['잼민', '좋아하다']"
S1bcy4h1mS8,"['한국', '여자', '버튜버']"
S1bcy4h1mS8,['모두']
S1bcy4h1mS8,"['그렇다', '페미']"
S1bcy4h1mS8,
S1bcy4h1mS8,"['점점', '아이', '비챤']"
S1bcy4h1mS8,['나락']
S1bcy4h1mS8,['나락']
S1bcy4h1mS8,"['비챤', '트위터', '부끄럽다', '행복하다', '허버버', '트윗', '게시', '사실', '스트리머', '갤러리', '이용자', '의하다', '논란']"
S1bcy4h1mS8,"['출처', '디시인사이드']"
S1bcy4h1mS8,"['팩트', '안도', '버허버', '유튜버', '만인', '혜안', '버허버', '거임', '의성어', '커뮤', '일반인', '어떻다']"
S1bcy4h1mS8,['드럽다']
S1bcy4h1mS8,['선민의식']
S1bcy4h1mS8,"['제일', '더럽다']"
S1bcy4h1mS8,"['페미', '콘서트', '인기', '많다']"
S1bcy4h1mS8,"['무슨', '소리']"
S1bcy4h1mS8,"['거의', '남자', '노래', '좋다', '방송인', '좋다', '입덕']"
S1bcy4h1mS8,['미치다']
S1bcy4h1mS8,['한심하다']
S1bcy4h1mS8,"['부정', '생각']"
S1bcy4h1mS8,['고맙다']
S1bcy4h1mS8,"['홀로', '찬양']"
S1bcy4h1mS8,"['홀로', '애초', '버츄얼', '근본', '오시', '안되다']"
S1bcy4h1mS8,"['홀로', '견분']"
S1bcy4h1mS8,
S1bcy4h1mS8,"['꼴값', '레전드']"
Av1zma6uJco,"['솔직하다', '이상하다', '억이', '옆집', '이름', '아니다']"
Av1zma6uJco,"['부끄럽다', '차라리', '야동']"
Av1zma6uJco,
Av1zma6uJco,
Av1zma6uJco,"['감히', '거지', '남성', '무시', '안되다']"
Av1zma6uJco,"['진짜', '처음', '금액']"
Av1zma6uJco,"['굳다', '얼마나']"
Av1zma6uJco,['모두']
Av1zma6uJco,['어디']
Av1zma6uJco,"['억이', '인기', '있다', '아니다', '개쩌']"
Av1zma6uJco,"['대가', '그만하다', '내기', '힘들다']"
Av1zma6uJco,"['사실', '부모', '지갑', '어떻다', '여느', '관건']"
Av1zma6uJco,"['인기', '있다', '부모', '지갑', '한계', '있다']"
Av1zma6uJco,"['분명', '어느새다', '대가']"
Av1zma6uJco,"['그렇다', '씹덕', '익숙하다']"
Av1zma6uJco,"['충성', '높다', '팬층']"
Av1zma6uJco,"['충신', '인증']"
Av1zma6uJco,['끼끼']
Av1zma6uJco,['충신']
Av1zma6uJco,['충신']
Av1zma6uJco,"['목표', '금액', '천만원', '굳다', '무슨', '생각']"
Av1zma6uJco,"['억이', '킹애']"
Av1zma6uJco,"['일부러', '펀딩', '사이트', '어그', '수법', '펀딩', '천만원', '생각']"
Av1zma6uJco,"['형님', '수량', '계산', '객관', '박살', '수량']"
Av1zma6uJco,"['뉴스', '영상', '객관', '킹애']"
Av1zma6uJco,"['테헹', '억원', '미치다', '킹애']"
Av1zma6uJco,"['바로', '두번째', '현대', '팝업', '스토어', '진짜', '대단하다']"
Av1zma6uJco,"['유입', '얼마', '같다', '일단', '뮤비']"
Av1zma6uJco,"['한번', '기획', '진짜', '돌파']"
Av1zma6uJco,['억원']
Av1zma6uJco,"['스시', '버거']"
Av1zma6uJco,"['현대', '팝업', '매출', '기억']"
Av1zma6uJco,"['그때', '다시']"
Av1zma6uJco,
Av1zma6uJco,['멋지다']
Av1zma6uJco,"['어감', '킹애']"
Av1zma6uJco,
Av1zma6uJco,
Av1zma6uJco,"['뉴스', '이름나다', '굳다', '닉네임', '진짜', '독특']"
Av1zma6uJco,
Av1zma6uJco,"['분탕', '펀딩', '아무']"
Av1zma6uJco,"['신기하다', '방송인', '파장', '진짜', '지성', '경험', '도전', '중요하다', '저리', '느낌']"
Av1zma6uJco,"['형도', '정도']"
Av1zma6uJco,"['거의', '억원', '아주', '좋다', '킹애']"
Av1zma6uJco,['하하']
Av1zma6uJco,"['희망이', '무시']"
Av1zma6uJco,"['치기', '에바']"
Av1zma6uJco,"['제피', '보드', '제한', '없다']"
Av1zma6uJco,['이지']
Av1zma6uJco,"['수상하다', '내용', '디테']"
Av1zma6uJco,"['만물', '팬치설']"
Av1zma6uJco,"['그렇다', '다기', '내일', '성의', '없다']"
Av1zma6uJco,"['팬아트', '아니다']"
Av1zma6uJco,['보도자료']
Av1zma6uJco,"['객관', '정확도', '아니다']"
Av1zma6uJco,"['주머니', '쉽다', '아니다', '매력', '있다']"
Av1zma6uJco,"['뉴스', '정도', '확실하다', '미래', '산업', '단추', '화려하다', '성장', '이야기']"
Av1zma6uJco,"['트위치', '성장', '가능성']"
Av1zma6uJco,"['우리나라', '통신사']"
Av1zma6uJco,"['한국', '통신사', '트위치', '지면', '글로벌', '회선', '수준', '트래픽', '요금', '내야', '인터넷', '속도', '전세계', '없다', '추가', '해저케이블', '공사', '설치', '곳도', '얼마', '없다', '투자', '한국', '인터넷', '후진국', '미래', '산업', '수로', '인구', '없다', '해외', '케이블', '미래', '없다']"
Av1zma6uJco,"['수가', '어떻다', '미래', '산업', '수가', '있다']"
Av1zma6uJco,"['미래', '산업']"
Av1zma6uJco,"['보고', '셀러', '더욱', '생각', '하니', '소름']"
Av1zma6uJco,"['어림', '없다', '정상화']"
Av1zma6uJco,['펀딩']
Av1zma6uJco,"['다음', '이렇다', '펀딩', '있다']"
Av1zma6uJco,"['제작', '사람', '사서', '리셀', '딱하다', '높다', '수량', '아니다']"
Av1zma6uJco,['보드']
Av1zma6uJco,"['올인원', '세트', '펀딩', '완료', '뿌듯']"
Av1zma6uJco,['신세계']
Av1zma6uJco,"['진짜', '교묘하다', '이미지', '음습', '많다', '트리', '조작', '진짜', '아이']"
Av1zma6uJco,"['댓글', '보기', '무섭다']"
Av1zma6uJco,"['박진영', '이수만', '방시혁']"
Av1zma6uJco,['돼지']
Av1zma6uJco,['방시혁']
Av1zma6uJco,['그렇다']
Av1zma6uJco,"['가다가', '이렇다', '인간', '그룹', '대부분', '그룹', '멤버', '아니다', '오히려', '팬덤', '팬덤', '잼민', '비율', '많다', '이렇다', '많다']"
Av1zma6uJco,"['농담', '아니다', '봉준호', '손흥민', '누구', '같다']"
Av1zma6uJco,"['회수', '치가']"
Av1zma6uJco,['충성']
Av1zma6uJco,"['처음', '소통', '그렇다', '재밌다']"
Av1zma6uJco,"['좋아하다', '어유']"
Av1zma6uJco,['좋아하다']
Av1zma6uJco,"['딸버', '흐흐']"
Av1zma6uJco,"['편견', '가지', '따님', '이해', '모습', '대단하다']"
Av1zma6uJco,"['원도', '굳다', '스시', '버겁다']"
Av1zma6uJco,"['이제', '버추', '이용', '터테', '산업']"
Av1zma6uJco,['자랑스럽다']
Av1zma6uJco,"['반찬', '가게', '반응', '언제']"
Av1zma6uJco,"['좋다', '사람', '승승장구']"
Av1zma6uJco,"['정말', '대단하다']"
Av1zma6uJco,"['인기', '제일']"
Av1zma6uJco,
Av1zma6uJco,['누구세요']
Av1zma6uJco,"['버터', '그렇다']"
Av1zma6uJco,['역시']
Av1zma6uJco,['다음']
Av1zma6uJco,"['지금', '점임']"
Av1zma6uJco,"['펀딩', '신기록', '두번쨰', '펀딩', '억이', '같다']"
Av1zma6uJco,"['난난', '이번', '올인원', '세트', '가격', '저번', '때문', '있다', '규어', '세트', '사람', '보드', '키캡', '같다', '구매', '굿즈들', '있다', '확률', '높다']"
Av1zma6uJco,"['막말', '옛날', '생각']"
Av1zma6uJco,"['보드', '제한', '아니다', '바로']"
Av1zma6uJco,"['이번', '보드', '수량', '한정', '이다', '많다']"
Av1zma6uJco,"['분만', '다나']"
Av1zma6uJco,
Av1zma6uJco,
Av1zma6uJco,['짜증']
Av1zma6uJco,
Av1zma6uJco,"['생소하다', '낯선', '문화', '버츄얼', '국내', '버츄얼그룹', '점점', '팬층', '신기하다', '좋다', '모든', '버츄', '행복하다', '덕질', '응원', '펀딩', '축하']"
Av1zma6uJco,"['솔직하다', '굳다', '끊킬거', '같다']"
Av1zma6uJco,['생각']
Av1zma6uJco,"['굳다', '아무', '영향', '없다', '팬층', '대부분', '굳다', '유입']"
Av1zma6uJco,"['아니다', '굳다', '계승', '버튜버', '마땅하다', '없다']"
Av1zma6uJco,"['확실하다', '걔네', '버튜버', '타격']"
Av1zma6uJco,"['명중', '나인', '자랑스럽다']"
Av1zma6uJco,"['이러하다', '문화', '컨탠츠']"
Av1zma6uJco,"['썸네일', '익숙하다', '구먼']"
Av1zma6uJco,"['대도', '출근길', '노래', '저슷', '키링키']"
Av1zma6uJco,"['분탕', '그렇다', '관심', '도안', '분위기', '차이']"
Av1zma6uJco,"['팬치', '다른', '커뮤니티', '멘탈', '같다', '방종']"
Av1zma6uJco,
Av1zma6uJco,"['분탕', '대부분', '중국', '통일전선부', '지령', '우마오당', '댓글', '부대']"
Av1zma6uJco,"['사실', '방송사', '알고리즘', '리들리', '뉴스', '사실', '펀딩했', '팩트', '그게']"
Av1zma6uJco,"['거참', '양지', '기분', '좋다']"
Av1zma6uJco,"['마이너', '심해']"
Av1zma6uJco,"['희망이', '무시']"
Av1zma6uJco,"['이몸', '있다']"
Av1zma6uJco,['하하']
Av1zma6uJco,"['하하', '대체', '무슨', '있다']"
Av1zma6uJco,
Av1zma6uJco,['또또']
Av1zma6uJco,"['진짜', '이롭다', '억대']"
Av1zma6uJco,
Av1zma6uJco,['어떻다']
Av1zma6uJco,"['캐릭터', '개성', '있다', '노래', '좋다', '아주', '좋다']"
Av1zma6uJco,['어떻다']
Av1zma6uJco,"['저기', '포함', '자랑스럽다']"
Av1zma6uJco,
Av1zma6uJco,['흐흑']
Av1zma6uJco,"['다른', '세대', '비중']"
Av1zma6uJco,"['구매력', '월등하다', '뛰어나다']"
Av1zma6uJco,"['웁니', '엉엉']"
Av1zma6uJco,"['저기', '많다', '우린', '나이']"
Av1zma6uJco,"['역시', '행복하다']"
Av1zma6uJco,"['얼마나', '발전']"
Av1zma6uJco,['무대']
Av1zma6uJco,"['홀로', '라이브']"
Av1zma6uJco,"['같다', '공개', '현실', '공연', '있다', '아마', '진짜', '바로', '아래', '리미', '같다']"
Av1zma6uJco,"['음방', '한번', '좋다']"
Av1zma6uJco,
Av1zma6uJco,['저희']
Av1zma6uJco,"['제발', '정상품', '수량', '보드', '사랑']"
Av1zma6uJco,"['억원', '만원', '기여', '킹애']"
Av1zma6uJco,"['도대체', '보드', '키캡', '사서']"
Av1zma6uJco,"['무언가', '수상한', '사람', '사용', '장용', '용이', '스페어']"
Av1zma6uJco,"['하나', '다사', '만원', '레게']"
Av1zma6uJco,"['만원', '기여']"
Av1zma6uJco,['둘바']
Av1zma6uJco,['좋다']
Av1zma6uJco,"['취향', '존중', '각자']"
Av1zma6uJco,"['이렇다', '멋지다', '취존']"
Av1zma6uJco,"['취존하', '사람', '있다']"
Av1zma6uJco,
Av1zma6uJco,"['멋지다', '착하다', '일반인']"
Av1zma6uJco,['팬덤']
Av1zma6uJco,"['팬덤', '중심', '충성', '높다', '팬층']"
Av1zma6uJco,"['씹덕', '결혼', '포기', '시대', '자기', '취미']"
Av1zma6uJco,"['댓글', '진짜', '레전드', '같다']"
Av1zma6uJco,"['버스', '무한도전']"
Av1zma6uJco,['영원하다']
Av1zma6uJco,"['보드', '사고', '순식간', '매진', '빡치다']"
Av1zma6uJco,['진짜']
Av1zma6uJco,"['항상', '행복하다']"
Av1zma6uJco,"['취향', '존중', '문화', '기계', '발달', '기존', '없다', '새롭다', '있다', '생각', '거기', '발언', '행동', '나락', '한순간', '단점', '레드', '오션', '현재', '진행중', '캐릭', '개성', '빈부격차', '인지도', '제일', '중요하다', '실제', '연예인', '그렇다', '마찬가지', '수명', '있다', '짧다', '짧다', '괜찮다', '매몰비용', '시간', '금전', '만족', '이면', '다행', '후회', '특정', '없다', '논란', '정도', '있다', '절치', '재미있다', '편집', '짧다', '두루', '두루', '영상', '정도', '개인', '만족', '나락이', '절치', '거나', '자연', '스리', '수명', '볼일', '보고']"
Av1zma6uJco,"['살기', '힘들다', '난리', '기사', '여행기']"
Av1zma6uJco,"['좋다', '취미', '생활', '있다', '인하다', '려고', '그렇다']"
Av1zma6uJco,"['진짜', '덕질', '영원하다']"
Av1zma6uJco,"['멤버', '방송', '입담', '재밌다', '라디오', '보기', '좋다']"
Av1zma6uJco,"['역다', '돌이']"
Av1zma6uJco,"['기록', '달성']"
Av1zma6uJco,['진짜']
Av1zma6uJco,"['사상', '최초', '버튜버', '출연']"
Av1zma6uJco,"['압도', '갱신']"
Av1zma6uJco,"['버츄얼', '안티팬', '멸종위기']"
Av1zma6uJco,"['일본', '버츄얼', '기도', '커서', '방송', '진짜', '별거', '아마', '한국', '있다', '버츄얼', '하나', '브랜드', '크게', '자리']"
Av1zma6uJco,"['음지', '왁굳님', '계속', '음지', '있다']"
Av1zma6uJco,"['양치기', '그거', '초반', '아니다', '지금', '다르다']"
Av1zma6uJco,"['며칠', '방송', '왁굳님', '음지', '있다', '야하다']"
Av1zma6uJco,"['대표', '양지', '있다', '한국', '버츄얼', '왁굳님', '방향', '공중파', '이렇다', '인터넷', '방송인', '보고', '계심', '음지', '있다', '그렇다', '아니다']"
Av1zma6uJco,"['지금', '양지', '활동', '있다', '계시', '얼마', '마마']"
Av1zma6uJco,"['참으로', '한일']"
Av1zma6uJco,
Av1zma6uJco,"['팬치', '능력']"
Av1zma6uJco,"['이분', '세대', '대단하다', '킹애']"
Av1zma6uJco,['프사']
Av1zma6uJco,"['괜찮다', '악성', '댓글', '있다']"
Av1zma6uJco,"['만두', '만두']"
Av1zma6uJco,['둘박궤']
Av1zma6uJco,"['솔직하다', '버츄얼', '좋아하다', '노래', '아이', '노래', '방송', '재밌다', '노래', '웬만하다', '가수', '그렇다', '키딩', '같다', '영상', '좋다', '노래', '괜찮다', '그때', '편견', '좋아하다', '인기', '이해', '하나', '장르', '가수', '있다', '래퍼', '발라', '이렇다', '버츄얼', '가수', '장르', '생각', '머글', '입장', '솔직하다', '조금', '다른', '같다', '마냥', '스트리머', '가요', '영향력', '있다', '어쨌든', '나름', '신선하다', '경험', '키딩이후', '소식', '계속', '있다', '파이팅']"
Av1zma6uJco,['좋다']
Av1zma6uJco,
Av1zma6uJco,"['가요', '망하다', '증거', '옛날', '년대', '해도', '노래실력', '우선', '걸그룹', '보이', '그룹', '등장', '점점', '비주', '우선', '실력', '퇴화', '이렇다', '실력', '버튜버', '있다', '아니다', '생각']"
Av1zma6uJco,"['뽀또년대', '보고', '아치', '출신', '많다']"
Av1zma6uJco,"['뽀또옛날', '사람', '실력', '별로']"
Av1zma6uJco,"['아니다', '인정']"
Av1zma6uJco,"['이정', '웬만하다', '부럽다']"
Av1zma6uJco,"['스텔라', '이브', '빠돌이', '업계', '최정', '인정', '미치다']"
Av1zma6uJco,"['스텔라', '이브', '최고']"
Av1zma6uJco,
Av1zma6uJco,"['굳다', '없다', '한국', '버튜버']"
Av1zma6uJco,"['스텔', '최고']"
Av1zma6uJco,"['스텔라', '이브']"
Av1zma6uJco,"['저기', '만원', '있다']"
Av1zma6uJco,
Av1zma6uJco,"['억원', '죄인', '이다']"
Av1zma6uJco,"['없다', '유튜브', '회수', '있다']"
Av1zma6uJco,"['바쁘다', '깜빡', '없다']"
Av1zma6uJco,"['나중', '기회', '있다', '화이팅']"
Av1zma6uJco,"['죄인', '치도', '말씀']"
Av1zma6uJco,['추가']
Av1zma6uJco,"['대학교', '만화', '그림', '원피스', '블리치', '시절', '버튜버', '상상', '사건', '사고', '많다', '소통', '안되다', '소통', '버츄얼들', '좋다', '각자', '있다', '세상', '이제', '온라인', '덕질', '세상', '방송', '버튜버', '많다']"
Av1zma6uJco,"['취향', '다른', '무언가', '존중', '취향']"
Av1zma6uJco,['뉴스']
Av1zma6uJco,"['알파', '바둑기사', '아니다']"
Av1zma6uJco,
Av1zma6uJco,"['팬치', '자랑스럽다', '사랑']"
Av1zma6uJco,
Av1zma6uJco,"['다르다', '자꾸', '굳다', '합리', '가격', '판매', '다른', '회사', '프리미엄', '인기', '정말', '저렴하다', '가격', '책정']"
Av1zma6uJco,"['진짜', '말세', '말세']"
Av1zma6uJco,"['서브컬쳐', '세상', '어색하다', '낯설다', '이렇다', '문화', '서브컬쳐', '신호탄', '신기하다', '구경']"
Av1zma6uJco,"['트위치', '방송', '좋다', '지금', '있다', '다른', '방송인', '많다', '유튜브']"
Av1zma6uJco,"['역시', '천재', '킹애']"
Av1zma6uJco,"['성공하다', '뉴스', '언급']"
Av1zma6uJco,"['썸네일', '마지막', '글자']"
Av1zma6uJco,['숫자']
Av1zma6uJco,
Av1zma6uJco,
Av1zma6uJco,['뭐임']
Av1zma6uJco,"['수면', '바지', '그렇다']"
Av1zma6uJco,"['솔직하다', '댓글', '부정', '안보', '있다', '대부분', '일반인', '존중', '신기하다', '계속']"
Av1zma6uJco,"['보드', '셀러', '매크로', '바로']"
Av1zma6uJco,"['억이', '안되다', '다음', '무조건']"
Av1zma6uJco,"['모두', '드릉드릉스폰지밪', '친구', '희망이', '무시']"
Av1zma6uJco,"['개인', '입덕', '부정', '로서', '노래', '잘해야', '생각', '가지', '있다', '요즘', '웬만하다', '라이브', '입덕', '오히려', '버츄얼', '노래', '집중', '있다', '킹애']"
Av1zma6uJco,"['노래', '편견', '있다', '노래', '응원']"
Av1zma6uJco,"['역시', '굳다']"
Av1zma6uJco,"['진짜', '이렇다', '육수', '와우']"
Av1zma6uJco,"['썸네일', '보고', '정지']"
Av1zma6uJco,"['처음', '와인', '겨울', '어나더월드', '키딩', '오버', '노래', '보고', '이다']"
Av1zma6uJco,"['반갑다', '하나', '이다']"
Av1zma6uJco,
Av1zma6uJco,"['이상하다', '조금', '격감', '있다', '이상하다', '마인드', '무지', '기하', '한심하다']"
Av1zma6uJco,"['이미지', '좋아하다', '사람', '주제', '이야기', '이야기']"
Av1zma6uJco,"['버추', '대체', '뭐길', '펀딩', '억이', '모시', '이다', '대음']"
Av1zma6uJco,"['오죽하다', '읍내', '핫걸', '아이', '억이', '별거', '아니다']"
Av1zma6uJco,"['키딩', '노랗다', '퀄리티', '요즘', '인기', '걸그룹', '비교', '거나', '정도', '버츄얼', '호불호', '인정']"
Av1zma6uJco,"['애초', '버츄얼', '주로', '팬덤', '아니다', '인방', '시청자', '펀딩', '모금', '수금', '있다']"
Av1zma6uJco,"['대도', '분명', '많다']"
Av1zma6uJco,"['할아버지', '진짜', '아기', '좋아하다']"
Av1zma6uJco,"['이상', '미래', '사업', '느낌', '의도', '그렇다', '바이럴']"
Av1zma6uJco,"['버츄얼', '현실', '가수', '모두', '좋아하다', '노래', '각자', '자리', '위해', '자신', '위해', '노력', '전혀', '다르다', '생각', '스텔라', '이브', '같다', '위해', '뉴스', '정도', '성장', '고맙다', '멋있다', '생각', '모두', '멋지다']"
Av1zma6uJco,"['양지', '게임', '인터넷', '방송', '제재', '우리나라', '국회의원', '동참', '기자', '여러분', '멋지다']"
Av1zma6uJco,"['보드', '한정', '판매', '아니다', '어디']"
Av1zma6uJco,"['호날두', '만원', '후원']"
Av1zma6uJco,"['오늘', '눈팅', '신창섭']"
Av1zma6uJco,"['세대', '뭐시']"
Av1zma6uJco,
Av1zma6uJco,['있다']
Av1zma6uJco,"['대도', '이렇다']"
Av1zma6uJco,"['하하', '좋아하다', '노래', '생방', '안보']"
Av1zma6uJco,['하하']
Av1zma6uJco,"['마법소녀', '차원', '펀딩', '가격', '합계', '로만', '집도', '화이팅']"
Av1zma6uJco,"['사건', '지평선', '사나', '리우']"
Av1zma6uJco,"['천지', '칸나', '스텔']"
Av1zma6uJco,"['정성원', '착하다', '파리', '파리']"
Av1zma6uJco,"['정성원', '방송', '노잼', '자수', '아니다']"
Av1zma6uJco,"['천지', '메보']"
Av1zma6uJco,"['끔찍하다', '무서움']"
Av1zma6uJco,"['이제', '뉴스', '신기하다', '따름', '인터넷', '방송', '잡고', '있다']"
Av1zma6uJco,"['요즘', '바둑기사', '아니다', '처음', '한번']"
Av1zma6uJco,"['이렇다', '안되다']"
Av1zma6uJco,"['부용', '계정', '재밌다']"
Av1zma6uJco,"['부용', '계정', '부용', '계정', '꼴깝']"
Av1zma6uJco,"['아니다', '그렇다', '처음', '대단하다', '뻔하다']"
Av1zma6uJco,"['레알', '공부']"
Av1zma6uJco,"['굳다', '반응', '그렇다', '펀딩', '고맙다', '역시', '팬치', '킹애']"
Av1zma6uJco,"['역시', '팬치', '할리', '없다']"
Av1zma6uJco,"['정작', '일반인', '이렇다', '있다', '이렇다', '댓글', '분탕충', '거나', '같다', '씹덕']"
Av1zma6uJco,"['분탕', '충의', '예시']"
Av1zma6uJco,"['페미', '팩트', '이악믈', '무시']"
Av1zma6uJco,
Av1zma6uJco,"['차라리', '세상', '모든', '여자', '너희', '어머니', '그렇다']"
Av1zma6uJco,"['진짜', '대단하다', '잡고', '프로', '듀싱', '아니다', '수많다', '컨텐츠', '하나', '대단하다']"
Av1zma6uJco,"['아니다', '인기', '많다', '대도']"
Av1zma6uJco,"['옛날', '재밌다', '점차', '팬덤', '아니다', '광신도', '스트리머', '아니다', '유사', '연예인', '방송', '하차']"
Av1zma6uJco,
Av1zma6uJco,"['진짜', '팩트', '재밌다', '팬층', '역겹다', '하차']"
Av1zma6uJco,"['원래', '그렇다', '마련', '연예인', '멜론', '쉽다', '아니다']"
Av1zma6uJco,"['멸망하다', '조건', '안좋다', '한마디', '해도', '간신', '등장']"
Av1zma6uJco,"['하차', '안나']"
Av1zma6uJco,"['썸네일', '자세하다', '아니다']"
Av1zma6uJco,['돌임']
Av1zma6uJco,"['초반', '팬아트']"
Av1zma6uJco,"['뉴스', '요즘', '물정', '좋다', '뉴스']"
Av1zma6uJco,"['기록', '첫날']"
Av1zma6uJco,['있다']
Av1zma6uJco,['비중']
Av1zma6uJco,"['뭔가', '그래픽카드', '같다']"
Av1zma6uJco,"['토끼', '가면']"
Av1zma6uJco,"['토끼', '가면', '엔비디아']"
Av1zma6uJco,"['토끼', '가면', '족왜']"
Av1zma6uJco,['단합']
Av1zma6uJco,['젠황']
Av1zma6uJco,"['같다', '단합', '화이팅']"
Av1zma6uJco,"['랄로', '억이', '절로', '어쩐지', '사진첩', '사진', '오드']"
Av1zma6uJco,['랄로']
Av1zma6uJco,"['눈물', '주르르']"
Av1zma6uJco,"['저기', '포함', '뭔가', '뿌듯하다']"
Av1zma6uJco,
Av1zma6uJco,"['세계관', '없다']"
Av1zma6uJco,['버스']
Av1zma6uJco,['모두']
Av1zma6uJco,"['썸네일', '보고', '깜짝']"
Av1zma6uJco,['진짜']
Av1zma6uJco,"['나라', '망하다', '개추']"
Av1zma6uJco,['킹애']
Av1zma6uJco,"['모두', '금지']"
Av1zma6uJco,"['천지', '갑자기', '시비']"
Av1zma6uJco,"['천지', '만삣삐', '마이', '쏘우', '마이']"
Av1zma6uJco,['일단']
Av1zma6uJco,"['모두', '드릉드릉스폰지밪', '친구', '희망이', '무시']"
Av1zma6uJco,"['진짜', '대박', '팬치', '미치다', '같다', '거지', '서도']"
Av1zma6uJco,"['원일', '그때', '보고', '공지', '사이트', '버그', '많다', '웹툰', '평균', '정돈', '평균', '이상', '역시']"
Av1zma6uJco,"['솔직하다', '같다', '좋아하다']"
Av1zma6uJco,"['예쁘다', '귀엽다', '노래', '그렇다']"
Av1zma6uJco,['지인']
Av1zma6uJco,"['그래픽', '쪼가리', '이쁘다', '귀엽다']"
Av1zma6uJco,"['김별이', '일단', '겉보기', '예쁘다', '귀엽다', '방송', '행동', '말투', '귀엽다', '이다']"
Av1zma6uJco,"['헐레벌덕', '보고', '개추', '간다']"
Av1zma6uJco,"['내용물', '무엇', '인지도', '진짜', '신기하다']"
Av1zma6uJco,"['보통', '진짜', '사람', '부분', '있다', '실물', '어차피', '일상', '매일', '가령', '화보', '소설', '왜봐', '느낌', '애니메이션', '좋아하다', '같다', '느낌', '애니메이션', '생각', '마음', '편하다']"
Av1zma6uJco,"['일반', '연예인', '마찬가지', '빅뱅', '사건', '내용물', '좋아하다', '빅뱅', '마약', '사범', '성범죄자']"
Av1zma6uJco,"['그렇다', '기대하다', '얼공', '예쁘다', '좋아하다', '거임']"
Av1zma6uJco,"['그렇다', '빅뱅', '내용물', '무엇', '인지도', '좋아하다', '좋아하다', '마약', '사범', '성범죄자']"
Av1zma6uJco,"['내용물', '대노괴']"
Av1zma6uJco,"['앨범', '만장']"
Av1zma6uJco,"['초동', '중소', '따리']"
Av1zma6uJco,"['국내', '어란']"
Av1zma6uJco,"['진짜', '판화', '소리', '아니다', '이기', '중소', '따리']"
Av1zma6uJco,"['돌팬', '해외', '유입', '전인', '트와이스', '아이즈']"
Av1zma6uJco,"['어이구', '취급']"
Av1zma6uJco,"['썸네일', '합성', '줄알', '진짜']"
Av1zma6uJco,"['보드', '규어', '전부']"
Av1zma6uJco,"['나라', '병폐']"
Av1zma6uJco,"['암만', '경제', '어렵다', '힘들다', '사보', '다가', '이렇다', '진짜', '경제', '어렵다', '생각']"
Av1zma6uJco,"['원래', '경제', '어렵다', '대도', '사람', '사람', '한잔']"
Av1zma6uJco,"['경기', '어렵다', '와중', '생필품', '같다', '아니다', '버튜버', '펀딩', '금액', '이면', '관점', '좋다', '보기', '힘드다']"
Av1zma6uJco,"['힘들다', '현실', '위안', '아니다']"
Av1zma6uJco,"['옛날', '저축', '동기', '소비', '아니다']"
Av1zma6uJco,"['미리내', '소리', '경제', '안좋다', '사람', '타격', '없다', '의미', '지금', '경제', '안좋다', '서민', '치킨', '마리', '체감', '비용', '만원', '라면', '사람', '원인', '느낌', '하루', '치킨', '매일', '치킨', '다른사람', '참견', '이유', '없다', '본인', '경제', '관련', '없다']"
Av1zma6uJco,"['굳다', '대단하다']"
Av1zma6uJco,"['뉴스', '정도', '성공하다']"
Av1zma6uJco,['뉴스']
Av1zma6uJco,"['노래', '커버', '거품', '심하다']"
Av1zma6uJco,"['데뷔', '개추']"
Av1zma6uJco,"['데뷔', '니애미', '최소', '번은']"
Av1zma6uJco,"['부모님', '교육', '인터넷', '드립']"
Av1zma6uJco,['경악']
Av1zma6uJco,"['아니다', '시간', '거나', '초반']"
Av1zma6uJco,"['아즈사', '나이', '공개', '년생', '년생']"
Av1zma6uJco,"['믿음', '민증', '아니다', '라임']"
Av1zma6uJco,"['땅땅', '진짜', '티남']"
Av1zma6uJco,"['땅땅', '패러블', '소속', '정식', '절차']"
Av1zma6uJco,"['아니다', '미안하다', '나이', '이번', '보드', '포함']"
Av1zma6uJco,['킹애']
Av1zma6uJco,"['대고', '버추', '문화', '있다', '취향', '아니다', '확실하다', '아가', '인기', '많다', '버추', '힙합', '발라드', '고전', '발라드', '트로트', '고전', '고전', '트로트', '클래식', '발라드', '이상', '트로트', '컨트리', '클래식', '이정']"
Av1zma6uJco,['살이']
Av1zma6uJco,"['발라드', '힙합', '컨트리', '좋아하다']"
Av1zma6uJco,
Av1zma6uJco,['살이']
Av1zma6uJco,['랄로']
Av1zma6uJco,['그만하다']
Av1zma6uJco,
Av1zma6uJco,['진짜']
Av1zma6uJco,"['지난번', '억이']"
Av1zma6uJco,"['이해', '문화', '하나', '애니좋아', '사람', '생각']"
Av1zma6uJco,"['애니', '좋아하다', '그렇다', '인기', '있다', '아니다', '노래', '일단', '진짜', '놀람', '아니다', '생각', '실제', '가수', '예쁘다', '잘생기다', '가수', '널렸는데', '걔네', '실력', '사람', '미치다', '애니', '모습', '보고', '좋아하다', '오히려', '실력', '위주', '평가', '당연하다', '노래', '좋다', '어쩌면', '실제', '사람', '예술', '위주', '평가', '만약', '인기', '실력', '우리나라']"
Av1zma6uJco,"['버튜버', '데뷔', '초반', '반짝', '그게', '유지', '명일', '같다', '초반', '어그', '이쁘다', '유지', '개인', '능력', '이다']"
Av1zma6uJco,"['무슨', '취미', '난이']"
Av1zma6uJco,"['사람', '그렇다', '추천', '아이', '에델바이스', '그거', '보고']"
Av1zma6uJco,"['스티븐', '김실', '이면', '야하다', '아니다']"
Av1zma6uJco,"['저기', '팬덤', '악질', '제발', '팬덤', '관리', '좋다']"
Av1zma6uJco,"['구체', '설명']"
Av1zma6uJco,"['분탕', '혐팬치들', '보고', '단편', '생각']"
Av1zma6uJco,"['굳이', '조련', '대부분', '정상']"
Av1zma6uJco,"['요즘', '팬덤', '낫다']"
Av1zma6uJco,"['팬덤', '완벽하다', '깨끗하다', '오히려', '종교', '가깝다']"
Av1zma6uJco,"['캐릭터', '인권']"
Av1zma6uJco,"['정치인', '메타', '버스', '성공사례', '바로']"
Av1zma6uJco,['버츄얼']
Av1zma6uJco,"['인생', '제발']"
Av1zma6uJco,"['인생', '참견', '이노', '인생', '훈수']"
Av1zma6uJco,['인생']
Av1zma6uJco,"['인생', '사지']"
Av1zma6uJco,"['세상', '미치다', '일본', '하츠네미쿠', '공연']"
Av1zma6uJco,"['어질어질하다', '도데', '한국', '히키코모리', '얼마나', '많다', '여자', '페미', '남자', '씹덕', '캐릭', '대화', '저출산', '나라']"
Av1zma6uJco,
Av1zma6uJco,"['미치다', '젠황']"
Av1zma6uJco,"['문화', '일본', '게뭐']"
Av1zma6uJco,"['취미', '행사', '같다', '멀쩡하다', '남녀', '많다', '이해', '사람', '중하', '현실', '구분', '취미', '생활', '나쁘다']"
Av1zma6uJco,"['나이', '높다']"
Av1zma6uJco,"['세대', '세대']"
Av1zma6uJco,"['통계', '대가', '많다']"
Av1zma6uJco,"['이렇다', '있다', '새롭다', '지식', '뉴스']"
Av1zma6uJco,"['펀딩때', '보고']"
Av1zma6uJco,"['댓글', '오타쿠', '진짜', '많다', '굿즈', '같다', '사서', '자고', '캐릭', '설레다', '그렇다']"
Av1zma6uJco,"['사람', '있다', '그렇다', '리가']"
Av1zma6uJco,"['오타쿠', '증인', '케이스']"
Av1zma6uJco,['병원']
Av1zma6uJco,"['수기', '책임']"
Av1zma6uJco,"['가끔', '귀엽다', '이상보', '타가', '진짜', '심하다', '극복', '사람', '극복', '표현']"
Av1zma6uJco,"['한국', '망하다']"
Av1zma6uJco,"['모니터', '남자', '여자', '구분', '안되다']"
Av1zma6uJco,"['대부분', '사실', '있다', '스트리머', '연애', '라서', '좋아하다', '스트리머', '사람', '라면', '그게', '남자', '여자', '가면', '상관없다', '후원', '응원', '원래', '팬심', '입장', '이해', '안되다', '같다']"
Av1zma6uJco,"['빨갛다', '전부', '확실하다', '여자']"
Av1zma6uJco,"['생각', '동의']"
Av1zma6uJco,"['대형', '회사', '계약', '사람', '남자', '수가', '없다']"
Av1zma6uJco,"['서로', '현실', '만남', '빨갛다', '약도', '있다', '여자', '남자', '일수', '없다']"
Av1zma6uJco,['대단하다']
Av1zma6uJco,"['그렇다', '도해', '세균', '단주', '폭도', '박쥐', '똥강아지', '라서', '아니다']"
Av1zma6uJco,"['모두', '친구']"
Av1zma6uJco,"['나라', '망하다']"
Av1zma6uJco,['계엄령']
Av1zma6uJco,"['로리', '레퀴엠', '음원', '차트']"
Av1zma6uJco,['부정']
Av1zma6uJco,['이제']
Av1zma6uJco,
Av1zma6uJco,"['이국', '교수', '억이', '필요']"
Av1zma6uJco,"['일단', '노래', '좋다', '팬층', '래야', '수가', '없다']"
Av1zma6uJco,"['님들', '비늘', '사람', '관심', '주지', '칸나', '비늘', '려고', '부계', '파서', '의적', '관심', '주지', '스텔라', '이브']"
Av1zma6uJco,"['화면', '보고', '사람', '다시', '생각', '선택', '있다', '스텔', '악질', '아지', '목숨', '하나']"
Av1zma6uJco,"['퇴사', '인생', '망하다', '먼저']"
Av1zma6uJco,"['그것', '있다']"
Av1zma6uJco,"['컴터', '마이크', '오인', '캐릭터', '등등']"
Av1zma6uJco,['송출컴']
Av1zma6uJco,['진짜']
Av1zma6uJco,"['레드', '오션', '육수', '버츄얼', '방송', '있다']"
Av1zma6uJco,"['처음', '뭔가', '이해', '세계관', '공유', '대화', '애니', '캐릭터', '생각', '십덕', '환장하다', '대충', '같다']"
Av1zma6uJco,"['십덕', '범위', '넓다', '연애', '샤라', '보고', '피쳐링', '참가', '콘서트']"
Av1zma6uJco,"['프사', '보고', '순간', '메인', '헤븐']"
Av1zma6uJco,"['패러블', '불쌍하다', '이형', '기획사', '법인', '등록', '제대로']"
Av1zma6uJco,
Av1zma6uJco,"['아래', '아래', '자꾸', '위로']"
Av1zma6uJco,"['희다', '명령', '마르다']"
Av1zma6uJco,['가미']
Av1zma6uJco,"['아래', '노력', '자꾸']"
Av1zma6uJco,"['굳다', '음지', '강제']"
Av1zma6uJco,"['일러레', '독자', '수듄']"
Av1zma6uJco,"['썸네일', '뭐길']"
Av1zma6uJco,"['하나', '아니다', '그렇다', '당신', '위해', '진짜', '도파민', '폭포', '스트레스', '절단', '가깝다', '세계관', '붕괴', '세기말', '데스', '치가', '지금', '시작', '금요일', '저녁']"
Av1zma6uJco,"['오억', '십억', '아니다']"
Av1zma6uJco,['백오십팔억']
Av1zma6uJco,"['이렇다', '신규', '컨텐츠', '좋다', '제발', '세금', '그렇다', '생각', '좋다', '크게']"
Av1zma6uJco,"['다음', '크게']"
Av1zma6uJco,"['좋다', '사람', '좋아하다', '나라', '정상화']"
Av1zma6uJco,"['버추', '대해', '부정', '있다', '조금', '생각', '차이', '없다', '일단', '오프', '라이트', '방구', '최적화', '개인', '방송', '활발하다', '좋다', '공간', '시간', '대한', '제약', '없다', '연출', '가능하다', '벽보', '덕질', '느낌', '일반', '소통', '벽보', '소통', '느낌', '개인', '방송', '위주', '활동', '버추', '그룹', '기존', '소통', '는걸', '덕질', '아니다', '덕질', '대세', '간다', '생각', '돌덕판', '보수', '보고', '있다', '조만간', '판이', '생각']"
Av1zma6uJco,"['세상', '있다']"
Av1zma6uJco,"['펀딩', '관심', '없다', '제발', '양지', '그렇다', '악질', '팬덤', '여기저기', '문제', '해도', '양지', '생각', '어질어질하다']"
Av1zma6uJco,"['악질', '아미', '이상일']"
Av1zma6uJco,"['끼리', '즈그']"
Av1zma6uJco,"['초대', '멜론', '반성', '진짜']"
Av1zma6uJco,"['어차피', '계약', '파트너']"
Av1zma6uJco,"['어차피', '계약', '있다']"
Av1zma6uJco,['보드']
Av1zma6uJco,"['얘내', '페미', '논란', '있다', '아니다', '유야무야', '건가', '무섭다']"
Av1zma6uJco,"['커뮤', '유포', '허위', '사실']"
Av1zma6uJco,"['모두', '친구', '희망이', '무시', '힘빡쪼']"
Av1zma6uJco,['모두']
Av1zma6uJco,"['천지', '프사', '버튜버노']"
Av1zma6uJco,"['커뮤', '허위', '사실', '퍼트', '린거임']"
Av1zma6uJco,"['인기', '증거', '있다', '펀딩', '인원', '대비', '금액', '없다', '대가', '아니다', '많다', '근거', '인기', '정작', '대가', '소비', '공중파', '음악', '방송', '이렇다', '제대로', '성과']"
Av1zma6uJco,"['영상', '소비', '전파', '후반', '대가', '주류']"
Av1zma6uJco,"['그렇다', '학생증', '공중파', '음악', '방송', '현장', '티켓', '같다', '비싸다', '애초', '공중파', '방이', '소비', '요즘', '청소년', '느낌', '아니다', '미성년', '청소년', '좋아하다', '분야', '인터넷', '방송', '게임', '오타쿠', '문화', '년대', '스트리머', '버튜버', '분야', '가장', '본문']"
Av1zma6uJco,"['요즘', '음악중심', '불후', '명곡']"
Av1zma6uJco,"['후원자', '천명', '만원', '학생', '여건', '안되다', '거도', '있다', '비용', '펀딩', '최대', '이상', '많다', '뿐더러', '굳다', '생방', '일일', '최대', '동시', '시청자', '생각', '굳다', '관련', '굳다', '무조건', '부류', '사실', '없다']"
Av1zma6uJco,"['공중파', '음악', '방송', '투표', '같다', '음악', '방송', '현장', '사람', '투표', '사람', '소수', '소수', '비유', '없다', '현장', '티켓', '얘기', '음악', '방송', '인기', '순위', '현장', '투표', '결정']"
Av1zma6uJco,"['이렇다', '페미', '이슈', '있다', '솔직하다', '버튜버', '페미', '가면', '좋다', '좋다', '씁쓸하다']"
Av1zma6uJco,"['커뮤', '허위', '사실', '퍼트', '얘기', '있다']"
Av1zma6uJco,"['성이름', '모두', '금지', '실제', '헀던말들']"
Av1zma6uJco,"['비챤님', '페미', '용어', '아니다', '옛날', '트위터', '기분', '좋다', '입틀막', '그거']"
Av1zma6uJco,"['군인', '대가리', '이슈']"
Av1zma6uJco,['와인']
Av1zma6uJco,"['아쉽다', '라이브', '없다', '아쉽다']"
Av1zma6uJco,"['잠수함', '승조', '젠황']"
Av1zma6uJco,"['억이', '억이', '좋아하다', '그렇다', '시간', '본인', '몸값', '어떻다', '꼬우', '버튜버', '안해', '능력', '안되다']"
Av1zma6uJco,"['레전드', '페미니즘', '표방', '멤버', '방송', '남자', '많다']"
Av1zma6uJco,"['죄송하다', '이슬람', '시청자', '나부', '랭탱', '겸상', '금지', '얼른', '엄마', '마님', '인사']"
Av1zma6uJco,"['흥분', '도가니', '모두', '희망이', '버대남']"
Av1zma6uJco,"['아사', '이제', '전투', '발라', '얘기', '당연하다', '사랑']"
Av1zma6uJco,"['모순', '한국', '산다']"
Av1zma6uJco,"['성이름', '레전드', '이정', '지능', '한국', '여자', '버튜버', '육수']"
Av1zma6uJco,"['버튜버', '시장', '그렇다', '그렇다', '진짜']"
Av1zma6uJco,"['없다', '고딩', '후원', '텀블벅', '광고', '성장하다', '감개', '무량']"
Av1zma6uJco,"['나라', '망하다']"
Av1zma6uJco,"['대한민국', '서비스', '종료']"
Av1zma6uJco,"['있다', '버티고', '있다']"
Av1zma6uJco,"['정신병', '같다', '이렇다', '들보']"
Av1zma6uJco,"['때문', '아니다', '대한민국', '망하다']"
Av1zma6uJco,"['일본', '진작', '멸망하다']"
Av1zma6uJco,
Av1zma6uJco,"['이탈', '착실하다', '코곤']"
Av1zma6uJco,"['프사', '역시', '버튜버', '역사상', '최악', '팬덤']"
Av1zma6uJco,"['역시', '뚤평']"
Av1zma6uJco,"['버스', '출신', '거기', '취급', '드럽다', '대단하다']"
Av1zma6uJco,"['전설', '천지', '정병', '모두']"
Av1zma6uJco,"['나라', '망하다']"
Av1zma6uJco,['망하다']
Av1zma6uJco,"['정말', '레전드']"
Av1zma6uJco,"['아니다', '정도', '굿즈', '아니다', '건물']"
Av1zma6uJco,['모두']
Av1zma6uJco,
Av1zma6uJco,"['지구', '망하다']"
Av1zma6uJco,
Av1zma6uJco,['천문학자']
Av1zma6uJco,"['이렇다', '뉴스', '같다', '세상', '변하다', '있다', '신기하다']"
Av1zma6uJco,"['대표', '이미지', '사례', '물위', '있다', '기름', '마냥', '라이트', '기기', '좋다']"
Av1zma6uJco,"['누구', '페미', '싫어하다', '페미', '수도', '페미', '버튜버', '사랑']"
Av1zma6uJco,"['수도', '옘병']"
Av1zma6uJco,"['커뮤', '신경안', '축배', '있다', '그림', '웃기']"
Av1zma6uJco,"['프사', '수상하다']"
Av1zma6uJco,"['흥분', '도가니', '모두', '희망이', '버대남']"
Av1zma6uJco,"['페미', '수도', '있다', '현실', '연예인', '마찬가지', '아니다']"
Av1zma6uJco,['기괴하다']
Av1zma6uJco,"['이렇다', '지금']"
Av1zma6uJco,['있다']
Av1zma6uJco,"['독자', '독자', '토막', '체급', '변하다', '하데스']"
Av1zma6uJco,"['앨범', '만장', '아가리']"
Av1zma6uJco,"['상승세', '스텔']"
Av1zma6uJco,"['스텔', '콘도', '단콘', '언제', '시간', '없다', '이번', '다시', '보기', '커버', '이번', '스텔', '콜라보', '없다', '어우', '한심하다', '하찮다']"
Av1zma6uJco,"['이렇다', '영상', '댓글', '오타쿠', '이미지', '정말', '좋다', '속상하다', '정상', '오타쿠', '많다', '생각', '건전하다', '취미']"
Av1zma6uJco,"['정도', '세상', '넓다', '원피스']"
Av1zma6uJco,"['좋아하다', '정뚝', '차단', '박아']"
Av1zma6uJco,"['인생', '좋아하다', '연예인', '유재석', '하나', '뿐이다']"
Av1zma6uJco,['세이']
Av1zma6uJco,['세이']
Av1zma6uJco,"['구독', '목록', '과학']"
Av1zma6uJco,"['카리나', '안도', '어떻다', '생각']"
Av1zma6uJco,"['진짜', '이번', '세대', '망하다']"
Av1zma6uJco,"['놀랍다', '많다']"
Av1zma6uJco,"['피해', '안주', '취미', '나쁘다', '자전거', '위험하다', '안되다', '컴퓨터', '사람', '안되다', '중독', '있다', '안되다', '일도', '중독', '있다', '안되다', '인간관계', '두렵다', '안되다']"
Av1zma6uJco,"['그렇다', '맙시', '싫어하다', '사람', '많다']"
Av1zma6uJco,"['닉네임', '민수', '쥰내', '오묘하다']"
Av1zma6uJco,['그렇다']
Av1zma6uJco,
Av1zma6uJco,['야야']
Av1zma6uJco,['헤이헤이']
Av1zma6uJco,"['보고', '함부로', '버츄얼', '도전', '흑우', '없다', '상위', '가능하다']"
Av1zma6uJco,"['뭔가', '기사', '같다']"
Av1zma6uJco,"['댓글', '점령', '끼리', '이야기', '어이', '없다', '저리', '사람', '버튜버', '거부', '반응', '보이지']"
Av1zma6uJco,"['끼리', '얘기', '아니다', '영상', '보드', '판매', '그게']"
Av1zma6uJco,"['이야기', '영상', '지랄', '싫다', '혼자', '싫다', '사람']"
Av1zma6uJco,"['영상', '끼리', '댓글', '도배', '발끈', '눈치', '없다', '욕처', '평생', '같다']"
Av1zma6uJco,"['애초', '특정하다', '시점', '이상', '이하', '아니다', '정작', '진짜', '일반인', '최소한', '정도', '투명하다']"
Av1zma6uJco,"['버튜버', '소개', '버튜버', '이야기', '꼽주', '이상하다']"
Av1zma6uJco,"['나라', '망하다']"
Av1zma6uJco,"['나라', '망하다', '정치', '지랄', '멸망']"
Av1zma6uJco,"['금지', '만원', '동덕여대', '렛츠고']"
Av1zma6uJco,"['먹이', '금지']"
Av1zma6uJco,"['먹이', '금지', '라면', '답글', '먹이']"
Av1zma6uJco,['불쌍하다']
Av1zma6uJco,"['팩트', '군인', '역대', '소리', '었음']"
Av1zma6uJco,
Av1zma6uJco,"['뭔가', '기분', '좋다']"
Av1zma6uJco,"['애니', '캐릭터', '덕질', '느낌', '생각', '이상하다', '없다', '같다']"
Av1zma6uJco,"['군대', '발언']"
Av1zma6uJco,"['거기', '사이버', '불링', '저작권', '무시', '추가']"
Av1zma6uJco,"['모두', '금지', '만원']"
Av1zma6uJco,
Av1zma6uJco,"['만원', '염보성', '금지', '시청', '칼찌']"
Av1zma6uJco,"['정병', '있다', '주문']"
Av1zma6uJco,"['이미지', '실시간', '추락']"
Av1zma6uJco,"['국내', '버추', '위인', '변하다']"
Av1zma6uJco,"['너넨', '초동', '없다']"
Av1zma6uJco,"['국내', '버츄얼', '리엑트한테', '안되다']"
Av1zma6uJco,"['어이구', '네네', '중소', '따리']"
Av1zma6uJco,"['버추', '크게', '관심', '없다', '좋다', '사람', '캐릭터', '거부', '이제', '적응하다', '괜찮다', '모양', '낯설다']"
Av1zma6uJco,['다모']
Av1zma6uJco,"['현실', '오타쿠', '얼마나', '많다', '있다', '사례', '심각하다', '여자', '페미', '남자', '캐릭터', '감정', '상상', '연애']"
Av1zma6uJco,"['연애', '생각', '비유', '같다', '아영', '사람', '사람', '누굴', '좋아하다', '본적', '없다']"
Av1zma6uJco,"['그렇다', '버튜버', '하나', '없다']"
Av1zma6uJco,"['현생', '현생', '몰래', '이렇다', '수치사']"
Av1zma6uJco,"['요즘', '인생', '힘들다']"
Av1zma6uJco,['일진']
Av1zma6uJco,['굴찜']
Av1zma6uJco,['구매']
Av1zma6uJco,"['버튜버', '펀딩', '있다', '키보']"
Av1zma6uJco,"['자랑스럽다', '사랑']"
Av1zma6uJco,['모두']
Av1zma6uJco,
Av1zma6uJco,"['심해', '가야', '계획', '있다']"
Av1zma6uJco,"['그렇다', '평균', '만원', '대단하다']"
Av1zma6uJco,"['바둑', '이제', '예술', '아니다', '다르다']"
Av1zma6uJco,"['처음', '정도', '인기', '많다', '신기하다', '많다', '발전', '킹애']"
Av1zma6uJco,"['씹덕', '있다', '아니다']"
Av1zma6uJco,"['진짜', '대단하다']"
Av1zma6uJco,"['은평구', '노인', '보고', '흐뭇하다', '같다']"
Av1zma6uJco,"['마진', '얼마나']"
Av1zma6uJco,['어제']
Av1zma6uJco,"['다음', '가즈']"
Av1zma6uJco,"['일만', '마법소녀', '펀딩', '기록', '억원', '가볍다', '조금', '개쩌', '보드', '사람', '없다']"
Av1zma6uJco,"['어디', '있다', '어디', '없다']"
Av1zma6uJco,"['돌이', '뉴스']"
Av1zma6uJco,"['뉴스', '자랑스럽다']"
Av1zma6uJco,"['정도', '진짜']"
Av1zma6uJco,"['정치', '으르', '신들', '득달', '통제', '제제하다', '불안하다']"
Av1zma6uJco,"['보드', '한정', '수량', '많다', '돌파', '가능하다']"
Av1zma6uJco,"['시대', '변하다']"
Av1zma6uJco,"['뉴스', '한국']"
Av1zma6uJco,['멀다']
Av1zma6uJco,"['누구', '정말', '대단하다', '킹애']"
Av1zma6uJco,
Av1zma6uJco,"['평소', '유튜브', '케인', '영상', '악놀', '이후', '버튜', '버들', '좋다', '유명하다', '유명하다', '수록', '과도', '관심', '승승장구', '덕분', '청자', '로서', '재밌다', '케미']"
Av1zma6uJco,"['세구', '쥰내', '사랑']"
Av1zma6uJco,"['뭔가', '뭔가']"
Av1zma6uJco,['역시']
Av1zma6uJco,"['진짜', '굳다', '미치다', '사람']"
Av1zma6uJco,"['충성', '높다']"
Av1zma6uJco,"['충성', '뭔가', '느낌', '이상하다']"
Av1zma6uJco,['대단하다']
Av1zma6uJco,"['뉴스', '이름', '기분', '이상하다', '이상하다', '양지', '건가', '화이팅', '킹애']"
Av1zma6uJco,
Av1zma6uJco,"['바둑', '펀딩', '보고', '아니다']"
Av1zma6uJco,['어디']
Av1zma6uJco,"['처음', '정도', '역시']"
Av1zma6uJco,"['아저씨', '가장', '귀엽다', '같다', '킹애']"
Av1zma6uJco,['뉴스']
Av1zma6uJco,"['굳다', '뉴스', '언급']"
Av1zma6uJco,"['차원', '하나', '차원', '하나']"
Av1zma6uJco,"['우리나라', '전만', '해도', '일본', '하츠네미쿠', '콘서트', '보고', '일본', '오타쿠', '지난', '지금']"
Av1zma6uJco,
Av1zma6uJco,"['돈잘버', '선점', '효과', '있다', '관리', '키딩', '본적', '있다']"
Av1zma6uJco,"['무엇', '억이', '대단하다', '항상', '화이팅', '이다']"
Av1zma6uJco,"['시간', '달성', '달성']"
Av1zma6uJco,"['버튜버', '진짜', '대세']"
Av1zma6uJco,"['처음', '버근줄', '영상', '보고']"
Av1zma6uJco,"['후원자', '하나', '나라', '자랑스럽다']"
Av1zma6uJco,"['금액', '마지막']"
Av1zma6uJco,"['왁굳님', '진짜', '팬치', '시간']"
Av1zma6uJco,"['지금', '셀러', '정도', '있다', '같다', '다음', '같다', '제발', '순수하다', '좋다']"
Av1zma6uJco,"['이제', '뉴스', '얘기', '감동']"
Av1zma6uJco,['대단하다']
Av1zma6uJco,"['굳다', '대체', '어디']"
Av1zma6uJco,
Av1zma6uJco,['대박']
Av1zma6uJco,"['하하', '이제', '뉴스', '지배', '역시', '다다']"
Av1zma6uJco,['포함']
Av1zma6uJco,['뭐길']
Av1zma6uJco,"['처음', '이번', '예상']"
Av1zma6uJco,['음지']
Av1zma6uJco,"['굳다', '제대로', '컨텐츠', '투자', '충성', '높다', '만해']"
Av1zma6uJco,"['이번', '뉴스', '는걸', '처음', '국내', '버츄얼', '시장', '활약', '기대', '킹애']"
Av1zma6uJco,['킹애']
Av1zma6uJco,"['가슴', '웅장', '충성']"
Av1zma6uJco,"['천명', '만원', '대단하다']"
Av1zma6uJco,"['대구', '역시']"
Av1zma6uJco,['킹애']
Av1zma6uJco,"['진짜', '어떻다']"
Av1zma6uJco,['미치다']
Av1zma6uJco,"['돌이', '뉴스', '좋다', '개추']"
Av1zma6uJco,"['세상', '있다', '사이버펑크', '대가']"
Av1zma6uJco,"['혁명', '적임']"
Av1zma6uJco,"['가깝다', '사람', '지인', '매번', '신기']"
Av1zma6uJco,"['세계관', '행복하다', '말실수', '논란', '거리', '하나', '롱런']"
Av1zma6uJco,
Av1zma6uJco,
Av1zma6uJco,
Av1zma6uJco,['보고']
Av1zma6uJco,
Av1zma6uJco,"['보드', '매진']"
Av1zma6uJco,"['아담', '흐뭇하다']"
Av1zma6uJco,"['유튜버의힘', '대단하다']"
Av1zma6uJco,
Av1zma6uJco,"['크게', '탈날', '없다']"
Av1zma6uJco,"['대단하다', '팬치', '장난', '아니다']"
Av1zma6uJco,['역시']
Av1zma6uJco,"['짇짜', '컨텐츠', '시작', '컨텐츠', '사람', '많다', '진짜']"
Av1zma6uJco,
Av1zma6uJco,"['이제', '오타쿠', '세상', '세상', '모든', '오타쿠', '단결']"
Av1zma6uJco,"['안티', '있다', '해도', '성공하다', '버튜버', '컨텐츠']"
Av1zma6uJco,"['아니다', '원래', '굳이', '재미', '한번', '잭팟']"
Av1zma6uJco,['박탈']
Av1zma6uJco,
Av1zma6uJco,
Av1zma6uJco,"['뉴스', '굳다', '글자', '신기하다']"
Av1zma6uJco,"['마이너', '갤러리']"
Av1zma6uJco,"['사고', '아쉽다', '월급', '아니다']"
Av1zma6uJco,"['하루', '죙일', '분탕', '펀딩금액']"
Av1zma6uJco,"['와우', '뉴스']"
Av1zma6uJco,['그렇다']
Av1zma6uJco,"['정도', '중소기업', '정도', '규모', '아니다', '원금', '신기하다']"
Av1zma6uJco,
Av1zma6uJco,['사랑']
Av1zma6uJco,"['보드', '무제한', '얼마나']"
Av1zma6uJco,
Av1zma6uJco,"['학교', '영어', '억이']"
Av1zma6uJco,"['돌형', '좋다']"
Av1zma6uJco,
Av1zma6uJco,
Av1zma6uJco,"['순간', '바둑']"
Av1zma6uJco,
Av1zma6uJco,['정규']
Av1zma6uJco,"['누구', '생각']"
Av1zma6uJco,"['기획사', '자체', '외주', '대박']"
Av1zma6uJco,
Av1zma6uJco,"['굳다', '드립', '진짜']"
Av1zma6uJco,"['심연', '헤엄', '자꾸', '위로', '서브컬쳐', '점점', '있다']"
Av1zma6uJco,['뿌듯']
Av1zma6uJco,"['년전', '해도', '우리나라', '버츄얼', '불모', '성장하다']"
Av1zma6uJco,"['굳이', '과거', '게임', '방계', '초대', '격이기', '아니다', '후반']"
Av1zma6uJco,
Av1zma6uJco,"['세상', '버스']"
Av1zma6uJco,['렛츠고']
Av1zma6uJco,
Av1zma6uJco,
Av1zma6uJco,['킹애']
Av1zma6uJco,"['역시', '은신']"
Av1zma6uJco,"['역시', '있다']"
Av1zma6uJco,
Av1zma6uJco,
Av1zma6uJco,"['굿즈', '고프다']"
Av1zma6uJco,
Av1zma6uJco,"['좋아하다', '연령', '대가', '국한', '있다']"
Av1zma6uJco,"['바둑기사', '기부']"
Av1zma6uJco,"['굿즈', '처음', '보통', '인기', '비교', '가요']"
Av1zma6uJco,['바둑']
Av1zma6uJco,"['진짜', '어떻다', '가능하다', '금액', '만원']"
Av1zma6uJco,
Av1zma6uJco,"['엄청나다', '어디', '거지']"
Av1zma6uJco,"['시간', '진짜', '미치다']"
Av1zma6uJco,"['버추', '시장']"
Av1zma6uJco,"['인기', '있다', '이유', '있다']"
Av1zma6uJco,
Av1zma6uJco,"['굉장하다', '킹애']"
Av1zma6uJco,"['뉴스', '이름']"
Av1zma6uJco,['역시']
Av1zma6uJco,
Av1zma6uJco,
Av1zma6uJco,"['역시', '바로']"
Av1zma6uJco,"['평균', '좋다', '정보', '화이팅']"
Av1zma6uJco,"['흐흐', '자랑스럽다']"
Av1zma6uJco,"['킹애', '굳다', '안보', '유하', '자처', '장렬', '아령', '킹애', '발음', '고증']"
Av1zma6uJco,['킹애']
Av1zma6uJco,['킹애']
Av1zma6uJco,"['하나둘셋', '차원']"
Av1zma6uJco,"['뉴스', '축하']"
Av1zma6uJco,"['팬치', '어디', '없다', '어디', '있다']"
Av1zma6uJco,['굳다']
Av1zma6uJco,"['솔직하다', '올인원', '혜자', '어떻다']"
Av1zma6uJco,"['한국', '버튜버', '그룹', '생각', '당연하다', '버튜버', '그룹', '단위']"
Av1zma6uJco,
Av1zma6uJco,"['대박', '배면', '미치다']"
Av1zma6uJco,"['시간', '빠르다', '뉴스', '기사', '바둑', '관심', '없다', '버츄얼', '시장']"
Av1zma6uJco,
Av1zma6uJco,"['이제', '서브컬쳐', '상업', '가치', '인정', '수용', '즐거움', '하나', '사회', '적대']"
Av1zma6uJco,"['형택', '부럽다']"
Av1zma6uJco,
Av1zma6uJco,
Av1zma6uJco,
Av1zma6uJco,"['뉴스', '제대로', '세대', '만원', '시작', '어떻다', '달뒤', '평균', '세대']"
Av1zma6uJco,"['정계', '진출']"
Av1zma6uJco,['킹애']
Av1zma6uJco,['사랑']
Av1zma6uJco,['보드']
Av1zma6uJco,"['킹애', '존사']"
Av1zma6uJco,"['이상하다', '규제', '수준']"
Av1zma6uJco,['어디']
Av1zma6uJco,"['악플', '혐오', '무럭무럭', '얼마나', '찬양', '굳다', '킹애']"
Av1zma6uJco,['국장']
Av1zma6uJco,"['바둑기사', '아니다']"
Av1zma6uJco,
Av1zma6uJco,"['진짜', '뉴스']"
Av1zma6uJco,"['목표', '금액', '이천만원', '금액', '억원', '진짜', '미치다', '수준']"
Av1zma6uJco,"['바둑', '이쁘다', '세구']"
Av1zma6uJco,
Av1zma6uJco,['뉴스']
Av1zma6uJco,"['덕질', '자체', '안해', '그다지', '감흥', '없다', '인기', '펀딩', '금액', '증명']"
Av1zma6uJco,['킹애']
Av1zma6uJco,['다시']
Av1zma6uJco,"['왁구텽', '행복하다', '좋다']"
Av1zma6uJco,['역시']
Av1zma6uJco,
Av1zma6uJco,
Av1zma6uJco,
Av1zma6uJco,['지리']
Av1zma6uJco,"['돌이', '최고다']"
Av1zma6uJco,['화이팅']
Av1zma6uJco,"['돌때', '이번', '돌이', '완전', '레전드']"
Av1zma6uJco,"['역시', '최고']"
Av1zma6uJco,"['댓글', '반응']"
Av1zma6uJco,"['충성', '높다', '팬층']"
Av1zma6uJco,
Av1zma6uJco,['가즈']
Av1zma6uJco,
Av1zma6uJco,['최고']
Av1zma6uJco,['씹덕']
Av1zma6uJco,
Av1zma6uJco,['부자']
Av1zma6uJco,['아니다']
Av1zma6uJco,"['억이', '거울', '치료']"
Av1zma6uJco,"['아주', '킹애']"
Av1zma6uJco,['만천']
Av1zma6uJco,
Av1zma6uJco,['이지']
Av1zma6uJco,"['보드', '한정', '아니다']"
Av1zma6uJco,['인기']
Av1zma6uJco,
Av1zma6uJco,['킹애']
Av1zma6uJco,"['기사', '나야', '역시']"
Av1zma6uJco,['은신']
Av1zma6uJco,
Av1zma6uJco,
Av1zma6uJco,"['솔직하다', '대도', '좋아하다', '생각']"
Av1zma6uJco,"['멤버', '개성', '있다', '재미']"
Av1zma6uJco,['킹애']
Av1zma6uJco,"['굳다', '대세', '연말', '무대', '진짜', '이상', '가수', '아니다']"
Av1zma6uJco,"['우왁굳님', '대성공']"
Av1zma6uJco,"['우린', '음지', '가야대']"
Av1zma6uJco,['억이']
Av1zma6uJco,
Av1zma6uJco,"['아가', '자만']"
Av1zma6uJco,"['억이', '세대', '인기', '아니다', '같다']"
Av1zma6uJco,"['유명', '유튜버', '굳이', '기획']"
Av1zma6uJco,"['해외', '는가']"
Av1zma6uJco,"['스텔라', '이브']"
Av1zma6uJco,['컨텐츠']
Av1zma6uJco,['사랑']
Av1zma6uJco,"['현생', '억이', '샹크스']"
Av1zma6uJco,"['릴파', '인정']"
Av1zma6uJco,
Av1zma6uJco,
Av1zma6uJco,['뉴스']
Av1zma6uJco,
Av1zma6uJco,['킹애']
Av1zma6uJco,['킹애']
Av1zma6uJco,['와우']
Av1zma6uJco,"['한국', '버튜버', '조선', '엔딩', '당하다']"
Av1zma6uJco,['행복하다']
Av1zma6uJco,
Av1zma6uJco,['보드']
Av1zma6uJco,"['나비', '레게']"
Av1zma6uJco,['양지']
Av1zma6uJco,"['와우', '왇굳', '신시대']"
Av1zma6uJco,"['굳이', '오피셜', '팬치']"
Av1zma6uJco,"['이레', '음지']"
Av1zma6uJco,['신곡']
Av1zma6uJco,"['보드', '만대', '한정', '아니다']"
Av1zma6uJco,"['억이', '국밥', '그릇']"
Av1zma6uJco,
Av1zma6uJco,['보드']
Av1zma6uJco,['미치다']
Av1zma6uJco,"['차마', '공중파', '뉴스', '팬덤', '침팬', '그렇다']"
Av1zma6uJco,"['아나운서', '전달', '힘들다']"
Av1zma6uJco,"['텀블벅', '펀딩', '마원', '비밀']"
Av1zma6uJco,"['굳다', '아프리카', '영상', '엊그제', '같다', '벌써', '육성', '유명하다', '대단하다', '킹애']"
Av1zma6uJco,"['케이팝', '찬성']"
Av1zma6uJco,"['역시', '스시', '버거']"
Av1zma6uJco,"['뿌듯하다', '킹애']"
Av1zma6uJco,"['가슴', '웅장']"
Av1zma6uJco,['킹애']
Av1zma6uJco,"['독특하다', '세계관', '아니다']"
Av1zma6uJco,"['뉴스', '나오넼', '미치다', '양지', '다시', '리지']"
Av1zma6uJco,['최고']
Av1zma6uJco,"['대대', '좋아하다']"
Av1zma6uJco,
Av1zma6uJco,
Av1zma6uJco,"['보드', '천추']"
Av1zma6uJco,['세상']
Av1zma6uJco,['아니다']
Av1zma6uJco,"['금액', '마지막', '숫자']"
Av1zma6uJco,
Av1zma6uJco,"['주식', '대폭발']"
Av1zma6uJco,['역시']
Av1zma6uJco,['미치다']
Av1zma6uJco,
Av1zma6uJco,
Av1zma6uJco,
Av1zma6uJco,
Av1zma6uJco,"['안녕', '미래']"
Av1zma6uJco,['킹애']
Av1zma6uJco,['모두']
Av1zma6uJco,['킹애']
Av1zma6uJco,['차원']
Av1zma6uJco,['귀엽다']
Av1zma6uJco,"['올해', '앨번', '안나', '기만', '건가']"
Av1zma6uJco,"['신곡', '언제']"
Av1zma6uJco,"['신기하다', '뭔가', '킹애']"
Av1zma6uJco,
Av1zma6uJco,['진짜']
Av1zma6uJco,"['무슨', '버추', '주제', '어우', '육수', '미치다', '펀딩', '빡세']"
Av1zma6uJco,"['기출', '변형', '쩐다']"
Av1zma6uJco,
Av1zma6uJco,['뉴스']
Av1zma6uJco,"['아니다', '보지', '굳이', '굳이', '매일', '일해', '버는데', '번다', '아니다', '팩트', '정말', '죄송']"
Av1zma6uJco,"['스텔라', '이브']"
Av1zma6uJco,"['이름', '어떻다', '굳다']"
Av1zma6uJco,"['스시', '버거']"
Av1zma6uJco,"['아니다', '사이']"
Av1zma6uJco,
Av1zma6uJco,['굳다']
Av1zma6uJco,"['그것', '아이', '도루', '다카']"
Av1zma6uJco,"['진짜', '사랑', '굳다']"
Av1zma6uJco,"['버츄얼', '안전하다']"
Av1zma6uJco,
Av1zma6uJco,"['이중', '있다', '추나', '도지']"
Av1zma6uJco,"['양지면', '어떻다', '음지', '어떻다']"
Av1zma6uJco,"['치인', '자랑스럽다']"
Av1zma6uJco,"['작다', '굳다']"
Av1zma6uJco,
Av1zma6uJco,['씹덕']
Av1zma6uJco,"['쌀택', '이형', '같다']"
Av1zma6uJco,"['나작버', '세상']"
Av1zma6uJco,['뉴스']
Av1zma6uJco,"['버거', '가요', '스시', '버거']"
Av1zma6uJco,
Av1zma6uJco,"['굳다', '나와라']"
Av1zma6uJco,
Av1zma6uJco,"['역시', '최고다', '킹애']"
Av1zma6uJco,['씹덕']
Av1zma6uJco,['최고다']
Av1zma6uJco,['아니다']
Av1zma6uJco,['충성']
Av1zma6uJco,"['진짜', '무시']"
Av1zma6uJco,"['모두', '친구', '희망이', '무시', '힘빡쪼']"
Av1zma6uJco,"['어이', '기자', '양반', '어디', '있다', '대부분', '성인', '포함', '내년', '한정판', '보드', '하필', '오픈', '시간', '한창', '있다']"
Av1zma6uJco,"['스텔', '허니', '버튜버']"
Av1zma6uJco,
Av1zma6uJco,
Av1zma6uJco,['킹애']
Av1zma6uJco,['봣어']
Av1zma6uJco,['보드']
Av1zma6uJco,"['역시', '돌이']"
Av1zma6uJco,['바둑']
Av1zma6uJco,"['관련', '사업', '핍박하다', '대한민국', '관위', '여가부']"
Av1zma6uJco,"['굳다', '대체']"
Av1zma6uJco,
Av1zma6uJco,['킹애']
Av1zma6uJco,"['노래', '좋다']"
Av1zma6uJco,['릴파']
Av1zma6uJco,['행복하다']
Av1zma6uJco,"['청년', '백수', '시대']"
Av1zma6uJco,
Av1zma6uJco,['정도']
Av1zma6uJco,"['비싸다', '규어', '구입']"
Av1zma6uJco,['기자']
Av1zma6uJco,"['세구', '귀엽다']"
Av1zma6uJco,['과연']
Av1zma6uJco,['모두']
Av1zma6uJco,"['헤이러들', '우린', '신경']"
Av1zma6uJco,
Av1zma6uJco,"['요즘', '많다', '펀딩']"
Av1zma6uJco,['부럽다']
Av1zma6uJco,
Av1zma6uJco,"['굳다', '유튜버']"
Av1zma6uJco,
Av1zma6uJco,"['일본', '홀로', '라이브', '한국']"
Av1zma6uJco,"['스텔라', '이브', '대표', '그룹']"
Av1zma6uJco,['대황']
Av1zma6uJco,['잎추']
Av1zma6uJco,
Av1zma6uJco,['씹덕']
Av1zma6uJco,
Av1zma6uJco,
Av1zma6uJco,"['굳다', '진짜', '생각']"
Av1zma6uJco,"['부자', '많다']"
Av1zma6uJco,
Av1zma6uJco,['만해']
Av1zma6uJco,"['인기', '폭발']"
Av1zma6uJco,"['사실', '재밌다', '파이팅']"
Av1zma6uJco,
Av1zma6uJco,
Av1zma6uJco,
Av1zma6uJco,
Av1zma6uJco,"['규어', '키캡', '세트', '보드']"
Av1zma6uJco,['이제']
Av1zma6uJco,['많다']
Av1zma6uJco,['하하']
Av1zma6uJco,"['추종자', '상품', '좋다']"
Av1zma6uJco,"['만원', '보탰습니']"
Av1zma6uJco,"['구매력', '있다']"
Av1zma6uJco,['좋아하다']
Av1zma6uJco,"['와꾿텽', '사랑']"
Av1zma6uJco,
Av1zma6uJco,"['나비', '억원', '이후', '충격', '금액']"
Av1zma6uJco,['뉴스']
Av1zma6uJco,['바둑']
Av1zma6uJco,['음지']
Av1zma6uJco,
Av1zma6uJco,"['불편하다', '반박', '순간', '알림', '소리', '팬덤', '그렇다', '팬치쪽', '그렇다']"
Av1zma6uJco,"['팬덤', '단어', '창조', '경찰', '불명예', '이명', '기도']"
Av1zma6uJco,['티비']
Av1zma6uJco,"['돌이', '화이팅']"
Av1zma6uJco,
Av1zma6uJco,
Av1zma6uJco,"['마마', '솔직하다', '서운하다']"
Av1zma6uJco,"['이해', '안되다', '진짜', '오타쿠', '좋아하다', '건가', '버추']"
Av1zma6uJco,
Av1zma6uJco,
Av1zma6uJco,
Av1zma6uJco,
Av1zma6uJco,"['홀로', '규모']"
Av1zma6uJco,['억이']
Av1zma6uJco,"['인방', '사람', '이제', '모두', '넘치다', '버츄얼']"
Av1zma6uJco,"['한국', '버튜버', '페미']"
Av1zma6uJco,"['목표', '금액', '이상', '목표', '금액', '정도', '어마어마하다']"
Av1zma6uJco,"['목표', '금액', '굳다', '제작', '있다', '최소', '금액', '비교', '소액', '덥다', '고요']"
Av1zma6uJco,['뉴스']
Av1zma6uJco,"['솔직하다', '대부분', '예쁘다', '짓거리', '해도', '노래', '좋다', '압승임']"
Av1zma6uJco,"['랄로', '많다']"
Av1zma6uJco,
Av1zma6uJco,"['이제', '해외진출']"
Av1zma6uJco,['세대']
Av1zma6uJco,"['사실', '심영', '팬클럽', '회장', '이다']"
Av1zma6uJco,['레젠드']
Av1zma6uJco,"['억원', '지리']"
Av1zma6uJco,"['보드', '사람', '없다']"
Av1zma6uJco,"['굳다', '팬치']"
Av1zma6uJco,['디지털']
Av1zma6uJco,"['젠장', '굳이']"
Av1zma6uJco,['굳다']
Av1zma6uJco,"['썸네일', '대체']"
Av1zma6uJco,"['예전', '탈락', '앨범', '커버', '있다', '아니다']"
Av1zma6uJco,['다집']
Av1zma6uJco,
Av1zma6uJco,"['뉴스', '기분', '이상하다']"
Av1zma6uJco,"['현실', '힘드다', '세상', '미치다']"
Av1zma6uJco,"['미치다', '정말', '재미있다']"
Av1zma6uJco,"['굳다', '형도', '펀딩하']"
Av1zma6uJco,"['일반', '연예인', '개추']"
Av1zma6uJco,"['보드', '내달', '제발']"
Av1zma6uJco,"['펀딩', '금액', '아마', '웹툰', '펀딩', '기준']"
Av1zma6uJco,"['모든', '전체', '펀딩', '기준', '이다']"
Av1zma6uJco,
Av1zma6uJco,"['소식', '개재']"
Av1zma6uJco,['레게']
Av1zma6uJco,"['이해', '세상', '어떻다', '이해', '다른사람', '행동', '이해', '안되다']"
Av1zma6uJco,"['모두', '금지']"
Av1zma6uJco,"['사실', '대가']"
Av1zma6uJco,"['꼬우', '버튜버', '성공', '얼마나', '아니다']"
Av1zma6uJco,['저기']
Av1zma6uJco,['굳다']
Av1zma6uJco,"['굳다', '성공하다']"
Av1zma6uJco,['영택']
Av1zma6uJco,
Av1zma6uJco,['정신차려라']
Av1zma6uJco,['냄새']
Av1zma6uJco,
Av1zma6uJco,"['보드', '만해']"
Av1zma6uJco,"['굳다', '천재']"
Av1zma6uJco,"['나라', '망하다']"
Av1zma6uJco,"['인기', '많다', '나이', '대가', '그렇다']"
Av1zma6uJco,['굳다']
Av1zma6uJco,"['나라', '망하다']"
Av1zma6uJco,
Av1zma6uJco,"['모두', '드릉드릉스폰지밪', '친구', '희망이', '무시']"
Av1zma6uJco,"['문제', '없다']"
Av1zma6uJco,"['인기', '많다', '저런', '펀딩금액', '모임']"
Av1zma6uJco,"['모두', '친구', '희망이', '무시']"
Av1zma6uJco,"['홀로', '라이브', '사랑']"
Av1zma6uJco,
Av1zma6uJco,"['쒸익', '쒸익', '캐릭터', '좋아하다', '빨갛다', '상관없다']"
Av1zma6uJco,"['영상', '썸네일', '그림', '그림', '아니다', '사람', '오해', '같다', '수정', '같다']"
Av1zma6uJco,['악질']
Av1zma6uJco,"['세상', '말세', '구가', '필요하다']"
Av1zma6uJco,"['자아', '분열', '레게']"
Av1zma6uJco,"['시대', '키즈나', '아이', '세대', '이후', '버추', '하나']"
Av1zma6uJco,['이제']
Av1zma6uJco,"['아니다', '사람', '도태', '전진']"
Av1zma6uJco,['모두']
Av1zma6uJco,"['봉준호', '손흥민']"
Av1zma6uJco,"['대가', '많다']"
Av1zma6uJco,['십덕']
Av1zma6uJco,"['꼬우', '도버', '츄얼', '요즘', '뉴스', '거리', '얼마나', '많다', '거리']"
Av1zma6uJco,['왜진']
Av1zma6uJco,"['와릴파', '버츄얼']"
Av1zma6uJco,"['버츄얼', '아니다', '릴파', '생각']"
Av1zma6uJco,"['그땐', '상상', '전혀', '아니다']"
Av1zma6uJco,['언제']
Av1zma6uJco,
Av1zma6uJco,"['국내', '버튜버', '정도', '있다']"
Av1zma6uJco,['돌이']
Av1zma6uJco,"['희망이', '무시']"
Av1zma6uJco,['뉴스']
Av1zma6uJco,"['뉴스', '거나']"
Av1zma6uJco,"['정도', '홀로', '라이브', '도대체', '얼마', '거지']"
Av1zma6uJco,"['인기', '있다', '개인', '정도']"
Av1zma6uJco,['홀로']
Av1zma6uJco,"['천지', '발작']"
Av1zma6uJco,"['홀로', '기업']"
Av1zma6uJco,"['진짜', '있다', '다행', '이다']"
Av1zma6uJco,
Av1zma6uJco,
Av1zma6uJco,"['정도', '솔직하다', '이제', '음지', '아니다', '건가']"
Av1zma6uJco,['아니다']
Av1zma6uJco,['보드']
Av1zma6uJco,
Av1zma6uJco,"['아니다', '단순하다', '세대']"
Av1zma6uJco,"['비중', '그렇다', '식이', '극히', '소수', '가장', '세대']"
Av1zma6uJco,"['세상', '십덕', '지배']"
Av1zma6uJco,"['씹덕', '세상', '지배']"
Av1zma6uJco,
Av1zma6uJco,"['역시', '굳다']"
Av1zma6uJco,['아주']
Av1zma6uJco,['뻘짓하']
Av1zma6uJco,
Av1zma6uJco,"['아프리카', '방송', '펀딩', '금액']"
Av1zma6uJco,['방송']
Av1zma6uJco,"['대도', '친구', '명도', '좋아하다', '있다', '있다', '저기', '서스럼없', '많다', '정도', '같다', '인방', '유튜브', '몰입', '많다']"
Av1zma6uJco,"['억이', '사람', '은근', '많다']"
Av1zma6uJco,"['없다', '사람']"
Av1zma6uJco,"['모두', '친구', '희망이', '무시', '힘빡쪼']"
Av1zma6uJco,"['버튜버', '즈그', '게임', '아바타', '이쁘다']"
Av1zma6uJco,"['모하', '트위치', '글러벌', '회사', '국내', '회사', '외국인', '접속', '힘들다', '보이', '유투브', '외국인', '보기', '일본', '갈라파고스', '우려', '스럽다']"
Av1zma6uJco,"['통신사', '크아', '아악']"
Av1zma6uJco,"['버츄얼', '콘서트', '팬미팅', '같다', '어떻다', '궁금하다']"
Av1zma6uJco,"['팬미팅', '콘서트', '화면', '있다']"
Av1zma6uJco,['음지']
Av1zma6uJco,['연애']
Av1zma6uJco,"['많다', '혼자', '있다', '지랄옘병']"
Av1zma6uJco,"['오타쿠', '오타쿠', '문화', '메이저', '같다']"
Av1zma6uJco,"['버튜버', '사람', '감스트', '버튜버', '방송']"
Av1zma6uJco,"['애초', '유튜브', '후원', '순위', '상위', '버튜버', '무섭다', '무섭다', '버튜버후원', '규어', '수집']"
Av1zma6uJco,
Av1zma6uJco,"['세균', '드세다']"
Av1zma6uJco,"['날개', '역시', '여신']"
Av1zma6uJco,"['피자', '여신']"
Av1zma6uJco,"['천지', '비늘', '활짝', '피자']"
Av1zma6uJco,['로시']
Av1zma6uJco,"['렉카', '방송']"
Av1zma6uJco,['아니다']
Av1zma6uJco,"['비중', '그렇다', '일반', '세대']"
Av1zma6uJco,"['일리', '없다']"
Av1zma6uJco,
Av1zma6uJco,"['만원', '보탰습니', '킹애']"
Av1zma6uJco,"['희망이', '무시']"
Av1zma6uJco,"['게뭐', '처음', '좋아하다', '신기하다', '레게']"
Av1zma6uJco,"['무슨', '하나', '예쁘다', '후원', '킹애']"
Av1zma6uJco,['혁명']
Av1zma6uJco,"['스텔', '다른']"
Av1zma6uJco,"['모두', '시청자', '칼찌', '금지', '동덕여대', '렛츠고']"
Av1zma6uJco,"['무지', '심심하다']"
Av1zma6uJco,"['민아', '없다']"
Av1zma6uJco,"['저쪽', '진짜', '거창하다', '회사', '아니다', '소규모', '인원', '저걸', '분배', '진짜', '역시', '랜드', '먼저', '섭렵', '개이득']"
Av1zma6uJco,"['일해', '칭찬', '덧남', '트렌드', '사람', '센스']"
Av1zma6uJco,"['부아', '내비']"
Av1zma6uJco,"['소규모', '사람', '한국', '이자', '대형', '연예', '기획사', '패러블', '중심', '제발']"
Av1zma6uJco,"['애니메이션', '캐릭터', '노래', '인기', '많다']"
Av1zma6uJco,"['실제', '인간']"
Av1zma6uJco,"['공개', '활동', '가수', '쉬움']"
Av1zma6uJco,['페미']
Av1zma6uJco,"['세상', '생각', '좋다', '문화', '생각']"
Av1zma6uJco,
Av1zma6uJco,"['양지', '내용']"
Av1zma6uJco,"['음지', '음지', '양지', '구분', '대체', '어디', '있다']"
Av1zma6uJco,"['두더지', '버추', '음지', '그렇다']"
Av1zma6uJco,"['그게', '음지', '기준', '머임']"
Av1zma6uJco,"['굳다', '노숙자', '좋아하다']"
Av1zma6uJco,"['아유', '어르신', '시간', '여유']"
Av1zma6uJco,"['흥분', '도가니', '멋지다', '기적', '댓글', '최신']"
Av1zma6uJco,"['바둑', '아니다']"
Av1zma6uJco,"['요즘', '버추']"
Av1zma6uJco,"['분도', '계시', '바둑', '바둑기사', '은퇴', '요새', '보드게임', '대요']"
Av1zma6uJco,"['구매', '용돈', '많다', '아니다']"
Av1zma6uJco,"['용돈', '정도', '사이버', '문화생활', '사람', '이면', '가능하다', '같다']"
Av1zma6uJco,['없다']
Av1zma6uJco,['썸네일']
Av1zma6uJco,"['예전', '탈락', '앨범', '커버', '있다']"
Av1zma6uJco,['아니다']
Av1zma6uJco,"['비트코인', '기분', '비트코인', '실물', '아니다', '거품', '억원', '처럼', '세상', '신기하다']"
Av1zma6uJco,"['수익', '어떻다']"
Av1zma6uJco,"['일단', '세금', '같다', '제외', '제일', '많다', '그다음', '소속사', '그다음', '스트리머']"
Av1zma6uJco,"['일단', '제작', '직원', '임금', '사용', '굳다', '카카오']"
Av1zma6uJco,"['티비', '이제']"
Av1zma6uJco,['음악중심']
Av1zma6uJco,['바둑']
Av1zma6uJco,"['분도', '있다', '바둑', '아무', '연관', '없다']"
Av1zma6uJco,"['버튜버', '생각']"
Av1zma6uJco,"['실제', '대대', '인기', '많다', '굳다', '팬덤', '규모', '고루', '분포']"
Av1zma6uJco,"['모두', '희망이', '버대남']"
Av1zma6uJco,"['들보', '버추', '이리고', '욕함', '버추']"
Av1zma6uJco,['뿌듯하다']
Av1zma6uJco,"['대체', '주변', '일반인', '코스프레', '덕후', '얼마나', '있다', '궁금하다']"
Av1zma6uJco,"['주변', '사람', '없다', '궁금하다', '있다']"
Av1zma6uJco,['많다']
Av1zma6uJco,"['오타쿠', '혐오', '시절', '오타쿠', '나라', '일본', '좋아하다', '로남']"
Av1zma6uJco,"['젊다', '은애', '이렇다', '좋아하다', '나라', '정상화', '지지']"
Av1zma6uJco,['신창섭']
Av1zma6uJco,"['많다', '이렇다']"
Av1zma6uJco,"['많다', '멋지다']"
Av1zma6uJco,"['대단하다', '인정', '같다', '영상', '제작', '본인', '직접', '모션', '있다', '진짜', '인지', '라이브', '검증', '불가능하다']"
Av1zma6uJco,"['방송', '라이브', '모션캡처', '슈트', '얼마나', '많다']"
Av1zma6uJco,"['의심', '정병']"
Av1zma6uJco,"['요즘', '현실', '합방', '릴파님', '노래', '라이브', '가능', '이다', '릴파님뿐', '아니다', '아이', '비챤님', '세구', '버거', '노래']"
Av1zma6uJco,"['씹덕', '점점', '있다', '주류']"
Av1zma6uJco,['마냥']
Av1zma6uJco,"['버추', '적응', '안되다']"
Av1zma6uJco,"['실물', '콘서트']"
Av1zma6uJco,"['지갑', '억대', '진짜']"
Av1zma6uJco,"['세상', '미치다']"
Av1zma6uJco,"['구단', '화이팅']"
Av1zma6uJco,
Av1zma6uJco,"['인건비', '별로', '안남다']"
Av1zma6uJco,"['출판사', '디앤', '씨미디어', '공장', '수량', '카카오', '텀블벅', '패러블', '금액', '사장', '메인', '굿즈', '별로', '안남다']"
Av1zma6uJco,"['저기', '맴버중', '누구', '불편하다', '같다']"
Av1zma6uJco,"['굳다', '때돈', '번거']"
Av1zma6uJco,"['별로', '없다', '카카오', '디앤', '씨미디어', '텀블벅', '수수료', '생산', '원가', '그다지', '이윤', '카카오', '홍보', '가치', '사업']"
Av1zma6uJco,"['실물', '궁금하다']"
Av1zma6uJco,['노래']
Av1zma6uJco,"['컨셉', '방송인', '이다', '같다', '비슷하다', '실제', '분도', '계시다']"
Av1zma6uJco,"['같다', '애초']"
Av1zma6uJco,"['내야', '줄줄', '덕빵', '솜솜', '팔면']"
Av1zma6uJco,"['캐릭터', '그림', '이쁘다', '유입', '아니다']"
Av1zma6uJco,"['한국', '여자', '그림', '육수', '한국', '남자', '발정', '난거지', '핵심', '한국', '여자', '아니다']"
Av1zma6uJco,"['한국', '활동', '버튜', '버들', '국적', '많다', '남자', '좋아하다', '단정하다']"
Av1zma6uJco,"['한국', '사람', '이하', '버튜버', '난리', '캐릭', '입덕', '구만', '다르다']"
Av1zma6uJco,"['일본애니', '업계', '망각', '보이', '버육수', '캐릭', '공짜', '퍼주', '많다']"
Av1zma6uJco,"['세상', '미치다']"
Av1zma6uJco,
Av1zma6uJco,"['궁금하다', '캐릭터', '좋다']"
Av1zma6uJco,"['모자', '릴파', '검색']"
Av1zma6uJco,
Av1zma6uJco,"['바둑기사', '정말', '대단하다', '그룹']"
Av1zma6uJco,['프사']
Av1zma6uJco,"['동덕여대', '버츄얼']"
Av1zma6uJco,"['홀로', '라이브', '본적', '없다']"
Av1zma6uJco,"['홀로', '라이브', '인기', '있다', '버튜버', '회사', '수가', '활발하다', '회사']"
Av1zma6uJco,"['홀로', '라이브']"
Av1zma6uJco,"['월드', '클래스', '아니다']"
Av1zma6uJco,"['원툴', '홀로']"
Av1zma6uJco,"['홀로', '라이브', '어캐', '우물', '개구리']"
Av1zma6uJco,"['이렇다', '나라', '망하다']"
Av1zma6uJco,"['진짜', '안되다']"
Av1zma6uJco,"['엑셀', '건가']"
Av1zma6uJco,"['얘넨', '빨갛다', '있다']"
Av1zma6uJco,['페미']
Av1zma6uJco,"['성지', '의왕', '정보']"
Av1zma6uJco,"['당연하다', '숫자', '아니다', '주위', '사람']"
Av1zma6uJco,['언도']
Av1zma6uJco,"['사나', '리우', '사건', '지평선']"
Av1zma6uJco,['칸나']
Av1zma6uJco,['날조']
Av1zma6uJco,"['천지', '자기']"
Av1zma6uJco,"['이바', '가수', '아담', '부활', '하나']"
Av1zma6uJco,"['대체', '캐릭터', '가수', '한국어', '일본인', '대단하다']"
Av1zma6uJco,"['대도', '있다', '문제']"
Av1zma6uJco,"['뉴스', '오타쿠', '대부분', '나이', '대지', '세상', '말세']"
Av1zma6uJco,"['대가', '억이', '아마', '대도', '있다']"
Av1zma6uJco,"['푼돈', '비슷하다', '캐릭터', '가수', '기묘하다']"
Av1zma6uJco,"['하나', '이해', '말세', '있다', '말세', '그렇다']"
Av1zma6uJco,['좌표']
Av1zma6uJco,"['안드로메다', '가든', '좌표', '열심']"
Av1zma6uJco,"['좌표', '테러', '천지', '원조']"
Av1zma6uJco,"['좌표', '슬슬', '댓글']"
Av1zma6uJco,"['진짜', '나머지', '생살', '자기', '좌표', '현실', '어떻다', '비디오']"
Av1zma6uJco,"['스텔라', '이브', '팬덤']"
Av1zma6uJco,"['버츄얼', '종류', '정리', '가능', '버츄', '스트리머', '중점', '각종', '행사', '참여', '스텔', '버츄얼', '중점']"
Av1zma6uJco,"['오타쿠', '오늘', '연전', '연승']"
Av1zma6uJco,
Av1zma6uJco,"['어차피', '아니다', '스윗', '버튜버', '슬레이어', '육수', '돈임']"
Av1zma6uJco,"['만삣삐', '자기', '좋다', '자기', '얼마', '상대', '얼마나', '그것', '중요하다', '마이']"
Av1zma6uJco,"['버튜버', '세기', '중반', '거대하다', '새롭다', '산업']"
Av1zma6uJco,['이하']
Av1zma6uJco,"['솔직하다', '노래', '같다', '노래']"
Av1zma6uJco,['생각']
Av1zma6uJco,"['모두', '희망이', '버대남']"
Av1zma6uJco,"['열등감', '같다', '불쌍하다']"
Av1zma6uJco,"['육수', '불쌍하다', '있다']"
Av1zma6uJco,"['십덕', '양지']"
Av1zma6uJco,"['모시', '좋다']"
Av1zma6uJco,"['최강', '버거', '화이팅']"
Av1zma6uJco,['검거']
Av1zma6uJco,"['재산', '억이', '얼마나', '능력', '있다', '괴물']"
Av1zma6uJco,"['사회', '초년', '어떻다', '신기하다', '학생', '브랜드', '패딩', '하이엔드', '제품', '하나', '기도', '부담스럽다', '사려', '부모님', '빌리진', '같다', '주말', '알바', '친구', '만해', '빠듯할거같']"
Av1zma6uJco,"['많다', '후반', '많다']"
Av1zma6uJco,
Av1zma6uJco,"['련웅', '있다']"
Av1zma6uJco,"['진짜', '사람', '이기']"
Av1zma6uJco,"['거부', '없다', '밴드', '느낌', '진짜', '사람', '공연', '굳다', '스펙', '대단하다', '생각', '개인', '안감']"
Av1zma6uJco,"['독자', '거지']"
Av1zma6uJco,"['펀딩', '한번', '세금', '징수', '한번', '더하다', '기회']"
Av1zma6uJco,"['후반', '아무', '많다']"
Av1zma6uJco,"['많다', '부모님', '지금', '후반']"
Av1zma6uJco,['샤이']
Av1zma6uJco,"['세상', '몰카', '하나']"
Av1zma6uJco,"['애프터눈', '이브닝', '굿나잇']"
Av1zma6uJco,"['몰카', '정도', '세상', '한가하다']"
Av1zma6uJco,"['대한민국', '망하다']"
Av1zma6uJco,"['뉴스', '안보']"
Av1zma6uJco,"['파쿠', '근본', '가티', '남아', '아니다', '입꾹', '페미', '해명']"
Av1zma6uJco,
Av1zma6uJco,['도파민']
Av1zma6uJco,"['얘내', '구보']"
Av1zma6uJco,"['아이', '컨셉', '방송인', '생각', '이정', '실적', '이면', '나쁘다']"
Av1zma6uJco,
Av1zma6uJco,"['사람', '나이', '많다']"
Av1zma6uJco,"['잼민', '자랑']"
Av1zma6uJco,
Av1zma6uJco,"['취존은하', '버튜버자체', '알고리즘']"
Av1zma6uJco,"['저걸', '왜봄']"
Av1zma6uJco,['그렇다']
Av1zma6uJco,"['쿵쾅', '냄새', '나노']"
Av1zma6uJco,
Av1zma6uJco,
Av1zma6uJco,['정돈']
Av1zma6uJco,"['콘서트', '같다', '따갑다', '네이팜탄', '사회']"
Av1zma6uJco,"['아야', '노유', '구독']"
Av1zma6uJco,['산천']
Av1zma6uJco,['산천']
Av1zma6uJco,"['모두', '친구', '희망이', '무시', '빡쪼', '산천', '페미', '자격', '없다', '스윗', '남아']"
Av1zma6uJco,"['씹덕', '사회', '진짜', '궁금하다', '그렇다', '대통령', '씹덕', '아니다']"
Av1zma6uJco,"['취향', '아니다', '망하다', '알고리즘', '덕후', '굳다', '역시', '똑똑하다']"
Av1zma6uJco,"['취향', '아니다', '망하다', '자의식', '과잉']"
Av1zma6uJco,"['세이', '망하다', '취향', '아니다', '알고리즘', '안뜰', '뿐이다', '자의식', '과잉', '아니다', '한글', '거임']"
Av1zma6uJco,['애니']
Av1zma6uJco,
Av1zma6uJco,"['버튜버', '좋아하다', '이유', '정신', '문제', '있다', '아니다', '연예인', '카메라', '다르다', '신기하다', '상임']"
Av1zma6uJco,['오지']
Av1zma6uJco,['모두']
Av1zma6uJco,['칸나']
Av1zma6uJco,['바오']
Av1zma6uJco,"['밤하늘', '아쉽다', '노래']"
Av1zma6uJco,['어지럽다']
Av1zma6uJco,['별로']
Av1zma6uJco,"['마음', '별로']"
Av1zma6uJco,"['물품', '보관']"
Av1zma6uJco,"['버츄', '그룹', '물품', '보관', '보이', '그룹', '그렇다']"
Av1zma6uJco,['모두']
Av1zma6uJco,['최고']
Av1zma6uJco,"['작년', '관리', '반토막', '팬덤', '도리', '치기', '꼬락서니', '힘들다']"
Av1zma6uJco,
Av1zma6uJco,"['댓글', '정병', '이노']"
Av1zma6uJco,"['첩패', '노무현', '분탕', '인정', '분탕']"
Av1zma6uJco,"['바둑기사', '아니다']"
Av1zma6uJco,
Av1zma6uJco,['바둑기사']
Av1zma6uJco,"['금요일', '저녁']"
Av1zma6uJco,"['요즘', '바둑', '대대']"
Av1zma6uJco,"['댄서', '대리', '다라', '그래픽', '쪼가리', '성우', '정정']"
Av1zma6uJco,['하츠네미쿠']
Av1zma6uJco,"['아니다', '홀로', '라이브', '소리', '하츠네미쿠', '같다', '소리']"
Av1zma6uJco,
Av1zma6uJco,"['보컬로이드', '버츄얼', '차이', '가요']"
Av1zma6uJco,"['일본', '간다', '더니', '조만간']"
Av1zma6uJco,"['거품', '진짜', '심하다']"
Av1zma6uJco,"['거품', '목욕']"
Av1zma6uJco,"['또래', '좋아하다']"
Av1zma6uJco,"['감성', '런가', '이해', '안되다']"
Av1zma6uJco,"['서로', '이해', '안되다', '부분', '당연하다', '있다', '젊다', '사람', '트로트', '이해', '듯이', '서로', '취향', '해당', '분야', '대한', '이해도', '호감', '달라', '댓글', '선생님', '무턱', '대고', '좋다', '무슨', '이해']"
Av1zma6uJco,"['당신', '불쌍하다']"
Av1zma6uJco,"['동덕여대', '버튜버']"
Av1zma6uJco,"['말세', '정말']"
Av1zma6uJco,"['딸피', '하이']"
Av1zma6uJco,"['식빵', '나이', '보노', '한심하다', '육수']"
Av1zma6uJco,"['세상', '확실하다']"
Av1zma6uJco,"['세상', '확실하다']"
Av1zma6uJco,['말세']
Av1zma6uJco,
Av1zma6uJco,"['현실', '연애', '피곤하다', '스트레스']"
Av1zma6uJco,"['일단', '만삣삐', '포기', '하루하루', '그게', '야하다', '모토', '이자', '이유', '마이']"
Av1zma6uJco,"['미래', '지향', '더욱']"
Av1zma6uJco,"['페이커', '물로켓', '반증', '성공하다', '안타깝다', '맴버', '당사자', '나쁜사람', '같다', '추락', '이계', '응원', '전직', '로서', '진짜', '물로켓', '진심', '엘범', '초동', '판매량', '축하']"
Av1zma6uJco,"['시비', '입장', '미리', '포차', '사건', '인물', '설령', '이계', '돌이', '잘못', '일이', '생각', '소수', '때문', '전체', '원하다', '진짜', '최악', '인간', '집단', '궁극', '내부', '자정작용', '일어나서', '천지', '교화', '지향']"
Av1zma6uJco,"['댓글', '사람']"
Av1zma6uJco,['노래']
Av1zma6uJco,"['커버', '있다']"
Av1zma6uJco,"['수수료', '얼마나', '좋다', '계약', '체결', '돈버']"
Av1zma6uJco,"['전성기', '하락']"
Av1zma6uJco,"['앨범', '만장', '아가리']"
Av1zma6uJco,"['초동', '날조', '만장', '활동', '없다']"
Av1zma6uJco,"['초동', '만이', '만장', '해도', '하나', '노래', '별개', '보통', '인기', '있다', '가수', '달라', '그렇다', '없다', '핑클', '노래', '조회', '수도', '마라도']"
Av1zma6uJco,"['발작', '고소', '당하다']"
Av1zma6uJco,"['초동', '만장', '옆집', '이름', '걸그룹', '초동', '순위', '전체', '발매', '절반', '가량', '활동', '없다', '다른', '죄송하다', '블랙', '핑크', '동안', '유명하다', '발매', '상관관계', '없다', '회수', '논리', '네임리스', '네임리스', '만도']"
Av1zma6uJco,"['좋아하다', '없다']"
Av1zma6uJco,"['신사', '숙녀', '아시']"
Av1zma6uJco,"['정도', '여러분']"
Av1zma6uJco,"['아이', '뉴스']"
Av1zma6uJco,"['거의', '일화', '종교', '아프리카', '다행']"
Av1zma6uJco,
Av1zma6uJco,
Av1zma6uJco,
Av1zma6uJco,
Av1zma6uJco,['셰셰']
Av1zma6uJco,"['바둑기사', '아니다']"
Av1zma6uJco,"['버튜버', '귀엽다', '걔네', '실제', '보고', '그렇다', '예외', '그것', '명중']"
Av1zma6uJco,"['이제', '요즘', '하락']"
Av1zma6uJco,"['사이비', '같다']"
Av1zma6uJco,"['굳이', '꿀꺽']"
Av1zma6uJco,
Av1zma6uJco,
Av1zma6uJco,"['거보', '킹애']"
Av1zma6uJco,"['주르르', '사람', '발언', '논란']"
Av1zma6uJco,
Av1zma6uJco,['민수']
Av1zma6uJco,"['진짜', '주르르', '방송']"
Av1zma6uJco,"['굴찜', '먹방']"
Av1zma6uJco,
Av1zma6uJco,"['댓글', '웃기']"
Av1zma6uJco,"['아니다', '초반', '서나', '유행', '후반', '좋다']"
Av1zma6uJco,"['기준', '조용하다', '자쇼']"
Av1zma6uJco,['스텔']
Av1zma6uJco,"['동덕여대', '지원']"
Av1zma6uJco,['싫다']
Av1zma6uJco,
Av1zma6uJco,['좋다']
